,rat_n,treatment,stain_type,Npas4_bin,cell_count_sums,image_n,mean_cell_n
0,KET-10-12,FR1_KET,Npas4,Npas4_low,11,5,2.2
1,KET-9-1,FR1_KET,Npas4,Npas4_low,2,4,0.5
2,PE-12-1,FR1_KET,Npas4,Npas4_low,7,5,1.4
3,PE-12-2,FR1_KET,Npas4,Npas4_low,5,5,1.0
4,PE-12-7,FR1_KET,Npas4,Npas4_low,13,5,2.6
5,KET-10-1,FR1_SAL,Npas4,Npas4_low,3,5,0.6
6,KET-10-5,FR1_SAL,Npas4,Npas4_low,5,5,1.0
7,KET-8-2,FR1_SAL,Npas4,Npas4_low,6,5,1.2
8,KET-9-2,FR1_SAL,Npas4,Npas4_low,5,5,1.0
9,KET-9-4,FR1_SAL,,,0,5,0.0
10,KET-9-5,FR1_SAL,Npas4,Npas4_low,1,5,0.2
11,KET-9-6,FR1_SAL,Npas4,Npas4_low,6,5,1.2
12,KET-10-14,VR5_KET,Npas4,Npas4_low,5,5,1.0
13,KET-8-7,VR5_KET,Npas4,Npas4_low,5,4,1.25
14,PE-13-2,VR5_KET,Npas4,Npas4_low,5,5,1.0
15,PE-13-3,VR5_KET,Npas4,Npas4_low,12,5,2.4
16,PE-13-6,VR5_KET,Npas4,Npas4_low,13,5,2.6
17,KET-10-2,VR5_SAL,Npas4,Npas4_low,6,5,1.2
18,KET-10-3,VR5_SAL,Npas4,Npas4_low,5,5,1.0
19,KET-10-4,VR5_SAL,Npas4,Npas4_low,6,5,1.2
20,PE-13-1,VR5_SAL,Npas4,Npas4_low,11,5,2.2
21,PE-13-11,VR5_SAL,Npas4,Npas4_low,3,5,0.6
22,PE-13-9,VR5_SAL,Npas4,Npas4_low,9,5,1.8
