,index,filename,image_name,roi_id,true_grouping,dummy_PV,dummy_cFos,dummy_Npas4,dummy_WFA,CoM_x,CoM_y,background,mean_intensity,stain_type,rat_n,treatment,group_name,snr,mean-background,adjusted_mean-background,true_grouping_literal,matching_len,updated_true_grouping,norm_adjusted_mean-background,coloc_stain_type
37,37,KET-10-12_PFC_3.7_A_3.tif,KET-10-12_PFC_3.7_A,0-005-00017_cFos,"('0-000-00008_PV', '0-005-00017_cFos', '0-FFF-00062_Npas4', '0-FFF-00002_WFA')",True,True,True,True,172.37,310.72,448.3285,399.504,cFos,KET-10-12,FR1_KET,KET-10,0.8910966,-48.824493,155.46323,"('0-000-00008_PV', '0-005-00017_cFos', '0-FFF-00062_Npas4', '0-FFF-00002_WFA')",True,"('0-000-00008_PV', '0-005-00017_cFos', '0-FFF-00062_Npas4', '0-FFF-00002_WFA')",0.57484674,quad_cFos
56,56,KET-10-12_PFC_3.7_A_3.tif,KET-10-12_PFC_3.7_A,0-005-00036_cFos,"('0-000-00012_PV', '0-005-00036_cFos', '0-FFF-00009_Npas4', '0-FFF-00001_WFA')",True,True,True,True,229.01,159.97,448.3285,370.2401,cFos,KET-10-12,FR1_KET,KET-10,0.8258233,-78.08838,126.19934,"('0-000-00012_PV', '0-005-00036_cFos', '0-FFF-00009_Npas4', '0-FFF-00001_WFA')",True,"('0-000-00012_PV', '0-005-00036_cFos', '0-FFF-00009_Npas4', '0-FFF-00001_WFA')",0.4666395,quad_cFos
283,283,KET-10-12_PFC_3.7_B_3.tif,KET-10-12_PFC_3.7_B,0-005-00059_cFos,"('0-000-00010_PV', '0-005-00059_cFos', '0-FFF-00006_Npas4', '0-FFF-00002_WFA')",True,True,True,True,352.4,80.3,473.4432,387.3439,cFos,KET-10-12,FR1_KET,KET-10,0.8181423,-86.099304,118.188416,"('0-000-00010_PV', '0-005-00059_cFos', '0-FFF-00006_Npas4', '0-FFF-00002_WFA')",True,"('0-000-00010_PV', '0-005-00059_cFos', '0-FFF-00006_Npas4', '0-FFF-00002_WFA')",0.437018,quad_cFos
313,313,KET-10-12_PFC_3.7_B_3.tif,KET-10-12_PFC_3.7_B,0-005-00089_cFos,"('0-000-00007_PV', '0-005-00089_cFos', '0-FFF-00062_Npas4', '0-FFF-00007_WFA')",True,True,True,True,428.98,368.56,473.4432,666.2852,cFos,KET-10-12,FR1_KET,KET-10,1.4073181,192.84201,397.12973,"('0-000-00007_PV', '0-005-00089_cFos', '0-FFF-00062_Npas4', '0-FFF-00007_WFA')",True,"('0-000-00007_PV', '0-005-00089_cFos', '0-FFF-00062_Npas4', '0-FFF-00007_WFA')",1.4684421,quad_cFos
332,332,KET-10-12_PFC_3.7_B_3.tif,KET-10-12_PFC_3.7_B,0-FFF-00108_cFos,"('0-000-00004_PV', '0-FFF-00108_cFos', '0-FFF-00056_Npas4', '0-FFF-00005_WFA')",True,True,True,True,347.97,288.11,473.4432,304.8825,cFos,KET-10-12,FR1_KET,KET-10,0.64396846,-168.5607,35.72702,"('0-000-00004_PV', '0-FFF-00108_cFos', '0-FFF-00056_Npas4', '0-FFF-00005_WFA')",True,"('0-000-00004_PV', '0-FFF-00108_cFos', '0-FFF-00056_Npas4', '0-FFF-00005_WFA')",0.13210559,quad_cFos
343,343,KET-10-12_PFC_3.7_B_3.tif,KET-10-12_PFC_3.7_B,0-FFF-00119_cFos,"('0-000-00000_PV', '0-FFF-00119_cFos', '0-FFF-00099_Npas4', '0-FFF-00009_WFA')",True,True,True,True,177.93,471.18,473.4432,304.8006,cFos,KET-10-12,FR1_KET,KET-10,0.6437955,-168.64261,35.64511,"('0-000-00000_PV', '0-FFF-00119_cFos', '0-FFF-00099_Npas4', '0-FFF-00009_WFA')",True,"('0-000-00000_PV', '0-FFF-00119_cFos', '0-FFF-00099_Npas4', '0-FFF-00009_WFA')",0.13180272,quad_cFos
459,459,KET-10-12_PFC_3.9_C_3.tif,KET-10-12_PFC_3.9_C,0-005-00004_cFos,"('0-000-00005_PV', '0-005-00004_cFos', '0-FFF-00047_Npas4', '0-FFF-00003_WFA')",True,True,True,True,323.7,408.88,383.5251,709.9454,cFos,KET-10-12,FR1_KET,KET-10,1.8511055,326.4203,530.708,"('0-000-00005_PV', '0-005-00004_cFos', '0-FFF-00047_Npas4', '0-FFF-00003_WFA')",True,"('0-000-00005_PV', '0-005-00004_cFos', '0-FFF-00047_Npas4', '0-FFF-00003_WFA')",1.9623662,quad_cFos
520,520,KET-10-12_PFC_3.9_C_3.tif,KET-10-12_PFC_3.9_C,0-FFF-00065_cFos,"('0-000-00007_PV', '0-FFF-00065_cFos', '0-FFF-00058_Npas4', '0-FFF-00004_WFA')",True,True,True,True,181.17,392.64,383.5251,297.5346,cFos,KET-10-12,FR1_KET,KET-10,0.77578914,-85.99048,118.29724,"('0-000-00007_PV', '0-FFF-00065_cFos', '0-FFF-00058_Npas4', '0-FFF-00004_WFA')",True,"('0-000-00007_PV', '0-FFF-00065_cFos', '0-FFF-00058_Npas4', '0-FFF-00004_WFA')",0.4374204,quad_cFos
662,662,KET-10-12_PFC_3.9_D_3.tif,KET-10-12_PFC_3.9_D,0-005-00001_cFos,"('0-000-00007_PV', '0-005-00001_cFos', '0-FFF-00032_Npas4', '0-FFF-00004_WFA')",True,True,True,True,383.38,99.1,422.157,508.6135,cFos,KET-10-12,FR1_KET,KET-10,1.204797,86.45648,290.7442,"('0-000-00007_PV', '0-005-00001_cFos', '0-FFF-00032_Npas4', '0-FFF-00004_WFA')",True,"('0-000-00007_PV', '0-005-00001_cFos', '0-FFF-00032_Npas4', '0-FFF-00004_WFA')",1.0750668,quad_cFos
883,883,KET-10-12_PFC_4.0_E_3.tif,KET-10-12_PFC_4.0_E,0-005-00017_cFos,"('0-000-00008_PV', '0-005-00017_cFos', '0-FFF-00035_Npas4', '0-FFF-00003_WFA')",True,True,True,True,335.83,88.97,422.3047,564.8242,cFos,KET-10-12,FR1_KET,KET-10,1.3374803,142.51953,346.80725,"('0-000-00008_PV', '0-005-00017_cFos', '0-FFF-00035_Npas4', '0-FFF-00003_WFA')",True,"('0-000-00008_PV', '0-005-00017_cFos', '0-FFF-00035_Npas4', '0-FFF-00003_WFA')",1.2823677,quad_cFos
889,889,KET-10-12_PFC_4.0_E_3.tif,KET-10-12_PFC_4.0_E,0-005-00023_cFos,"('0-000-00010_PV', '0-005-00023_cFos', '0-200-00010_Npas4', '0-FFF-00004_WFA')",True,True,True,True,327.48,199.38,422.3047,677.3589,cFos,KET-10-12,FR1_KET,KET-10,1.6039578,255.0542,459.34192,"('0-000-00010_PV', '0-005-00023_cFos', '0-200-00010_Npas4', '0-FFF-00004_WFA')",True,"('0-000-00010_PV', '0-005-00023_cFos', '0-200-00010_Npas4', '0-FFF-00004_WFA')",1.6984802,quad_cFos
945,945,KET-10-12_PFC_4.0_E_3.tif,KET-10-12_PFC_4.0_E,0-FFF-00081_cFos,"('0-000-00005_PV', '0-FFF-00081_cFos', '0-FFF-00033_Npas4', '0-FFF-00002_WFA')",True,True,True,True,297.16,63.86,422.3047,307.5399,cFos,KET-10-12,FR1_KET,KET-10,0.7282417,-114.7648,89.52292,"('0-000-00005_PV', '0-FFF-00081_cFos', '0-FFF-00033_Npas4', '0-FFF-00002_WFA')",True,"('0-000-00005_PV', '0-FFF-00081_cFos', '0-FFF-00033_Npas4', '0-FFF-00002_WFA')",0.33102337,quad_cFos
1374,1374,KET-10-14_PFC_3.4_E_3.tif,KET-10-14_PFC_3.4_E,0-005-00027_cFos,"('0-000-00014_PV', '0-005-00027_cFos', '0-FFF-00103_Npas4', '0-FFF-00007_WFA')",True,True,True,True,321.49,427.52,277.7211,635.2126,cFos,KET-10-14,VR5_KET,KET-10,2.287232,357.4915,561.7792,"('0-000-00014_PV', '0-005-00027_cFos', '0-FFF-00103_Npas4', '0-FFF-00007_WFA')",True,"('0-000-00014_PV', '0-005-00027_cFos', '0-FFF-00103_Npas4', '0-FFF-00007_WFA')",2.0772562,quad_cFos
1663,1663,KET-10-14_PFC_3.6_C_3.tif,KET-10-14_PFC_3.6_C,0-FFF-00069_cFos,"('0-000-00002_PV', '0-FFF-00069_cFos', '0-FFF-00112_Npas4', '0-FFF-00003_WFA')",True,True,True,True,48.92,442.61,314.4783,303.6025,cFos,KET-10-14,VR5_KET,KET-10,0.9654164,-10.875793,193.41193,"('0-000-00002_PV', '0-FFF-00069_cFos', '0-FFF-00112_Npas4', '0-FFF-00003_WFA')",True,"('0-000-00002_PV', '0-FFF-00069_cFos', '0-FFF-00112_Npas4', '0-FFF-00003_WFA')",0.71516734,quad_cFos
1673,1673,KET-10-14_PFC_3.6_C_3.tif,KET-10-14_PFC_3.6_C,0-FFF-00079_cFos,"('0-000-00000_PV', '0-FFF-00079_cFos', '0-FFF-00108_Npas4', '0-FFF-00002_WFA')",True,True,True,True,197.58,384.04,314.4783,275.0437,cFos,KET-10-14,VR5_KET,KET-10,0.8746031,-39.4346,164.85312,"('0-000-00000_PV', '0-FFF-00079_cFos', '0-FFF-00108_Npas4', '0-FFF-00002_WFA')",True,"('0-000-00000_PV', '0-FFF-00079_cFos', '0-FFF-00108_Npas4', '0-FFF-00002_WFA')",0.60956717,quad_cFos
1824,1824,KET-10-14_PFC_3.7_A_3.tif,KET-10-14_PFC_3.7_A,0-005-00012_cFos,"('0-000-00003_PV', '0-005-00012_cFos', '0-FFF-00069_Npas4', '0-FFF-00009_WFA')",True,True,True,True,160.75,286.54,444.0234,356.2431,cFos,KET-10-14,VR5_KET,KET-10,0.802307,-87.780304,116.507416,"('0-000-00003_PV', '0-005-00012_cFos', '0-FFF-00069_Npas4', '0-FFF-00009_WFA')",True,"('0-000-00003_PV', '0-005-00012_cFos', '0-FFF-00069_Npas4', '0-FFF-00009_WFA')",0.43080226,quad_cFos
1830,1830,KET-10-14_PFC_3.7_A_3.tif,KET-10-14_PFC_3.7_A,0-005-00019_cFos,"('0-000-00014_PV', '0-005-00019_cFos', '0-FFF-00030_Npas4', '0-FFF-00005_WFA')",True,True,True,True,364.16,196.85,444.0234,436.4308,cFos,KET-10-14,VR5_KET,KET-10,0.9829004,-7.592621,196.6951,"('0-000-00014_PV', '0-005-00019_cFos', '0-FFF-00030_Npas4', '0-FFF-00005_WFA')",True,"('0-000-00014_PV', '0-005-00019_cFos', '0-FFF-00030_Npas4', '0-FFF-00005_WFA')",0.7273073,quad_cFos
1832,1832,KET-10-14_PFC_3.7_A_3.tif,KET-10-14_PFC_3.7_A,0-005-00021_cFos,"('0-000-00007_PV', '0-005-00021_cFos', '0-FFF-00023_Npas4', '0-FFF-00002_WFA')",True,True,True,True,317.8,94.15,444.0234,385.8874,cFos,KET-10-14,VR5_KET,KET-10,0.86906993,-58.136017,146.1517,"('0-000-00007_PV', '0-005-00021_cFos', '0-FFF-00023_Npas4', '0-FFF-00002_WFA')",True,"('0-000-00007_PV', '0-005-00021_cFos', '0-FFF-00023_Npas4', '0-FFF-00002_WFA')",0.5404161,quad_cFos
1875,1875,KET-10-14_PFC_3.7_A_3.tif,KET-10-14_PFC_3.7_A,0-FFF-00064_cFos,"('0-000-00011_PV', '0-FFF-00064_cFos', '0-FFF-00014_Npas4', '0-FFF-00001_WFA')",True,True,True,True,139.3,91.86,444.0234,331.5225,cFos,KET-10-14,VR5_KET,KET-10,0.74663293,-112.500916,91.786804,"('0-000-00011_PV', '0-FFF-00064_cFos', '0-FFF-00014_Npas4', '0-FFF-00001_WFA')",True,"('0-000-00011_PV', '0-FFF-00064_cFos', '0-FFF-00014_Npas4', '0-FFF-00001_WFA')",0.3393944,quad_cFos
2100,2100,KET-10-14_PFC_3.7_B_3.tif,KET-10-14_PFC_3.7_B,0-FFF-00096_cFos,"('0-000-00000_PV', '0-FFF-00096_cFos', '0-FFF-00043_Npas4', '0-FFF-00002_WFA')",True,True,True,True,358.07,177.12,260.1059,247.8893,cFos,KET-10-14,VR5_KET,KET-10,0.9530322,-12.2165985,192.07112,"('0-000-00000_PV', '0-FFF-00096_cFos', '0-FFF-00043_Npas4', '0-FFF-00002_WFA')",True,"('0-000-00000_PV', '0-FFF-00096_cFos', '0-FFF-00043_Npas4', '0-FFF-00002_WFA')",0.7102095,quad_cFos
2464,2464,KET-10-1_PFC_3.7_B_3.tif,KET-10-1_PFC_3.7_B,0-005-00019_cFos,"('0-FFF-00005_PV', '0-005-00019_cFos', '0-FFF-00045_Npas4', '0-FFF-00005_WFA')",True,True,True,True,149.14,345.93,399.1894,348.6392,cFos,KET-10-1,FR1_SAL,KET-10,0.87336785,-50.5502,153.73752,"('0-FFF-00005_PV', '0-005-00019_cFos', '0-FFF-00045_Npas4', '0-FFF-00005_WFA')",True,"('0-FFF-00005_PV', '0-005-00019_cFos', '0-FFF-00045_Npas4', '0-FFF-00005_WFA')",0.5684657,quad_cFos
2497,2497,KET-10-1_PFC_3.7_B_3.tif,KET-10-1_PFC_3.7_B,0-FFF-00053_cFos,"('0-000-00002_PV', '0-FFF-00053_cFos', '0-FFF-00029_Npas4', '0-FFF-00004_WFA')",True,True,True,True,388.27,210.61,399.1894,286.6113,cFos,KET-10-1,FR1_SAL,KET-10,0.71798325,-112.578094,91.709625,"('0-000-00002_PV', '0-FFF-00053_cFos', '0-FFF-00029_Npas4', '0-FFF-00004_WFA')",True,"('0-000-00002_PV', '0-FFF-00053_cFos', '0-FFF-00029_Npas4', '0-FFF-00004_WFA')",0.339109,quad_cFos
2609,2609,KET-10-1_PFC_3.7_C_3.tif,KET-10-1_PFC_3.7_C,0-005-00014_cFos,"('0-000-00000_PV', '0-005-00014_cFos', '0-FFF-00045_Npas4', '0-FFF-00004_WFA')",True,True,True,True,271.15,419.69,317.3645,317.1395,cFos,KET-10-1,FR1_SAL,KET-10,0.999291,-0.2250061,204.06271,"('0-000-00000_PV', '0-005-00014_cFos', '0-FFF-00045_Npas4', '0-FFF-00004_WFA')",True,"('0-000-00000_PV', '0-005-00014_cFos', '0-FFF-00045_Npas4', '0-FFF-00004_WFA')",0.7545501,quad_cFos
2619,2619,KET-10-1_PFC_3.7_C_3.tif,KET-10-1_PFC_3.7_C,0-005-00025_cFos,"('0-000-00001_PV', '0-005-00025_cFos', '0-FFF-00046_Npas4', '0-FFF-00003_WFA')",True,True,True,True,249.07,368.51,317.3645,656.4486,cFos,KET-10-1,FR1_SAL,KET-10,2.0684373,339.0841,543.3718,"('0-000-00001_PV', '0-005-00025_cFos', '0-FFF-00046_Npas4', '0-FFF-00003_WFA')",True,"('0-000-00001_PV', '0-005-00025_cFos', '0-FFF-00046_Npas4', '0-FFF-00003_WFA')",2.0091925,quad_cFos
2726,2726,KET-10-1_PFC_3.8_E_3.tif,KET-10-1_PFC_3.8_E,0-005-00002_cFos,"('0-000-00001_PV', '0-005-00002_cFos', '0-FFF-00031_Npas4', '0-FFF-00002_WFA')",True,True,True,True,149.13,153.0,249.9861,271.3546,cFos,KET-10-1,FR1_SAL,KET-10,1.0854788,21.368515,225.65623,"('0-000-00001_PV', '0-005-00002_cFos', '0-FFF-00031_Npas4', '0-FFF-00002_WFA')",True,"('0-000-00001_PV', '0-005-00002_cFos', '0-FFF-00031_Npas4', '0-FFF-00002_WFA')",0.8343951,quad_cFos
2746,2746,KET-10-1_PFC_3.8_E_3.tif,KET-10-1_PFC_3.8_E,0-005-00024_cFos,"('0-000-00002_PV', '0-005-00024_cFos', '0-FFF-00043_Npas4', '0-FFF-00001_WFA')",True,True,True,True,8.15,347.23,249.9861,274.6529,cFos,KET-10-1,FR1_SAL,KET-10,1.0986726,24.666794,228.95451,"('0-000-00002_PV', '0-005-00024_cFos', '0-FFF-00043_Npas4', '0-FFF-00001_WFA')",True,"('0-000-00002_PV', '0-005-00024_cFos', '0-FFF-00043_Npas4', '0-FFF-00001_WFA')",0.84659094,quad_cFos
2765,2765,KET-10-1_PFC_3.8_E_3.tif,KET-10-1_PFC_3.8_E,0-FFF-00047_cFos,"('0-000-00003_PV', '0-FFF-00047_cFos', '0-FFF-00045_Npas4', '0-FFF-00003_WFA')",True,True,True,True,171.0,341.37,249.9861,230.1693,cFos,KET-10-1,FR1_SAL,KET-10,0.9207284,-19.816803,184.47092,"('0-000-00003_PV', '0-FFF-00047_cFos', '0-FFF-00045_Npas4', '0-FFF-00003_WFA')",True,"('0-000-00003_PV', '0-FFF-00047_cFos', '0-FFF-00045_Npas4', '0-FFF-00003_WFA')",0.68210673,quad_cFos
2924,2924,KET-10-1_PFC_4.0_A_3.tif,KET-10-1_PFC_4.0_A,0-FFF-00058_cFos,"('0-000-00001_PV', '0-FFF-00058_cFos', '0-FFF-00046_Npas4', '0-FFF-00002_WFA')",True,True,True,True,431.11,269.15,391.5194,313.3253,cFos,KET-10-1,FR1_SAL,KET-10,0.80028033,-78.19412,126.0936,"('0-000-00001_PV', '0-FFF-00058_cFos', '0-FFF-00046_Npas4', '0-FFF-00002_WFA')",True,"('0-000-00001_PV', '0-FFF-00058_cFos', '0-FFF-00046_Npas4', '0-FFF-00002_WFA')",0.4662485,quad_cFos
3270,3270,KET-10-2_PFC_3.5_B_3.tif,KET-10-2_PFC_3.5_B,0-005-00020_cFos,"('0-000-00009_PV', '0-005-00020_cFos', '0-FFF-00047_Npas4', '0-FFF-00003_WFA')",True,True,True,True,342.57,190.44,273.2332,592.0346,cFos,KET-10-2,VR5_SAL,KET-10,2.1667743,318.80142,523.0891,"('0-000-00009_PV', '0-005-00020_cFos', '0-FFF-00047_Npas4', '0-FFF-00003_WFA')",True,"('0-000-00009_PV', '0-005-00020_cFos', '0-FFF-00047_Npas4', '0-FFF-00003_WFA')",1.9341943,quad_cFos
3736,3736,KET-10-2_PFC_3.9_C_3.tif,KET-10-2_PFC_3.9_C,0-005-00034_cFos,"('0-000-00000_PV', '0-005-00034_cFos', '0-FFF-00035_Npas4', '0-FFF-00001_WFA')",True,True,True,True,178.9,147.51,263.6911,307.3606,cFos,KET-10-2,VR5_SAL,KET-10,1.1656085,43.669495,247.95721,"('0-000-00000_PV', '0-005-00034_cFos', '0-FFF-00035_Npas4', '0-FFF-00001_WFA')",True,"('0-000-00000_PV', '0-005-00034_cFos', '0-FFF-00035_Npas4', '0-FFF-00001_WFA')",0.91685605,quad_cFos
3768,3768,KET-10-2_PFC_3.9_C_3.tif,KET-10-2_PFC_3.9_C,0-FFF-00068_cFos,"('0-000-00003_PV', '0-FFF-00068_cFos', '0-FFF-00040_Npas4', '0-FFF-00006_WFA')",True,True,True,True,208.1,14.42,263.6911,241.1365,cFos,KET-10-2,VR5_SAL,KET-10,0.91446584,-22.554596,181.73312,"('0-000-00003_PV', '0-FFF-00068_cFos', '0-FFF-00040_Npas4', '0-FFF-00006_WFA')",True,"('0-000-00003_PV', '0-FFF-00068_cFos', '0-FFF-00040_Npas4', '0-FFF-00006_WFA')",0.67198336,quad_cFos
3769,3769,KET-10-2_PFC_3.9_C_3.tif,KET-10-2_PFC_3.9_C,0-FFF-00069_cFos,"('0-000-00008_PV', '0-FFF-00069_cFos', '0-FFF-00038_Npas4', '0-FFF-00005_WFA')",True,True,True,True,185.91,58.24,263.6911,242.6078,cFos,KET-10-2,VR5_SAL,KET-10,0.9200455,-21.083298,183.20442,"('0-000-00008_PV', '0-FFF-00069_cFos', '0-FFF-00038_Npas4', '0-FFF-00005_WFA')",True,"('0-000-00008_PV', '0-FFF-00069_cFos', '0-FFF-00038_Npas4', '0-FFF-00005_WFA')",0.67742366,quad_cFos
3786,3786,KET-10-2_PFC_3.9_C_3.tif,KET-10-2_PFC_3.9_C,0-FFF-00086_cFos,"('0-000-00004_PV', '0-FFF-00086_cFos', '0-FFF-00095_Npas4', '0-FFF-00007_WFA')",True,True,True,True,200.2,302.68,263.6911,237.0178,cFos,KET-10-2,VR5_SAL,KET-10,0.89884645,-26.673294,177.61443,"('0-000-00004_PV', '0-FFF-00086_cFos', '0-FFF-00095_Npas4', '0-FFF-00007_WFA')",True,"('0-000-00004_PV', '0-FFF-00086_cFos', '0-FFF-00095_Npas4', '0-FFF-00007_WFA')",0.6567539,quad_cFos
3935,3935,KET-10-2_PFC_4.0_E_3.tif,KET-10-2_PFC_4.0_E,0-005-00019_cFos,"('0-000-00002_PV', '0-005-00019_cFos', '0-FFF-00087_Npas4', '0-FFF-00005_WFA')",True,True,True,True,305.2,499.59,413.6121,336.7867,cFos,KET-10-2,VR5_SAL,KET-10,0.81425744,-76.82538,127.46234,"('0-000-00002_PV', '0-005-00019_cFos', '0-FFF-00087_Npas4', '0-FFF-00005_WFA')",True,"('0-000-00002_PV', '0-005-00019_cFos', '0-FFF-00087_Npas4', '0-FFF-00005_WFA')",0.47130963,quad_cFos
4092,4092,KET-10-3_PFC_3.5_C_3.tif,KET-10-3_PFC_3.5_C,0-005-00052_cFos,"('0-000-00010_PV', '0-005-00052_cFos', '0-200-00013_Npas4', '0-FFF-00005_WFA')",True,True,True,True,27.76,94.21,335.3699,793.8148,cFos,KET-10-3,VR5_SAL,KET-10,2.366983,458.44492,662.73267,"('0-000-00010_PV', '0-005-00052_cFos', '0-200-00013_Npas4', '0-FFF-00005_WFA')",True,"('0-000-00010_PV', '0-005-00052_cFos', '0-200-00013_Npas4', '0-FFF-00005_WFA')",2.4505455,quad_cFos
4704,4704,KET-10-3_PFC_3.8_B_3.tif,KET-10-3_PFC_3.8_B,0-005-00017_cFos,"('0-000-00000_PV', '0-005-00017_cFos', '0-FFF-00018_Npas4', '0-FFF-00009_WFA')",True,True,True,True,151.01,34.13,314.3107,435.7795,cFos,KET-10-3,VR5_SAL,KET-10,1.3864609,121.46881,325.75653,"('0-000-00000_PV', '0-005-00017_cFos', '0-FFF-00018_Npas4', '0-FFF-00009_WFA')",True,"('0-000-00000_PV', '0-005-00017_cFos', '0-FFF-00018_Npas4', '0-FFF-00009_WFA')",1.2045298,quad_cFos
4742,4742,KET-10-3_PFC_3.8_B_3.tif,KET-10-3_PFC_3.8_B,0-005-00057_cFos,"('0-000-00006_PV', '0-005-00057_cFos', '0-005-00069_cFos', '0-FFF-00051_Npas4', '0-FFF-00003_WFA')",True,True,True,True,329.62,399.11,314.3107,451.9747,cFos,KET-10-3,VR5_SAL,KET-10,1.437987,137.664,341.95172,"('0-000-00006_PV', '0-005-00057_cFos', '0-005-00069_cFos', '0-FFF-00051_Npas4', '0-FFF-00003_WFA')",True,"('0-000-00006_PV', '0-005-00057_cFos', '0-005-00069_cFos', '0-FFF-00051_Npas4', '0-FFF-00003_WFA')",1.2644137,quad_cFos
4902,4902,KET-10-3_PFC_4.0_A_3.tif,KET-10-3_PFC_4.0_A,0-005-00042_cFos,"('0-000-00005_PV', '0-005-00042_cFos', '0-FFF-00029_Npas4', '0-FFF-00009_WFA')",True,True,True,True,114.75,261.03,349.474,320.1797,cFos,KET-10-3,VR5_SAL,KET-10,0.916176,-29.294312,174.99341,"('0-000-00005_PV', '0-005-00042_cFos', '0-FFF-00029_Npas4', '0-FFF-00009_WFA')",True,"('0-000-00005_PV', '0-005-00042_cFos', '0-FFF-00029_Npas4', '0-FFF-00009_WFA')",0.6470623,quad_cFos
5028,5028,KET-10-4_PFC_3.5_C_3.tif,KET-10-4_PFC_3.5_C,0-005-00002_cFos,"('0-000-00011_PV', '0-005-00002_cFos', '0-FFF-00033_Npas4', '0-FFF-00004_WFA')",True,True,True,True,54.01,243.08,409.8977,526.1453,cFos,KET-10-4,VR5_SAL,KET-10,1.2836015,116.24762,320.53534,"('0-000-00011_PV', '0-005-00002_cFos', '0-FFF-00033_Npas4', '0-FFF-00004_WFA')",True,"('0-000-00011_PV', '0-005-00002_cFos', '0-FFF-00033_Npas4', '0-FFF-00004_WFA')",1.1852237,quad_cFos
5054,5054,KET-10-4_PFC_3.5_C_3.tif,KET-10-4_PFC_3.5_C,0-005-00028_cFos,"('0-000-00004_PV', '0-005-00028_cFos', '0-FFF-00053_Npas4', '0-FFF-00003_WFA')",True,True,True,True,210.06,406.14,409.8977,376.5525,cFos,KET-10-4,VR5_SAL,KET-10,0.9186499,-33.345215,170.9425,"('0-000-00004_PV', '0-005-00028_cFos', '0-FFF-00053_Npas4', '0-FFF-00003_WFA')",True,"('0-000-00004_PV', '0-005-00028_cFos', '0-FFF-00053_Npas4', '0-FFF-00003_WFA')",0.63208354,quad_cFos
5194,5194,KET-10-4_PFC_3.7_D_3.tif,KET-10-4_PFC_3.7_D,0-005-00030_cFos,"('0-000-00001_PV', '0-005-00030_cFos', '0-FFF-00060_Npas4', '0-FFF-00003_WFA')",True,True,True,True,26.67,351.86,314.9819,498.5593,cFos,KET-10-4,VR5_SAL,KET-10,1.5828189,183.5774,387.8651,"('0-000-00001_PV', '0-005-00030_cFos', '0-FFF-00060_Npas4', '0-FFF-00003_WFA')",True,"('0-000-00001_PV', '0-005-00030_cFos', '0-FFF-00060_Npas4', '0-FFF-00003_WFA')",1.4341849,quad_cFos
5335,5335,KET-10-4_PFC_3.8_B_3.tif,KET-10-4_PFC_3.8_B,0-005-00008_cFos,"('0-000-00006_PV', '0-005-00008_cFos', '0-FFF-00053_Npas4', '0-FFF-00002_WFA')",True,True,True,True,78.98,159.16,377.426,501.6145,cFos,KET-10-4,VR5_SAL,KET-10,1.3290406,124.18851,328.47623,"('0-000-00006_PV', '0-005-00008_cFos', '0-FFF-00053_Npas4', '0-FFF-00002_WFA')",True,"('0-000-00006_PV', '0-005-00008_cFos', '0-FFF-00053_Npas4', '0-FFF-00002_WFA')",1.2145863,quad_cFos
5378,5378,KET-10-4_PFC_3.8_B_3.tif,KET-10-4_PFC_3.8_B,0-005-00051_cFos,"('0-000-00015_PV', '0-005-00051_cFos', '0-FFF-00055_Npas4', '0-FFF-00003_WFA')",True,True,True,True,14.48,125.95,377.426,720.0689,cFos,KET-10-4,VR5_SAL,KET-10,1.9078413,342.6429,546.93066,"('0-000-00015_PV', '0-005-00051_cFos', '0-FFF-00055_Npas4', '0-FFF-00003_WFA')",True,"('0-000-00015_PV', '0-005-00051_cFos', '0-FFF-00055_Npas4', '0-FFF-00003_WFA')",2.0223517,quad_cFos
5504,5504,KET-10-4_PFC_3.8_E_3.tif,KET-10-4_PFC_3.8_E,0-005-00003_cFos,"('0-000-00000_PV', '0-005-00003_cFos', '0-200-00021_Npas4', '0-001-00004_WFA')",True,True,True,True,71.33,80.05,324.7159,775.5994,cFos,KET-10-4,VR5_SAL,KET-10,2.3885477,450.8835,655.17126,"('0-000-00000_PV', '0-005-00003_cFos', '0-200-00021_Npas4', '0-001-00004_WFA')",True,"('0-000-00000_PV', '0-005-00003_cFos', '0-200-00021_Npas4', '0-001-00004_WFA')",2.4225862,quad_cFos
5506,5506,KET-10-4_PFC_3.8_E_3.tif,KET-10-4_PFC_3.8_E,0-005-00005_cFos,"('0-000-00007_PV', '0-005-00005_cFos', '0-FFF-00119_Npas4', '0-001-00002_WFA')",True,True,True,True,160.57,313.68,324.7159,1048.9293,cFos,KET-10-4,VR5_SAL,KET-10,3.2302985,724.2134,928.5011,"('0-000-00007_PV', '0-005-00005_cFos', '0-FFF-00119_Npas4', '0-001-00002_WFA')",True,"('0-000-00007_PV', '0-005-00005_cFos', '0-FFF-00119_Npas4', '0-001-00002_WFA')",3.4332612,quad_cFos
5557,5557,KET-10-4_PFC_3.8_E_3.tif,KET-10-4_PFC_3.8_E,0-FFF-00058_cFos,"('0-000-00004_PV', '0-FFF-00058_cFos', '0-FFF-00070_Npas4', '0-FFF-00005_WFA')",True,True,True,True,41.38,343.14,324.7159,266.2388,cFos,KET-10-4,VR5_SAL,KET-10,0.819913,-58.47711,145.81061,"('0-000-00004_PV', '0-FFF-00058_cFos', '0-FFF-00070_Npas4', '0-FFF-00005_WFA')",True,"('0-000-00004_PV', '0-FFF-00058_cFos', '0-FFF-00070_Npas4', '0-FFF-00005_WFA')",0.5391549,quad_cFos
5703,5703,KET-10-4_PFC_4.1_A_3.tif,KET-10-4_PFC_4.1_A,0-005-00001_cFos,"('0-000-00008_PV', '0-005-00001_cFos', '0-200-00013_Npas4', '0-001-00003_WFA')",True,True,True,True,341.42,304.12,436.6008,600.278,cFos,KET-10-4,VR5_SAL,KET-10,1.3748899,163.67722,367.96494,"('0-000-00008_PV', '0-005-00001_cFos', '0-200-00013_Npas4', '0-001-00003_WFA')",True,"('0-000-00008_PV', '0-005-00001_cFos', '0-200-00013_Npas4', '0-001-00003_WFA')",1.3606012,quad_cFos
5713,5713,KET-10-4_PFC_4.1_A_3.tif,KET-10-4_PFC_4.1_A,0-005-00011_cFos,"('0-FFF-00016_PV', '0-005-00011_cFos', '0-FFF-00029_Npas4', '0-FFF-00007_WFA')",True,True,True,True,23.98,55.8,436.6008,494.7185,cFos,KET-10-4,VR5_SAL,KET-10,1.1331141,58.117706,262.40543,"('0-FFF-00016_PV', '0-005-00011_cFos', '0-FFF-00029_Npas4', '0-FFF-00007_WFA')",True,"('0-FFF-00016_PV', '0-005-00011_cFos', '0-FFF-00029_Npas4', '0-FFF-00007_WFA')",0.97028035,quad_cFos
5730,5730,KET-10-4_PFC_4.1_A_3.tif,KET-10-4_PFC_4.1_A,0-005-00028_cFos,"('0-000-00002_PV', '0-005-00028_cFos', '0-FFF-00072_Npas4', '0-FFF-00005_WFA')",True,True,True,True,292.4,227.82,436.6008,378.187,cFos,KET-10-4,VR5_SAL,KET-10,0.8662078,-58.413788,145.87393,"('0-000-00002_PV', '0-005-00028_cFos', '0-FFF-00072_Npas4', '0-FFF-00005_WFA')",True,"('0-000-00002_PV', '0-005-00028_cFos', '0-FFF-00072_Npas4', '0-FFF-00005_WFA')",0.539389,quad_cFos
5927,5927,KET-10-5_PFC_3.3_C_3.tif,KET-10-5_PFC_3.3_C,0-005-00025_cFos,"('0-000-00002_PV', '0-005-00025_cFos', '0-FFF-00027_Npas4', '0-FFF-00008_WFA')",True,True,True,True,273.07,68.82,318.4953,378.542,cFos,KET-10-5,FR1_SAL,KET-10,1.1885325,60.04669,264.3344,"('0-000-00002_PV', '0-005-00025_cFos', '0-FFF-00027_Npas4', '0-FFF-00008_WFA')",True,"('0-000-00002_PV', '0-005-00025_cFos', '0-FFF-00027_Npas4', '0-FFF-00008_WFA')",0.977413,quad_cFos
6172,6172,KET-10-5_PFC_3.5_D_3.tif,KET-10-5_PFC_3.5_D,0-005-00045_cFos,"('0-000-00014_PV', '0-005-00045_cFos', '0-FFF-00010_Npas4', '0-FFF-00002_WFA')",True,True,True,True,128.89,41.1,321.4513,518.0771,cFos,KET-10-5,FR1_SAL,KET-10,1.6116815,196.6258,400.9135,"('0-000-00014_PV', '0-005-00045_cFos', '0-FFF-00010_Npas4', '0-FFF-00002_WFA')",True,"('0-000-00014_PV', '0-005-00045_cFos', '0-FFF-00010_Npas4', '0-FFF-00002_WFA')",1.4824331,quad_cFos
6201,6201,KET-10-5_PFC_3.5_D_3.tif,KET-10-5_PFC_3.5_D,0-FFF-00074_cFos,"('0-000-00015_PV', '0-FFF-00074_cFos', '0-FFF-00121_Npas4', '0-FFF-00005_WFA')",True,True,True,True,309.9,439.4,321.4513,271.5349,cFos,KET-10-5,FR1_SAL,KET-10,0.8447156,-49.91638,154.37134,"('0-000-00015_PV', '0-FFF-00074_cFos', '0-FFF-00121_Npas4', '0-FFF-00005_WFA')",True,"('0-000-00015_PV', '0-FFF-00074_cFos', '0-FFF-00121_Npas4', '0-FFF-00005_WFA')",0.57080936,quad_cFos
6392,6392,KET-10-5_PFC_3.5_E_3.tif,KET-10-5_PFC_3.5_E,0-005-00038_cFos,"('0-000-00008_PV', '0-005-00038_cFos', '0-FFF-00089_Npas4', '0-FFF-00005_WFA')",True,True,True,True,485.62,352.54,272.6935,326.284,cFos,KET-10-5,FR1_SAL,KET-10,1.1965227,53.590485,257.8782,"('0-000-00008_PV', '0-005-00038_cFos', '0-FFF-00089_Npas4', '0-FFF-00005_WFA')",True,"('0-000-00008_PV', '0-005-00038_cFos', '0-FFF-00089_Npas4', '0-FFF-00005_WFA')",0.9535403,quad_cFos
6608,6608,KET-10-5_PFC_3.9_A_3.tif,KET-10-5_PFC_3.9_A,0-005-00045_cFos,"('0-000-00003_PV', '0-005-00045_cFos', '0-200-00000_Npas4', '0-FFF-00004_WFA')",True,True,True,True,263.08,503.91,324.0392,421.4212,cFos,KET-10-5,FR1_SAL,KET-10,1.3005253,97.38199,301.6697,"('0-000-00003_PV', '0-005-00045_cFos', '0-200-00000_Npas4', '0-FFF-00004_WFA')",True,"('0-000-00003_PV', '0-005-00045_cFos', '0-200-00000_Npas4', '0-FFF-00004_WFA')",1.1154654,quad_cFos
6626,6626,KET-10-5_PFC_3.9_A_3.tif,KET-10-5_PFC_3.9_A,0-FFF-00065_cFos,"('0-000-00002_PV', '0-FFF-00065_cFos', '0-FFF-00047_Npas4', '0-FFF-00002_WFA')",True,True,True,True,105.3,169.18,324.0392,245.6255,cFos,KET-10-5,FR1_SAL,KET-10,0.75801164,-78.41371,125.87401,"('0-000-00002_PV', '0-FFF-00065_cFos', '0-FFF-00047_Npas4', '0-FFF-00002_WFA')",True,"('0-000-00002_PV', '0-FFF-00065_cFos', '0-FFF-00047_Npas4', '0-FFF-00002_WFA')",0.46543655,quad_cFos
6641,6641,KET-10-5_PFC_3.9_A_3.tif,KET-10-5_PFC_3.9_A,0-FFF-00080_cFos,"('0-000-00011_PV', '0-FFF-00080_cFos', '0-200-00011_Npas4', '0-FFF-00001_WFA')",True,True,True,True,52.47,175.87,324.0392,276.6526,cFos,KET-10-5,FR1_SAL,KET-10,0.8537627,-47.386627,156.9011,"('0-000-00011_PV', '0-FFF-00080_cFos', '0-200-00011_Npas4', '0-FFF-00001_WFA')",True,"('0-000-00011_PV', '0-FFF-00080_cFos', '0-200-00011_Npas4', '0-FFF-00001_WFA')",0.5801635,quad_cFos
6736,6736,KET-10-5_PFC_3.9_B_3.tif,KET-10-5_PFC_3.9_B,0-005-00022_cFos,"('0-000-00001_PV', '0-005-00022_cFos', '0-FFF-00019_Npas4', '0-FFF-00005_WFA')",True,True,True,True,463.68,72.0,279.902,279.9733,cFos,KET-10-5,FR1_SAL,KET-10,1.0002548,0.07128906,204.35901,"('0-000-00001_PV', '0-005-00022_cFos', '0-FFF-00019_Npas4', '0-FFF-00005_WFA')",True,"('0-000-00001_PV', '0-005-00022_cFos', '0-FFF-00019_Npas4', '0-FFF-00005_WFA')",0.7556457,quad_cFos
6919,6919,KET-8-2_PFC_3.5_E_3.tif,KET-8-2_PFC_3.5_E,0-005-00001_cFos,"('0-000-00006_PV', '0-005-00001_cFos', '0-FFF-00026_Npas4', '0-FFF-00006_WFA')",True,True,True,True,456.2,40.05,195.1826,323.9172,cFos,KET-8-2,FR1_SAL,KET-8,1.6595598,128.7346,333.02234,"('0-000-00006_PV', '0-005-00001_cFos', '0-FFF-00026_Npas4', '0-FFF-00006_WFA')",True,"('0-000-00006_PV', '0-005-00001_cFos', '0-FFF-00026_Npas4', '0-FFF-00006_WFA')",1.2313961,quad_cFos
6939,6939,KET-8-2_PFC_3.5_E_3.tif,KET-8-2_PFC_3.5_E,0-005-00022_cFos,"('0-000-00009_PV', '0-005-00022_cFos', '0-FFF-00081_Npas4', '0-FFF-00002_WFA')",True,True,True,True,218.32,285.3,195.1826,236.9719,cFos,KET-8-2,FR1_SAL,KET-8,1.2141036,41.78929,246.07701,"('0-000-00009_PV', '0-005-00022_cFos', '0-FFF-00081_Npas4', '0-FFF-00002_WFA')",True,"('0-000-00009_PV', '0-005-00022_cFos', '0-FFF-00081_Npas4', '0-FFF-00002_WFA')",0.90990376,quad_cFos
7121,7121,KET-8-2_PFC_3.6_D_3.tif,KET-8-2_PFC_3.6_D,0-FFF-00038_cFos,"('0-000-00001_PV', '0-FFF-00038_cFos', '0-FFF-00027_Npas4', '0-FFF-00001_WFA')",True,True,True,True,305.7,260.45,186.3339,455.6537,cFos,KET-8-2,FR1_SAL,KET-8,2.4453614,269.3198,473.6075,"('0-000-00001_PV', '0-FFF-00038_cFos', '0-FFF-00027_Npas4', '0-FFF-00001_WFA')",True,"('0-000-00001_PV', '0-FFF-00038_cFos', '0-FFF-00027_Npas4', '0-FFF-00001_WFA')",1.7512293,quad_cFos
7497,7497,KET-8-2_PFC_3.7_C_3.tif,KET-8-2_PFC_3.7_C,0-0-00023_cFos,"('0-000-00009_PV', '0-0-00023_cFos', '0-FFF-00048_Npas4', '0-FFF-00001_WFA')",True,True,True,True,173.01,322.76,273.578,457.4684,cFos,KET-8-2,FR1_SAL,KET-8,1.6721681,183.89041,388.17813,"('0-000-00009_PV', '0-0-00023_cFos', '0-FFF-00048_Npas4', '0-FFF-00001_WFA')",True,"('0-000-00009_PV', '0-0-00023_cFos', '0-FFF-00048_Npas4', '0-FFF-00001_WFA')",1.4353423,quad_cFos
7511,7511,KET-8-2_PFC_3.7_C_3.tif,KET-8-2_PFC_3.7_C,0-0-00037_cFos,"('0-000-00013_PV', '0-0-00037_cFos', '0-FFF-00067_Npas4', '0-FFF-00005_WFA')",True,True,True,True,371.69,38.14,273.578,376.8607,cFos,KET-8-2,FR1_SAL,KET-8,1.3775256,103.282684,307.5704,"('0-000-00013_PV', '0-0-00037_cFos', '0-FFF-00067_Npas4', '0-FFF-00005_WFA')",True,"('0-000-00013_PV', '0-0-00037_cFos', '0-FFF-00067_Npas4', '0-FFF-00005_WFA')",1.137284,quad_cFos
7745,7745,KET-8-2_PFC_4.0_A_3.tif,KET-8-2_PFC_4.0_A,0-005-00024_cFos,"('0-000-00001_PV', '0-005-00024_cFos', '0-FFF-00052_Npas4', '0-FFF-00004_WFA')",True,True,True,True,287.13,252.98,363.6208,396.49,cFos,KET-8-2,FR1_SAL,KET-8,1.0903941,32.8692,237.15692,"('0-000-00001_PV', '0-005-00024_cFos', '0-FFF-00052_Npas4', '0-FFF-00004_WFA')",True,"('0-000-00001_PV', '0-005-00024_cFos', '0-FFF-00052_Npas4', '0-FFF-00004_WFA')",0.87692046,quad_cFos
7748,7748,KET-8-2_PFC_4.0_A_3.tif,KET-8-2_PFC_4.0_A,0-005-00027_cFos,"('0-FFF-00014_PV', '0-005-00027_cFos', '0-FFF-00076_Npas4', '0-FFF-00003_WFA')",True,True,True,True,327.64,217.64,363.6208,351.0747,cFos,KET-8-2,FR1_SAL,KET-8,0.9654968,-12.546082,191.74164,"('0-FFF-00014_PV', '0-005-00027_cFos', '0-FFF-00076_Npas4', '0-FFF-00003_WFA')",True,"('0-FFF-00014_PV', '0-005-00027_cFos', '0-FFF-00076_Npas4', '0-FFF-00003_WFA')",0.7089912,quad_cFos
7945,7945,KET-8-7_PFC_3.5_D_3.tif,KET-8-7_PFC_3.5_D,0-005-00028_cFos,"('0-000-00008_PV', '0-005-00028_cFos', '0-FFF-00071_Npas4', '0-FFF-00005_WFA')",True,True,True,True,357.61,396.42,214.1141,1224.3232,cFos,KET-8-7,VR5_KET,KET-8,5.7180877,1010.2091,1214.4968,"('0-000-00008_PV', '0-005-00028_cFos', '0-FFF-00071_Npas4', '0-FFF-00005_WFA')",True,"('0-000-00008_PV', '0-005-00028_cFos', '0-FFF-00071_Npas4', '0-FFF-00005_WFA')",4.49077,quad_cFos
8119,8119,KET-8-7_PFC_3.7_C_3.tif,KET-8-7_PFC_3.7_C,0-005-00012_cFos,"('0-000-00004_PV', '0-005-00012_cFos', '0-FFF-00069_Npas4', '0-FFF-00008_WFA')",True,True,True,True,326.65,321.3,195.5219,390.4066,cFos,KET-8-7,VR5_KET,KET-8,1.9967409,194.88469,399.17242,"('0-000-00004_PV', '0-005-00012_cFos', '0-FFF-00069_Npas4', '0-FFF-00008_WFA')",True,"('0-000-00004_PV', '0-005-00012_cFos', '0-FFF-00069_Npas4', '0-FFF-00008_WFA')",1.4759952,quad_cFos
8132,8132,KET-8-7_PFC_3.7_C_3.tif,KET-8-7_PFC_3.7_C,0-005-00026_cFos,"('0-000-00008_PV', '0-005-00026_cFos', '0-005-00024_cFos', '0-FFF-00088_Npas4', '0-FFF-00010_WFA')",True,True,True,True,429.63,441.06,195.5219,235.6745,cFos,KET-8-7,VR5_KET,KET-8,1.2053611,40.152603,244.44032,"('0-000-00008_PV', '0-005-00026_cFos', '0-005-00024_cFos', '0-FFF-00088_Npas4', '0-FFF-00010_WFA')",True,"('0-000-00008_PV', '0-005-00026_cFos', '0-FFF-00088_Npas4', '0-FFF-00010_WFA')",0.90385187,quad_cFos
8141,8141,KET-8-7_PFC_3.7_C_3.tif,KET-8-7_PFC_3.7_C,0-005-00035_cFos,"('0-000-00014_PV', '0-005-00035_cFos', '0-200-00002_Npas4', '0-FFF-00005_WFA')",True,True,True,True,412.02,162.76,195.5219,275.572,cFos,KET-8-7,VR5_KET,KET-8,1.4094175,80.050095,284.33783,"('0-000-00014_PV', '0-005-00035_cFos', '0-200-00002_Npas4', '0-FFF-00005_WFA')",True,"('0-000-00014_PV', '0-005-00035_cFos', '0-200-00002_Npas4', '0-FFF-00005_WFA')",1.0513784,quad_cFos
8192,8192,KET-8-7_PFC_3.7_C_3.tif,KET-8-7_PFC_3.7_C,0-FFF-00088_cFos,"('0-000-00003_PV', '0-FFF-00088_cFos', '0-FFF-00028_Npas4', '0-FFF-00004_WFA')",True,True,True,True,367.03,79.8,195.5219,169.5537,cFos,KET-8-7,VR5_KET,KET-8,0.8671852,-25.9682,178.31952,"('0-000-00003_PV', '0-FFF-00088_cFos', '0-FFF-00028_Npas4', '0-FFF-00004_WFA')",True,"('0-000-00003_PV', '0-FFF-00088_cFos', '0-FFF-00028_Npas4', '0-FFF-00004_WFA')",0.65936106,quad_cFos
8320,8320,KET-8-7_PFC_4.0_A_3.tif,KET-8-7_PFC_4.0_A,0-005-00005_cFos,"('0-000-00006_PV', '0-005-00005_cFos', '0-FFF-00120_Npas4', '0-FFF-00006_WFA')",True,True,True,True,253.62,396.2,301.3443,454.7376,cFos,KET-8-7,VR5_KET,KET-8,1.5090301,153.39331,357.68103,"('0-000-00006_PV', '0-005-00005_cFos', '0-FFF-00120_Npas4', '0-FFF-00006_WFA')",True,"('0-000-00006_PV', '0-005-00005_cFos', '0-FFF-00120_Npas4', '0-FFF-00006_WFA')",1.3225751,quad_cFos
8352,8352,KET-8-7_PFC_4.0_A_3.tif,KET-8-7_PFC_4.0_A,0-FFF-00041_cFos,"('0-000-00013_PV', '0-FFF-00041_cFos', '0-FFF-00010_Npas4', '0-FFF-00002_WFA')",True,True,True,True,16.02,109.51,301.3443,244.5427,cFos,KET-8-7,VR5_KET,KET-8,0.811506,-56.801605,147.48611,"('0-000-00013_PV', '0-FFF-00041_cFos', '0-FFF-00010_Npas4', '0-FFF-00002_WFA')",True,"('0-000-00013_PV', '0-FFF-00041_cFos', '0-FFF-00010_Npas4', '0-FFF-00002_WFA')",0.5453503,quad_cFos
8360,8360,KET-8-7_PFC_4.0_A_3.tif,KET-8-7_PFC_4.0_A,0-FFF-00049_cFos,"('0-000-00003_PV', '0-FFF-00049_cFos', '0-FFF-00126_Npas4', '0-FFF-00009_WFA')",True,True,True,True,461.15,250.74,301.3443,254.8916,cFos,KET-8-7,VR5_KET,KET-8,0.84584844,-46.452698,157.83502,"('0-000-00003_PV', '0-FFF-00049_cFos', '0-FFF-00126_Npas4', '0-FFF-00009_WFA')",True,"('0-000-00003_PV', '0-FFF-00049_cFos', '0-FFF-00126_Npas4', '0-FFF-00009_WFA')",0.5836168,quad_cFos
8560,8560,KET-8-7_PFC_4.0_B_3.tif,KET-8-7_PFC_4.0_B,0-FFF-00035_cFos,"('0-000-00001_PV', '0-FFF-00035_cFos', '0-FFF-00054_Npas4', '0-FFF-00004_WFA')",True,True,True,True,232.54,322.87,203.8535,611.1543,cFos,KET-8-7,VR5_KET,KET-8,2.9980073,407.30078,611.5885,"('0-000-00001_PV', '0-FFF-00035_cFos', '0-FFF-00054_Npas4', '0-FFF-00004_WFA')",True,"('0-000-00001_PV', '0-FFF-00035_cFos', '0-FFF-00054_Npas4', '0-FFF-00004_WFA')",2.261433,quad_cFos
8696,8696,KET-9-1_PFC_3.6_A_3.tif,KET-9-1_PFC_3.6_A,0-FFF-00015_cFos,"('0-000-00010_PV', '0-FFF-00015_cFos', '0-FFF-00069_Npas4', '0-FFF-00006_WFA')",True,True,True,True,159.26,4.72,256.3919,352.0011,cFos,KET-9-1,FR1_KET,KET-9,1.3729025,95.60919,299.8969,"('0-000-00010_PV', '0-FFF-00015_cFos', '0-FFF-00069_Npas4', '0-FFF-00006_WFA')",True,"('0-000-00010_PV', '0-FFF-00015_cFos', '0-FFF-00069_Npas4', '0-FFF-00006_WFA')",1.1089103,quad_cFos
8711,8711,KET-9-1_PFC_3.6_A_3.tif,KET-9-1_PFC_3.6_A,0-FFF-00030_cFos,"('0-000-00006_PV', '0-FFF-00030_cFos', '0-200-00002_Npas4', '0-FFF-00004_WFA')",True,True,True,True,379.67,462.03,256.3919,408.3201,cFos,KET-9-1,FR1_KET,KET-9,1.5925623,151.92819,356.2159,"('0-000-00006_PV', '0-FFF-00030_cFos', '0-200-00002_Npas4', '0-FFF-00004_WFA')",True,"('0-000-00006_PV', '0-FFF-00030_cFos', '0-200-00002_Npas4', '0-FFF-00004_WFA')",1.3171575,quad_cFos
8718,8718,KET-9-1_PFC_3.6_A_3.tif,KET-9-1_PFC_3.6_A,0-FFF-00037_cFos,"('0-000-00003_PV', '0-FFF-00037_cFos', '0-FFF-00022_Npas4', '0-FFF-00001_WFA')",True,True,True,True,22.77,161.32,256.3919,232.1302,cFos,KET-9-1,FR1_KET,KET-9,0.90537256,-24.261703,180.02602,"('0-000-00003_PV', '0-FFF-00037_cFos', '0-FFF-00022_Npas4', '0-FFF-00001_WFA')",True,"('0-000-00003_PV', '0-FFF-00037_cFos', '0-FFF-00022_Npas4', '0-FFF-00001_WFA')",0.66567105,quad_cFos
8835,8835,KET-9-1_PFC_3.6_D_3.tif,KET-9-1_PFC_3.6_D,0-FFF-00001_cFos,"('0-000-00003_PV', '0-FFF-00001_cFos', '0-200-00006_Npas4', '0-FFF-00007_WFA')",True,True,True,True,205.08,111.56,337.9848,696.0982,cFos,KET-9-1,FR1_KET,KET-9,2.0595548,358.1134,562.4011,"('0-000-00003_PV', '0-FFF-00001_cFos', '0-200-00006_Npas4', '0-FFF-00007_WFA')",True,"('0-000-00003_PV', '0-FFF-00001_cFos', '0-200-00006_Npas4', '0-FFF-00007_WFA')",2.0795557,quad_cFos
8872,8872,KET-9-1_PFC_3.6_D_3.tif,KET-9-1_PFC_3.6_D,0-FFF-00038_cFos,"('0-000-00000_PV', '0-FFF-00038_cFos', '0-FFF-00012_Npas4', '0-FFF-00006_WFA')",True,True,True,True,137.38,28.47,337.9848,272.4805,cFos,KET-9-1,FR1_KET,KET-9,0.80619156,-65.5043,138.78342,"('0-000-00000_PV', '0-FFF-00038_cFos', '0-FFF-00012_Npas4', '0-FFF-00006_WFA')",True,"('0-000-00000_PV', '0-FFF-00038_cFos', '0-FFF-00012_Npas4', '0-FFF-00006_WFA')",0.51317084,quad_cFos
9033,9033,KET-9-1_PFC_3.7_C_3.tif,KET-9-1_PFC_3.7_C,0-FFF-00001_cFos,"('0-000-00003_PV', '0-FFF-00001_cFos', '0-FFF-00001_Npas4', '0-FFF-00001_WFA')",True,True,True,True,50.17,73.31,389.2854,438.9155,cFos,KET-9-1,FR1_KET,KET-9,1.1274903,49.630096,253.91782,"('0-000-00003_PV', '0-FFF-00001_cFos', '0-FFF-00001_Npas4', '0-FFF-00001_WFA')",True,"('0-000-00003_PV', '0-FFF-00001_cFos', '0-FFF-00001_Npas4', '0-FFF-00001_WFA')",0.93889624,quad_cFos
9042,9042,KET-9-1_PFC_3.7_C_3.tif,KET-9-1_PFC_3.7_C,0-FFF-00010_cFos,"('0-000-00001_PV', '0-FFF-00010_cFos', '0-FFF-00020_Npas4', '0-FFF-00002_WFA')",True,True,True,True,209.18,262.48,389.2854,437.7765,cFos,KET-9-1,FR1_KET,KET-9,1.1245644,48.49109,252.77881,"('0-000-00001_PV', '0-FFF-00010_cFos', '0-FFF-00020_Npas4', '0-FFF-00002_WFA')",True,"('0-000-00001_PV', '0-FFF-00010_cFos', '0-FFF-00020_Npas4', '0-FFF-00002_WFA')",0.9346846,quad_cFos
9095,9095,KET-9-2_PFC_3.5_E_3.tif,KET-9-2_PFC_3.5_E,0-005-00006_cFos,"('0-FFF-00011_PV', '0-005-00006_cFos', '0-FFF-00005_Npas4', '0-FFF-00002_WFA')",True,True,True,True,49.9,9.95,283.3485,657.2828,cFos,KET-9-2,FR1_SAL,KET-9,2.3196974,373.93427,578.222,"('0-FFF-00011_PV', '0-005-00006_cFos', '0-FFF-00005_Npas4', '0-FFF-00002_WFA')",True,"('0-FFF-00011_PV', '0-005-00006_cFos', '0-FFF-00005_Npas4', '0-FFF-00002_WFA')",2.1380558,quad_cFos
9097,9097,KET-9-2_PFC_3.5_E_3.tif,KET-9-2_PFC_3.5_E,0-005-00008_cFos,"('0-000-00000_PV', '0-005-00008_cFos', '0-FFF-00040_Npas4', '0-FFF-00012_WFA')",True,True,True,True,73.95,308.18,283.3485,299.2882,cFos,KET-9-2,FR1_SAL,KET-9,1.0562547,15.939697,220.22742,"('0-000-00000_PV', '0-005-00008_cFos', '0-FFF-00040_Npas4', '0-FFF-00012_WFA')",True,"('0-000-00000_PV', '0-005-00008_cFos', '0-FFF-00040_Npas4', '0-FFF-00012_WFA')",0.8143213,quad_cFos
9101,9101,KET-9-2_PFC_3.5_E_3.tif,KET-9-2_PFC_3.5_E,0-005-00012_cFos,"('0-000-00001_PV', '0-005-00012_cFos', '0-FFF-00047_Npas4', '0-FFF-00014_WFA')",True,True,True,True,432.44,384.34,283.3485,365.8523,cFos,KET-9-2,FR1_SAL,KET-9,1.2911742,82.503784,286.7915,"('0-000-00001_PV', '0-005-00012_cFos', '0-FFF-00047_Npas4', '0-FFF-00014_WFA')",True,"('0-000-00001_PV', '0-005-00012_cFos', '0-FFF-00047_Npas4', '0-FFF-00014_WFA')",1.0604513,quad_cFos
9123,9123,KET-9-2_PFC_3.5_E_3.tif,KET-9-2_PFC_3.5_E,0-FFF-00035_cFos,"('0-000-00004_PV', '0-FFF-00035_cFos', '0-FFF-00014_Npas4', '0-FFF-00009_WFA')",True,True,True,True,476.58,152.55,283.3485,219.3724,cFos,KET-9-2,FR1_SAL,KET-9,0.7742141,-63.976105,140.31161,"('0-000-00004_PV', '0-FFF-00035_cFos', '0-FFF-00014_Npas4', '0-FFF-00009_WFA')",True,"('0-000-00004_PV', '0-FFF-00035_cFos', '0-FFF-00014_Npas4', '0-FFF-00009_WFA')",0.5188216,quad_cFos
9258,9258,KET-9-2_PFC_3.7_A_3.tif,KET-9-2_PFC_3.7_A,0-FFF-00001_cFos,"('0-000-00007_PV', '0-FFF-00001_cFos', '0-FFF-00035_Npas4', '0-FFF-00002_WFA')",True,True,True,True,341.42,228.92,417.4902,486.0317,cFos,KET-9-2,FR1_SAL,KET-9,1.1641752,68.541504,272.82922,"('0-000-00007_PV', '0-FFF-00001_cFos', '0-FFF-00035_Npas4', '0-FFF-00002_WFA')",True,"('0-000-00007_PV', '0-FFF-00001_cFos', '0-FFF-00035_Npas4', '0-FFF-00002_WFA')",1.0088238,quad_cFos
9262,9262,KET-9-2_PFC_3.7_A_3.tif,KET-9-2_PFC_3.7_A,0-FFF-00005_cFos,"('0-000-00010_PV', '0-FFF-00005_cFos', '0-200-00014_Npas4', '0-FFF-00008_WFA')",True,True,True,True,497.22,157.95,417.4902,339.762,cFos,KET-9-2,FR1_SAL,KET-9,0.8138203,-77.72821,126.55951,"('0-000-00010_PV', '0-FFF-00005_cFos', '0-200-00014_Npas4', '0-FFF-00008_WFA')",True,"('0-000-00010_PV', '0-FFF-00005_cFos', '0-200-00014_Npas4', '0-FFF-00008_WFA')",0.46797127,quad_cFos
9263,9263,KET-9-2_PFC_3.7_A_3.tif,KET-9-2_PFC_3.7_A,0-FFF-00006_cFos,"('0-000-00003_PV', '0-FFF-00006_cFos', '0-FFF-00051_Npas4', '0-FFF-00004_WFA')",True,True,True,True,276.35,397.26,417.4902,635.233,cFos,KET-9-2,FR1_SAL,KET-9,1.5215518,217.74277,422.0305,"('0-000-00003_PV', '0-FFF-00006_cFos', '0-FFF-00051_Npas4', '0-FFF-00004_WFA')",True,"('0-000-00003_PV', '0-FFF-00006_cFos', '0-FFF-00051_Npas4', '0-FFF-00004_WFA')",1.560516,quad_cFos
9349,9349,KET-9-2_PFC_3.7_C_3.tif,KET-9-2_PFC_3.7_C,0-005-00001_cFos,"('0-000-00006_PV', '0-005-00001_cFos', '0-FFF-00040_Npas4', '0-FFF-00002_WFA')",True,True,True,True,163.11,342.81,341.7401,311.1822,cFos,KET-9-2,FR1_SAL,KET-9,0.9105814,-30.557922,173.7298,"('0-000-00006_PV', '0-005-00001_cFos', '0-FFF-00040_Npas4', '0-FFF-00002_WFA')",True,"('0-000-00006_PV', '0-005-00001_cFos', '0-FFF-00040_Npas4', '0-FFF-00002_WFA')",0.64238995,quad_cFos
9351,9351,KET-9-2_PFC_3.7_C_3.tif,KET-9-2_PFC_3.7_C,0-005-00003_cFos,"('0-000-00001_PV', '0-005-00003_cFos', '0-FFF-00054_Npas4', '0-FFF-00004_WFA')",True,True,True,True,364.86,502.38,341.7401,419.7113,cFos,KET-9-2,FR1_SAL,KET-9,1.2281593,77.97119,282.2589,"('0-000-00001_PV', '0-005-00003_cFos', '0-FFF-00054_Npas4', '0-FFF-00004_WFA')",True,"('0-000-00001_PV', '0-005-00003_cFos', '0-FFF-00054_Npas4', '0-FFF-00004_WFA')",1.0436913,quad_cFos
9441,9441,KET-9-2_PFC_3.7_D_3.tif,KET-9-2_PFC_3.7_D,0-005-00004_cFos,"('0-000-00000_PV', '0-005-00004_cFos', '0-200-00003_Npas4', '0-FFF-00006_WFA')",True,True,True,True,337.35,165.46,370.555,332.7766,cFos,KET-9-2,FR1_SAL,KET-9,0.8980492,-37.77838,166.50934,"('0-000-00000_PV', '0-005-00004_cFos', '0-200-00003_Npas4', '0-FFF-00006_WFA')",True,"('0-000-00000_PV', '0-005-00004_cFos', '0-200-00003_Npas4', '0-FFF-00006_WFA')",0.6156913,quad_cFos
9446,9446,KET-9-2_PFC_3.7_D_3.tif,KET-9-2_PFC_3.7_D,0-005-00010_cFos,"('0-000-00009_PV', '0-005-00010_cFos', '0-FFF-00006_Npas4', '0-FFF-00005_WFA')",True,True,True,True,259.22,32.01,370.555,705.0504,cFos,KET-9-2,FR1_SAL,KET-9,1.9026877,334.49542,538.78314,"('0-000-00009_PV', '0-005-00010_cFos', '0-FFF-00006_Npas4', '0-FFF-00005_WFA')",True,"('0-000-00009_PV', '0-005-00010_cFos', '0-FFF-00006_Npas4', '0-FFF-00005_WFA')",1.9922252,quad_cFos
9530,9530,KET-9-2_PFC_3.9_B_3.tif,KET-9-2_PFC_3.9_B,0-005-00007_cFos,"('0-000-00000_PV', '0-005-00007_cFos', '0-FFF-00042_Npas4', '0-FFF-00007_WFA')",True,True,True,True,179.13,367.47,436.483,358.1402,cFos,KET-9-2,FR1_SAL,KET-9,0.8205135,-78.342804,125.944916,"('0-000-00000_PV', '0-005-00007_cFos', '0-FFF-00042_Npas4', '0-FFF-00007_WFA')",True,"('0-000-00000_PV', '0-005-00007_cFos', '0-FFF-00042_Npas4', '0-FFF-00007_WFA')",0.46569872,quad_cFos
9531,9531,KET-9-2_PFC_3.9_B_3.tif,KET-9-2_PFC_3.9_B,0-005-00008_cFos,"('0-000-00003_PV', '0-005-00008_cFos', '0-FFF-00050_Npas4', '0-FFF-00002_WFA')",True,True,True,True,333.09,353.78,436.483,585.8002,cFos,KET-9-2,FR1_SAL,KET-9,1.3420916,149.31717,353.6049,"('0-000-00003_PV', '0-005-00008_cFos', '0-FFF-00050_Npas4', '0-FFF-00002_WFA')",True,"('0-000-00003_PV', '0-005-00008_cFos', '0-FFF-00050_Npas4', '0-FFF-00002_WFA')",1.307503,quad_cFos
9533,9533,KET-9-2_PFC_3.9_B_3.tif,KET-9-2_PFC_3.9_B,0-005-00010_cFos,"('0-000-00001_PV', '0-005-00010_cFos', '0-FFF-00021_Npas4', '0-FFF-00001_WFA')",True,True,True,True,168.53,165.16,436.483,656.719,cFos,KET-9-2,FR1_SAL,KET-9,1.5045694,220.236,424.5237,"('0-000-00001_PV', '0-005-00010_cFos', '0-FFF-00021_Npas4', '0-FFF-00001_WFA')",True,"('0-000-00001_PV', '0-005-00010_cFos', '0-FFF-00021_Npas4', '0-FFF-00001_WFA')",1.569735,quad_cFos
9607,9607,KET-9-4_PFC_3.5_E_3.tif,KET-9-4_PFC_3.5_E,0-005-00024_cFos,"('0-000-00001_PV', '0-005-00024_cFos', '0-200-00002_Npas4', '0-FFF-00001_WFA')",True,True,True,True,32.08,100.63,186.9175,155.5923,cFos,KET-9-4,FR1_SAL,KET-9,0.83241165,-31.325195,172.96252,"('0-000-00001_PV', '0-005-00024_cFos', '0-200-00002_Npas4', '0-FFF-00001_WFA')",True,"('0-000-00001_PV', '0-005-00024_cFos', '0-200-00002_Npas4', '0-FFF-00001_WFA')",0.63955283,quad_cFos
9772,9772,KET-9-4_PFC_3.7_C_3.tif,KET-9-4_PFC_3.7_C,0-FFF-00036_cFos,"('0-000-00001_PV', '0-FFF-00036_cFos', '0-FFF-00025_Npas4', '0-FFF-00003_WFA')",True,True,True,True,376.74,130.89,289.0781,232.245,cFos,KET-9-4,FR1_SAL,KET-9,0.8033988,-56.8331,147.45462,"('0-000-00001_PV', '0-FFF-00036_cFos', '0-FFF-00025_Npas4', '0-FFF-00003_WFA')",True,"('0-000-00001_PV', '0-FFF-00036_cFos', '0-FFF-00025_Npas4', '0-FFF-00003_WFA')",0.54523385,quad_cFos
9786,9786,KET-9-4_PFC_3.7_C_3.tif,KET-9-4_PFC_3.7_C,0-FFF-00050_cFos,"('0-000-00002_PV', '0-FFF-00050_cFos', '0-FFF-00010_Npas4', '0-FFF-00001_WFA')",True,True,True,True,210.57,113.64,289.0781,273.3083,cFos,KET-9-4,FR1_SAL,KET-9,0.9454479,-15.769806,188.51791,"('0-000-00002_PV', '0-FFF-00050_cFos', '0-FFF-00010_Npas4', '0-FFF-00001_WFA')",True,"('0-000-00002_PV', '0-FFF-00050_cFos', '0-FFF-00010_Npas4', '0-FFF-00001_WFA')",0.697071,quad_cFos
9894,9894,KET-9-4_PFC_3.7_D_3.tif,KET-9-4_PFC_3.7_D,0-005-00002_cFos,"('0-000-00004_PV', '0-005-00002_cFos', '0-200-00000_Npas4', '0-FFF-00005_WFA')",True,True,True,True,387.73,344.22,204.8264,319.2322,cFos,KET-9-4,FR1_SAL,KET-9,1.5585501,114.40581,318.69354,"('0-000-00004_PV', '0-005-00002_cFos', '0-200-00000_Npas4', '0-FFF-00005_WFA')",True,"('0-000-00004_PV', '0-005-00002_cFos', '0-200-00000_Npas4', '0-FFF-00005_WFA')",1.1784134,quad_cFos
10022,10022,KET-9-4_PFC_4.0_A_3.tif,KET-9-4_PFC_4.0_A,0-005-00004_cFos,"('0-000-00005_PV', '0-005-00004_cFos', '0-FFF-00016_Npas4', '0-FFF-00001_WFA')",True,True,True,True,241.66,158.76,264.9925,267.1,cFos,KET-9-4,FR1_SAL,KET-9,1.007953,2.1075134,206.39523,"('0-000-00005_PV', '0-005-00004_cFos', '0-FFF-00016_Npas4', '0-FFF-00001_WFA')",True,"('0-000-00005_PV', '0-005-00004_cFos', '0-FFF-00016_Npas4', '0-FFF-00001_WFA')",0.7631749,quad_cFos
10175,10175,KET-9-4_PFC_4.0_B_3.tif,KET-9-4_PFC_4.0_B,0-005-00010_cFos,"('0-000-00000_PV', '0-005-00010_cFos', '0-FFF-00008_Npas4', '0-FFF-00002_WFA')",True,True,True,True,141.42,46.51,218.7141,226.4689,cFos,KET-9-4,FR1_SAL,KET-9,1.0354564,7.7548065,212.04253,"('0-000-00000_PV', '0-005-00010_cFos', '0-FFF-00008_Npas4', '0-FFF-00002_WFA')",True,"('0-000-00000_PV', '0-005-00010_cFos', '0-FFF-00008_Npas4', '0-FFF-00002_WFA')",0.78405654,quad_cFos
10207,10207,KET-9-4_PFC_4.0_B_3.tif,KET-9-4_PFC_4.0_B,0-FFF-00043_cFos,"('0-000-00004_PV', '0-FFF-00043_cFos', '0-FFF-00017_Npas4', '0-FFF-00004_WFA')",True,True,True,True,473.8,53.07,218.7141,181.7202,cFos,KET-9-4,FR1_SAL,KET-9,0.8308573,-36.993896,167.29382,"('0-000-00004_PV', '0-FFF-00043_cFos', '0-FFF-00017_Npas4', '0-FFF-00004_WFA')",True,"('0-000-00004_PV', '0-FFF-00043_cFos', '0-FFF-00017_Npas4', '0-FFF-00004_WFA')",0.618592,quad_cFos
10332,10332,KET-9-5_PFC_3.5_B_3.tif,KET-9-5_PFC_3.5_B,0-FFF-00038_cFos,"('0-000-00002_PV', '0-FFF-00038_cFos', '0-FFF-00018_Npas4', '0-FFF-00002_WFA')",True,True,True,True,257.26,504.55,227.2169,190.422,cFos,KET-9-5,FR1_SAL,KET-9,0.83806264,-36.794907,167.49281,"('0-000-00002_PV', '0-FFF-00038_cFos', '0-FFF-00018_Npas4', '0-FFF-00002_WFA')",True,"('0-000-00002_PV', '0-FFF-00038_cFos', '0-FFF-00018_Npas4', '0-FFF-00002_WFA')",0.61932784,quad_cFos
10433,10433,KET-9-5_PFC_3.5_C_3.tif,KET-9-5_PFC_3.5_C,0-FFF-00043_cFos,"('0-000-00006_PV', '0-FFF-00043_cFos', '0-FFF-00047_Npas4', '0-FFF-00005_WFA')",True,True,True,True,203.78,361.72,247.2055,208.8958,cFos,KET-9-5,FR1_SAL,KET-9,0.8450289,-38.309708,165.97801,"('0-000-00006_PV', '0-FFF-00043_cFos', '0-FFF-00047_Npas4', '0-FFF-00005_WFA')",True,"('0-000-00006_PV', '0-FFF-00043_cFos', '0-FFF-00047_Npas4', '0-FFF-00005_WFA')",0.6137266,quad_cFos
10494,10494,KET-9-5_PFC_3.5_D_3.tif,KET-9-5_PFC_3.5_D,0-005-00000_cFos,"('0-000-00003_PV', '0-005-00000_cFos', '0-FFF-00042_Npas4', '0-FFF-00001_WFA')",True,True,True,True,435.95,388.23,198.2483,304.2721,cFos,KET-9-5,FR1_SAL,KET-9,1.534803,106.02379,310.31152,"('0-000-00003_PV', '0-005-00000_cFos', '0-FFF-00042_Npas4', '0-FFF-00001_WFA')",True,"('0-000-00003_PV', '0-005-00000_cFos', '0-FFF-00042_Npas4', '0-FFF-00001_WFA')",1.1474197,quad_cFos
10503,10503,KET-9-5_PFC_3.5_D_3.tif,KET-9-5_PFC_3.5_D,0-005-00016_cFos,"('0-000-00004_PV', '0-005-00016_cFos', '0-200-00006_Npas4', '0-FFF-00008_WFA')",True,True,True,True,26.55,122.21,198.2483,383.1321,cFos,KET-9-5,FR1_SAL,KET-9,1.932587,184.8838,389.1715,"('0-000-00004_PV', '0-005-00016_cFos', '0-200-00006_Npas4', '0-FFF-00008_WFA')",True,"('0-000-00004_PV', '0-005-00016_cFos', '0-200-00006_Npas4', '0-FFF-00008_WFA')",1.4390154,quad_cFos
10547,10547,KET-9-5_PFC_3.5_D_3.tif,KET-9-5_PFC_3.5_D,0-FFF-00071_cFos,"('0-000-00000_PV', '0-FFF-00071_cFos', '0-FFF-00017_Npas4', '0-FFF-00007_WFA')",True,True,True,True,498.69,114.26,198.2483,162.3118,cFos,KET-9-5,FR1_SAL,KET-9,0.8187298,-35.93651,168.35121,"('0-000-00000_PV', '0-FFF-00071_cFos', '0-FFF-00017_Npas4', '0-FFF-00007_WFA')",True,"('0-000-00000_PV', '0-FFF-00071_cFos', '0-FFF-00017_Npas4', '0-FFF-00007_WFA')",0.62250185,quad_cFos
10684,10684,KET-9-5_PFC_3.5_E_3.tif,KET-9-5_PFC_3.5_E,0-005-00014_cFos,"('0-000-00001_PV', '0-005-00014_cFos', '0-200-00011_Npas4', '0-FFF-00002_WFA')",True,True,True,True,423.15,10.68,240.1657,662.4061,cFos,KET-9-5,FR1_SAL,KET-9,2.7581213,422.24042,626.52814,"('0-000-00001_PV', '0-005-00014_cFos', '0-200-00011_Npas4', '0-FFF-00002_WFA')",True,"('0-000-00001_PV', '0-005-00014_cFos', '0-200-00011_Npas4', '0-FFF-00002_WFA')",2.3166745,quad_cFos
10695,10695,KET-9-5_PFC_3.5_E_3.tif,KET-9-5_PFC_3.5_E,0-005-00030_cFos,"('0-FFF-00002_PV', '0-005-00030_cFos', '0-FFF-00018_Npas4', '0-FFF-00001_WFA')",True,True,True,True,365.0,7.96,240.1657,612.0976,cFos,KET-9-5,FR1_SAL,KET-9,2.5486472,371.9319,576.2196,"('0-FFF-00002_PV', '0-005-00030_cFos', '0-FFF-00018_Npas4', '0-FFF-00001_WFA')",True,"('0-FFF-00002_PV', '0-005-00030_cFos', '0-FFF-00018_Npas4', '0-FFF-00001_WFA')",2.1306517,quad_cFos
11038,11038,KET-9-6_PFC_3.6_E_3.tif,KET-9-6_PFC_3.6_E,0-005-00017_cFos,"('0-000-00004_PV', '0-005-00017_cFos', '0-FFF-00063_Npas4', '0-FFF-00003_WFA')",True,True,True,True,213.18,223.76,208.1335,244.7702,cFos,KET-9-6,FR1_SAL,KET-9,1.176025,36.636703,240.92442,"('0-000-00004_PV', '0-005-00017_cFos', '0-FFF-00063_Npas4', '0-FFF-00003_WFA')",True,"('0-000-00004_PV', '0-005-00017_cFos', '0-FFF-00063_Npas4', '0-FFF-00003_WFA')",0.8908513,quad_cFos
11241,11241,KET-9-6_PFC_3.8_B_3.tif,KET-9-6_PFC_3.8_B,0-005-00007_cFos,"('0-000-00002_PV', '0-005-00007_cFos', '0-200-00008_Npas4', '0-FFF-00003_WFA')",True,True,True,True,117.85,148.9,240.8049,470.9675,cFos,KET-9-6,FR1_SAL,KET-9,1.9558053,230.1626,434.45032,"('0-000-00002_PV', '0-005-00007_cFos', '0-200-00008_Npas4', '0-FFF-00003_WFA')",True,"('0-000-00002_PV', '0-005-00007_cFos', '0-200-00008_Npas4', '0-FFF-00003_WFA')",1.6064401,quad_cFos
11250,11250,KET-9-6_PFC_3.8_B_3.tif,KET-9-6_PFC_3.8_B,0-005-00017_cFos,"('0-000-00001_PV', '0-005-00017_cFos', '0-FFF-00102_Npas4', '0-FFF-00002_WFA')",True,True,True,True,346.89,450.28,240.8049,411.6391,cFos,KET-9-6,FR1_SAL,KET-9,1.7094299,170.8342,375.12192,"('0-000-00001_PV', '0-005-00017_cFos', '0-FFF-00102_Npas4', '0-FFF-00002_WFA')",True,"('0-000-00001_PV', '0-005-00017_cFos', '0-FFF-00102_Npas4', '0-FFF-00002_WFA')",1.3870652,quad_cFos
11258,11258,KET-9-6_PFC_3.8_B_3.tif,KET-9-6_PFC_3.8_B,0-005-00031_cFos,"('0-FFF-00011_PV', '0-005-00031_cFos', '0-FFF-00025_Npas4', '0-FFF-00006_WFA')",True,True,True,True,346.36,5.69,240.8049,463.1673,cFos,KET-9-6,FR1_SAL,KET-9,1.923413,222.3624,426.65012,"('0-FFF-00011_PV', '0-005-00031_cFos', '0-FFF-00025_Npas4', '0-FFF-00006_WFA')",True,"('0-FFF-00011_PV', '0-005-00031_cFos', '0-FFF-00025_Npas4', '0-FFF-00006_WFA')",1.5775977,quad_cFos
11311,11311,KET-9-6_PFC_3.8_B_3.tif,KET-9-6_PFC_3.8_B,0-FFF-00090_cFos,"('0-FFF-00003_PV', '0-FFF-00090_cFos', '0-FFF-00052_Npas4', '0-FFF-00004_WFA')",True,True,True,True,206.56,208.04,240.8049,225.826,cFos,KET-9-6,FR1_SAL,KET-9,0.93779653,-14.978897,189.30882,"('0-FFF-00003_PV', '0-FFF-00090_cFos', '0-FFF-00052_Npas4', '0-FFF-00004_WFA')",True,"('0-FFF-00003_PV', '0-FFF-00090_cFos', '0-FFF-00052_Npas4', '0-FFF-00004_WFA')",0.6999955,quad_cFos
11461,11461,KET-9-6_PFC_3.8_C_3.tif,KET-9-6_PFC_3.8_C,0-005-00011_cFos,"('0-000-00001_PV', '0-005-00011_cFos', '0-FFF-00081_Npas4', '0-FFF-00005_WFA')",True,True,True,True,281.94,499.5,219.1642,246.0041,cFos,KET-9-6,FR1_SAL,KET-9,1.1224648,26.839905,231.12762,"('0-000-00001_PV', '0-005-00011_cFos', '0-FFF-00081_Npas4', '0-FFF-00005_WFA')",True,"('0-000-00001_PV', '0-005-00011_cFos', '0-FFF-00081_Npas4', '0-FFF-00005_WFA')",0.85462636,quad_cFos
11509,11509,KET-9-6_PFC_3.8_C_3.tif,KET-9-6_PFC_3.8_C,0-FFF-00075_cFos,"('0-000-00000_PV', '0-FFF-00075_cFos', '0-FFF-00053_Npas4', '0-FFF-00003_WFA')",True,True,True,True,87.92,182.95,219.1642,196.8911,cFos,KET-9-6,FR1_SAL,KET-9,0.89837253,-22.273102,182.01462,"('0-000-00000_PV', '0-FFF-00075_cFos', '0-FFF-00053_Npas4', '0-FFF-00003_WFA')",True,"('0-000-00000_PV', '0-FFF-00075_cFos', '0-FFF-00053_Npas4', '0-FFF-00003_WFA')",0.6730242,quad_cFos
11702,11702,KET-9-6_PFC_3.8_D_3.tif,KET-9-6_PFC_3.8_D,0-FFF-00069_cFos,"('0-FFF-00003_PV', '0-FFF-00069_cFos', '0-200-00011_Npas4', '0-FFF-00003_WFA')",True,True,True,True,397.77,13.3,202.2477,194.8937,cFos,KET-9-6,FR1_SAL,KET-9,0.9636387,-7.3539886,196.93373,"('0-FFF-00003_PV', '0-FFF-00069_cFos', '0-200-00011_Npas4', '0-FFF-00003_WFA')",True,"('0-FFF-00003_PV', '0-FFF-00069_cFos', '0-200-00011_Npas4', '0-FFF-00003_WFA')",0.7281897,quad_cFos
11849,11849,KET-9-6_PFC_4.0_A_3.tif,KET-9-6_PFC_4.0_A,0-005-00044_cFos,"('0-000-00001_PV', '0-005-00044_cFos', '0-FFF-00093_Npas4', '0-FFF-00004_WFA')",True,True,True,True,280.58,360.55,339.7805,335.2011,cFos,KET-9-6,FR1_SAL,KET-9,0.98652256,-4.579376,199.70834,"('0-000-00001_PV', '0-005-00044_cFos', '0-FFF-00093_Npas4', '0-FFF-00004_WFA')",True,"('0-000-00001_PV', '0-005-00044_cFos', '0-FFF-00093_Npas4', '0-FFF-00004_WFA')",0.7384492,quad_cFos
11858,11858,KET-9-6_PFC_4.0_A_3.tif,KET-9-6_PFC_4.0_A,0-005-00058_cFos,"('0-000-00002_PV', '0-005-00058_cFos', '0-FFF-00034_Npas4', '0-FFF-00007_WFA')",True,True,True,True,48.18,215.07,339.7805,424.8189,cFos,KET-9-6,FR1_SAL,KET-9,1.2502745,85.03842,289.32614,"('0-000-00002_PV', '0-005-00058_cFos', '0-FFF-00034_Npas4', '0-FFF-00007_WFA')",True,"('0-000-00002_PV', '0-005-00058_cFos', '0-FFF-00034_Npas4', '0-FFF-00007_WFA')",1.0698234,quad_cFos
12058,12058,PE-12-1_PFC_3.3_D_3.tif,PE-12-1_PFC_3.3_D,0-FFF-00052_cFos,"('0-000-00001_PV', '0-FFF-00052_cFos', '0-FFF-00021_Npas4', '0-FFF-00007_WFA')",True,True,True,True,421.48,79.1,331.7736,651.194,cFos,PE-12-1,FR1_KET,PE-12,1.9627662,319.42038,523.7081,"('0-000-00001_PV', '0-FFF-00052_cFos', '0-FFF-00021_Npas4', '0-FFF-00007_WFA')",True,"('0-000-00001_PV', '0-FFF-00052_cFos', '0-FFF-00021_Npas4', '0-FFF-00007_WFA')",1.9364831,quad_cFos
12387,12387,PE-12-1_PFC_3.5_C_3.tif,PE-12-1_PFC_3.5_C,0-005-00010_cFos,"('0-000-00009_PV', '0-005-00010_cFos', '0-FFF-00054_Npas4', '0-FFF-00002_WFA')",True,True,True,True,398.98,437.34,368.8871,519.1701,cFos,PE-12-1,FR1_KET,PE-12,1.4073957,150.28302,354.57074,"('0-000-00009_PV', '0-005-00010_cFos', '0-FFF-00054_Npas4', '0-FFF-00002_WFA')",True,"('0-000-00009_PV', '0-005-00010_cFos', '0-FFF-00054_Npas4', '0-FFF-00002_WFA')",1.3110743,quad_cFos
12442,12442,PE-12-1_PFC_3.5_C_3.tif,PE-12-1_PFC_3.5_C,0-FFF-00075_cFos,"('0-000-00002_PV', '0-FFF-00075_cFos', '0-FFF-00062_Npas4', '0-FFF-00006_WFA')",True,True,True,True,121.81,209.55,368.8871,259.4837,cFos,PE-12-1,FR1_KET,PE-12,0.70342314,-109.40338,94.88434,"('0-000-00002_PV', '0-FFF-00075_cFos', '0-FFF-00062_Npas4', '0-FFF-00006_WFA')",True,"('0-000-00002_PV', '0-FFF-00075_cFos', '0-FFF-00062_Npas4', '0-FFF-00006_WFA')",0.35084796,quad_cFos
12460,12460,PE-12-1_PFC_3.5_C_3.tif,PE-12-1_PFC_3.5_C,0-FFF-00093_cFos,"('0-000-00011_PV', '0-FFF-00093_cFos', '0-FFF-00047_Npas4', '0-FFF-00009_WFA')",True,True,True,True,377.77,350.55,368.8871,295.3798,cFos,PE-12-1,FR1_KET,PE-12,0.80073225,-73.50729,130.78043,"('0-000-00011_PV', '0-FFF-00093_cFos', '0-FFF-00047_Npas4', '0-FFF-00009_WFA')",True,"('0-000-00011_PV', '0-FFF-00093_cFos', '0-FFF-00047_Npas4', '0-FFF-00009_WFA')",0.4835787,quad_cFos
12469,12469,PE-12-1_PFC_3.5_C_3.tif,PE-12-1_PFC_3.5_C,0-FFF-00102_cFos,"('0-000-00003_PV', '0-FFF-00102_cFos', '0-FFF-00037_Npas4', '0-FFF-00001_WFA')",True,True,True,True,503.36,120.99,368.8871,402.1894,cFos,PE-12-1,FR1_KET,PE-12,1.0902778,33.302307,237.59003,"('0-000-00003_PV', '0-FFF-00102_cFos', '0-FFF-00037_Npas4', '0-FFF-00001_WFA')",True,"('0-000-00003_PV', '0-FFF-00102_cFos', '0-FFF-00037_Npas4', '0-FFF-00001_WFA')",0.878522,quad_cFos
12471,12471,PE-12-1_PFC_3.5_C_3.tif,PE-12-1_PFC_3.5_C,0-FFF-00104_cFos,"('0-000-00010_PV', '0-FFF-00104_cFos', '0-FFF-00051_Npas4', '0-FFF-00003_WFA')",True,True,True,True,409.92,459.88,368.8871,434.9028,cFos,PE-12-1,FR1_KET,PE-12,1.1789591,66.01572,270.30344,"('0-000-00010_PV', '0-FFF-00104_cFos', '0-FFF-00051_Npas4', '0-FFF-00003_WFA')",True,"('0-000-00010_PV', '0-FFF-00104_cFos', '0-FFF-00051_Npas4', '0-FFF-00003_WFA')",0.9994843,quad_cFos
13054,13054,PE-12-2_PFC_3.5_E_3.tif,PE-12-2_PFC_3.5_E,0-005-00001_cFos,"('0-000-00006_PV', '0-005-00001_cFos', '0-200-00001_Npas4', '0-FFF-00004_WFA')",True,True,True,True,437.38,446.99,344.1023,682.4098,cFos,PE-12-2,FR1_KET,PE-12,1.9831597,338.3075,542.5952,"('0-000-00006_PV', '0-005-00001_cFos', '0-200-00001_Npas4', '0-FFF-00004_WFA')",True,"('0-000-00006_PV', '0-005-00001_cFos', '0-200-00001_Npas4', '0-FFF-00004_WFA')",2.0063207,quad_cFos
13072,13072,PE-12-2_PFC_3.5_E_3.tif,PE-12-2_PFC_3.5_E,0-005-00029_cFos,"('0-000-00004_PV', '0-005-00029_cFos', '0-FFF-00062_Npas4', '0-FFF-00003_WFA')",True,True,True,True,229.59,477.04,344.1023,302.3324,cFos,PE-12-2,FR1_KET,PE-12,0.878612,-41.769897,162.51782,"('0-000-00004_PV', '0-005-00029_cFos', '0-FFF-00062_Npas4', '0-FFF-00003_WFA')",True,"('0-000-00004_PV', '0-005-00029_cFos', '0-FFF-00062_Npas4', '0-FFF-00003_WFA')",0.6009321,quad_cFos
13088,13088,PE-12-2_PFC_3.5_E_3.tif,PE-12-2_PFC_3.5_E,0-FFF-00050_cFos,"('0-000-00002_PV', '0-FFF-00050_cFos', '0-FFF-00015_Npas4', '0-FFF-00006_WFA')",True,True,True,True,464.93,42.52,344.1023,490.8735,cFos,PE-12-2,FR1_KET,PE-12,1.4265337,146.77121,351.05893,"('0-000-00002_PV', '0-FFF-00050_cFos', '0-FFF-00015_Npas4', '0-FFF-00006_WFA')",True,"('0-000-00002_PV', '0-FFF-00050_cFos', '0-FFF-00015_Npas4', '0-FFF-00006_WFA')",1.2980889,quad_cFos
13216,13216,PE-12-2_PFC_3.6_C_3.tif,PE-12-2_PFC_3.6_C,0-005-00015_cFos,"('0-000-00002_PV', '0-005-00015_cFos', '0-FFF-00019_Npas4', '0-FFF-00008_WFA')",True,True,True,True,116.46,359.42,373.2781,546.671,cFos,PE-12-2,FR1_KET,PE-12,1.464514,173.39291,377.68063,"('0-000-00002_PV', '0-005-00015_cFos', '0-FFF-00019_Npas4', '0-FFF-00008_WFA')",True,"('0-000-00002_PV', '0-005-00015_cFos', '0-FFF-00019_Npas4', '0-FFF-00008_WFA')",1.3965263,quad_cFos
13222,13222,PE-12-2_PFC_3.6_C_3.tif,PE-12-2_PFC_3.6_C,0-005-00022_cFos,"('0-000-00000_PV', '0-005-00022_cFos', '0-FFF-00015_Npas4', '0-FFF-00003_WFA')",True,True,True,True,286.56,313.58,373.2781,624.5616,cFos,PE-12-2,FR1_KET,PE-12,1.6731803,251.28348,455.5712,"('0-000-00000_PV', '0-005-00022_cFos', '0-FFF-00015_Npas4', '0-FFF-00003_WFA')",True,"('0-000-00000_PV', '0-005-00022_cFos', '0-FFF-00015_Npas4', '0-FFF-00003_WFA')",1.6845374,quad_cFos
13391,13391,PE-12-2_PFC_3.6_D_3.tif,PE-12-2_PFC_3.6_D,0-005-00026_cFos,"('0-000-00000_PV', '0-005-00026_cFos', '0-FFF-00019_Npas4', '0-FFF-00001_WFA')",True,True,True,True,151.63,118.57,388.4379,554.7425,cFos,PE-12-2,FR1_KET,PE-12,1.428137,166.3046,370.59232,"('0-000-00000_PV', '0-005-00026_cFos', '0-FFF-00019_Npas4', '0-FFF-00001_WFA')",True,"('0-000-00000_PV', '0-005-00026_cFos', '0-FFF-00019_Npas4', '0-FFF-00001_WFA')",1.3703163,quad_cFos
13570,13570,PE-12-2_PFC_3.7_A_3.tif,PE-12-2_PFC_3.7_A,0-FFF-00044_cFos,"('0-000-00005_PV', '0-FFF-00044_cFos', '0-FFF-00045_Npas4', '0-FFF-00005_WFA')",True,True,True,True,194.79,328.56,422.5141,876.9959,cFos,PE-12-2,FR1_KET,PE-12,2.0756607,454.4818,658.76953,"('0-000-00005_PV', '0-FFF-00044_cFos', '0-FFF-00045_Npas4', '0-FFF-00005_WFA')",True,"('0-000-00005_PV', '0-FFF-00044_cFos', '0-FFF-00045_Npas4', '0-FFF-00005_WFA')",2.4358914,quad_cFos
13576,13576,PE-12-2_PFC_3.7_A_3.tif,PE-12-2_PFC_3.7_A,0-FFF-00050_cFos,"('0-000-00002_PV', '0-FFF-00050_cFos', '0-FFF-00067_Npas4', '0-FFF-00001_WFA')",True,True,True,True,7.94,425.93,422.5141,332.2437,cFos,PE-12-2,FR1_KET,PE-12,0.7863494,-90.270386,114.017334,"('0-000-00002_PV', '0-FFF-00050_cFos', '0-FFF-00067_Npas4', '0-FFF-00001_WFA')",True,"('0-000-00002_PV', '0-FFF-00050_cFos', '0-FFF-00067_Npas4', '0-FFF-00001_WFA')",0.42159486,quad_cFos
13697,13697,PE-12-7_PFC_3.5_E_3.tif,PE-12-7_PFC_3.5_E,0-005-00015_cFos,"('0-000-00001_PV', '0-005-00015_cFos', '0-FFF-00056_Npas4', '0-FFF-00006_WFA')",True,True,True,True,140.86,462.25,366.4003,669.6236,cFos,PE-12-7,FR1_KET,PE-12,1.8275738,303.2233,507.51102,"('0-000-00001_PV', '0-005-00015_cFos', '0-FFF-00056_Npas4', '0-FFF-00006_WFA')",True,"('0-000-00001_PV', '0-005-00015_cFos', '0-FFF-00056_Npas4', '0-FFF-00006_WFA')",1.8765922,quad_cFos
13725,13725,PE-12-7_PFC_3.5_E_3.tif,PE-12-7_PFC_3.5_E,0-005-00051_cFos,"('0-000-00006_PV', '0-005-00051_cFos', '0-200-00000_Npas4', '0-FFF-00003_WFA')",True,True,True,True,315.4,225.37,366.4003,1209.0551,cFos,PE-12-7,FR1_KET,PE-12,3.29982,842.6548,1046.9425,"('0-000-00006_PV', '0-005-00051_cFos', '0-200-00000_Npas4', '0-FFF-00003_WFA')",True,"('0-000-00006_PV', '0-005-00051_cFos', '0-200-00000_Npas4', '0-FFF-00003_WFA')",3.8712146,quad_cFos
13749,13749,PE-12-7_PFC_3.5_E_3.tif,PE-12-7_PFC_3.5_E,0-FFF-00075_cFos,"('0-000-00004_PV', '0-FFF-00075_cFos', '0-FFF-00053_Npas4', '0-FFF-00005_WFA')",True,True,True,True,134.37,424.0,366.4003,436.4377,cFos,PE-12-7,FR1_KET,PE-12,1.19115,70.037415,274.32513,"('0-000-00004_PV', '0-FFF-00075_cFos', '0-FFF-00053_Npas4', '0-FFF-00005_WFA')",True,"('0-000-00004_PV', '0-FFF-00075_cFos', '0-FFF-00053_Npas4', '0-FFF-00005_WFA')",1.0143551,quad_cFos
13899,13899,PE-12-7_PFC_3.6_B_3.tif,PE-12-7_PFC_3.6_B,0-005-00027_cFos,"('0-000-00011_PV', '0-005-00027_cFos', '0-FFF-00093_Npas4', '0-FFF-00015_WFA')",True,True,True,True,153.88,446.32,354.789,558.4032,cFos,PE-12-7,FR1_KET,PE-12,1.5739022,203.6142,407.90192,"('0-000-00011_PV', '0-005-00027_cFos', '0-FFF-00093_Npas4', '0-FFF-00015_WFA')",True,"('0-000-00011_PV', '0-005-00027_cFos', '0-FFF-00093_Npas4', '0-FFF-00015_WFA')",1.5082737,quad_cFos
13914,13914,PE-12-7_PFC_3.6_B_3.tif,PE-12-7_PFC_3.6_B,0-005-00044_cFos,"('0-000-00003_PV', '0-005-00044_cFos', '0-200-00000_Npas4', '0-001-00002_WFA')",True,True,True,True,327.66,502.28,354.789,952.3912,cFos,PE-12-7,FR1_KET,PE-12,2.6843874,597.6022,801.8899,"('0-000-00003_PV', '0-005-00044_cFos', '0-200-00000_Npas4', '0-001-00002_WFA')",True,"('0-000-00003_PV', '0-005-00044_cFos', '0-200-00000_Npas4', '0-001-00002_WFA')",2.9650986,quad_cFos
14066,14066,PE-12-7_PFC_3.6_D_3.tif,PE-12-7_PFC_3.6_D,0-005-00010_cFos,"('0-000-00004_PV', '0-005-00010_cFos', '0-FFF-00060_Npas4', '0-FFF-00006_WFA')",True,True,True,True,323.66,271.98,367.8448,831.4187,cFos,PE-12-7,FR1_KET,PE-12,2.2602432,463.5739,667.86163,"('0-000-00004_PV', '0-005-00010_cFos', '0-FFF-00060_Npas4', '0-FFF-00006_WFA')",True,"('0-000-00004_PV', '0-005-00010_cFos', '0-FFF-00060_Npas4', '0-FFF-00006_WFA')",2.4695108,quad_cFos
14083,14083,PE-12-7_PFC_3.6_D_3.tif,PE-12-7_PFC_3.6_D,0-005-00028_cFos,"('0-000-00000_PV', '0-005-00028_cFos', '0-FFF-00059_Npas4', '0-FFF-00007_WFA')",True,True,True,True,349.35,328.61,367.8448,978.6798,cFos,PE-12-7,FR1_KET,PE-12,2.6605783,610.835,815.12274,"('0-000-00000_PV', '0-005-00028_cFos', '0-FFF-00059_Npas4', '0-FFF-00007_WFA')",True,"('0-000-00000_PV', '0-005-00028_cFos', '0-FFF-00059_Npas4', '0-FFF-00007_WFA')",3.014029,quad_cFos
14092,14092,PE-12-7_PFC_3.6_D_3.tif,PE-12-7_PFC_3.6_D,0-005-00039_cFos,"('0-000-00001_PV', '0-005-00039_cFos', '0-FFF-00054_Npas4', '0-FFF-00001_WFA')",True,True,True,True,420.42,281.38,367.8448,664.4025,cFos,PE-12-7,FR1_KET,PE-12,1.8062035,296.55774,500.84546,"('0-000-00001_PV', '0-005-00039_cFos', '0-FFF-00054_Npas4', '0-FFF-00001_WFA')",True,"('0-000-00001_PV', '0-005-00039_cFos', '0-FFF-00054_Npas4', '0-FFF-00001_WFA')",1.8519453,quad_cFos
14276,14276,PE-12-7_PFC_3.7_A_3.tif,PE-12-7_PFC_3.7_A,0-005-00024_cFos,"('0-000-00006_PV', '0-005-00024_cFos', '0-FFF-00039_Npas4', '0-FFF-00002_WFA')",True,True,True,True,126.54,197.36,425.1787,360.387,cFos,PE-12-7,FR1_KET,PE-12,0.847613,-64.79172,139.496,"('0-000-00006_PV', '0-005-00024_cFos', '0-FFF-00039_Npas4', '0-FFF-00002_WFA')",True,"('0-000-00006_PV', '0-005-00024_cFos', '0-FFF-00039_Npas4', '0-FFF-00002_WFA')",0.5158057,quad_cFos
14300,14300,PE-12-7_PFC_3.7_A_3.tif,PE-12-7_PFC_3.7_A,0-FFF-00059_cFos,"('0-000-00007_PV', '0-FFF-00059_cFos', '0-FFF-00007_Npas4', '0-FFF-00006_WFA')",True,True,True,True,145.12,58.78,425.1787,351.647,cFos,PE-12-7,FR1_KET,PE-12,0.82705694,-73.53171,130.75601,"('0-000-00007_PV', '0-FFF-00059_cFos', '0-FFF-00007_Npas4', '0-FFF-00006_WFA')",True,"('0-000-00007_PV', '0-FFF-00059_cFos', '0-FFF-00007_Npas4', '0-FFF-00006_WFA')",0.4834884,quad_cFos
14306,14306,PE-12-7_PFC_3.7_A_3.tif,PE-12-7_PFC_3.7_A,0-FFF-00065_cFos,"('0-000-00001_PV', '0-FFF-00065_cFos', '0-FFF-00075_Npas4', '0-FFF-00008_WFA')",True,True,True,True,83.32,489.99,425.1787,315.6135,cFos,PE-12-7,FR1_KET,PE-12,0.74230784,-109.565216,94.7225,"('0-000-00001_PV', '0-FFF-00065_cFos', '0-FFF-00075_Npas4', '0-FFF-00008_WFA')",True,"('0-000-00001_PV', '0-FFF-00065_cFos', '0-FFF-00075_Npas4', '0-FFF-00008_WFA')",0.35024956,quad_cFos
14461,14461,PE-12-7_PFC_3.7_C_3.tif,PE-12-7_PFC_3.7_C,0-FFF-00067_cFos,"('0-000-00003_PV', '0-FFF-00067_cFos', '0-FFF-00037_Npas4', '0-FFF-00007_WFA')",True,True,True,True,491.29,234.9,381.3654,396.2334,cFos,PE-12-7,FR1_KET,PE-12,1.0389862,14.868011,219.15573,"('0-000-00003_PV', '0-FFF-00067_cFos', '0-FFF-00037_Npas4', '0-FFF-00007_WFA')",True,"('0-000-00003_PV', '0-FFF-00067_cFos', '0-FFF-00037_Npas4', '0-FFF-00007_WFA')",0.8103586,quad_cFos
14564,14564,PE-13-11_PFC_3.3_C_3.tif,PE-13-11_PFC_3.3_C,0-FFF-00015_cFos,"('0-000-00003_PV', '0-FFF-00015_cFos', '0-FFF-00031_Npas4', '0-FFF-00008_WFA')",True,True,True,True,113.0,91.14,341.581,602.0775,cFos,PE-13-11,VR5_SAL,PE-13,1.7626201,260.49652,464.78424,"('0-000-00003_PV', '0-FFF-00015_cFos', '0-FFF-00031_Npas4', '0-FFF-00008_WFA')",True,"('0-000-00003_PV', '0-FFF-00015_cFos', '0-FFF-00031_Npas4', '0-FFF-00008_WFA')",1.718604,quad_cFos
14738,14738,PE-13-11_PFC_3.5_E_3.tif,PE-13-11_PFC_3.5_E,0-FFF-00005_cFos,"('0-000-00002_PV', '0-FFF-00005_cFos', '0-FFF-00029_Npas4', '0-FFF-00003_WFA')",True,True,True,True,300.53,256.62,374.8352,474.837,cFos,PE-13-11,VR5_SAL,PE-13,1.2667887,100.0018,304.28952,"('0-000-00002_PV', '0-FFF-00005_cFos', '0-FFF-00029_Npas4', '0-FFF-00003_WFA')",True,"('0-000-00002_PV', '0-FFF-00005_cFos', '0-FFF-00029_Npas4', '0-FFF-00003_WFA')",1.1251526,quad_cFos
15065,15065,PE-13-1_PFC_3.5_C_3.tif,PE-13-1_PFC_3.5_C,0-FFF-00062_cFos,"('0-000-00007_PV', '0-FFF-00062_cFos', '0-FFF-00028_Npas4', '0-FFF-00001_WFA')",True,True,True,True,264.0,287.85,392.4657,372.6895,cFos,PE-13-1,VR5_SAL,PE-13,0.9496104,-19.776184,184.51154,"('0-000-00007_PV', '0-FFF-00062_cFos', '0-FFF-00028_Npas4', '0-FFF-00001_WFA')",True,"('0-000-00007_PV', '0-FFF-00062_cFos', '0-FFF-00028_Npas4', '0-FFF-00001_WFA')",0.6822569,quad_cFos
15074,15074,PE-13-1_PFC_3.5_C_3.tif,PE-13-1_PFC_3.5_C,0-FFF-00071_cFos,"('0-000-00001_PV', '0-FFF-00071_cFos', '0-FFF-00019_Npas4', '0-FFF-00007_WFA')",True,True,True,True,89.54,175.29,392.4657,309.4153,cFos,PE-13-1,VR5_SAL,PE-13,0.7883882,-83.050385,121.237335,"('0-000-00001_PV', '0-FFF-00071_cFos', '0-FFF-00019_Npas4', '0-FFF-00007_WFA')",True,"('0-000-00001_PV', '0-FFF-00071_cFos', '0-FFF-00019_Npas4', '0-FFF-00007_WFA')",0.4482918,quad_cFos
15396,15396,PE-13-1_PFC_3.7_B_3.tif,PE-13-1_PFC_3.7_B,0-FFF-00010_cFos,"('0-000-00000_PV', '0-FFF-00010_cFos', '0-FFF-00045_Npas4', '0-FFF-00014_WFA')",True,True,True,True,347.17,370.88,475.9886,439.8034,cFos,PE-13-1,VR5_SAL,PE-13,0.92397887,-36.18518,168.10254,"('0-000-00000_PV', '0-FFF-00010_cFos', '0-FFF-00045_Npas4', '0-FFF-00014_WFA')",True,"('0-000-00000_PV', '0-FFF-00010_cFos', '0-FFF-00045_Npas4', '0-FFF-00014_WFA')",0.6215824,quad_cFos
15397,15397,PE-13-1_PFC_3.7_B_3.tif,PE-13-1_PFC_3.7_B,0-FFF-00011_cFos,"('0-000-00010_PV', '0-FFF-00011_cFos', '0-FFF-00067_Npas4', '0-FFF-00013_WFA')",True,True,True,True,241.81,464.17,475.9886,398.067,cFos,PE-13-1,VR5_SAL,PE-13,0.83629525,-77.9216,126.36612,"('0-000-00010_PV', '0-FFF-00011_cFos', '0-FFF-00067_Npas4', '0-FFF-00013_WFA')",True,"('0-000-00010_PV', '0-FFF-00011_cFos', '0-FFF-00067_Npas4', '0-FFF-00013_WFA')",0.4672562,quad_cFos
15403,15403,PE-13-1_PFC_3.7_B_3.tif,PE-13-1_PFC_3.7_B,0-FFF-00017_cFos,"('0-000-00013_PV', '0-FFF-00017_cFos', '0-200-00010_Npas4', '0-FFF-00010_WFA')",True,True,True,True,408.97,160.63,475.9886,680.9805,cFos,PE-13-1,VR5_SAL,PE-13,1.4306656,204.99194,409.27966,"('0-000-00013_PV', '0-FFF-00017_cFos', '0-200-00010_Npas4', '0-FFF-00010_WFA')",True,"('0-000-00013_PV', '0-FFF-00017_cFos', '0-200-00010_Npas4', '0-FFF-00010_WFA')",1.5133681,quad_cFos
15546,15546,PE-13-1_PFC_3.7_D_3.tif,PE-13-1_PFC_3.7_D,0-005-00014_cFos,"('0-000-00003_PV', '0-005-00014_cFos', '0-FFF-00030_Npas4', '0-001-00004_WFA')",True,True,True,True,505.75,25.06,344.8179,567.2968,cFos,PE-13-1,VR5_SAL,PE-13,1.6452069,222.47891,426.76663,"('0-000-00003_PV', '0-005-00014_cFos', '0-FFF-00030_Npas4', '0-001-00004_WFA')",True,"('0-000-00003_PV', '0-005-00014_cFos', '0-FFF-00030_Npas4', '0-001-00004_WFA')",1.5780286,quad_cFos
15573,15573,PE-13-1_PFC_3.7_D_3.tif,PE-13-1_PFC_3.7_D,0-FFF-00048_cFos,"('0-000-00001_PV', '0-FFF-00048_cFos', '0-FFF-00061_Npas4', '0-FFF-00008_WFA')",True,True,True,True,366.35,363.22,344.8179,356.6586,cFos,PE-13-1,VR5_SAL,PE-13,1.034339,11.840698,216.12842,"('0-000-00001_PV', '0-FFF-00048_cFos', '0-FFF-00061_Npas4', '0-FFF-00008_WFA')",True,"('0-000-00001_PV', '0-FFF-00048_cFos', '0-FFF-00061_Npas4', '0-FFF-00008_WFA')",0.7991647,quad_cFos
15700,15700,PE-13-1_PFC_3.9_A_3.tif,PE-13-1_PFC_3.9_A,0-FFF-00008_cFos,"('0-000-00002_PV', '0-FFF-00008_cFos', '0-FFF-00044_Npas4', '0-FFF-00006_WFA')",True,True,True,True,205.86,298.84,404.1161,309.1488,cFos,PE-13-1,VR5_SAL,PE-13,0.765,-94.967285,109.320435,"('0-000-00002_PV', '0-FFF-00008_cFos', '0-FFF-00044_Npas4', '0-FFF-00006_WFA')",True,"('0-000-00002_PV', '0-FFF-00008_cFos', '0-FFF-00044_Npas4', '0-FFF-00006_WFA')",0.4042274,quad_cFos
16291,16291,PE-13-2_PFC_3.5_E_3.tif,PE-13-2_PFC_3.5_E,0-FFF-00055_cFos,"('0-000-00000_PV', '0-FFF-00055_cFos', '0-FFF-00064_Npas4', '0-FFF-00006_WFA')",True,True,True,True,381.53,426.68,503.2802,685.1524,cFos,PE-13-2,VR5_KET,PE-13,1.3613737,181.8722,386.1599,"('0-000-00000_PV', '0-FFF-00055_cFos', '0-FFF-00064_Npas4', '0-FFF-00006_WFA')",True,"('0-000-00000_PV', '0-FFF-00055_cFos', '0-FFF-00064_Npas4', '0-FFF-00006_WFA')",1.4278797,quad_cFos
16607,16607,PE-13-3_PFC_3.3_E_3.tif,PE-13-3_PFC_3.3_E,0-FFF-00023_cFos,"('0-000-00005_PV', '0-FFF-00023_cFos', '0-FFF-00045_Npas4', '0-FFF-00002_WFA')",True,True,True,True,318.05,263.5,222.7229,274.1826,cFos,PE-13-3,VR5_KET,PE-13,1.231048,51.459686,255.7474,"('0-000-00005_PV', '0-FFF-00023_cFos', '0-FFF-00045_Npas4', '0-FFF-00002_WFA')",True,"('0-000-00005_PV', '0-FFF-00023_cFos', '0-FFF-00045_Npas4', '0-FFF-00002_WFA')",0.94566137,quad_cFos
16608,16608,PE-13-3_PFC_3.3_E_3.tif,PE-13-3_PFC_3.3_E,0-FFF-00024_cFos,"('0-000-00001_PV', '0-FFF-00024_cFos', '0-FFF-00035_Npas4', '0-FFF-00003_WFA')",True,True,True,True,100.28,364.97,222.7229,492.9096,cFos,PE-13-3,VR5_KET,PE-13,2.2131069,270.1867,474.47443,"('0-000-00001_PV', '0-FFF-00024_cFos', '0-FFF-00035_Npas4', '0-FFF-00003_WFA')",True,"('0-000-00001_PV', '0-FFF-00024_cFos', '0-FFF-00035_Npas4', '0-FFF-00003_WFA')",1.7544347,quad_cFos
16853,16853,PE-13-3_PFC_3.5_D_3.tif,PE-13-3_PFC_3.5_D,0-FFF-00031_cFos,"('0-000-00004_PV', '0-FFF-00031_cFos', '0-FFF-00081_Npas4', '0-FFF-00004_WFA')",True,True,True,True,218.93,166.44,239.023,461.4024,cFos,PE-13-3,VR5_KET,PE-13,1.9303683,222.37941,426.6671,"('0-000-00004_PV', '0-FFF-00031_cFos', '0-FFF-00081_Npas4', '0-FFF-00004_WFA')",True,"('0-000-00004_PV', '0-FFF-00031_cFos', '0-FFF-00081_Npas4', '0-FFF-00004_WFA')",1.5776606,quad_cFos
16980,16980,PE-13-3_PFC_3.7_A_3.tif,PE-13-3_PFC_3.7_A,0-FFF-00044_cFos,"('0-000-00015_PV', '0-FFF-00044_cFos', '0-FFF-00037_Npas4', '0-FFF-00003_WFA')",True,True,True,True,328.59,87.71,391.8842,310.0031,cFos,PE-13-3,VR5_KET,PE-13,0.791058,-81.88107,122.40665,"('0-000-00015_PV', '0-FFF-00044_cFos', '0-FFF-00037_Npas4', '0-FFF-00003_WFA')",True,"('0-000-00015_PV', '0-FFF-00044_cFos', '0-FFF-00037_Npas4', '0-FFF-00003_WFA')",0.4526155,quad_cFos
16984,16984,PE-13-3_PFC_3.7_A_3.tif,PE-13-3_PFC_3.7_A,0-FFF-00048_cFos,"('0-000-00001_PV', '0-FFF-00048_cFos', '0-FFF-00099_Npas4', '0-FFF-00007_WFA')",True,True,True,True,426.74,381.56,391.8842,480.4371,cFos,PE-13-3,VR5_KET,PE-13,1.225967,88.55292,292.84064,"('0-000-00001_PV', '0-FFF-00048_cFos', '0-FFF-00099_Npas4', '0-FFF-00007_WFA')",True,"('0-000-00001_PV', '0-FFF-00048_cFos', '0-FFF-00099_Npas4', '0-FFF-00007_WFA')",1.0828187,quad_cFos
17167,17167,PE-13-3_PFC_3.7_B_3.tif,PE-13-3_PFC_3.7_B,0-FFF-00037_cFos,"('0-000-00005_PV', '0-FFF-00037_cFos', '0-FFF-00066_Npas4', '0-FFF-00007_WFA')",True,True,True,True,334.5,360.68,324.3339,498.5631,cFos,PE-13-3,VR5_KET,PE-13,1.5371909,174.22922,378.51694,"('0-000-00005_PV', '0-FFF-00037_cFos', '0-FFF-00066_Npas4', '0-FFF-00007_WFA')",True,"('0-000-00005_PV', '0-FFF-00037_cFos', '0-FFF-00066_Npas4', '0-FFF-00007_WFA')",1.3996186,quad_cFos
17184,17184,PE-13-3_PFC_3.7_B_3.tif,PE-13-3_PFC_3.7_B,0-FFF-00054_cFos,"('0-000-00001_PV', '0-FFF-00054_cFos', '0-200-00006_Npas4', '0-FFF-00003_WFA')",True,True,True,True,142.08,92.67,324.3339,394.9434,cFos,PE-13-3,VR5_KET,PE-13,1.2177062,70.6095,274.89722,"('0-000-00001_PV', '0-FFF-00054_cFos', '0-200-00006_Npas4', '0-FFF-00003_WFA')",True,"('0-000-00001_PV', '0-FFF-00054_cFos', '0-200-00006_Npas4', '0-FFF-00003_WFA')",1.0164704,quad_cFos
17323,17323,PE-13-6_PFC_3.5_C_3.tif,PE-13-6_PFC_3.5_C,0-FFF-00053_cFos,"('0-000-00000_PV', '0-FFF-00053_cFos', '0-200-00001_Npas4', '0-FFF-00002_WFA')",True,True,True,True,323.89,436.89,294.5846,211.3322,cFos,PE-13-6,VR5_KET,PE-13,0.71739054,-83.252396,121.035324,"('0-000-00000_PV', '0-FFF-00053_cFos', '0-200-00001_Npas4', '0-FFF-00002_WFA')",True,"('0-000-00000_PV', '0-FFF-00053_cFos', '0-200-00001_Npas4', '0-FFF-00002_WFA')",0.44754484,quad_cFos
17565,17565,PE-13-6_PFC_3.7_A_3.tif,PE-13-6_PFC_3.7_A,0-FFF-00007_cFos,"('0-000-00007_PV', '0-FFF-00007_cFos', '0-FFF-00032_Npas4', '0-FFF-00008_WFA')",True,True,True,True,229.02,176.44,339.3491,285.7198,cFos,PE-13-6,VR5_KET,PE-13,0.8419642,-53.629303,150.65842,"('0-000-00007_PV', '0-FFF-00007_cFos', '0-FFF-00032_Npas4', '0-FFF-00008_WFA')",True,"('0-000-00007_PV', '0-FFF-00007_cFos', '0-FFF-00032_Npas4', '0-FFF-00008_WFA')",0.5570803,quad_cFos
17571,17571,PE-13-6_PFC_3.7_A_3.tif,PE-13-6_PFC_3.7_A,0-FFF-00013_cFos,"('0-000-00009_PV', '0-FFF-00013_cFos', '0-FFF-00043_Npas4', '0-FFF-00013_WFA')",True,True,True,True,76.82,298.3,339.3491,328.3462,cFos,PE-13-6,VR5_KET,PE-13,0.96757644,-11.002899,193.28482,"('0-000-00009_PV', '0-FFF-00013_cFos', '0-FFF-00043_Npas4', '0-FFF-00013_WFA')",True,"('0-000-00009_PV', '0-FFF-00013_cFos', '0-FFF-00043_Npas4', '0-FFF-00013_WFA')",0.71469736,quad_cFos
17583,17583,PE-13-6_PFC_3.7_A_3.tif,PE-13-6_PFC_3.7_A,0-FFF-00025_cFos,"('0-000-00011_PV', '0-FFF-00025_cFos', '0-FFF-00068_Npas4', '0-FFF-00006_WFA')",True,True,True,True,430.83,271.84,339.3491,286.549,cFos,PE-13-6,VR5_KET,PE-13,0.8444078,-52.80008,151.48764,"('0-000-00011_PV', '0-FFF-00025_cFos', '0-FFF-00068_Npas4', '0-FFF-00006_WFA')",True,"('0-000-00011_PV', '0-FFF-00025_cFos', '0-FFF-00068_Npas4', '0-FFF-00006_WFA')",0.5601465,quad_cFos
17584,17584,PE-13-6_PFC_3.7_A_3.tif,PE-13-6_PFC_3.7_A,0-FFF-00026_cFos,"('0-000-00002_PV', '0-FFF-00026_cFos', '0-FFF-00064_Npas4', '0-FFF-00003_WFA')",True,True,True,True,397.79,173.4,339.3491,276.7866,cFos,PE-13-6,VR5_KET,PE-13,0.8156397,-62.5625,141.72522,"('0-000-00002_PV', '0-FFF-00026_cFos', '0-FFF-00064_Npas4', '0-FFF-00003_WFA')",True,"('0-000-00002_PV', '0-FFF-00026_cFos', '0-FFF-00064_Npas4', '0-FFF-00003_WFA')",0.52404857,quad_cFos
17715,17715,PE-13-6_PFC_3.7_B_3.tif,PE-13-6_PFC_3.7_B,0-FFF-00011_cFos,"('0-000-00001_PV', '0-FFF-00011_cFos', '0-200-00001_Npas4', '0-FFF-00001_WFA')",True,True,True,True,215.28,118.01,321.2372,197.0886,cFos,PE-13-6,VR5_KET,PE-13,0.61352974,-124.14862,80.1391,"('0-000-00001_PV', '0-FFF-00011_cFos', '0-200-00001_Npas4', '0-FFF-00001_WFA')",True,"('0-000-00001_PV', '0-FFF-00011_cFos', '0-200-00001_Npas4', '0-FFF-00001_WFA')",0.2963254,quad_cFos
17831,17831,PE-13-6_PFC_3.7_E_3.tif,PE-13-6_PFC_3.7_E,0-FFF-00018_cFos,"('0-000-00000_PV', '0-FFF-00018_cFos', '0-FFF-00030_Npas4', '0-FFF-00005_WFA')",True,True,True,True,379.4,174.4,355.4599,399.7021,cFos,PE-13-6,VR5_KET,PE-13,1.1244646,44.242188,248.5299,"('0-000-00000_PV', '0-FFF-00018_cFos', '0-FFF-00030_Npas4', '0-FFF-00005_WFA')",True,"('0-000-00000_PV', '0-FFF-00018_cFos', '0-FFF-00030_Npas4', '0-FFF-00005_WFA')",0.9189737,quad_cFos
17980,17980,PE-13-9_PFC_3.3_C_3.tif,PE-13-9_PFC_3.3_C,0-FFF-00014_cFos,"('0-000-00007_PV', '0-FFF-00014_cFos', '0-FFF-00005_Npas4', '0-FFF-00012_WFA')",True,True,True,True,42.1,61.71,284.9325,282.5722,cFos,PE-13-9,VR5_SAL,PE-13,0.9917163,-2.3602905,201.92743,"('0-000-00007_PV', '0-FFF-00014_cFos', '0-FFF-00005_Npas4', '0-FFF-00012_WFA')",True,"('0-000-00007_PV', '0-FFF-00014_cFos', '0-FFF-00005_Npas4', '0-FFF-00012_WFA')",0.74665457,quad_cFos
17988,17988,PE-13-9_PFC_3.3_C_3.tif,PE-13-9_PFC_3.3_C,0-FFF-00022_cFos,"('0-000-00003_PV', '0-FFF-00022_cFos', '0-FFF-00060_Npas4', '0-FFF-00006_WFA')",True,True,True,True,190.39,346.16,284.9325,567.3015,cFos,PE-13-9,VR5_SAL,PE-13,1.9910032,282.36902,486.65674,"('0-000-00003_PV', '0-FFF-00022_cFos', '0-FFF-00060_Npas4', '0-FFF-00006_WFA')",True,"('0-000-00003_PV', '0-FFF-00022_cFos', '0-FFF-00060_Npas4', '0-FFF-00006_WFA')",1.7994806,quad_cFos
18130,18130,PE-13-9_PFC_3.4_D_3.tif,PE-13-9_PFC_3.4_D,0-FFF-00028_cFos,"('0-000-00003_PV', '0-FFF-00028_cFos', '0-FFF-00011_Npas4', '0-FFF-00008_WFA')",True,True,True,True,365.32,21.52,467.7945,795.3533,cFos,PE-13-9,VR5_SAL,PE-13,1.7002194,327.55878,531.8465,"('0-000-00003_PV', '0-FFF-00028_cFos', '0-FFF-00011_Npas4', '0-FFF-00008_WFA')",True,"('0-000-00003_PV', '0-FFF-00028_cFos', '0-FFF-00011_Npas4', '0-FFF-00008_WFA')",1.9665759,quad_cFos
18145,18145,PE-13-9_PFC_3.4_D_3.tif,PE-13-9_PFC_3.4_D,0-FFF-00043_cFos,"('0-FFF-00010_PV', '0-FFF-00043_cFos', '0-FFF-00060_Npas4', '0-FFF-00001_WFA')",True,True,True,True,212.53,310.17,467.7945,781.7025,cFos,PE-13-9,VR5_SAL,PE-13,1.6710383,313.90802,518.19574,"('0-FFF-00010_PV', '0-FFF-00043_cFos', '0-FFF-00060_Npas4', '0-FFF-00001_WFA')",True,"('0-FFF-00010_PV', '0-FFF-00043_cFos', '0-FFF-00060_Npas4', '0-FFF-00001_WFA')",1.9161004,quad_cFos
