,index,filename,image_name,roi_id,true_grouping,dummy_PV,dummy_cFos,dummy_Npas4,dummy_WFA,CoM_x,CoM_y,background,mean_intensity,stain_type,rat_n,treatment,group_name,snr,mean-background,adjusted_mean-background,true_grouping_literal,matching_len,updated_true_grouping,norm_adjusted_mean-background,coloc_stain_type
131,131,KET-10-12_PFC_3.7_A_4.tif,KET-10-12_PFC_3.7_A,0-FFF-00009_Npas4,"('0-000-00012_PV', '0-005-00036_cFos', '0-FFF-00009_Npas4', '0-FFF-00001_WFA')",True,True,True,True,227.09,161.41,573.9955,517.5275,Npas4,KET-10-12,FR1_KET,KET-10,0.901623,-56.467957,106.18439,"('0-000-00012_PV', '0-005-00036_cFos', '0-FFF-00009_Npas4', '0-FFF-00001_WFA')",True,"('0-000-00012_PV', '0-005-00036_cFos', '0-FFF-00009_Npas4', '0-FFF-00001_WFA')",0.7344218,quad_Npas4
180,180,KET-10-12_PFC_3.7_A_4.tif,KET-10-12_PFC_3.7_A,0-FFF-00062_Npas4,"('0-000-00008_PV', '0-005-00017_cFos', '0-FFF-00062_Npas4', '0-FFF-00002_WFA')",True,True,True,True,170.95,312.57,573.9955,503.089,Npas4,KET-10-12,FR1_KET,KET-10,0.87646854,-70.906494,91.74585,"('0-000-00008_PV', '0-005-00017_cFos', '0-FFF-00062_Npas4', '0-FFF-00002_WFA')",True,"('0-000-00008_PV', '0-005-00017_cFos', '0-FFF-00062_Npas4', '0-FFF-00002_WFA')",0.634558,quad_Npas4
351,351,KET-10-12_PFC_3.7_B_4.tif,KET-10-12_PFC_3.7_B,0-FFF-00006_Npas4,"('0-000-00010_PV', '0-005-00059_cFos', '0-FFF-00006_Npas4', '0-FFF-00002_WFA')",True,True,True,True,354.26,78.17,591.0376,493.504,Npas4,KET-10-12,FR1_KET,KET-10,0.834979,-97.5336,65.118744,"('0-000-00010_PV', '0-005-00059_cFos', '0-FFF-00006_Npas4', '0-FFF-00002_WFA')",True,"('0-000-00010_PV', '0-005-00059_cFos', '0-FFF-00006_Npas4', '0-FFF-00002_WFA')",0.45039225,quad_Npas4
396,396,KET-10-12_PFC_3.7_B_4.tif,KET-10-12_PFC_3.7_B,0-FFF-00056_Npas4,"('0-000-00004_PV', '0-FFF-00108_cFos', '0-FFF-00056_Npas4', '0-FFF-00005_WFA')",True,True,True,True,348.34,284.66,591.0376,509.6399,Npas4,KET-10-12,FR1_KET,KET-10,0.86228,-81.397705,81.25464,"('0-000-00004_PV', '0-FFF-00108_cFos', '0-FFF-00056_Npas4', '0-FFF-00005_WFA')",True,"('0-000-00004_PV', '0-FFF-00108_cFos', '0-FFF-00056_Npas4', '0-FFF-00005_WFA')",0.5619958,quad_Npas4
402,402,KET-10-12_PFC_3.7_B_4.tif,KET-10-12_PFC_3.7_B,0-FFF-00062_Npas4,"('0-000-00007_PV', '0-005-00089_cFos', '0-FFF-00062_Npas4', '0-FFF-00007_WFA')",True,True,True,True,429.88,365.95,591.0376,586.1046,Npas4,KET-10-12,FR1_KET,KET-10,0.9916537,-4.9329834,157.71936,"('0-000-00007_PV', '0-005-00089_cFos', '0-FFF-00062_Npas4', '0-FFF-00007_WFA')",True,"('0-000-00007_PV', '0-005-00089_cFos', '0-FFF-00062_Npas4', '0-FFF-00007_WFA')",1.0908623,quad_Npas4
432,432,KET-10-12_PFC_3.7_B_4.tif,KET-10-12_PFC_3.7_B,0-FFF-00099_Npas4,"('0-000-00000_PV', '0-FFF-00119_cFos', '0-FFF-00099_Npas4', '0-FFF-00009_WFA')",True,True,True,True,146.83,485.75,591.0376,507.1195,Npas4,KET-10-12,FR1_KET,KET-10,0.85801566,-83.91809,78.73425,"('0-000-00000_PV', '0-FFF-00119_cFos', '0-FFF-00099_Npas4', '0-FFF-00009_WFA')",True,"('0-000-00000_PV', '0-FFF-00119_cFos', '0-FFF-00099_Npas4', '0-FFF-00009_WFA')",0.5445636,quad_Npas4
596,596,KET-10-12_PFC_3.9_C_4.tif,KET-10-12_PFC_3.9_C,0-FFF-00047_Npas4,"('0-000-00005_PV', '0-005-00004_cFos', '0-FFF-00047_Npas4', '0-FFF-00003_WFA')",True,True,True,True,321.76,410.47,576.1409,526.2519,Npas4,KET-10-12,FR1_KET,KET-10,0.9134083,-49.889038,112.763306,"('0-000-00005_PV', '0-005-00004_cFos', '0-FFF-00047_Npas4', '0-FFF-00003_WFA')",True,"('0-000-00005_PV', '0-005-00004_cFos', '0-FFF-00047_Npas4', '0-FFF-00003_WFA')",0.77992475,quad_Npas4
606,606,KET-10-12_PFC_3.9_C_4.tif,KET-10-12_PFC_3.9_C,0-FFF-00058_Npas4,"('0-000-00007_PV', '0-FFF-00065_cFos', '0-FFF-00058_Npas4', '0-FFF-00004_WFA')",True,True,True,True,177.51,393.14,576.1409,478.043,Npas4,KET-10-12,FR1_KET,KET-10,0.8297328,-98.09793,64.55441,"('0-000-00007_PV', '0-FFF-00065_cFos', '0-FFF-00058_Npas4', '0-FFF-00004_WFA')",True,"('0-000-00007_PV', '0-FFF-00065_cFos', '0-FFF-00058_Npas4', '0-FFF-00004_WFA')",0.44648907,quad_Npas4
793,793,KET-10-12_PFC_3.9_D_4.tif,KET-10-12_PFC_3.9_D,0-FFF-00032_Npas4,"('0-000-00007_PV', '0-005-00001_cFos', '0-FFF-00032_Npas4', '0-FFF-00004_WFA')",True,True,True,True,385.91,101.81,589.3517,549.0688,Npas4,KET-10-12,FR1_KET,KET-10,0.9316488,-40.282898,122.369446,"('0-000-00007_PV', '0-005-00001_cFos', '0-FFF-00032_Npas4', '0-FFF-00004_WFA')",True,"('0-000-00007_PV', '0-005-00001_cFos', '0-FFF-00032_Npas4', '0-FFF-00004_WFA')",0.8463654,quad_Npas4
983,983,KET-10-12_PFC_4.0_E_4.tif,KET-10-12_PFC_4.0_E,0-200-00010_Npas4,"('0-000-00010_PV', '0-005-00023_cFos', '0-200-00010_Npas4', '0-FFF-00004_WFA')",True,True,True,True,325.12,198.07,668.8222,594.3338,Npas4,KET-10-12,FR1_KET,KET-10,0.88862747,-74.4884,88.16394,"('0-000-00010_PV', '0-005-00023_cFos', '0-200-00010_Npas4', '0-FFF-00004_WFA')",True,"('0-000-00010_PV', '0-005-00023_cFos', '0-200-00010_Npas4', '0-FFF-00004_WFA')",0.6097838,quad_Npas4
1001,1001,KET-10-12_PFC_4.0_E_4.tif,KET-10-12_PFC_4.0_E,0-FFF-00033_Npas4,"('0-000-00005_PV', '0-FFF-00081_cFos', '0-FFF-00033_Npas4', '0-FFF-00002_WFA')",True,True,True,True,298.59,65.19,668.8222,567.6166,Npas4,KET-10-12,FR1_KET,KET-10,0.8486808,-101.20563,61.446716,"('0-000-00005_PV', '0-FFF-00081_cFos', '0-FFF-00033_Npas4', '0-FFF-00002_WFA')",True,"('0-000-00005_PV', '0-FFF-00081_cFos', '0-FFF-00033_Npas4', '0-FFF-00002_WFA')",0.42499477,quad_Npas4
1003,1003,KET-10-12_PFC_4.0_E_4.tif,KET-10-12_PFC_4.0_E,0-FFF-00035_Npas4,"('0-000-00008_PV', '0-005-00017_cFos', '0-FFF-00035_Npas4', '0-FFF-00003_WFA')",True,True,True,True,328.18,87.77,668.8222,537.2282,Npas4,KET-10-12,FR1_KET,KET-10,0.8032452,-131.594,31.05835,"('0-000-00008_PV', '0-005-00017_cFos', '0-FFF-00035_Npas4', '0-FFF-00003_WFA')",True,"('0-000-00008_PV', '0-005-00017_cFos', '0-FFF-00035_Npas4', '0-FFF-00003_WFA')",0.21481434,quad_Npas4
1549,1549,KET-10-14_PFC_3.4_E_4.tif,KET-10-14_PFC_3.4_E,0-FFF-00103_Npas4,"('0-000-00014_PV', '0-005-00027_cFos', '0-FFF-00103_Npas4', '0-FFF-00007_WFA')",True,True,True,True,318.72,425.34,437.6261,420.2748,Npas4,KET-10-14,VR5_KET,KET-10,0.96035135,-17.351288,145.30106,"('0-000-00014_PV', '0-005-00027_cFos', '0-FFF-00103_Npas4', '0-FFF-00007_WFA')",True,"('0-000-00014_PV', '0-005-00027_cFos', '0-FFF-00103_Npas4', '0-FFF-00007_WFA')",1.0049713,quad_Npas4
1785,1785,KET-10-14_PFC_3.6_C_4.tif,KET-10-14_PFC_3.6_C,0-FFF-00108_Npas4,"('0-000-00000_PV', '0-FFF-00079_cFos', '0-FFF-00108_Npas4', '0-FFF-00002_WFA')",True,True,True,True,202.69,381.67,433.5348,366.3081,Npas4,KET-10-14,VR5_KET,KET-10,0.84493357,-67.226685,95.42566,"('0-000-00000_PV', '0-FFF-00079_cFos', '0-FFF-00108_Npas4', '0-FFF-00002_WFA')",True,"('0-000-00000_PV', '0-FFF-00079_cFos', '0-FFF-00108_Npas4', '0-FFF-00002_WFA')",0.6600093,quad_Npas4
1788,1788,KET-10-14_PFC_3.6_C_4.tif,KET-10-14_PFC_3.6_C,0-FFF-00112_Npas4,"('0-000-00002_PV', '0-FFF-00069_cFos', '0-FFF-00112_Npas4', '0-FFF-00003_WFA')",True,True,True,True,53.06,442.91,433.5348,426.2647,Npas4,KET-10-14,VR5_KET,KET-10,0.9832307,-7.2700806,155.38226,"('0-000-00002_PV', '0-FFF-00069_cFos', '0-FFF-00112_Npas4', '0-FFF-00003_WFA')",True,"('0-000-00002_PV', '0-FFF-00069_cFos', '0-FFF-00112_Npas4', '0-FFF-00003_WFA')",1.0746977,quad_Npas4
1894,1894,KET-10-14_PFC_3.7_A_4.tif,KET-10-14_PFC_3.7_A,0-FFF-00014_Npas4,"('0-000-00011_PV', '0-FFF-00064_cFos', '0-FFF-00014_Npas4', '0-FFF-00001_WFA')",True,True,True,True,136.08,91.44,535.6554,523.9281,Npas4,KET-10-14,VR5_KET,KET-10,0.9781066,-11.727295,150.92505,"('0-000-00011_PV', '0-FFF-00064_cFos', '0-FFF-00014_Npas4', '0-FFF-00001_WFA')",True,"('0-000-00011_PV', '0-FFF-00064_cFos', '0-FFF-00014_Npas4', '0-FFF-00001_WFA')",1.0438695,quad_Npas4
1903,1903,KET-10-14_PFC_3.7_A_4.tif,KET-10-14_PFC_3.7_A,0-FFF-00023_Npas4,"('0-000-00007_PV', '0-005-00021_cFos', '0-FFF-00023_Npas4', '0-FFF-00002_WFA')",True,True,True,True,317.45,96.96,535.6554,510.0743,Npas4,KET-10-14,VR5_KET,KET-10,0.9522434,-25.581085,137.07126,"('0-000-00007_PV', '0-005-00021_cFos', '0-FFF-00023_Npas4', '0-FFF-00002_WFA')",True,"('0-000-00007_PV', '0-005-00021_cFos', '0-FFF-00023_Npas4', '0-FFF-00002_WFA')",0.94805014,quad_Npas4
1910,1910,KET-10-14_PFC_3.7_A_4.tif,KET-10-14_PFC_3.7_A,0-FFF-00030_Npas4,"('0-000-00014_PV', '0-005-00019_cFos', '0-FFF-00030_Npas4', '0-FFF-00005_WFA')",True,True,True,True,368.37,198.3,535.6554,499.6446,Npas4,KET-10-14,VR5_KET,KET-10,0.93277246,-36.010803,126.64154,"('0-000-00014_PV', '0-005-00019_cFos', '0-FFF-00030_Npas4', '0-FFF-00005_WFA')",True,"('0-000-00014_PV', '0-005-00019_cFos', '0-FFF-00030_Npas4', '0-FFF-00005_WFA')",0.8759132,quad_Npas4
1949,1949,KET-10-14_PFC_3.7_A_4.tif,KET-10-14_PFC_3.7_A,0-FFF-00069_Npas4,"('0-000-00003_PV', '0-005-00012_cFos', '0-FFF-00069_Npas4', '0-FFF-00009_WFA')",True,True,True,True,162.69,291.59,535.6554,454.6848,Npas4,KET-10-14,VR5_KET,KET-10,0.84883827,-80.97058,81.68176,"('0-000-00003_PV', '0-005-00012_cFos', '0-FFF-00069_Npas4', '0-FFF-00009_WFA')",True,"('0-000-00003_PV', '0-005-00012_cFos', '0-FFF-00069_Npas4', '0-FFF-00009_WFA')",0.56495,quad_Npas4
2171,2171,KET-10-14_PFC_3.7_B_4.tif,KET-10-14_PFC_3.7_B,0-FFF-00043_Npas4,"('0-000-00000_PV', '0-FFF-00096_cFos', '0-FFF-00043_Npas4', '0-FFF-00002_WFA')",True,True,True,True,357.77,180.99,402.3281,365.0469,Npas4,KET-10-14,VR5_KET,KET-10,0.90733635,-37.28119,125.371155,"('0-000-00000_PV', '0-FFF-00096_cFos', '0-FFF-00043_Npas4', '0-FFF-00002_WFA')",True,"('0-000-00000_PV', '0-FFF-00096_cFos', '0-FFF-00043_Npas4', '0-FFF-00002_WFA')",0.86712664,quad_Npas4
2521,2521,KET-10-1_PFC_3.7_B_4.tif,KET-10-1_PFC_3.7_B,0-FFF-00029_Npas4,"('0-000-00002_PV', '0-FFF-00053_cFos', '0-FFF-00029_Npas4', '0-FFF-00004_WFA')",True,True,True,True,387.43,205.1,282.1105,276.7939,Npas4,KET-10-1,FR1_SAL,KET-10,0.9811542,-5.3165894,157.33575,"('0-000-00002_PV', '0-FFF-00053_cFos', '0-FFF-00029_Npas4', '0-FFF-00004_WFA')",True,"('0-000-00002_PV', '0-FFF-00053_cFos', '0-FFF-00029_Npas4', '0-FFF-00004_WFA')",1.088209,quad_Npas4
2537,2537,KET-10-1_PFC_3.7_B_4.tif,KET-10-1_PFC_3.7_B,0-FFF-00045_Npas4,"('0-FFF-00005_PV', '0-005-00019_cFos', '0-FFF-00045_Npas4', '0-FFF-00005_WFA')",True,True,True,True,149.31,341.5,282.1105,267.954,Npas4,KET-10-1,FR1_SAL,KET-10,0.9498193,-14.156494,148.49585,"('0-FFF-00005_PV', '0-005-00019_cFos', '0-FFF-00045_Npas4', '0-FFF-00005_WFA')",True,"('0-FFF-00005_PV', '0-005-00019_cFos', '0-FFF-00045_Npas4', '0-FFF-00005_WFA')",1.027068,quad_Npas4
2687,2687,KET-10-1_PFC_3.7_C_4.tif,KET-10-1_PFC_3.7_C,0-FFF-00045_Npas4,"('0-000-00000_PV', '0-005-00014_cFos', '0-FFF-00045_Npas4', '0-FFF-00004_WFA')",True,True,True,True,270.21,416.8,307.1851,262.3282,Npas4,KET-10-1,FR1_SAL,KET-10,0.85397434,-44.856903,117.79544,"('0-000-00000_PV', '0-005-00014_cFos', '0-FFF-00045_Npas4', '0-FFF-00004_WFA')",True,"('0-000-00000_PV', '0-005-00014_cFos', '0-FFF-00045_Npas4', '0-FFF-00004_WFA')",0.8147294,quad_Npas4
2688,2688,KET-10-1_PFC_3.7_C_4.tif,KET-10-1_PFC_3.7_C,0-FFF-00046_Npas4,"('0-000-00001_PV', '0-005-00025_cFos', '0-FFF-00046_Npas4', '0-FFF-00003_WFA')",True,True,True,True,244.5,372.53,307.1851,259.1946,Npas4,KET-10-1,FR1_SAL,KET-10,0.8437734,-47.99048,114.661865,"('0-000-00001_PV', '0-005-00025_cFos', '0-FFF-00046_Npas4', '0-FFF-00003_WFA')",True,"('0-000-00001_PV', '0-005-00025_cFos', '0-FFF-00046_Npas4', '0-FFF-00003_WFA')",0.7930561,quad_Npas4
2813,2813,KET-10-1_PFC_3.8_E_4.tif,KET-10-1_PFC_3.8_E,0-FFF-00031_Npas4,"('0-000-00001_PV', '0-005-00002_cFos', '0-FFF-00031_Npas4', '0-FFF-00002_WFA')",True,True,True,True,150.21,152.0,395.8352,402.1886,Npas4,KET-10-1,FR1_SAL,KET-10,1.0160506,6.3533936,169.00574,"('0-000-00001_PV', '0-005-00002_cFos', '0-FFF-00031_Npas4', '0-FFF-00002_WFA')",True,"('0-000-00001_PV', '0-005-00002_cFos', '0-FFF-00031_Npas4', '0-FFF-00002_WFA')",1.1689242,quad_Npas4
2825,2825,KET-10-1_PFC_3.8_E_4.tif,KET-10-1_PFC_3.8_E,0-FFF-00043_Npas4,"('0-000-00002_PV', '0-005-00024_cFos', '0-FFF-00043_Npas4', '0-FFF-00001_WFA')",True,True,True,True,9.84,347.09,395.8352,411.168,Npas4,KET-10-1,FR1_SAL,KET-10,1.0387353,15.332794,177.98514,"('0-000-00002_PV', '0-005-00024_cFos', '0-FFF-00043_Npas4', '0-FFF-00001_WFA')",True,"('0-000-00002_PV', '0-005-00024_cFos', '0-FFF-00043_Npas4', '0-FFF-00001_WFA')",1.23103,quad_Npas4
2827,2827,KET-10-1_PFC_3.8_E_4.tif,KET-10-1_PFC_3.8_E,0-FFF-00045_Npas4,"('0-000-00003_PV', '0-FFF-00047_cFos', '0-FFF-00045_Npas4', '0-FFF-00003_WFA')",True,True,True,True,175.03,339.42,395.8352,522.2216,Npas4,KET-10-1,FR1_SAL,KET-10,1.3192905,126.38641,289.03876,"('0-000-00003_PV', '0-FFF-00047_cFos', '0-FFF-00045_Npas4', '0-FFF-00003_WFA')",True,"('0-000-00003_PV', '0-FFF-00047_cFos', '0-FFF-00045_Npas4', '0-FFF-00003_WFA')",1.9991298,quad_Npas4
2965,2965,KET-10-1_PFC_4.0_A_4.tif,KET-10-1_PFC_4.0_A,0-FFF-00046_Npas4,"('0-000-00001_PV', '0-FFF-00058_cFos', '0-FFF-00046_Npas4', '0-FFF-00002_WFA')",True,True,True,True,435.35,266.54,716.027,587.358,Npas4,KET-10-1,FR1_SAL,KET-10,0.8203015,-128.669,33.983337,"('0-000-00001_PV', '0-FFF-00058_cFos', '0-FFF-00046_Npas4', '0-FFF-00002_WFA')",True,"('0-000-00001_PV', '0-FFF-00058_cFos', '0-FFF-00046_Npas4', '0-FFF-00002_WFA')",0.23504496,quad_Npas4
3403,3403,KET-10-2_PFC_3.5_B_4.tif,KET-10-2_PFC_3.5_B,0-FFF-00047_Npas4,"('0-000-00009_PV', '0-005-00020_cFos', '0-FFF-00047_Npas4', '0-FFF-00003_WFA')",True,True,True,True,340.23,194.06,473.4068,466.4731,Npas4,KET-10-2,VR5_SAL,KET-10,0.98535365,-6.9336853,155.71866,"('0-000-00009_PV', '0-005-00020_cFos', '0-FFF-00047_Npas4', '0-FFF-00003_WFA')",True,"('0-000-00009_PV', '0-005-00020_cFos', '0-FFF-00047_Npas4', '0-FFF-00003_WFA')",1.0770245,quad_Npas4
3823,3823,KET-10-2_PFC_3.9_C_4.tif,KET-10-2_PFC_3.9_C,0-FFF-00035_Npas4,"('0-000-00000_PV', '0-005-00034_cFos', '0-FFF-00035_Npas4', '0-FFF-00001_WFA')",True,True,True,True,178.71,145.31,516.835,432.8782,Npas4,KET-10-2,VR5_SAL,KET-10,0.8375559,-83.95682,78.695526,"('0-000-00000_PV', '0-005-00034_cFos', '0-FFF-00035_Npas4', '0-FFF-00001_WFA')",True,"('0-000-00000_PV', '0-005-00034_cFos', '0-FFF-00035_Npas4', '0-FFF-00001_WFA')",0.5442957,quad_Npas4
3826,3826,KET-10-2_PFC_3.9_C_4.tif,KET-10-2_PFC_3.9_C,0-FFF-00038_Npas4,"('0-000-00008_PV', '0-FFF-00069_cFos', '0-FFF-00038_Npas4', '0-FFF-00005_WFA')",True,True,True,True,184.12,57.02,516.835,430.574,Npas4,KET-10-2,VR5_SAL,KET-10,0.8330976,-86.26102,76.39133,"('0-000-00008_PV', '0-FFF-00069_cFos', '0-FFF-00038_Npas4', '0-FFF-00005_WFA')",True,"('0-000-00008_PV', '0-FFF-00069_cFos', '0-FFF-00038_Npas4', '0-FFF-00005_WFA')",0.5283588,quad_Npas4
3828,3828,KET-10-2_PFC_3.9_C_4.tif,KET-10-2_PFC_3.9_C,0-FFF-00040_Npas4,"('0-000-00003_PV', '0-FFF-00068_cFos', '0-FFF-00040_Npas4', '0-FFF-00006_WFA')",True,True,True,True,210.42,19.16,516.835,456.6785,Npas4,KET-10-2,VR5_SAL,KET-10,0.88360596,-60.156525,102.49582,"('0-000-00003_PV', '0-FFF-00068_cFos', '0-FFF-00040_Npas4', '0-FFF-00006_WFA')",True,"('0-000-00003_PV', '0-FFF-00068_cFos', '0-FFF-00040_Npas4', '0-FFF-00006_WFA')",0.7089099,quad_Npas4
3881,3881,KET-10-2_PFC_3.9_C_4.tif,KET-10-2_PFC_3.9_C,0-FFF-00095_Npas4,"('0-000-00004_PV', '0-FFF-00086_cFos', '0-FFF-00095_Npas4', '0-FFF-00007_WFA')",True,True,True,True,203.0,304.85,516.835,485.8389,Npas4,KET-10-2,VR5_SAL,KET-10,0.94002706,-30.996124,131.65622,"('0-000-00004_PV', '0-FFF-00086_cFos', '0-FFF-00095_Npas4', '0-FFF-00007_WFA')",True,"('0-000-00004_PV', '0-FFF-00086_cFos', '0-FFF-00095_Npas4', '0-FFF-00007_WFA')",0.91059715,quad_Npas4
4013,4013,KET-10-2_PFC_4.0_E_4.tif,KET-10-2_PFC_4.0_E,0-FFF-00087_Npas4,"('0-000-00002_PV', '0-005-00019_cFos', '0-FFF-00087_Npas4', '0-FFF-00005_WFA')",True,True,True,True,305.86,497.54,832.4937,820.8231,Npas4,KET-10-2,VR5_SAL,KET-10,0.98598117,-11.670593,150.98175,"('0-000-00002_PV', '0-005-00019_cFos', '0-FFF-00087_Npas4', '0-FFF-00005_WFA')",True,"('0-000-00002_PV', '0-005-00019_cFos', '0-FFF-00087_Npas4', '0-FFF-00005_WFA')",1.0442617,quad_Npas4
4143,4143,KET-10-3_PFC_3.5_C_4.tif,KET-10-3_PFC_3.5_C,0-200-00013_Npas4,"('0-000-00010_PV', '0-005-00052_cFos', '0-200-00013_Npas4', '0-FFF-00005_WFA')",True,True,True,True,27.64,92.02,527.366,491.5609,Npas4,KET-10-3,VR5_SAL,KET-10,0.9321058,-35.805115,126.84723,"('0-000-00010_PV', '0-005-00052_cFos', '0-200-00013_Npas4', '0-FFF-00005_WFA')",True,"('0-000-00010_PV', '0-005-00052_cFos', '0-200-00013_Npas4', '0-FFF-00005_WFA')",0.87733585,quad_Npas4
4795,4795,KET-10-3_PFC_3.8_B_4.tif,KET-10-3_PFC_3.8_B,0-FFF-00018_Npas4,"('0-000-00000_PV', '0-005-00017_cFos', '0-FFF-00018_Npas4', '0-FFF-00009_WFA')",True,True,True,True,153.47,30.95,555.7579,455.751,Npas4,KET-10-3,VR5_SAL,KET-10,0.82005316,-100.00687,62.645477,"('0-000-00000_PV', '0-005-00017_cFos', '0-FFF-00018_Npas4', '0-FFF-00009_WFA')",True,"('0-000-00000_PV', '0-005-00017_cFos', '0-FFF-00018_Npas4', '0-FFF-00009_WFA')",0.43328595,quad_Npas4
4817,4817,KET-10-3_PFC_3.8_B_4.tif,KET-10-3_PFC_3.8_B,0-FFF-00051_Npas4,"('0-000-00006_PV', '0-005-00057_cFos', '0-005-00069_cFos', '0-FFF-00051_Npas4', '0-FFF-00003_WFA')",True,True,True,True,324.83,400.6,555.7579,468.3653,Npas4,KET-10-3,VR5_SAL,KET-10,0.8427506,-87.39258,75.259766,"('0-000-00006_PV', '0-005-00057_cFos', '0-005-00069_cFos', '0-FFF-00051_Npas4', '0-FFF-00003_WFA')",True,"('0-000-00006_PV', '0-005-00057_cFos', '0-005-00069_cFos', '0-FFF-00051_Npas4', '0-FFF-00003_WFA')",0.52053237,quad_Npas4
4956,4956,KET-10-3_PFC_4.0_A_4.tif,KET-10-3_PFC_4.0_A,0-FFF-00029_Npas4,"('0-000-00005_PV', '0-005-00042_cFos', '0-FFF-00029_Npas4', '0-FFF-00009_WFA')",True,True,True,True,114.95,261.46,549.5933,530.8798,Npas4,KET-10-3,VR5_SAL,KET-10,0.96595025,-18.713501,143.93884,"('0-000-00005_PV', '0-005-00042_cFos', '0-FFF-00029_Npas4', '0-FFF-00009_WFA')",True,"('0-000-00005_PV', '0-005-00042_cFos', '0-FFF-00029_Npas4', '0-FFF-00009_WFA')",0.9955496,quad_Npas4
5113,5113,KET-10-4_PFC_3.5_C_4.tif,KET-10-4_PFC_3.5_C,0-FFF-00033_Npas4,"('0-000-00011_PV', '0-005-00002_cFos', '0-FFF-00033_Npas4', '0-FFF-00004_WFA')",True,True,True,True,52.7,243.39,541.3023,529.5105,Npas4,KET-10-4,VR5_SAL,KET-10,0.9782159,-11.791809,150.86053,"('0-000-00011_PV', '0-005-00002_cFos', '0-FFF-00033_Npas4', '0-FFF-00004_WFA')",True,"('0-000-00011_PV', '0-005-00002_cFos', '0-FFF-00033_Npas4', '0-FFF-00004_WFA')",1.0434233,quad_Npas4
5132,5132,KET-10-4_PFC_3.5_C_4.tif,KET-10-4_PFC_3.5_C,0-FFF-00053_Npas4,"('0-000-00004_PV', '0-005-00028_cFos', '0-FFF-00053_Npas4', '0-FFF-00003_WFA')",True,True,True,True,215.97,411.28,541.3023,499.9813,Npas4,KET-10-4,VR5_SAL,KET-10,0.9236637,-41.321014,121.33133,"('0-000-00004_PV', '0-005-00028_cFos', '0-FFF-00053_Npas4', '0-FFF-00003_WFA')",True,"('0-000-00004_PV', '0-005-00028_cFos', '0-FFF-00053_Npas4', '0-FFF-00003_WFA')",0.8391853,quad_Npas4
5275,5275,KET-10-4_PFC_3.7_D_4.tif,KET-10-4_PFC_3.7_D,0-FFF-00060_Npas4,"('0-000-00001_PV', '0-005-00030_cFos', '0-FFF-00060_Npas4', '0-FFF-00003_WFA')",True,True,True,True,30.25,353.47,459.8068,447.4961,Npas4,KET-10-4,VR5_SAL,KET-10,0.97322637,-12.310699,150.34164,"('0-000-00001_PV', '0-005-00030_cFos', '0-FFF-00060_Npas4', '0-FFF-00003_WFA')",True,"('0-000-00001_PV', '0-005-00030_cFos', '0-FFF-00060_Npas4', '0-FFF-00003_WFA')",1.0398344,quad_Npas4
5446,5446,KET-10-4_PFC_3.8_B_4.tif,KET-10-4_PFC_3.8_B,0-FFF-00053_Npas4,"('0-000-00006_PV', '0-005-00008_cFos', '0-FFF-00053_Npas4', '0-FFF-00002_WFA')",True,True,True,True,78.32,159.35,590.1365,505.2477,Npas4,KET-10-4,VR5_SAL,KET-10,0.856154,-84.88876,77.76358,"('0-000-00006_PV', '0-005-00008_cFos', '0-FFF-00053_Npas4', '0-FFF-00002_WFA')",True,"('0-000-00006_PV', '0-005-00008_cFos', '0-FFF-00053_Npas4', '0-FFF-00002_WFA')",0.53784996,quad_Npas4
5447,5447,KET-10-4_PFC_3.8_B_4.tif,KET-10-4_PFC_3.8_B,0-FFF-00055_Npas4,"('0-000-00015_PV', '0-005-00051_cFos', '0-FFF-00055_Npas4', '0-FFF-00003_WFA')",True,True,True,True,15.65,124.44,590.1365,533.3876,Npas4,KET-10-4,VR5_SAL,KET-10,0.9038377,-56.7489,105.90344,"('0-000-00015_PV', '0-005-00051_cFos', '0-FFF-00055_Npas4', '0-FFF-00003_WFA')",True,"('0-000-00015_PV', '0-005-00051_cFos', '0-FFF-00055_Npas4', '0-FFF-00003_WFA')",0.7324787,quad_Npas4
5582,5582,KET-10-4_PFC_3.8_E_4.tif,KET-10-4_PFC_3.8_E,0-200-00021_Npas4,"('0-000-00000_PV', '0-005-00003_cFos', '0-200-00021_Npas4', '0-001-00004_WFA')",True,True,True,True,68.73,81.85,545.811,479.9944,Npas4,KET-10-4,VR5_SAL,KET-10,0.87941504,-65.81659,96.835754,"('0-000-00000_PV', '0-005-00003_cFos', '0-200-00021_Npas4', '0-001-00004_WFA')",True,"('0-000-00000_PV', '0-005-00003_cFos', '0-200-00021_Npas4', '0-001-00004_WFA')",0.6697622,quad_Npas4
5630,5630,KET-10-4_PFC_3.8_E_4.tif,KET-10-4_PFC_3.8_E,0-FFF-00070_Npas4,"('0-000-00004_PV', '0-FFF-00058_cFos', '0-FFF-00070_Npas4', '0-FFF-00005_WFA')",True,True,True,True,37.45,344.73,545.811,622.8218,Npas4,KET-10-4,VR5_SAL,KET-10,1.1410943,77.0108,239.66315,"('0-000-00004_PV', '0-FFF-00058_cFos', '0-FFF-00070_Npas4', '0-FFF-00005_WFA')",True,"('0-000-00004_PV', '0-FFF-00058_cFos', '0-FFF-00070_Npas4', '0-FFF-00005_WFA')",1.6576245,quad_Npas4
5674,5674,KET-10-4_PFC_3.8_E_4.tif,KET-10-4_PFC_3.8_E,0-FFF-00119_Npas4,"('0-000-00007_PV', '0-005-00005_cFos', '0-FFF-00119_Npas4', '0-001-00002_WFA')",True,True,True,True,160.99,313.69,545.811,536.3811,Npas4,KET-10-4,VR5_SAL,KET-10,0.9827232,-9.429871,153.22247,"('0-000-00007_PV', '0-005-00005_cFos', '0-FFF-00119_Npas4', '0-001-00002_WFA')",True,"('0-000-00007_PV', '0-005-00005_cFos', '0-FFF-00119_Npas4', '0-001-00002_WFA')",1.0597596,quad_Npas4
5778,5778,KET-10-4_PFC_4.1_A_4.tif,KET-10-4_PFC_4.1_A,0-200-00013_Npas4,"('0-000-00008_PV', '0-005-00001_cFos', '0-200-00013_Npas4', '0-001-00003_WFA')",True,True,True,True,342.16,305.23,678.2619,726.6835,Npas4,KET-10-4,VR5_SAL,KET-10,1.0713906,48.42157,211.07391,"('0-000-00008_PV', '0-005-00001_cFos', '0-200-00013_Npas4', '0-001-00003_WFA')",True,"('0-000-00008_PV', '0-005-00001_cFos', '0-200-00013_Npas4', '0-001-00003_WFA')",1.4598877,quad_Npas4
5789,5789,KET-10-4_PFC_4.1_A_4.tif,KET-10-4_PFC_4.1_A,0-FFF-00029_Npas4,"('0-FFF-00016_PV', '0-005-00011_cFos', '0-FFF-00029_Npas4', '0-FFF-00007_WFA')",True,True,True,True,22.66,50.24,678.2619,558.9349,Npas4,KET-10-4,VR5_SAL,KET-10,0.8240694,-119.32703,43.325317,"('0-FFF-00016_PV', '0-005-00011_cFos', '0-FFF-00029_Npas4', '0-FFF-00007_WFA')",True,"('0-FFF-00016_PV', '0-005-00011_cFos', '0-FFF-00029_Npas4', '0-FFF-00007_WFA')",0.29965854,quad_Npas4
5829,5829,KET-10-4_PFC_4.1_A_4.tif,KET-10-4_PFC_4.1_A,0-FFF-00072_Npas4,"('0-000-00002_PV', '0-005-00028_cFos', '0-FFF-00072_Npas4', '0-FFF-00005_WFA')",True,True,True,True,296.7,230.32,678.2619,594.3656,Npas4,KET-10-4,VR5_SAL,KET-10,0.87630695,-83.8963,78.75604,"('0-000-00002_PV', '0-005-00028_cFos', '0-FFF-00072_Npas4', '0-FFF-00005_WFA')",True,"('0-000-00002_PV', '0-005-00028_cFos', '0-FFF-00072_Npas4', '0-FFF-00005_WFA')",0.54471433,quad_Npas4
6023,6023,KET-10-5_PFC_3.3_C_4.tif,KET-10-5_PFC_3.3_C,0-FFF-00027_Npas4,"('0-000-00002_PV', '0-005-00025_cFos', '0-FFF-00027_Npas4', '0-FFF-00008_WFA')",True,True,True,True,277.89,67.9,468.8535,411.9502,Npas4,KET-10-5,FR1_SAL,KET-10,0.8786331,-56.90329,105.749054,"('0-000-00002_PV', '0-005-00025_cFos', '0-FFF-00027_Npas4', '0-FFF-00008_WFA')",True,"('0-000-00002_PV', '0-005-00025_cFos', '0-FFF-00027_Npas4', '0-FFF-00008_WFA')",0.73141086,quad_Npas4
6245,6245,KET-10-5_PFC_3.5_D_4.tif,KET-10-5_PFC_3.5_D,0-FFF-00010_Npas4,"('0-000-00014_PV', '0-005-00045_cFos', '0-FFF-00010_Npas4', '0-FFF-00002_WFA')",True,True,True,True,124.53,40.12,501.8894,463.3719,Npas4,KET-10-5,FR1_SAL,KET-10,0.92325497,-38.517517,124.13483,"('0-000-00014_PV', '0-005-00045_cFos', '0-FFF-00010_Npas4', '0-FFF-00002_WFA')",True,"('0-000-00014_PV', '0-005-00045_cFos', '0-FFF-00010_Npas4', '0-FFF-00002_WFA')",0.8585756,quad_Npas4
6325,6325,KET-10-5_PFC_3.5_D_4.tif,KET-10-5_PFC_3.5_D,0-FFF-00121_Npas4,"('0-000-00015_PV', '0-FFF-00074_cFos', '0-FFF-00121_Npas4', '0-FFF-00005_WFA')",True,True,True,True,310.94,435.9,501.8894,427.5447,Npas4,KET-10-5,FR1_SAL,KET-10,0.85187036,-74.344696,88.30765,"('0-000-00015_PV', '0-FFF-00074_cFos', '0-FFF-00121_Npas4', '0-FFF-00005_WFA')",True,"('0-000-00015_PV', '0-FFF-00074_cFos', '0-FFF-00121_Npas4', '0-FFF-00005_WFA')",0.61077774,quad_Npas4
6524,6524,KET-10-5_PFC_3.5_E_4.tif,KET-10-5_PFC_3.5_E,0-FFF-00089_Npas4,"('0-000-00008_PV', '0-005-00038_cFos', '0-FFF-00089_Npas4', '0-FFF-00005_WFA')",True,True,True,True,484.68,356.2,436.2149,383.6384,Npas4,KET-10-5,FR1_SAL,KET-10,0.87947106,-52.576508,110.075836,"('0-000-00008_PV', '0-005-00038_cFos', '0-FFF-00089_Npas4', '0-FFF-00005_WFA')",True,"('0-000-00008_PV', '0-005-00038_cFos', '0-FFF-00089_Npas4', '0-FFF-00005_WFA')",0.7613369,quad_Npas4
6646,6646,KET-10-5_PFC_3.9_A_4.tif,KET-10-5_PFC_3.9_A,0-200-00000_Npas4,"('0-000-00003_PV', '0-005-00045_cFos', '0-200-00000_Npas4', '0-FFF-00004_WFA')",True,True,True,True,262.86,503.17,462.8602,506.8259,Npas4,KET-10-5,FR1_SAL,KET-10,1.094987,43.9657,206.61804,"('0-000-00003_PV', '0-005-00045_cFos', '0-200-00000_Npas4', '0-FFF-00004_WFA')",True,"('0-000-00003_PV', '0-005-00045_cFos', '0-200-00000_Npas4', '0-FFF-00004_WFA')",1.4290688,quad_Npas4
6654,6654,KET-10-5_PFC_3.9_A_4.tif,KET-10-5_PFC_3.9_A,0-200-00011_Npas4,"('0-000-00011_PV', '0-FFF-00080_cFos', '0-200-00011_Npas4', '0-FFF-00001_WFA')",True,True,True,True,53.58,176.91,462.8602,472.3052,Npas4,KET-10-5,FR1_SAL,KET-10,1.0204058,9.445007,172.09735,"('0-000-00011_PV', '0-FFF-00080_cFos', '0-200-00011_Npas4', '0-FFF-00001_WFA')",True,"('0-000-00011_PV', '0-FFF-00080_cFos', '0-200-00011_Npas4', '0-FFF-00001_WFA')",1.1903073,quad_Npas4
6687,6687,KET-10-5_PFC_3.9_A_4.tif,KET-10-5_PFC_3.9_A,0-FFF-00047_Npas4,"('0-000-00002_PV', '0-FFF-00065_cFos', '0-FFF-00047_Npas4', '0-FFF-00002_WFA')",True,True,True,True,107.55,166.3,462.8602,413.0434,Npas4,KET-10-5,FR1_SAL,KET-10,0.89237183,-49.816803,112.83554,"('0-000-00002_PV', '0-FFF-00065_cFos', '0-FFF-00047_Npas4', '0-FFF-00002_WFA')",True,"('0-000-00002_PV', '0-FFF-00065_cFos', '0-FFF-00047_Npas4', '0-FFF-00002_WFA')",0.78042436,quad_Npas4
6827,6827,KET-10-5_PFC_3.9_B_4.tif,KET-10-5_PFC_3.9_B,0-FFF-00019_Npas4,"('0-000-00001_PV', '0-005-00022_cFos', '0-FFF-00019_Npas4', '0-FFF-00005_WFA')",True,True,True,True,462.07,76.0,485.796,447.3251,Npas4,KET-10-5,FR1_SAL,KET-10,0.92080855,-38.470886,124.18146,"('0-000-00001_PV', '0-005-00022_cFos', '0-FFF-00019_Npas4', '0-FFF-00005_WFA')",True,"('0-000-00001_PV', '0-005-00022_cFos', '0-FFF-00019_Npas4', '0-FFF-00005_WFA')",0.8588981,quad_Npas4
7017,7017,KET-8-2_PFC_3.5_E_4.tif,KET-8-2_PFC_3.5_E,0-FFF-00026_Npas4,"('0-000-00006_PV', '0-005-00001_cFos', '0-FFF-00026_Npas4', '0-FFF-00006_WFA')",True,True,True,True,452.85,42.03,428.3388,359.8202,Npas4,KET-8-2,FR1_SAL,KET-8,0.8400364,-68.518616,94.13373,"('0-000-00006_PV', '0-005-00001_cFos', '0-FFF-00026_Npas4', '0-FFF-00006_WFA')",True,"('0-000-00006_PV', '0-005-00001_cFos', '0-FFF-00026_Npas4', '0-FFF-00006_WFA')",0.6510737,quad_Npas4
7069,7069,KET-8-2_PFC_3.5_E_4.tif,KET-8-2_PFC_3.5_E,0-FFF-00081_Npas4,"('0-000-00009_PV', '0-005-00022_cFos', '0-FFF-00081_Npas4', '0-FFF-00002_WFA')",True,True,True,True,217.69,287.3,428.3388,401.8898,Npas4,KET-8-2,FR1_SAL,KET-8,0.93825215,-26.449005,136.20334,"('0-000-00009_PV', '0-005-00022_cFos', '0-FFF-00081_Npas4', '0-FFF-00002_WFA')",True,"('0-000-00009_PV', '0-005-00022_cFos', '0-FFF-00081_Npas4', '0-FFF-00002_WFA')",0.9420472,quad_Npas4
7182,7182,KET-8-2_PFC_3.6_D_4.tif,KET-8-2_PFC_3.6_D,0-FFF-00027_Npas4,"('0-000-00001_PV', '0-FFF-00038_cFos', '0-FFF-00027_Npas4', '0-FFF-00001_WFA')",True,True,True,True,306.75,258.1,422.7593,466.3866,Npas4,KET-8-2,FR1_SAL,KET-8,1.1031965,43.62729,206.27963,"('0-000-00001_PV', '0-FFF-00038_cFos', '0-FFF-00027_Npas4', '0-FFF-00001_WFA')",True,"('0-000-00001_PV', '0-FFF-00038_cFos', '0-FFF-00027_Npas4', '0-FFF-00001_WFA')",1.4267282,quad_Npas4
7615,7615,KET-8-2_PFC_3.7_C_4.tif,KET-8-2_PFC_3.7_C,0-FFF-00048_Npas4,"('0-000-00009_PV', '0-0-00023_cFos', '0-FFF-00048_Npas4', '0-FFF-00001_WFA')",True,True,True,True,178.42,320.4,497.3106,441.013,Npas4,KET-8-2,FR1_SAL,KET-8,0.8867959,-56.297607,106.35474,"('0-000-00009_PV', '0-0-00023_cFos', '0-FFF-00048_Npas4', '0-FFF-00001_WFA')",True,"('0-000-00009_PV', '0-0-00023_cFos', '0-FFF-00048_Npas4', '0-FFF-00001_WFA')",0.7356,quad_Npas4
7634,7634,KET-8-2_PFC_3.7_C_4.tif,KET-8-2_PFC_3.7_C,0-FFF-00067_Npas4,"('0-000-00013_PV', '0-0-00037_cFos', '0-FFF-00067_Npas4', '0-FFF-00005_WFA')",True,True,True,True,372.42,38.87,497.3106,457.0345,Npas4,KET-8-2,FR1_SAL,KET-8,0.9190121,-40.276123,122.37622,"('0-000-00013_PV', '0-0-00037_cFos', '0-FFF-00067_Npas4', '0-FFF-00005_WFA')",True,"('0-000-00013_PV', '0-0-00037_cFos', '0-FFF-00067_Npas4', '0-FFF-00005_WFA')",0.84641224,quad_Npas4
7836,7836,KET-8-2_PFC_4.0_A_4.tif,KET-8-2_PFC_4.0_A,0-FFF-00052_Npas4,"('0-000-00001_PV', '0-005-00024_cFos', '0-FFF-00052_Npas4', '0-FFF-00004_WFA')",True,True,True,True,262.25,242.14,606.2476,612.6639,Npas4,KET-8-2,FR1_SAL,KET-8,1.0105835,6.41626,169.0686,"('0-000-00001_PV', '0-005-00024_cFos', '0-FFF-00052_Npas4', '0-FFF-00004_WFA')",True,"('0-000-00001_PV', '0-005-00024_cFos', '0-FFF-00052_Npas4', '0-FFF-00004_WFA')",1.169359,quad_Npas4
7855,7855,KET-8-2_PFC_4.0_A_4.tif,KET-8-2_PFC_4.0_A,0-FFF-00076_Npas4,"('0-FFF-00014_PV', '0-005-00027_cFos', '0-FFF-00076_Npas4', '0-FFF-00003_WFA')",True,True,True,True,331.3,217.5,606.2476,566.0762,Npas4,KET-8-2,FR1_SAL,KET-8,0.9337376,-40.171448,122.480896,"('0-FFF-00014_PV', '0-005-00027_cFos', '0-FFF-00076_Npas4', '0-FFF-00003_WFA')",True,"('0-FFF-00014_PV', '0-005-00027_cFos', '0-FFF-00076_Npas4', '0-FFF-00003_WFA')",0.8471362,quad_Npas4
8070,8070,KET-8-7_PFC_3.5_D_4.tif,KET-8-7_PFC_3.5_D,0-FFF-00071_Npas4,"('0-000-00008_PV', '0-005-00028_cFos', '0-FFF-00071_Npas4', '0-FFF-00005_WFA')",True,True,True,True,357.74,394.87,470.8577,430.0328,Npas4,KET-8-7,VR5_KET,KET-8,0.91329676,-40.82489,121.82745,"('0-000-00008_PV', '0-005-00028_cFos', '0-FFF-00071_Npas4', '0-FFF-00005_WFA')",True,"('0-000-00008_PV', '0-005-00028_cFos', '0-FFF-00071_Npas4', '0-FFF-00005_WFA')",0.8426167,quad_Npas4
8195,8195,KET-8-7_PFC_3.7_C_4.tif,KET-8-7_PFC_3.7_C,0-200-00002_Npas4,"('0-000-00014_PV', '0-005-00035_cFos', '0-200-00002_Npas4', '0-FFF-00005_WFA')",True,True,True,True,411.73,160.91,450.8419,551.2455,Npas4,KET-8-7,VR5_KET,KET-8,1.2227025,100.403595,263.05594,"('0-000-00014_PV', '0-005-00035_cFos', '0-200-00002_Npas4', '0-FFF-00005_WFA')",True,"('0-000-00014_PV', '0-005-00035_cFos', '0-200-00002_Npas4', '0-FFF-00005_WFA')",1.8194202,quad_Npas4
8216,8216,KET-8-7_PFC_3.7_C_4.tif,KET-8-7_PFC_3.7_C,0-FFF-00028_Npas4,"('0-000-00003_PV', '0-FFF-00088_cFos', '0-FFF-00028_Npas4', '0-FFF-00004_WFA')",True,True,True,True,363.87,76.93,450.8419,384.6259,Npas4,KET-8-7,VR5_KET,KET-8,0.8531281,-66.216,96.43634,"('0-000-00003_PV', '0-FFF-00088_cFos', '0-FFF-00028_Npas4', '0-FFF-00004_WFA')",True,"('0-000-00003_PV', '0-FFF-00088_cFos', '0-FFF-00028_Npas4', '0-FFF-00004_WFA')",0.6669997,quad_Npas4
8257,8257,KET-8-7_PFC_3.7_C_4.tif,KET-8-7_PFC_3.7_C,0-FFF-00069_Npas4,"('0-000-00004_PV', '0-005-00012_cFos', '0-FFF-00069_Npas4', '0-FFF-00008_WFA')",True,True,True,True,322.69,321.45,450.8419,399.4174,Npas4,KET-8-7,VR5_KET,KET-8,0.88593674,-51.4245,111.227844,"('0-000-00004_PV', '0-005-00012_cFos', '0-FFF-00069_Npas4', '0-FFF-00008_WFA')",True,"('0-000-00004_PV', '0-005-00012_cFos', '0-FFF-00069_Npas4', '0-FFF-00008_WFA')",0.76930475,quad_Npas4
8276,8276,KET-8-7_PFC_3.7_C_4.tif,KET-8-7_PFC_3.7_C,0-FFF-00088_Npas4,"('0-000-00008_PV', '0-005-00026_cFos', '0-005-00024_cFos', '0-FFF-00088_Npas4', '0-FFF-00010_WFA')",True,True,True,True,429.76,440.65,450.8419,388.3855,Npas4,KET-8-7,VR5_KET,KET-8,0.8614672,-62.45639,100.19595,"('0-000-00008_PV', '0-005-00026_cFos', '0-005-00024_cFos', '0-FFF-00088_Npas4', '0-FFF-00010_WFA')",True,"('0-000-00008_PV', '0-005-00026_cFos', '0-FFF-00088_Npas4', '0-FFF-00010_WFA')",0.69300294,quad_Npas4
8384,8384,KET-8-7_PFC_4.0_A_4.tif,KET-8-7_PFC_4.0_A,0-FFF-00010_Npas4,"('0-000-00013_PV', '0-FFF-00041_cFos', '0-FFF-00010_Npas4', '0-FFF-00002_WFA')",True,True,True,True,9.68,113.14,549.4353,453.5806,Npas4,KET-8-7,VR5_KET,KET-8,0.8255396,-95.854706,66.79764,"('0-000-00013_PV', '0-FFF-00041_cFos', '0-FFF-00010_Npas4', '0-FFF-00002_WFA')",True,"('0-000-00013_PV', '0-FFF-00041_cFos', '0-FFF-00010_Npas4', '0-FFF-00002_WFA')",0.46200427,quad_Npas4
8487,8487,KET-8-7_PFC_4.0_A_4.tif,KET-8-7_PFC_4.0_A,0-FFF-00120_Npas4,"('0-000-00006_PV', '0-005-00005_cFos', '0-FFF-00120_Npas4', '0-FFF-00006_WFA')",True,True,True,True,250.84,396.86,549.4353,486.7762,Npas4,KET-8-7,VR5_KET,KET-8,0.8859573,-62.65909,99.993256,"('0-000-00006_PV', '0-005-00005_cFos', '0-FFF-00120_Npas4', '0-FFF-00006_WFA')",True,"('0-000-00006_PV', '0-005-00005_cFos', '0-FFF-00120_Npas4', '0-FFF-00006_WFA')",0.691601,quad_Npas4
8493,8493,KET-8-7_PFC_4.0_A_4.tif,KET-8-7_PFC_4.0_A,0-FFF-00126_Npas4,"('0-000-00003_PV', '0-FFF-00049_cFos', '0-FFF-00126_Npas4', '0-FFF-00009_WFA')",True,True,True,True,457.06,250.58,549.4353,459.7584,Npas4,KET-8-7,VR5_KET,KET-8,0.83678347,-89.67691,72.97543,"('0-000-00003_PV', '0-FFF-00049_cFos', '0-FFF-00126_Npas4', '0-FFF-00009_WFA')",True,"('0-000-00003_PV', '0-FFF-00049_cFos', '0-FFF-00126_Npas4', '0-FFF-00009_WFA')",0.50473285,quad_Npas4
8629,8629,KET-8-7_PFC_4.0_B_4.tif,KET-8-7_PFC_4.0_B,0-FFF-00054_Npas4,"('0-000-00001_PV', '0-FFF-00035_cFos', '0-FFF-00054_Npas4', '0-FFF-00004_WFA')",True,True,True,True,230.4,322.18,514.8323,555.3401,Npas4,KET-8-7,VR5_KET,KET-8,1.0786816,40.507812,203.16016,"('0-000-00001_PV', '0-FFF-00035_cFos', '0-FFF-00054_Npas4', '0-FFF-00004_WFA')",True,"('0-000-00001_PV', '0-FFF-00035_cFos', '0-FFF-00054_Npas4', '0-FFF-00004_WFA')",1.4051524,quad_Npas4
8754,8754,KET-9-1_PFC_3.6_A_4.tif,KET-9-1_PFC_3.6_A,0-200-00002_Npas4,"('0-000-00006_PV', '0-FFF-00030_cFos', '0-200-00002_Npas4', '0-FFF-00004_WFA')",True,True,True,True,379.18,459.5,356.2833,354.481,Npas4,KET-9-1,FR1_KET,KET-9,0.99494135,-1.8023071,160.85004,"('0-000-00006_PV', '0-FFF-00030_cFos', '0-200-00002_Npas4', '0-FFF-00004_WFA')",True,"('0-000-00006_PV', '0-FFF-00030_cFos', '0-200-00002_Npas4', '0-FFF-00004_WFA')",1.1125154,quad_Npas4
8774,8774,KET-9-1_PFC_3.6_A_4.tif,KET-9-1_PFC_3.6_A,0-FFF-00022_Npas4,"('0-000-00003_PV', '0-FFF-00037_cFos', '0-FFF-00022_Npas4', '0-FFF-00001_WFA')",True,True,True,True,30.24,161.12,356.2833,354.0017,Npas4,KET-9-1,FR1_KET,KET-9,0.99359614,-2.2815857,160.37076,"('0-000-00003_PV', '0-FFF-00037_cFos', '0-FFF-00022_Npas4', '0-FFF-00001_WFA')",True,"('0-000-00003_PV', '0-FFF-00037_cFos', '0-FFF-00022_Npas4', '0-FFF-00001_WFA')",1.1092006,quad_Npas4
8816,8816,KET-9-1_PFC_3.6_A_4.tif,KET-9-1_PFC_3.6_A,0-FFF-00069_Npas4,"('0-000-00010_PV', '0-FFF-00015_cFos', '0-FFF-00069_Npas4', '0-FFF-00006_WFA')",True,True,True,True,157.9,3.36,356.2833,396.1317,Npas4,KET-9-1,FR1_KET,KET-9,1.1118448,39.84842,202.50076,"('0-000-00010_PV', '0-FFF-00015_cFos', '0-FFF-00069_Npas4', '0-FFF-00006_WFA')",True,"('0-000-00010_PV', '0-FFF-00015_cFos', '0-FFF-00069_Npas4', '0-FFF-00006_WFA')",1.4005917,quad_Npas4
8885,8885,KET-9-1_PFC_3.6_D_4.tif,KET-9-1_PFC_3.6_D,0-200-00006_Npas4,"('0-000-00003_PV', '0-FFF-00001_cFos', '0-200-00006_Npas4', '0-FFF-00007_WFA')",True,True,True,True,205.34,109.39,431.2289,422.9399,Npas4,KET-9-1,FR1_KET,KET-9,0.98077816,-8.289001,154.36334,"('0-000-00003_PV', '0-FFF-00001_cFos', '0-200-00006_Npas4', '0-FFF-00007_WFA')",True,"('0-000-00003_PV', '0-FFF-00001_cFos', '0-200-00006_Npas4', '0-FFF-00007_WFA')",1.0676504,quad_Npas4
8891,8891,KET-9-1_PFC_3.6_D_4.tif,KET-9-1_PFC_3.6_D,0-FFF-00012_Npas4,"('0-000-00000_PV', '0-FFF-00038_cFos', '0-FFF-00012_Npas4', '0-FFF-00006_WFA')",True,True,True,True,132.38,27.43,431.2289,396.8223,Npas4,KET-9-1,FR1_KET,KET-9,0.9202126,-34.406616,128.24573,"('0-000-00000_PV', '0-FFF-00038_cFos', '0-FFF-00012_Npas4', '0-FFF-00006_WFA')",True,"('0-000-00000_PV', '0-FFF-00038_cFos', '0-FFF-00012_Npas4', '0-FFF-00006_WFA')",0.88700855,quad_Npas4
9052,9052,KET-9-1_PFC_3.7_C_4.tif,KET-9-1_PFC_3.7_C,0-FFF-00001_Npas4,"('0-000-00003_PV', '0-FFF-00001_cFos', '0-FFF-00001_Npas4', '0-FFF-00001_WFA')",True,True,True,True,48.11,73.22,383.9264,358.2901,Npas4,KET-9-1,FR1_KET,KET-9,0.93322605,-25.636292,137.01605,"('0-000-00003_PV', '0-FFF-00001_cFos', '0-FFF-00001_Npas4', '0-FFF-00001_WFA')",True,"('0-000-00003_PV', '0-FFF-00001_cFos', '0-FFF-00001_Npas4', '0-FFF-00001_WFA')",0.9476683,quad_Npas4
9067,9067,KET-9-1_PFC_3.7_C_4.tif,KET-9-1_PFC_3.7_C,0-FFF-00020_Npas4,"('0-000-00001_PV', '0-FFF-00010_cFos', '0-FFF-00020_Npas4', '0-FFF-00002_WFA')",True,True,True,True,209.08,266.29,383.9264,311.3083,Npas4,KET-9-1,FR1_KET,KET-9,0.8108541,-72.6181,90.03424,"('0-000-00001_PV', '0-FFF-00010_cFos', '0-FFF-00020_Npas4', '0-FFF-00002_WFA')",True,"('0-000-00001_PV', '0-FFF-00010_cFos', '0-FFF-00020_Npas4', '0-FFF-00002_WFA')",0.6227197,quad_Npas4
9164,9164,KET-9-2_PFC_3.5_E_4.tif,KET-9-2_PFC_3.5_E,0-FFF-00005_Npas4,"('0-FFF-00011_PV', '0-005-00006_cFos', '0-FFF-00005_Npas4', '0-FFF-00002_WFA')",True,True,True,True,48.04,11.08,347.8994,411.2361,Npas4,KET-9-2,FR1_SAL,KET-9,1.1820546,63.3367,225.98904,"('0-FFF-00011_PV', '0-005-00006_cFos', '0-FFF-00005_Npas4', '0-FFF-00002_WFA')",True,"('0-FFF-00011_PV', '0-005-00006_cFos', '0-FFF-00005_Npas4', '0-FFF-00002_WFA')",1.5630479,quad_Npas4
9173,9173,KET-9-2_PFC_3.5_E_4.tif,KET-9-2_PFC_3.5_E,0-FFF-00014_Npas4,"('0-000-00004_PV', '0-FFF-00035_cFos', '0-FFF-00014_Npas4', '0-FFF-00009_WFA')",True,True,True,True,477.58,151.24,347.8994,350.723,Npas4,KET-9-2,FR1_SAL,KET-9,1.0081161,2.823578,165.47592,"('0-000-00004_PV', '0-FFF-00035_cFos', '0-FFF-00014_Npas4', '0-FFF-00009_WFA')",True,"('0-000-00004_PV', '0-FFF-00035_cFos', '0-FFF-00014_Npas4', '0-FFF-00009_WFA')",1.1445103,quad_Npas4
9199,9199,KET-9-2_PFC_3.5_E_4.tif,KET-9-2_PFC_3.5_E,0-FFF-00040_Npas4,"('0-000-00000_PV', '0-005-00008_cFos', '0-FFF-00040_Npas4', '0-FFF-00012_WFA')",True,True,True,True,72.03,316.08,347.8994,350.7147,Npas4,KET-9-2,FR1_SAL,KET-9,1.0080922,2.815277,165.46762,"('0-000-00000_PV', '0-005-00008_cFos', '0-FFF-00040_Npas4', '0-FFF-00012_WFA')",True,"('0-000-00000_PV', '0-005-00008_cFos', '0-FFF-00040_Npas4', '0-FFF-00012_WFA')",1.1444529,quad_Npas4
9206,9206,KET-9-2_PFC_3.5_E_4.tif,KET-9-2_PFC_3.5_E,0-FFF-00047_Npas4,"('0-000-00001_PV', '0-005-00012_cFos', '0-FFF-00047_Npas4', '0-FFF-00014_WFA')",True,True,True,True,434.36,384.78,347.8994,324.1618,Npas4,KET-9-2,FR1_SAL,KET-9,0.9317688,-23.73761,138.91473,"('0-000-00001_PV', '0-005-00012_cFos', '0-FFF-00047_Npas4', '0-FFF-00014_WFA')",True,"('0-000-00001_PV', '0-005-00012_cFos', '0-FFF-00047_Npas4', '0-FFF-00014_WFA')",0.96080047,quad_Npas4
9287,9287,KET-9-2_PFC_3.7_A_4.tif,KET-9-2_PFC_3.7_A,0-200-00014_Npas4,"('0-000-00010_PV', '0-FFF-00005_cFos', '0-200-00014_Npas4', '0-FFF-00008_WFA')",True,True,True,True,499.04,157.94,428.5094,451.0258,Npas4,KET-9-2,FR1_SAL,KET-9,1.0525458,22.516388,185.16873,"('0-000-00010_PV', '0-FFF-00005_cFos', '0-200-00014_Npas4', '0-FFF-00008_WFA')",True,"('0-000-00010_PV', '0-FFF-00005_cFos', '0-200-00014_Npas4', '0-FFF-00008_WFA')",1.2807151,quad_Npas4
9300,9300,KET-9-2_PFC_3.7_A_4.tif,KET-9-2_PFC_3.7_A,0-FFF-00035_Npas4,"('0-000-00007_PV', '0-FFF-00001_cFos', '0-FFF-00035_Npas4', '0-FFF-00002_WFA')",True,True,True,True,340.46,228.82,428.5094,529.6178,Npas4,KET-9-2,FR1_SAL,KET-9,1.2359537,101.1084,263.76074,"('0-000-00007_PV', '0-FFF-00001_cFos', '0-FFF-00035_Npas4', '0-FFF-00002_WFA')",True,"('0-000-00007_PV', '0-FFF-00001_cFos', '0-FFF-00035_Npas4', '0-FFF-00002_WFA')",1.8242949,quad_Npas4
9315,9315,KET-9-2_PFC_3.7_A_4.tif,KET-9-2_PFC_3.7_A,0-FFF-00051_Npas4,"('0-000-00003_PV', '0-FFF-00006_cFos', '0-FFF-00051_Npas4', '0-FFF-00004_WFA')",True,True,True,True,277.27,396.04,428.5094,422.2483,Npas4,KET-9-2,FR1_SAL,KET-9,0.98538864,-6.2611084,156.39124,"('0-000-00003_PV', '0-FFF-00006_cFos', '0-FFF-00051_Npas4', '0-FFF-00004_WFA')",True,"('0-000-00003_PV', '0-FFF-00006_cFos', '0-FFF-00051_Npas4', '0-FFF-00004_WFA')",1.0816762,quad_Npas4
9396,9396,KET-9-2_PFC_3.7_C_4.tif,KET-9-2_PFC_3.7_C,0-FFF-00040_Npas4,"('0-000-00006_PV', '0-005-00001_cFos', '0-FFF-00040_Npas4', '0-FFF-00002_WFA')",True,True,True,True,163.57,346.28,364.9688,342.7628,Npas4,KET-9-2,FR1_SAL,KET-9,0.93915635,-22.206024,140.44632,"('0-000-00006_PV', '0-005-00001_cFos', '0-FFF-00040_Npas4', '0-FFF-00002_WFA')",True,"('0-000-00006_PV', '0-005-00001_cFos', '0-FFF-00040_Npas4', '0-FFF-00002_WFA')",0.97139364,quad_Npas4
9409,9409,KET-9-2_PFC_3.7_C_4.tif,KET-9-2_PFC_3.7_C,0-FFF-00054_Npas4,"('0-000-00001_PV', '0-005-00003_cFos', '0-FFF-00054_Npas4', '0-FFF-00004_WFA')",True,True,True,True,367.36,501.03,364.9688,294.071,Npas4,KET-9-2,FR1_SAL,KET-9,0.80574286,-70.8978,91.75455,"('0-000-00001_PV', '0-005-00003_cFos', '0-FFF-00054_Npas4', '0-FFF-00004_WFA')",True,"('0-000-00001_PV', '0-005-00003_cFos', '0-FFF-00054_Npas4', '0-FFF-00004_WFA')",0.63461816,quad_Npas4
9472,9472,KET-9-2_PFC_3.7_D_4.tif,KET-9-2_PFC_3.7_D,0-200-00003_Npas4,"('0-000-00000_PV', '0-005-00004_cFos', '0-200-00003_Npas4', '0-FFF-00006_WFA')",True,True,True,True,333.86,168.22,468.6418,499.1798,Npas4,KET-9-2,FR1_SAL,KET-9,1.0651628,30.537994,193.19034,"('0-000-00000_PV', '0-005-00004_cFos', '0-200-00003_Npas4', '0-FFF-00006_WFA')",True,"('0-000-00000_PV', '0-005-00004_cFos', '0-200-00003_Npas4', '0-FFF-00006_WFA')",1.3361964,quad_Npas4
9475,9475,KET-9-2_PFC_3.7_D_4.tif,KET-9-2_PFC_3.7_D,0-FFF-00006_Npas4,"('0-000-00009_PV', '0-005-00010_cFos', '0-FFF-00006_Npas4', '0-FFF-00005_WFA')",True,True,True,True,259.66,33.12,468.6418,399.2438,Npas4,KET-9-2,FR1_SAL,KET-9,0.85191673,-69.39801,93.25433,"('0-000-00009_PV', '0-005-00010_cFos', '0-FFF-00006_Npas4', '0-FFF-00005_WFA')",True,"('0-000-00009_PV', '0-005-00010_cFos', '0-FFF-00006_Npas4', '0-FFF-00005_WFA')",0.6449914,quad_Npas4
9554,9554,KET-9-2_PFC_3.9_B_4.tif,KET-9-2_PFC_3.9_B,0-FFF-00021_Npas4,"('0-000-00001_PV', '0-005-00010_cFos', '0-FFF-00021_Npas4', '0-FFF-00001_WFA')",True,True,True,True,166.48,165.52,423.8559,386.2069,Npas4,KET-9-2,FR1_SAL,KET-9,0.911175,-37.648987,125.00336,"('0-000-00001_PV', '0-005-00010_cFos', '0-FFF-00021_Npas4', '0-FFF-00001_WFA')",True,"('0-000-00001_PV', '0-005-00010_cFos', '0-FFF-00021_Npas4', '0-FFF-00001_WFA')",0.8645828,quad_Npas4
9561,9561,KET-9-2_PFC_3.9_B_4.tif,KET-9-2_PFC_3.9_B,0-FFF-00042_Npas4,"('0-000-00000_PV', '0-005-00007_cFos', '0-FFF-00042_Npas4', '0-FFF-00007_WFA')",True,True,True,True,180.1,367.69,423.8559,382.8882,Npas4,KET-9-2,FR1_SAL,KET-9,0.9033453,-40.96768,121.68466,"('0-000-00000_PV', '0-005-00007_cFos', '0-FFF-00042_Npas4', '0-FFF-00007_WFA')",True,"('0-000-00000_PV', '0-005-00007_cFos', '0-FFF-00042_Npas4', '0-FFF-00007_WFA')",0.8416291,quad_Npas4
9568,9568,KET-9-2_PFC_3.9_B_4.tif,KET-9-2_PFC_3.9_B,0-FFF-00050_Npas4,"('0-000-00003_PV', '0-005-00008_cFos', '0-FFF-00050_Npas4', '0-FFF-00002_WFA')",True,True,True,True,335.36,343.93,423.8559,433.8123,Npas4,KET-9-2,FR1_SAL,KET-9,1.0234901,9.95639,172.60873,"('0-000-00003_PV', '0-005-00008_cFos', '0-FFF-00050_Npas4', '0-FFF-00002_WFA')",True,"('0-000-00003_PV', '0-005-00008_cFos', '0-FFF-00050_Npas4', '0-FFF-00002_WFA')",1.1938442,quad_Npas4
9665,9665,KET-9-4_PFC_3.5_E_4.tif,KET-9-4_PFC_3.5_E,0-200-00002_Npas4,"('0-000-00001_PV', '0-005-00024_cFos', '0-200-00002_Npas4', '0-FFF-00001_WFA')",True,True,True,True,35.25,103.48,296.3395,311.7306,Npas4,KET-9-4,FR1_SAL,KET-9,1.0519373,15.391083,178.04343,"('0-000-00001_PV', '0-005-00024_cFos', '0-200-00002_Npas4', '0-FFF-00001_WFA')",True,"('0-000-00001_PV', '0-005-00024_cFos', '0-200-00002_Npas4', '0-FFF-00001_WFA')",1.2314332,quad_Npas4
9814,9814,KET-9-4_PFC_3.7_C_4.tif,KET-9-4_PFC_3.7_C,0-FFF-00010_Npas4,"('0-000-00002_PV', '0-FFF-00050_cFos', '0-FFF-00010_Npas4', '0-FFF-00001_WFA')",True,True,True,True,201.15,116.74,299.2843,269.3328,Npas4,KET-9-4,FR1_SAL,KET-9,0.8999229,-29.951508,132.70084,"('0-000-00002_PV', '0-FFF-00050_cFos', '0-FFF-00010_Npas4', '0-FFF-00001_WFA')",True,"('0-000-00002_PV', '0-FFF-00050_cFos', '0-FFF-00010_Npas4', '0-FFF-00001_WFA')",0.9178222,quad_Npas4
9829,9829,KET-9-4_PFC_3.7_C_4.tif,KET-9-4_PFC_3.7_C,0-FFF-00025_Npas4,"('0-000-00001_PV', '0-FFF-00036_cFos', '0-FFF-00025_Npas4', '0-FFF-00003_WFA')",True,True,True,True,376.22,131.07,299.2843,278.2172,Npas4,KET-9-4,FR1_SAL,KET-9,0.9296084,-21.067108,141.58524,"('0-000-00001_PV', '0-FFF-00036_cFos', '0-FFF-00025_Npas4', '0-FFF-00003_WFA')",True,"('0-000-00001_PV', '0-FFF-00036_cFos', '0-FFF-00025_Npas4', '0-FFF-00003_WFA')",0.97927094,quad_Npas4
9945,9945,KET-9-4_PFC_3.7_D_4.tif,KET-9-4_PFC_3.7_D,0-200-00000_Npas4,"('0-000-00004_PV', '0-005-00002_cFos', '0-200-00000_Npas4', '0-FFF-00005_WFA')",True,True,True,True,389.03,343.51,267.7741,249.4941,Npas4,KET-9-4,FR1_SAL,KET-9,0.9317334,-18.280014,144.37233,"('0-000-00004_PV', '0-005-00002_cFos', '0-200-00000_Npas4', '0-FFF-00005_WFA')",True,"('0-000-00004_PV', '0-005-00002_cFos', '0-200-00000_Npas4', '0-FFF-00005_WFA')",0.9985478,quad_Npas4
10077,10077,KET-9-4_PFC_4.0_A_4.tif,KET-9-4_PFC_4.0_A,0-FFF-00016_Npas4,"('0-000-00005_PV', '0-005-00004_cFos', '0-FFF-00016_Npas4', '0-FFF-00001_WFA')",True,True,True,True,244.93,159.77,272.2215,254.8195,Npas4,KET-9-4,FR1_SAL,KET-9,0.93607414,-17.401993,145.25035,"('0-000-00005_PV', '0-005-00004_cFos', '0-FFF-00016_Npas4', '0-FFF-00001_WFA')",True,"('0-000-00005_PV', '0-005-00004_cFos', '0-FFF-00016_Npas4', '0-FFF-00001_WFA')",1.0046207,quad_Npas4
10227,10227,KET-9-4_PFC_4.0_B_4.tif,KET-9-4_PFC_4.0_B,0-FFF-00008_Npas4,"('0-000-00000_PV', '0-005-00010_cFos', '0-FFF-00008_Npas4', '0-FFF-00002_WFA')",True,True,True,True,140.74,48.77,284.6088,241.3222,Npas4,KET-9-4,FR1_SAL,KET-9,0.84790844,-43.28659,119.36575,"('0-000-00000_PV', '0-005-00010_cFos', '0-FFF-00008_Npas4', '0-FFF-00002_WFA')",True,"('0-000-00000_PV', '0-005-00010_cFos', '0-FFF-00008_Npas4', '0-FFF-00002_WFA')",0.82559043,quad_Npas4
10236,10236,KET-9-4_PFC_4.0_B_4.tif,KET-9-4_PFC_4.0_B,0-FFF-00017_Npas4,"('0-000-00004_PV', '0-FFF-00043_cFos', '0-FFF-00017_Npas4', '0-FFF-00004_WFA')",True,True,True,True,474.39,53.22,284.6088,256.1501,Npas4,KET-9-4,FR1_SAL,KET-9,0.9000076,-28.45871,134.19363,"('0-000-00004_PV', '0-FFF-00043_cFos', '0-FFF-00017_Npas4', '0-FFF-00004_WFA')",True,"('0-000-00004_PV', '0-FFF-00043_cFos', '0-FFF-00017_Npas4', '0-FFF-00004_WFA')",0.9281471,quad_Npas4
10364,10364,KET-9-5_PFC_3.5_B_4.tif,KET-9-5_PFC_3.5_B,0-FFF-00018_Npas4,"('0-000-00002_PV', '0-FFF-00038_cFos', '0-FFF-00018_Npas4', '0-FFF-00002_WFA')",True,True,True,True,257.35,497.21,242.5507,206.7493,Npas4,KET-9-5,FR1_SAL,KET-9,0.8523962,-35.801407,126.85094,"('0-000-00002_PV', '0-FFF-00038_cFos', '0-FFF-00018_Npas4', '0-FFF-00002_WFA')",True,"('0-000-00002_PV', '0-FFF-00038_cFos', '0-FFF-00018_Npas4', '0-FFF-00002_WFA')",0.87736154,quad_Npas4
10474,10474,KET-9-5_PFC_3.5_C_4.tif,KET-9-5_PFC_3.5_C,0-FFF-00047_Npas4,"('0-000-00006_PV', '0-FFF-00043_cFos', '0-FFF-00047_Npas4', '0-FFF-00005_WFA')",True,True,True,True,205.79,363.91,316.7702,255.5396,Npas4,KET-9-5,FR1_SAL,KET-9,0.8067034,-61.230606,101.42174,"('0-000-00006_PV', '0-FFF-00043_cFos', '0-FFF-00047_Npas4', '0-FFF-00005_WFA')",True,"('0-000-00006_PV', '0-FFF-00043_cFos', '0-FFF-00047_Npas4', '0-FFF-00005_WFA')",0.70148104,quad_Npas4
10599,10599,KET-9-5_PFC_3.5_D_4.tif,KET-9-5_PFC_3.5_D,0-200-00006_Npas4,"('0-000-00004_PV', '0-005-00016_cFos', '0-200-00006_Npas4', '0-FFF-00008_WFA')",True,True,True,True,23.95,119.23,292.6581,287.1518,Npas4,KET-9-5,FR1_SAL,KET-9,0.98118514,-5.506317,157.14603,"('0-000-00004_PV', '0-005-00016_cFos', '0-200-00006_Npas4', '0-FFF-00008_WFA')",True,"('0-000-00004_PV', '0-005-00016_cFos', '0-200-00006_Npas4', '0-FFF-00008_WFA')",1.0868968,quad_Npas4
10609,10609,KET-9-5_PFC_3.5_D_4.tif,KET-9-5_PFC_3.5_D,0-FFF-00017_Npas4,"('0-000-00000_PV', '0-FFF-00071_cFos', '0-FFF-00017_Npas4', '0-FFF-00007_WFA')",True,True,True,True,495.14,113.12,292.6581,267.9923,Npas4,KET-9-5,FR1_SAL,KET-9,0.915718,-24.665802,137.98654,"('0-000-00000_PV', '0-FFF-00071_cFos', '0-FFF-00017_Npas4', '0-FFF-00007_WFA')",True,"('0-000-00000_PV', '0-FFF-00071_cFos', '0-FFF-00017_Npas4', '0-FFF-00007_WFA')",0.95438063,quad_Npas4
10634,10634,KET-9-5_PFC_3.5_D_4.tif,KET-9-5_PFC_3.5_D,0-FFF-00042_Npas4,"('0-000-00003_PV', '0-005-00000_cFos', '0-FFF-00042_Npas4', '0-FFF-00001_WFA')",True,True,True,True,435.73,387.91,292.6581,250.3095,Npas4,KET-9-5,FR1_SAL,KET-9,0.8552966,-42.348618,120.30373,"('0-000-00003_PV', '0-005-00000_cFos', '0-FFF-00042_Npas4', '0-FFF-00001_WFA')",True,"('0-000-00003_PV', '0-005-00000_cFos', '0-FFF-00042_Npas4', '0-FFF-00001_WFA')",0.83207786,quad_Npas4
10779,10779,KET-9-5_PFC_3.5_E_4.tif,KET-9-5_PFC_3.5_E,0-200-00011_Npas4,"('0-000-00001_PV', '0-005-00014_cFos', '0-200-00011_Npas4', '0-FFF-00002_WFA')",True,True,True,True,420.12,11.63,279.9064,305.6272,Npas4,KET-9-5,FR1_SAL,KET-9,1.0918907,25.720795,188.37314,"('0-000-00001_PV', '0-005-00014_cFos', '0-200-00011_Npas4', '0-FFF-00002_WFA')",True,"('0-000-00001_PV', '0-005-00014_cFos', '0-200-00011_Npas4', '0-FFF-00002_WFA')",1.3028784,quad_Npas4
10786,10786,KET-9-5_PFC_3.5_E_4.tif,KET-9-5_PFC_3.5_E,0-FFF-00018_Npas4,"('0-FFF-00002_PV', '0-005-00030_cFos', '0-FFF-00018_Npas4', '0-FFF-00001_WFA')",True,True,True,True,367.89,10.58,279.9064,258.5461,Npas4,KET-9-5,FR1_SAL,KET-9,0.92368776,-21.36029,141.29205,"('0-FFF-00002_PV', '0-005-00030_cFos', '0-FFF-00018_Npas4', '0-FFF-00001_WFA')",True,"('0-FFF-00002_PV', '0-005-00030_cFos', '0-FFF-00018_Npas4', '0-FFF-00001_WFA')",0.9772431,quad_Npas4
11173,11173,KET-9-6_PFC_3.6_E_4.tif,KET-9-6_PFC_3.6_E,0-FFF-00063_Npas4,"('0-000-00004_PV', '0-005-00017_cFos', '0-FFF-00063_Npas4', '0-FFF-00003_WFA')",True,True,True,True,215.95,221.57,314.2453,291.1628,Npas4,KET-9-6,FR1_SAL,KET-9,0.9265463,-23.082489,139.56985,"('0-000-00004_PV', '0-005-00017_cFos', '0-FFF-00063_Npas4', '0-FFF-00003_WFA')",True,"('0-000-00004_PV', '0-005-00017_cFos', '0-FFF-00063_Npas4', '0-FFF-00003_WFA')",0.9653316,quad_Npas4
11335,11335,KET-9-6_PFC_3.8_B_4.tif,KET-9-6_PFC_3.8_B,0-200-00008_Npas4,"('0-000-00002_PV', '0-005-00007_cFos', '0-200-00008_Npas4', '0-FFF-00003_WFA')",True,True,True,True,118.53,150.17,362.6659,372.1654,Npas4,KET-9-6,FR1_SAL,KET-9,1.0261936,9.499512,172.15186,"('0-000-00002_PV', '0-005-00007_cFos', '0-200-00008_Npas4', '0-FFF-00003_WFA')",True,"('0-000-00002_PV', '0-005-00007_cFos', '0-200-00008_Npas4', '0-FFF-00003_WFA')",1.1906842,quad_Npas4
11352,11352,KET-9-6_PFC_3.8_B_4.tif,KET-9-6_PFC_3.8_B,0-FFF-00025_Npas4,"('0-FFF-00011_PV', '0-005-00031_cFos', '0-FFF-00025_Npas4', '0-FFF-00006_WFA')",True,True,True,True,348.87,9.09,362.6659,329.08,Npas4,KET-9-6,FR1_SAL,KET-9,0.9073916,-33.585907,129.06644,"('0-FFF-00011_PV', '0-005-00031_cFos', '0-FFF-00025_Npas4', '0-FFF-00006_WFA')",True,"('0-FFF-00011_PV', '0-005-00031_cFos', '0-FFF-00025_Npas4', '0-FFF-00006_WFA')",0.89268494,quad_Npas4
11378,11378,KET-9-6_PFC_3.8_B_4.tif,KET-9-6_PFC_3.8_B,0-FFF-00052_Npas4,"('0-FFF-00003_PV', '0-FFF-00090_cFos', '0-FFF-00052_Npas4', '0-FFF-00004_WFA')",True,True,True,True,210.92,206.17,362.6659,338.8343,Npas4,KET-9-6,FR1_SAL,KET-9,0.9342877,-23.831604,138.82074,"('0-FFF-00003_PV', '0-FFF-00090_cFos', '0-FFF-00052_Npas4', '0-FFF-00004_WFA')",True,"('0-FFF-00003_PV', '0-FFF-00090_cFos', '0-FFF-00052_Npas4', '0-FFF-00004_WFA')",0.96015036,quad_Npas4
11428,11428,KET-9-6_PFC_3.8_B_4.tif,KET-9-6_PFC_3.8_B,0-FFF-00102_Npas4,"('0-000-00001_PV', '0-005-00017_cFos', '0-FFF-00102_Npas4', '0-FFF-00002_WFA')",True,True,True,True,341.11,451.54,362.6659,339.394,Npas4,KET-9-6,FR1_SAL,KET-9,0.93583107,-23.271881,139.38046,"('0-000-00001_PV', '0-005-00017_cFos', '0-FFF-00102_Npas4', '0-FFF-00002_WFA')",True,"('0-000-00001_PV', '0-005-00017_cFos', '0-FFF-00102_Npas4', '0-FFF-00002_WFA')",0.9640217,quad_Npas4
11587,11587,KET-9-6_PFC_3.8_C_4.tif,KET-9-6_PFC_3.8_C,0-FFF-00053_Npas4,"('0-000-00000_PV', '0-FFF-00075_cFos', '0-FFF-00053_Npas4', '0-FFF-00003_WFA')",True,True,True,True,84.29,181.33,316.9566,298.8497,Npas4,KET-9-6,FR1_SAL,KET-9,0.9428726,-18.106903,144.54544,"('0-000-00000_PV', '0-FFF-00075_cFos', '0-FFF-00053_Npas4', '0-FFF-00003_WFA')",True,"('0-000-00000_PV', '0-FFF-00075_cFos', '0-FFF-00053_Npas4', '0-FFF-00003_WFA')",0.99974513,quad_Npas4
11614,11614,KET-9-6_PFC_3.8_C_4.tif,KET-9-6_PFC_3.8_C,0-FFF-00081_Npas4,"('0-000-00001_PV', '0-005-00011_cFos', '0-FFF-00081_Npas4', '0-FFF-00005_WFA')",True,True,True,True,277.93,497.14,316.9566,318.8531,Npas4,KET-9-6,FR1_SAL,KET-9,1.0059835,1.8964844,164.54883,"('0-000-00001_PV', '0-005-00011_cFos', '0-FFF-00081_Npas4', '0-FFF-00005_WFA')",True,"('0-000-00001_PV', '0-005-00011_cFos', '0-FFF-00081_Npas4', '0-FFF-00005_WFA')",1.1380981,quad_Npas4
11720,11720,KET-9-6_PFC_3.8_D_4.tif,KET-9-6_PFC_3.8_D,0-200-00011_Npas4,"('0-FFF-00003_PV', '0-FFF-00069_cFos', '0-200-00011_Npas4', '0-FFF-00003_WFA')",True,True,True,True,394.28,8.71,307.8936,325.0125,Npas4,KET-9-6,FR1_SAL,KET-9,1.0556002,17.118927,179.77127,"('0-FFF-00003_PV', '0-FFF-00069_cFos', '0-200-00011_Npas4', '0-FFF-00003_WFA')",True,"('0-FFF-00003_PV', '0-FFF-00069_cFos', '0-200-00011_Npas4', '0-FFF-00003_WFA')",1.2433838,quad_Npas4
11932,11932,KET-9-6_PFC_4.0_A_4.tif,KET-9-6_PFC_4.0_A,0-FFF-00034_Npas4,"('0-000-00002_PV', '0-005-00058_cFos', '0-FFF-00034_Npas4', '0-FFF-00007_WFA')",True,True,True,True,48.79,216.19,502.8445,443.6409,Npas4,KET-9-6,FR1_SAL,KET-9,0.8822626,-59.203613,103.44873,"('0-000-00002_PV', '0-005-00058_cFos', '0-FFF-00034_Npas4', '0-FFF-00007_WFA')",True,"('0-000-00002_PV', '0-005-00058_cFos', '0-FFF-00034_Npas4', '0-FFF-00007_WFA')",0.7155007,quad_Npas4
11975,11975,KET-9-6_PFC_4.0_A_4.tif,KET-9-6_PFC_4.0_A,0-FFF-00093_Npas4,"('0-000-00001_PV', '0-005-00044_cFos', '0-FFF-00093_Npas4', '0-FFF-00004_WFA')",True,True,True,True,277.0,363.08,502.8445,431.2141,Npas4,KET-9-6,FR1_SAL,KET-9,0.8575496,-71.6304,91.02194,"('0-000-00001_PV', '0-005-00044_cFos', '0-FFF-00093_Npas4', '0-FFF-00004_WFA')",True,"('0-000-00001_PV', '0-005-00044_cFos', '0-FFF-00093_Npas4', '0-FFF-00004_WFA')",0.6295511,quad_Npas4
12103,12103,PE-12-1_PFC_3.3_D_4.tif,PE-12-1_PFC_3.3_D,0-FFF-00021_Npas4,"('0-000-00001_PV', '0-FFF-00052_cFos', '0-FFF-00021_Npas4', '0-FFF-00007_WFA')",True,True,True,True,420.35,81.46,536.4512,434.3812,Npas4,PE-12-1,FR1_KET,PE-12,0.80973107,-102.06998,60.582367,"('0-000-00001_PV', '0-FFF-00052_cFos', '0-FFF-00021_Npas4', '0-FFF-00007_WFA')",True,"('0-000-00001_PV', '0-FFF-00052_cFos', '0-FFF-00021_Npas4', '0-FFF-00007_WFA')",0.4190165,quad_Npas4
12514,12514,PE-12-1_PFC_3.5_C_4.tif,PE-12-1_PFC_3.5_C,0-FFF-00037_Npas4,"('0-000-00003_PV', '0-FFF-00102_cFos', '0-FFF-00037_Npas4', '0-FFF-00001_WFA')",True,True,True,True,494.98,124.41,554.7391,452.1245,Npas4,PE-12-1,FR1_KET,PE-12,0.81502193,-102.61456,60.03778,"('0-000-00003_PV', '0-FFF-00102_cFos', '0-FFF-00037_Npas4', '0-FFF-00001_WFA')",True,"('0-000-00003_PV', '0-FFF-00102_cFos', '0-FFF-00037_Npas4', '0-FFF-00001_WFA')",0.41524988,quad_Npas4
12522,12522,PE-12-1_PFC_3.5_C_4.tif,PE-12-1_PFC_3.5_C,0-FFF-00047_Npas4,"('0-000-00011_PV', '0-FFF-00093_cFos', '0-FFF-00047_Npas4', '0-FFF-00009_WFA')",True,True,True,True,374.36,354.29,554.7391,554.4786,Npas4,PE-12-1,FR1_KET,PE-12,0.99953043,-0.26049805,162.39185,"('0-000-00011_PV', '0-FFF-00093_cFos', '0-FFF-00047_Npas4', '0-FFF-00009_WFA')",True,"('0-000-00011_PV', '0-FFF-00093_cFos', '0-FFF-00047_Npas4', '0-FFF-00009_WFA')",1.1231793,quad_Npas4
12526,12526,PE-12-1_PFC_3.5_C_4.tif,PE-12-1_PFC_3.5_C,0-FFF-00051_Npas4,"('0-000-00010_PV', '0-FFF-00104_cFos', '0-FFF-00051_Npas4', '0-FFF-00003_WFA')",True,True,True,True,408.53,461.63,554.7391,542.039,Npas4,PE-12-1,FR1_KET,PE-12,0.9771062,-12.700073,149.95227,"('0-000-00010_PV', '0-FFF-00104_cFos', '0-FFF-00051_Npas4', '0-FFF-00003_WFA')",True,"('0-000-00010_PV', '0-FFF-00104_cFos', '0-FFF-00051_Npas4', '0-FFF-00003_WFA')",1.0371413,quad_Npas4
12529,12529,PE-12-1_PFC_3.5_C_4.tif,PE-12-1_PFC_3.5_C,0-FFF-00054_Npas4,"('0-000-00009_PV', '0-005-00010_cFos', '0-FFF-00054_Npas4', '0-FFF-00002_WFA')",True,True,True,True,394.41,435.72,554.7391,465.5231,Npas4,PE-12-1,FR1_KET,PE-12,0.83917487,-89.21597,73.43637,"('0-000-00009_PV', '0-005-00010_cFos', '0-FFF-00054_Npas4', '0-FFF-00002_WFA')",True,"('0-000-00009_PV', '0-005-00010_cFos', '0-FFF-00054_Npas4', '0-FFF-00002_WFA')",0.5079209,quad_Npas4
12535,12535,PE-12-1_PFC_3.5_C_4.tif,PE-12-1_PFC_3.5_C,0-FFF-00062_Npas4,"('0-000-00002_PV', '0-FFF-00075_cFos', '0-FFF-00062_Npas4', '0-FFF-00006_WFA')",True,True,True,True,121.8,213.15,554.7391,467.3921,Npas4,PE-12-1,FR1_KET,PE-12,0.842544,-87.346985,75.30536,"('0-000-00002_PV', '0-FFF-00075_cFos', '0-FFF-00062_Npas4', '0-FFF-00006_WFA')",True,"('0-000-00002_PV', '0-FFF-00075_cFos', '0-FFF-00062_Npas4', '0-FFF-00006_WFA')",0.52084774,quad_Npas4
13105,13105,PE-12-2_PFC_3.5_E_4.tif,PE-12-2_PFC_3.5_E,0-200-00001_Npas4,"('0-000-00006_PV', '0-005-00001_cFos', '0-200-00001_Npas4', '0-FFF-00004_WFA')",True,True,True,True,438.99,447.49,508.7305,529.6576,Npas4,PE-12-2,FR1_KET,PE-12,1.0411359,20.927094,183.57944,"('0-000-00006_PV', '0-005-00001_cFos', '0-200-00001_Npas4', '0-FFF-00004_WFA')",True,"('0-000-00006_PV', '0-005-00001_cFos', '0-200-00001_Npas4', '0-FFF-00004_WFA')",1.2697228,quad_Npas4
13119,13119,PE-12-2_PFC_3.5_E_4.tif,PE-12-2_PFC_3.5_E,0-FFF-00015_Npas4,"('0-000-00002_PV', '0-FFF-00050_cFos', '0-FFF-00015_Npas4', '0-FFF-00006_WFA')",True,True,True,True,464.21,40.07,508.7305,442.1885,Npas4,PE-12-2,FR1_KET,PE-12,0.86919993,-66.54199,96.11035,"('0-000-00002_PV', '0-FFF-00050_cFos', '0-FFF-00015_Npas4', '0-FFF-00006_WFA')",True,"('0-000-00002_PV', '0-FFF-00050_cFos', '0-FFF-00015_Npas4', '0-FFF-00006_WFA')",0.664745,quad_Npas4
13165,13165,PE-12-2_PFC_3.5_E_4.tif,PE-12-2_PFC_3.5_E,0-FFF-00062_Npas4,"('0-000-00004_PV', '0-005-00029_cFos', '0-FFF-00062_Npas4', '0-FFF-00003_WFA')",True,True,True,True,234.15,469.0,508.7305,452.6335,Npas4,PE-12-2,FR1_KET,PE-12,0.8897314,-56.096985,106.55536,"('0-000-00004_PV', '0-005-00029_cFos', '0-FFF-00062_Npas4', '0-FFF-00003_WFA')",True,"('0-000-00004_PV', '0-005-00029_cFos', '0-FFF-00062_Npas4', '0-FFF-00003_WFA')",0.73698765,quad_Npas4
13311,13311,PE-12-2_PFC_3.6_C_4.tif,PE-12-2_PFC_3.6_C,0-FFF-00015_Npas4,"('0-000-00000_PV', '0-005-00022_cFos', '0-FFF-00015_Npas4', '0-FFF-00003_WFA')",True,True,True,True,286.62,317.18,467.5143,414.1851,Npas4,PE-12-2,FR1_KET,PE-12,0.8859303,-53.329224,109.32312,"('0-000-00000_PV', '0-005-00022_cFos', '0-FFF-00015_Npas4', '0-FFF-00003_WFA')",True,"('0-000-00000_PV', '0-005-00022_cFos', '0-FFF-00015_Npas4', '0-FFF-00003_WFA')",0.75613075,quad_Npas4
13315,13315,PE-12-2_PFC_3.6_C_4.tif,PE-12-2_PFC_3.6_C,0-FFF-00019_Npas4,"('0-000-00002_PV', '0-005-00015_cFos', '0-FFF-00019_Npas4', '0-FFF-00008_WFA')",True,True,True,True,118.46,361.68,467.5143,504.425,Npas4,PE-12-2,FR1_KET,PE-12,1.0789509,36.910675,199.56302,"('0-000-00002_PV', '0-005-00015_cFos', '0-FFF-00019_Npas4', '0-FFF-00008_WFA')",True,"('0-000-00002_PV', '0-005-00015_cFos', '0-FFF-00019_Npas4', '0-FFF-00008_WFA')",1.3802729,quad_Npas4
13448,13448,PE-12-2_PFC_3.6_D_4.tif,PE-12-2_PFC_3.6_D,0-FFF-00019_Npas4,"('0-000-00000_PV', '0-005-00026_cFos', '0-FFF-00019_Npas4', '0-FFF-00001_WFA')",True,True,True,True,151.69,122.13,572.0286,480.6158,Npas4,PE-12-2,FR1_KET,PE-12,0.8401954,-91.41281,71.23953,"('0-000-00000_PV', '0-005-00026_cFos', '0-FFF-00019_Npas4', '0-FFF-00001_WFA')",True,"('0-000-00000_PV', '0-005-00026_cFos', '0-FFF-00019_Npas4', '0-FFF-00001_WFA')",0.49272653,quad_Npas4
13631,13631,PE-12-2_PFC_3.7_A_4.tif,PE-12-2_PFC_3.7_A,0-FFF-00045_Npas4,"('0-000-00005_PV', '0-FFF-00044_cFos', '0-FFF-00045_Npas4', '0-FFF-00005_WFA')",True,True,True,True,185.42,326.43,710.8662,680.672,Npas4,PE-12-2,FR1_KET,PE-12,0.9575248,-30.194214,132.45813,"('0-000-00005_PV', '0-FFF-00044_cFos', '0-FFF-00045_Npas4', '0-FFF-00005_WFA')",True,"('0-000-00005_PV', '0-FFF-00044_cFos', '0-FFF-00045_Npas4', '0-FFF-00005_WFA')",0.91614354,quad_Npas4
13652,13652,PE-12-2_PFC_3.7_A_4.tif,PE-12-2_PFC_3.7_A,0-FFF-00067_Npas4,"('0-000-00002_PV', '0-FFF-00050_cFos', '0-FFF-00067_Npas4', '0-FFF-00001_WFA')",True,True,True,True,15.59,420.95,710.8662,614.7315,Npas4,PE-12-2,FR1_KET,PE-12,0.864764,-96.134705,66.51764,"('0-000-00002_PV', '0-FFF-00050_cFos', '0-FFF-00067_Npas4', '0-FFF-00001_WFA')",True,"('0-000-00002_PV', '0-FFF-00050_cFos', '0-FFF-00067_Npas4', '0-FFF-00001_WFA')",0.4600677,quad_Npas4
13765,13765,PE-12-7_PFC_3.5_E_4.tif,PE-12-7_PFC_3.5_E,0-200-00000_Npas4,"('0-000-00006_PV', '0-005-00051_cFos', '0-200-00000_Npas4', '0-FFF-00003_WFA')",True,True,True,True,312.75,226.12,527.6664,479.1816,Npas4,PE-12-7,FR1_KET,PE-12,0.90811473,-48.48477,114.16757,"('0-000-00006_PV', '0-005-00051_cFos', '0-200-00000_Npas4', '0-FFF-00003_WFA')",True,"('0-000-00006_PV', '0-005-00051_cFos', '0-200-00000_Npas4', '0-FFF-00003_WFA')",0.7896373,quad_Npas4
13813,13813,PE-12-7_PFC_3.5_E_4.tif,PE-12-7_PFC_3.5_E,0-FFF-00053_Npas4,"('0-000-00004_PV', '0-FFF-00075_cFos', '0-FFF-00053_Npas4', '0-FFF-00005_WFA')",True,True,True,True,128.8,423.48,527.6664,481.135,Npas4,PE-12-7,FR1_KET,PE-12,0.91181666,-46.531372,116.12097,"('0-000-00004_PV', '0-FFF-00075_cFos', '0-FFF-00053_Npas4', '0-FFF-00005_WFA')",True,"('0-000-00004_PV', '0-FFF-00075_cFos', '0-FFF-00053_Npas4', '0-FFF-00005_WFA')",0.803148,quad_Npas4
13816,13816,PE-12-7_PFC_3.5_E_4.tif,PE-12-7_PFC_3.5_E,0-FFF-00056_Npas4,"('0-000-00001_PV', '0-005-00015_cFos', '0-FFF-00056_Npas4', '0-FFF-00006_WFA')",True,True,True,True,144.19,462.82,527.6664,457.1312,Npas4,PE-12-7,FR1_KET,PE-12,0.86632615,-70.53519,92.11716,"('0-000-00001_PV', '0-005-00015_cFos', '0-FFF-00056_Npas4', '0-FFF-00006_WFA')",True,"('0-000-00001_PV', '0-005-00015_cFos', '0-FFF-00056_Npas4', '0-FFF-00006_WFA')",0.63712615,quad_Npas4
13949,13949,PE-12-7_PFC_3.6_B_4.tif,PE-12-7_PFC_3.6_B,0-200-00000_Npas4,"('0-000-00003_PV', '0-005-00044_cFos', '0-200-00000_Npas4', '0-001-00002_WFA')",True,True,True,True,327.6,500.94,503.9805,476.9442,Npas4,PE-12-7,FR1_KET,PE-12,0.9463545,-27.036285,135.61606,"('0-000-00003_PV', '0-005-00044_cFos', '0-200-00000_Npas4', '0-001-00002_WFA')",True,"('0-000-00003_PV', '0-005-00044_cFos', '0-200-00000_Npas4', '0-001-00002_WFA')",0.93798524,quad_Npas4
14028,14028,PE-12-7_PFC_3.6_B_4.tif,PE-12-7_PFC_3.6_B,0-FFF-00093_Npas4,"('0-000-00011_PV', '0-005-00027_cFos', '0-FFF-00093_Npas4', '0-FFF-00015_WFA')",True,True,True,True,149.54,453.72,503.9805,443.0078,Npas4,PE-12-7,FR1_KET,PE-12,0.8790178,-60.972687,101.67966,"('0-000-00011_PV', '0-005-00027_cFos', '0-FFF-00093_Npas4', '0-FFF-00015_WFA')",True,"('0-000-00011_PV', '0-005-00027_cFos', '0-FFF-00093_Npas4', '0-FFF-00015_WFA')",0.70326495,quad_Npas4
14183,14183,PE-12-7_PFC_3.6_D_4.tif,PE-12-7_PFC_3.6_D,0-FFF-00054_Npas4,"('0-000-00001_PV', '0-005-00039_cFos', '0-FFF-00054_Npas4', '0-FFF-00001_WFA')",True,True,True,True,419.65,280.33,476.3867,389.0776,Npas4,PE-12-7,FR1_KET,PE-12,0.81672645,-87.30908,75.34326,"('0-000-00001_PV', '0-005-00039_cFos', '0-FFF-00054_Npas4', '0-FFF-00001_WFA')",True,"('0-000-00001_PV', '0-005-00039_cFos', '0-FFF-00054_Npas4', '0-FFF-00001_WFA')",0.5211099,quad_Npas4
14186,14186,PE-12-7_PFC_3.6_D_4.tif,PE-12-7_PFC_3.6_D,0-FFF-00059_Npas4,"('0-000-00000_PV', '0-005-00028_cFos', '0-FFF-00059_Npas4', '0-FFF-00007_WFA')",True,True,True,True,346.36,329.81,476.3867,467.3135,Npas4,PE-12-7,FR1_KET,PE-12,0.9809542,-9.073181,153.57916,"('0-000-00000_PV', '0-005-00028_cFos', '0-FFF-00059_Npas4', '0-FFF-00007_WFA')",True,"('0-000-00000_PV', '0-005-00028_cFos', '0-FFF-00059_Npas4', '0-FFF-00007_WFA')",1.0622267,quad_Npas4
14187,14187,PE-12-7_PFC_3.6_D_4.tif,PE-12-7_PFC_3.6_D,0-FFF-00060_Npas4,"('0-000-00004_PV', '0-005-00010_cFos', '0-FFF-00060_Npas4', '0-FFF-00006_WFA')",True,True,True,True,325.06,270.84,476.3867,424.4778,Npas4,PE-12-7,FR1_KET,PE-12,0.8910363,-51.908875,110.74347,"('0-000-00004_PV', '0-005-00010_cFos', '0-FFF-00060_Npas4', '0-FFF-00006_WFA')",True,"('0-000-00004_PV', '0-005-00010_cFos', '0-FFF-00060_Npas4', '0-FFF-00006_WFA')",0.7659546,quad_Npas4
14320,14320,PE-12-7_PFC_3.7_A_4.tif,PE-12-7_PFC_3.7_A,0-FFF-00007_Npas4,"('0-000-00007_PV', '0-FFF-00059_cFos', '0-FFF-00007_Npas4', '0-FFF-00006_WFA')",True,True,True,True,144.02,61.04,551.5506,463.3409,Npas4,PE-12-7,FR1_KET,PE-12,0.84006965,-88.20969,74.44266,"('0-000-00007_PV', '0-FFF-00059_cFos', '0-FFF-00007_Npas4', '0-FFF-00006_WFA')",True,"('0-000-00007_PV', '0-FFF-00059_cFos', '0-FFF-00007_Npas4', '0-FFF-00006_WFA')",0.5148809,quad_Npas4
14347,14347,PE-12-7_PFC_3.7_A_4.tif,PE-12-7_PFC_3.7_A,0-FFF-00039_Npas4,"('0-000-00006_PV', '0-005-00024_cFos', '0-FFF-00039_Npas4', '0-FFF-00002_WFA')",True,True,True,True,126.98,198.61,551.5506,467.7578,Npas4,PE-12-7,FR1_KET,PE-12,0.8480778,-83.792786,78.85956,"('0-000-00006_PV', '0-005-00024_cFos', '0-FFF-00039_Npas4', '0-FFF-00002_WFA')",True,"('0-000-00006_PV', '0-005-00024_cFos', '0-FFF-00039_Npas4', '0-FFF-00002_WFA')",0.54543024,quad_Npas4
14372,14372,PE-12-7_PFC_3.7_A_4.tif,PE-12-7_PFC_3.7_A,0-FFF-00075_Npas4,"('0-000-00001_PV', '0-FFF-00065_cFos', '0-FFF-00075_Npas4', '0-FFF-00008_WFA')",True,True,True,True,85.3,489.62,551.5506,460.6395,Npas4,PE-12-7,FR1_KET,PE-12,0.83517176,-90.9111,71.74124,"('0-000-00001_PV', '0-FFF-00065_cFos', '0-FFF-00075_Npas4', '0-FFF-00008_WFA')",True,"('0-000-00001_PV', '0-FFF-00065_cFos', '0-FFF-00075_Npas4', '0-FFF-00008_WFA')",0.4961966,quad_Npas4
14495,14495,PE-12-7_PFC_3.7_C_4.tif,PE-12-7_PFC_3.7_C,0-FFF-00037_Npas4,"('0-000-00003_PV', '0-FFF-00067_cFos', '0-FFF-00037_Npas4', '0-FFF-00007_WFA')",True,True,True,True,488.93,235.52,518.1119,415.7154,Npas4,PE-12-7,FR1_KET,PE-12,0.8023661,-102.396484,60.25586,"('0-000-00003_PV', '0-FFF-00067_cFos', '0-FFF-00037_Npas4', '0-FFF-00007_WFA')",True,"('0-000-00003_PV', '0-FFF-00067_cFos', '0-FFF-00037_Npas4', '0-FFF-00007_WFA')",0.41675824,quad_Npas4
14602,14602,PE-13-11_PFC_3.3_C_4.tif,PE-13-11_PFC_3.3_C,0-FFF-00031_Npas4,"('0-000-00003_PV', '0-FFF-00015_cFos', '0-FFF-00031_Npas4', '0-FFF-00008_WFA')",True,True,True,True,111.57,88.55,567.9576,487.8126,Npas4,PE-13-11,VR5_SAL,PE-13,0.8588891,-80.14499,82.507355,"('0-000-00003_PV', '0-FFF-00015_cFos', '0-FFF-00031_Npas4', '0-FFF-00008_WFA')",True,"('0-000-00003_PV', '0-FFF-00015_cFos', '0-FFF-00031_Npas4', '0-FFF-00008_WFA')",0.5706602,quad_Npas4
14778,14778,PE-13-11_PFC_3.5_E_4.tif,PE-13-11_PFC_3.5_E,0-FFF-00029_Npas4,"('0-000-00002_PV', '0-FFF-00005_cFos', '0-FFF-00029_Npas4', '0-FFF-00003_WFA')",True,True,True,True,299.09,256.1,551.9192,481.2337,Npas4,PE-13-11,VR5_SAL,PE-13,0.87192786,-70.685486,91.96686,"('0-000-00002_PV', '0-FFF-00005_cFos', '0-FFF-00029_Npas4', '0-FFF-00003_WFA')",True,"('0-000-00002_PV', '0-FFF-00005_cFos', '0-FFF-00029_Npas4', '0-FFF-00003_WFA')",0.6360866,quad_Npas4
15098,15098,PE-13-1_PFC_3.5_C_4.tif,PE-13-1_PFC_3.5_C,0-FFF-00019_Npas4,"('0-000-00001_PV', '0-FFF-00071_cFos', '0-FFF-00019_Npas4', '0-FFF-00007_WFA')",True,True,True,True,90.44,173.87,614.4027,503.5023,Npas4,PE-13-1,VR5_SAL,PE-13,0.81949884,-110.90042,51.751923,"('0-000-00001_PV', '0-FFF-00071_cFos', '0-FFF-00019_Npas4', '0-FFF-00007_WFA')",True,"('0-000-00001_PV', '0-FFF-00071_cFos', '0-FFF-00019_Npas4', '0-FFF-00007_WFA')",0.35794094,quad_Npas4
15105,15105,PE-13-1_PFC_3.5_C_4.tif,PE-13-1_PFC_3.5_C,0-FFF-00028_Npas4,"('0-000-00007_PV', '0-FFF-00062_cFos', '0-FFF-00028_Npas4', '0-FFF-00001_WFA')",True,True,True,True,266.99,288.59,614.4027,545.3456,Npas4,PE-13-1,VR5_SAL,PE-13,0.8876028,-69.05713,93.595215,"('0-000-00007_PV', '0-FFF-00062_cFos', '0-FFF-00028_Npas4', '0-FFF-00001_WFA')",True,"('0-000-00007_PV', '0-FFF-00062_cFos', '0-FFF-00028_Npas4', '0-FFF-00001_WFA')",0.6473491,quad_Npas4
15436,15436,PE-13-1_PFC_3.7_B_4.tif,PE-13-1_PFC_3.7_B,0-200-00010_Npas4,"('0-000-00013_PV', '0-FFF-00017_cFos', '0-200-00010_Npas4', '0-FFF-00010_WFA')",True,True,True,True,412.11,161.22,678.0913,642.2464,Npas4,PE-13-1,VR5_SAL,PE-13,0.94713855,-35.84491,126.807434,"('0-000-00013_PV', '0-FFF-00017_cFos', '0-200-00010_Npas4', '0-FFF-00010_WFA')",True,"('0-000-00013_PV', '0-FFF-00017_cFos', '0-200-00010_Npas4', '0-FFF-00010_WFA')",0.87706065,quad_Npas4
15469,15469,PE-13-1_PFC_3.7_B_4.tif,PE-13-1_PFC_3.7_B,0-FFF-00045_Npas4,"('0-000-00000_PV', '0-FFF-00010_cFos', '0-FFF-00045_Npas4', '0-FFF-00014_WFA')",True,True,True,True,347.65,368.26,678.0913,624.9616,Npas4,PE-13-1,VR5_SAL,PE-13,0.92164814,-53.1297,109.522644,"('0-000-00000_PV', '0-FFF-00010_cFos', '0-FFF-00045_Npas4', '0-FFF-00014_WFA')",True,"('0-000-00000_PV', '0-FFF-00010_cFos', '0-FFF-00045_Npas4', '0-FFF-00014_WFA')",0.7575108,quad_Npas4
15491,15491,PE-13-1_PFC_3.7_B_4.tif,PE-13-1_PFC_3.7_B,0-FFF-00067_Npas4,"('0-000-00010_PV', '0-FFF-00011_cFos', '0-FFF-00067_Npas4', '0-FFF-00013_WFA')",True,True,True,True,245.52,466.1,678.0913,562.6918,Npas4,PE-13-1,VR5_SAL,PE-13,0.8298171,-115.399536,47.252808,"('0-000-00010_PV', '0-FFF-00011_cFos', '0-FFF-00067_Npas4', '0-FFF-00013_WFA')",True,"('0-000-00010_PV', '0-FFF-00011_cFos', '0-FFF-00067_Npas4', '0-FFF-00013_WFA')",0.32682294,quad_Npas4
15618,15618,PE-13-1_PFC_3.7_D_4.tif,PE-13-1_PFC_3.7_D,0-FFF-00030_Npas4,"('0-000-00003_PV', '0-005-00014_cFos', '0-FFF-00030_Npas4', '0-001-00004_WFA')",True,True,True,True,502.89,22.78,624.4081,543.8667,Npas4,PE-13-1,VR5_SAL,PE-13,0.8710116,-80.54138,82.11096,"('0-000-00003_PV', '0-005-00014_cFos', '0-FFF-00030_Npas4', '0-001-00004_WFA')",True,"('0-000-00003_PV', '0-005-00014_cFos', '0-FFF-00030_Npas4', '0-001-00004_WFA')",0.56791854,quad_Npas4
15648,15648,PE-13-1_PFC_3.7_D_4.tif,PE-13-1_PFC_3.7_D,0-FFF-00061_Npas4,"('0-000-00001_PV', '0-FFF-00048_cFos', '0-FFF-00061_Npas4', '0-FFF-00008_WFA')",True,True,True,True,368.4,363.03,624.4081,611.879,Npas4,PE-13-1,VR5_SAL,PE-13,0.9799345,-12.529053,150.12329,"('0-000-00001_PV', '0-FFF-00048_cFos', '0-FFF-00061_Npas4', '0-FFF-00008_WFA')",True,"('0-000-00001_PV', '0-FFF-00048_cFos', '0-FFF-00061_Npas4', '0-FFF-00008_WFA')",1.0383242,quad_Npas4
15767,15767,PE-13-1_PFC_3.9_A_4.tif,PE-13-1_PFC_3.9_A,0-FFF-00044_Npas4,"('0-000-00002_PV', '0-FFF-00008_cFos', '0-FFF-00044_Npas4', '0-FFF-00006_WFA')",True,True,True,True,203.95,298.13,690.172,679.161,Npas4,PE-13-1,VR5_SAL,PE-13,0.98404604,-11.010986,151.64136,"('0-000-00002_PV', '0-FFF-00008_cFos', '0-FFF-00044_Npas4', '0-FFF-00006_WFA')",True,"('0-000-00002_PV', '0-FFF-00008_cFos', '0-FFF-00044_Npas4', '0-FFF-00006_WFA')",1.0488238,quad_Npas4
16378,16378,PE-13-2_PFC_3.5_E_4.tif,PE-13-2_PFC_3.5_E,0-FFF-00064_Npas4,"('0-000-00000_PV', '0-FFF-00055_cFos', '0-FFF-00064_Npas4', '0-FFF-00006_WFA')",True,True,True,True,381.52,428.83,622.9029,523.6696,Npas4,PE-13-2,VR5_KET,PE-13,0.8406922,-99.23328,63.419067,"('0-000-00000_PV', '0-FFF-00055_cFos', '0-FFF-00064_Npas4', '0-FFF-00006_WFA')",True,"('0-000-00000_PV', '0-FFF-00055_cFos', '0-FFF-00064_Npas4', '0-FFF-00006_WFA')",0.43863648,quad_Npas4
16662,16662,PE-13-3_PFC_3.3_E_4.tif,PE-13-3_PFC_3.3_E,0-FFF-00035_Npas4,"('0-000-00001_PV', '0-FFF-00024_cFos', '0-FFF-00035_Npas4', '0-FFF-00003_WFA')",True,True,True,True,99.95,365.12,447.8938,398.6049,Npas4,PE-13-3,VR5_KET,PE-13,0.88995403,-49.28891,113.363434,"('0-000-00001_PV', '0-FFF-00024_cFos', '0-FFF-00035_Npas4', '0-FFF-00003_WFA')",True,"('0-000-00001_PV', '0-FFF-00024_cFos', '0-FFF-00035_Npas4', '0-FFF-00003_WFA')",0.7840755,quad_Npas4
16667,16667,PE-13-3_PFC_3.3_E_4.tif,PE-13-3_PFC_3.3_E,0-FFF-00045_Npas4,"('0-000-00005_PV', '0-FFF-00023_cFos', '0-FFF-00045_Npas4', '0-FFF-00002_WFA')",True,True,True,True,319.27,261.54,447.8938,365.4256,Npas4,PE-13-3,VR5_KET,PE-13,0.81587553,-82.4682,80.18414,"('0-000-00005_PV', '0-FFF-00023_cFos', '0-FFF-00045_Npas4', '0-FFF-00002_WFA')",True,"('0-000-00005_PV', '0-FFF-00023_cFos', '0-FFF-00045_Npas4', '0-FFF-00002_WFA')",0.5545917,quad_Npas4
16915,16915,PE-13-3_PFC_3.5_D_4.tif,PE-13-3_PFC_3.5_D,0-FFF-00081_Npas4,"('0-000-00004_PV', '0-FFF-00031_cFos', '0-FFF-00081_Npas4', '0-FFF-00004_WFA')",True,True,True,True,220.54,166.2,452.7004,378.1048,Npas4,PE-13-3,VR5_KET,PE-13,0.8352208,-74.59561,88.05673,"('0-000-00004_PV', '0-FFF-00031_cFos', '0-FFF-00081_Npas4', '0-FFF-00004_WFA')",True,"('0-000-00004_PV', '0-FFF-00031_cFos', '0-FFF-00081_Npas4', '0-FFF-00004_WFA')",0.6090423,quad_Npas4
17035,17035,PE-13-3_PFC_3.7_A_4.tif,PE-13-3_PFC_3.7_A,0-FFF-00037_Npas4,"('0-000-00015_PV', '0-FFF-00044_cFos', '0-FFF-00037_Npas4', '0-FFF-00003_WFA')",True,True,True,True,345.18,86.1,635.8529,607.9895,Npas4,PE-13-3,VR5_KET,PE-13,0.9561795,-27.863403,134.78894,"('0-000-00015_PV', '0-FFF-00044_cFos', '0-FFF-00037_Npas4', '0-FFF-00003_WFA')",True,"('0-000-00015_PV', '0-FFF-00044_cFos', '0-FFF-00037_Npas4', '0-FFF-00003_WFA')",0.9322645,quad_Npas4
17091,17091,PE-13-3_PFC_3.7_A_4.tif,PE-13-3_PFC_3.7_A,0-FFF-00099_Npas4,"('0-000-00001_PV', '0-FFF-00048_cFos', '0-FFF-00099_Npas4', '0-FFF-00007_WFA')",True,True,True,True,426.62,382.69,635.8529,549.5825,Npas4,PE-13-3,VR5_KET,PE-13,0.8643234,-86.270386,76.38196,"('0-000-00001_PV', '0-FFF-00048_cFos', '0-FFF-00099_Npas4', '0-FFF-00007_WFA')",True,"('0-000-00001_PV', '0-FFF-00048_cFos', '0-FFF-00099_Npas4', '0-FFF-00007_WFA')",0.528294,quad_Npas4
17199,17199,PE-13-3_PFC_3.7_B_4.tif,PE-13-3_PFC_3.7_B,0-200-00006_Npas4,"('0-000-00001_PV', '0-FFF-00054_cFos', '0-200-00006_Npas4', '0-FFF-00003_WFA')",True,True,True,True,140.36,94.34,559.1822,468.3306,Npas4,PE-13-3,VR5_KET,PE-13,0.83752775,-90.85159,71.80075,"('0-000-00001_PV', '0-FFF-00054_cFos', '0-200-00006_Npas4', '0-FFF-00003_WFA')",True,"('0-000-00001_PV', '0-FFF-00054_cFos', '0-200-00006_Npas4', '0-FFF-00003_WFA')",0.4966082,quad_Npas4
17250,17250,PE-13-3_PFC_3.7_B_4.tif,PE-13-3_PFC_3.7_B,0-FFF-00066_Npas4,"('0-000-00005_PV', '0-FFF-00037_cFos', '0-FFF-00066_Npas4', '0-FFF-00007_WFA')",True,True,True,True,333.14,361.43,559.1822,465.0272,Npas4,PE-13-3,VR5_KET,PE-13,0.83162016,-94.155,68.497345,"('0-000-00005_PV', '0-FFF-00037_cFos', '0-FFF-00066_Npas4', '0-FFF-00007_WFA')",True,"('0-000-00005_PV', '0-FFF-00037_cFos', '0-FFF-00066_Npas4', '0-FFF-00007_WFA')",0.47376028,quad_Npas4
17325,17325,PE-13-6_PFC_3.5_C_4.tif,PE-13-6_PFC_3.5_C,0-200-00001_Npas4,"('0-000-00000_PV', '0-FFF-00053_cFos', '0-200-00001_Npas4', '0-FFF-00002_WFA')",True,True,True,True,322.16,436.57,563.7008,453.7772,Npas4,PE-13-6,VR5_KET,PE-13,0.80499655,-109.923615,52.72873,"('0-000-00000_PV', '0-FFF-00053_cFos', '0-200-00001_Npas4', '0-FFF-00002_WFA')",True,"('0-000-00000_PV', '0-FFF-00053_cFos', '0-200-00001_Npas4', '0-FFF-00002_WFA')",0.364697,quad_Npas4
17634,17634,PE-13-6_PFC_3.7_A_4.tif,PE-13-6_PFC_3.7_A,0-FFF-00032_Npas4,"('0-000-00007_PV', '0-FFF-00007_cFos', '0-FFF-00032_Npas4', '0-FFF-00008_WFA')",True,True,True,True,235.8,176.0,605.8306,499.0847,Npas4,PE-13-6,VR5_KET,PE-13,0.82380235,-106.74594,55.906403,"('0-000-00007_PV', '0-FFF-00007_cFos', '0-FFF-00032_Npas4', '0-FFF-00008_WFA')",True,"('0-000-00007_PV', '0-FFF-00007_cFos', '0-FFF-00032_Npas4', '0-FFF-00008_WFA')",0.38667533,quad_Npas4
17644,17644,PE-13-6_PFC_3.7_A_4.tif,PE-13-6_PFC_3.7_A,0-FFF-00043_Npas4,"('0-000-00009_PV', '0-FFF-00013_cFos', '0-FFF-00043_Npas4', '0-FFF-00013_WFA')",True,True,True,True,77.53,299.72,605.8306,512.1171,Npas4,PE-13-6,VR5_KET,PE-13,0.845314,-93.7135,68.93884,"('0-000-00009_PV', '0-FFF-00013_cFos', '0-FFF-00043_Npas4', '0-FFF-00013_WFA')",True,"('0-000-00009_PV', '0-FFF-00013_cFos', '0-FFF-00043_Npas4', '0-FFF-00013_WFA')",0.47681388,quad_Npas4
17659,17659,PE-13-6_PFC_3.7_A_4.tif,PE-13-6_PFC_3.7_A,0-FFF-00064_Npas4,"('0-000-00002_PV', '0-FFF-00026_cFos', '0-FFF-00064_Npas4', '0-FFF-00003_WFA')",True,True,True,True,400.31,177.81,605.8306,537.8343,Npas4,PE-13-6,VR5_KET,PE-13,0.88776344,-67.99634,94.656006,"('0-000-00002_PV', '0-FFF-00026_cFos', '0-FFF-00064_Npas4', '0-FFF-00003_WFA')",True,"('0-000-00002_PV', '0-FFF-00026_cFos', '0-FFF-00064_Npas4', '0-FFF-00003_WFA')",0.65468603,quad_Npas4
17662,17662,PE-13-6_PFC_3.7_A_4.tif,PE-13-6_PFC_3.7_A,0-FFF-00068_Npas4,"('0-000-00011_PV', '0-FFF-00025_cFos', '0-FFF-00068_Npas4', '0-FFF-00006_WFA')",True,True,True,True,431.83,270.46,605.8306,488.0598,Npas4,PE-13-6,VR5_KET,PE-13,0.8056044,-117.77081,44.88153,"('0-000-00011_PV', '0-FFF-00025_cFos', '0-FFF-00068_Npas4', '0-FFF-00006_WFA')",True,"('0-000-00011_PV', '0-FFF-00025_cFos', '0-FFF-00068_Npas4', '0-FFF-00006_WFA')",0.31042203,quad_Npas4
17764,17764,PE-13-6_PFC_3.7_B_4.tif,PE-13-6_PFC_3.7_B,0-200-00001_Npas4,"('0-000-00001_PV', '0-FFF-00011_cFos', '0-200-00001_Npas4', '0-FFF-00001_WFA')",True,True,True,True,215.48,122.9,496.6199,434.3598,Npas4,PE-13-6,VR5_KET,PE-13,0.8746323,-62.2601,100.39224,"('0-000-00001_PV', '0-FFF-00011_cFos', '0-200-00001_Npas4', '0-FFF-00001_WFA')",True,"('0-000-00001_PV', '0-FFF-00011_cFos', '0-200-00001_Npas4', '0-FFF-00001_WFA')",0.69436055,quad_Npas4
17879,17879,PE-13-6_PFC_3.7_E_4.tif,PE-13-6_PFC_3.7_E,0-FFF-00030_Npas4,"('0-000-00000_PV', '0-FFF-00018_cFos', '0-FFF-00030_Npas4', '0-FFF-00005_WFA')",True,True,True,True,377.17,178.74,658.2427,590.6721,Npas4,PE-13-6,VR5_KET,PE-13,0.89734703,-67.57056,95.08179,"('0-000-00000_PV', '0-FFF-00018_cFos', '0-FFF-00030_Npas4', '0-FFF-00005_WFA')",True,"('0-000-00000_PV', '0-FFF-00018_cFos', '0-FFF-00030_Npas4', '0-FFF-00005_WFA')",0.6576309,quad_Npas4
18013,18013,PE-13-9_PFC_3.3_C_4.tif,PE-13-9_PFC_3.3_C,0-FFF-00005_Npas4,"('0-000-00007_PV', '0-FFF-00014_cFos', '0-FFF-00005_Npas4', '0-FFF-00012_WFA')",True,True,True,True,45.4,65.34,510.5312,442.831,Npas4,PE-13-9,VR5_SAL,PE-13,0.86739266,-67.700195,94.95215,"('0-000-00007_PV', '0-FFF-00014_cFos', '0-FFF-00005_Npas4', '0-FFF-00012_WFA')",True,"('0-000-00007_PV', '0-FFF-00014_cFos', '0-FFF-00005_Npas4', '0-FFF-00012_WFA')",0.6567343,quad_Npas4
18062,18062,PE-13-9_PFC_3.3_C_4.tif,PE-13-9_PFC_3.3_C,0-FFF-00060_Npas4,"('0-000-00003_PV', '0-FFF-00022_cFos', '0-FFF-00060_Npas4', '0-FFF-00006_WFA')",True,True,True,True,189.68,352.68,510.5312,432.8886,Npas4,PE-13-9,VR5_SAL,PE-13,0.84791803,-77.64258,85.009766,"('0-000-00003_PV', '0-FFF-00022_cFos', '0-FFF-00060_Npas4', '0-FFF-00006_WFA')",True,"('0-000-00003_PV', '0-FFF-00022_cFos', '0-FFF-00060_Npas4', '0-FFF-00006_WFA')",0.58796805,quad_Npas4
18174,18174,PE-13-9_PFC_3.4_D_4.tif,PE-13-9_PFC_3.4_D,0-FFF-00011_Npas4,"('0-000-00003_PV', '0-FFF-00028_cFos', '0-FFF-00011_Npas4', '0-FFF-00008_WFA')",True,True,True,True,365.21,21.85,628.8377,544.3529,Npas4,PE-13-9,VR5_SAL,PE-13,0.8656493,-84.4848,78.16754,"('0-000-00003_PV', '0-FFF-00028_cFos', '0-FFF-00011_Npas4', '0-FFF-00008_WFA')",True,"('0-000-00003_PV', '0-FFF-00028_cFos', '0-FFF-00011_Npas4', '0-FFF-00008_WFA')",0.54064393,quad_Npas4
18207,18207,PE-13-9_PFC_3.4_D_4.tif,PE-13-9_PFC_3.4_D,0-FFF-00060_Npas4,"('0-FFF-00010_PV', '0-FFF-00043_cFos', '0-FFF-00060_Npas4', '0-FFF-00001_WFA')",True,True,True,True,213.59,312.35,628.8377,520.5518,Npas4,PE-13-9,VR5_SAL,PE-13,0.8277999,-108.28589,54.366455,"('0-FFF-00010_PV', '0-FFF-00043_cFos', '0-FFF-00060_Npas4', '0-FFF-00001_WFA')",True,"('0-FFF-00010_PV', '0-FFF-00043_cFos', '0-FFF-00060_Npas4', '0-FFF-00001_WFA')",0.3760243,quad_Npas4
