,index,filename,image_name,roi_id,true_grouping,dummy_PV,dummy_cFos,dummy_Npas4,dummy_WFA,CoM_x,CoM_y,background,mean_intensity,stain_type,rat_n,treatment,group_name,snr,mean-background,adjusted_mean-background,true_grouping_literal,matching_len,updated_true_grouping,norm_adjusted_mean-background,coloc_stain_type
203,203,KET-10-12_PFC_3.7_A_5.tif,KET-10-12_PFC_3.7_A,0-FFF-00001_WFA,"('0-000-00012_PV', '0-005-00036_cFos', '0-FFF-00009_Npas4', '0-FFF-00001_WFA')",True,True,True,True,229.25,163.76,115.7134,107.1459,WFA,KET-10-12,FR1_KET,KET-10,0.9259593,-8.567505,8.807594,"('0-000-00012_PV', '0-005-00036_cFos', '0-FFF-00009_Npas4', '0-FFF-00001_WFA')",True,"('0-000-00012_PV', '0-005-00036_cFos', '0-FFF-00009_Npas4', '0-FFF-00001_WFA')",0.27165926,quad_WFA
204,204,KET-10-12_PFC_3.7_A_5.tif,KET-10-12_PFC_3.7_A,0-FFF-00002_WFA,"('0-000-00008_PV', '0-005-00017_cFos', '0-FFF-00062_Npas4', '0-FFF-00002_WFA')",True,True,True,True,172.04,315.17,115.7134,126.9843,WFA,KET-10-12,FR1_KET,KET-10,1.0974035,11.270897,28.645996,"('0-000-00008_PV', '0-005-00017_cFos', '0-FFF-00062_Npas4', '0-FFF-00002_WFA')",True,"('0-000-00008_PV', '0-005-00017_cFos', '0-FFF-00062_Npas4', '0-FFF-00002_WFA')",0.88355,quad_WFA
435,435,KET-10-12_PFC_3.7_B_5.tif,KET-10-12_PFC_3.7_B,0-FFF-00002_WFA,"('0-000-00010_PV', '0-005-00059_cFos', '0-FFF-00006_Npas4', '0-FFF-00002_WFA')",True,True,True,True,355.12,80.95,122.6643,125.2753,WFA,KET-10-12,FR1_KET,KET-10,1.0212858,2.611,19.9861,"('0-000-00010_PV', '0-005-00059_cFos', '0-FFF-00006_Npas4', '0-FFF-00002_WFA')",True,"('0-000-00010_PV', '0-005-00059_cFos', '0-FFF-00006_Npas4', '0-FFF-00002_WFA')",0.61644626,quad_WFA
438,438,KET-10-12_PFC_3.7_B_5.tif,KET-10-12_PFC_3.7_B,0-FFF-00005_WFA,"('0-000-00004_PV', '0-FFF-00108_cFos', '0-FFF-00056_Npas4', '0-FFF-00005_WFA')",True,True,True,True,365.57,279.02,122.6643,132.5129,WFA,KET-10-12,FR1_KET,KET-10,1.080289,9.848595,27.223694,"('0-000-00004_PV', '0-FFF-00108_cFos', '0-FFF-00056_Npas4', '0-FFF-00005_WFA')",True,"('0-000-00004_PV', '0-FFF-00108_cFos', '0-FFF-00056_Npas4', '0-FFF-00005_WFA')",0.83968085,quad_WFA
440,440,KET-10-12_PFC_3.7_B_5.tif,KET-10-12_PFC_3.7_B,0-FFF-00007_WFA,"('0-000-00007_PV', '0-005-00089_cFos', '0-FFF-00062_Npas4', '0-FFF-00007_WFA')",True,True,True,True,428.08,367.17,122.6643,125.0151,WFA,KET-10-12,FR1_KET,KET-10,1.0191644,2.3507996,19.725899,"('0-000-00007_PV', '0-005-00089_cFos', '0-FFF-00062_Npas4', '0-FFF-00007_WFA')",True,"('0-000-00007_PV', '0-005-00089_cFos', '0-FFF-00062_Npas4', '0-FFF-00007_WFA')",0.6084207,quad_WFA
442,442,KET-10-12_PFC_3.7_B_5.tif,KET-10-12_PFC_3.7_B,0-FFF-00009_WFA,"('0-000-00000_PV', '0-FFF-00119_cFos', '0-FFF-00099_Npas4', '0-FFF-00009_WFA')",True,True,True,True,153.83,483.91,122.6643,164.3943,WFA,KET-10-12,FR1_KET,KET-10,1.3401968,41.730003,59.105103,"('0-000-00000_PV', '0-FFF-00119_cFos', '0-FFF-00099_Npas4', '0-FFF-00009_WFA')",True,"('0-000-00000_PV', '0-FFF-00119_cFos', '0-FFF-00099_Npas4', '0-FFF-00009_WFA')",1.8230231,quad_WFA
643,643,KET-10-12_PFC_3.9_C_5.tif,KET-10-12_PFC_3.9_C,0-FFF-00003_WFA,"('0-000-00005_PV', '0-005-00004_cFos', '0-FFF-00047_Npas4', '0-FFF-00003_WFA')",True,True,True,True,322.8,409.84,116.5215,124.0156,WFA,KET-10-12,FR1_KET,KET-10,1.0643152,7.4941025,24.869202,"('0-000-00005_PV', '0-005-00004_cFos', '0-FFF-00047_Npas4', '0-FFF-00003_WFA')",True,"('0-000-00005_PV', '0-005-00004_cFos', '0-FFF-00047_Npas4', '0-FFF-00003_WFA')",0.76705945,quad_WFA
644,644,KET-10-12_PFC_3.9_C_5.tif,KET-10-12_PFC_3.9_C,0-FFF-00004_WFA,"('0-000-00007_PV', '0-FFF-00065_cFos', '0-FFF-00058_Npas4', '0-FFF-00004_WFA')",True,True,True,True,179.9,391.8,116.5215,105.3705,WFA,KET-10-12,FR1_KET,KET-10,0.9043009,-11.151001,6.224098,"('0-000-00007_PV', '0-FFF-00065_cFos', '0-FFF-00058_Npas4', '0-FFF-00004_WFA')",True,"('0-000-00007_PV', '0-FFF-00065_cFos', '0-FFF-00058_Npas4', '0-FFF-00004_WFA')",0.19197454,quad_WFA
845,845,KET-10-12_PFC_3.9_D_5.tif,KET-10-12_PFC_3.9_D,0-FFF-00004_WFA,"('0-000-00007_PV', '0-005-00001_cFos', '0-FFF-00032_Npas4', '0-FFF-00004_WFA')",True,True,True,True,385.11,95.04,112.1747,101.5668,WFA,KET-10-12,FR1_KET,KET-10,0.90543413,-10.607895,6.7672043,"('0-000-00007_PV', '0-005-00001_cFos', '0-FFF-00032_Npas4', '0-FFF-00004_WFA')",True,"('0-000-00007_PV', '0-005-00001_cFos', '0-FFF-00032_Npas4', '0-FFF-00004_WFA')",0.20872596,quad_WFA
1058,1058,KET-10-12_PFC_4.0_E_5.tif,KET-10-12_PFC_4.0_E,0-FFF-00002_WFA,"('0-000-00005_PV', '0-FFF-00081_cFos', '0-FFF-00033_Npas4', '0-FFF-00002_WFA')",True,True,True,True,289.59,66.58,123.6606,118.5894,WFA,KET-10-12,FR1_KET,KET-10,0.958991,-5.0711975,12.303902,"('0-000-00005_PV', '0-FFF-00081_cFos', '0-FFF-00033_Npas4', '0-FFF-00002_WFA')",True,"('0-000-00005_PV', '0-FFF-00081_cFos', '0-FFF-00033_Npas4', '0-FFF-00002_WFA')",0.37949848,quad_WFA
1059,1059,KET-10-12_PFC_4.0_E_5.tif,KET-10-12_PFC_4.0_E,0-FFF-00003_WFA,"('0-000-00008_PV', '0-005-00017_cFos', '0-FFF-00035_Npas4', '0-FFF-00003_WFA')",True,True,True,True,326.26,85.6,123.6606,130.9338,WFA,KET-10-12,FR1_KET,KET-10,1.0588158,7.2732086,24.648308,"('0-000-00008_PV', '0-005-00017_cFos', '0-FFF-00035_Npas4', '0-FFF-00003_WFA')",True,"('0-000-00008_PV', '0-005-00017_cFos', '0-FFF-00035_Npas4', '0-FFF-00003_WFA')",0.7602463,quad_WFA
1060,1060,KET-10-12_PFC_4.0_E_5.tif,KET-10-12_PFC_4.0_E,0-FFF-00004_WFA,"('0-000-00010_PV', '0-005-00023_cFos', '0-200-00010_Npas4', '0-FFF-00004_WFA')",True,True,True,True,324.21,200.26,123.6606,117.6434,WFA,KET-10-12,FR1_KET,KET-10,0.95134103,-6.0171967,11.357903,"('0-000-00010_PV', '0-005-00023_cFos', '0-200-00010_Npas4', '0-FFF-00004_WFA')",True,"('0-000-00010_PV', '0-005-00023_cFos', '0-200-00010_Npas4', '0-FFF-00004_WFA')",0.3503203,quad_WFA
1576,1576,KET-10-14_PFC_3.4_E_5.tif,KET-10-14_PFC_3.4_E,0-FFF-00007_WFA,"('0-000-00014_PV', '0-005-00027_cFos', '0-FFF-00103_Npas4', '0-FFF-00007_WFA')",True,True,True,True,308.72,410.68,124.9281,141.4072,WFA,KET-10-14,VR5_KET,KET-10,1.1319087,16.479095,33.854195,"('0-000-00014_PV', '0-005-00027_cFos', '0-FFF-00103_Npas4', '0-FFF-00007_WFA')",True,"('0-000-00014_PV', '0-005-00027_cFos', '0-FFF-00103_Npas4', '0-FFF-00007_WFA')",1.0441903,quad_WFA
1791,1791,KET-10-14_PFC_3.6_C_5.tif,KET-10-14_PFC_3.6_C,0-FFF-00002_WFA,"('0-000-00000_PV', '0-FFF-00079_cFos', '0-FFF-00108_Npas4', '0-FFF-00002_WFA')",True,True,True,True,200.11,383.7,112.9728,136.4311,WFA,KET-10-14,VR5_KET,KET-10,1.2076457,23.458305,40.833405,"('0-000-00000_PV', '0-FFF-00079_cFos', '0-FFF-00108_Npas4', '0-FFF-00002_WFA')",True,"('0-000-00000_PV', '0-FFF-00079_cFos', '0-FFF-00108_Npas4', '0-FFF-00002_WFA')",1.2594553,quad_WFA
1792,1792,KET-10-14_PFC_3.6_C_5.tif,KET-10-14_PFC_3.6_C,0-FFF-00003_WFA,"('0-000-00002_PV', '0-FFF-00069_cFos', '0-FFF-00112_Npas4', '0-FFF-00003_WFA')",True,True,True,True,52.29,438.46,112.9728,136.2568,WFA,KET-10-14,VR5_KET,KET-10,1.2061027,23.284004,40.659103,"('0-000-00002_PV', '0-FFF-00069_cFos', '0-FFF-00112_Npas4', '0-FFF-00003_WFA')",True,"('0-000-00002_PV', '0-FFF-00069_cFos', '0-FFF-00112_Npas4', '0-FFF-00003_WFA')",1.2540792,quad_WFA
1989,1989,KET-10-14_PFC_3.7_A_5.tif,KET-10-14_PFC_3.7_A,0-FFF-00001_WFA,"('0-000-00011_PV', '0-FFF-00064_cFos', '0-FFF-00014_Npas4', '0-FFF-00001_WFA')",True,True,True,True,149.37,90.8,129.7479,123.7201,WFA,KET-10-14,VR5_KET,KET-10,0.95354223,-6.027794,11.347305,"('0-000-00011_PV', '0-FFF-00064_cFos', '0-FFF-00014_Npas4', '0-FFF-00001_WFA')",True,"('0-000-00011_PV', '0-FFF-00064_cFos', '0-FFF-00014_Npas4', '0-FFF-00001_WFA')",0.34999347,quad_WFA
1990,1990,KET-10-14_PFC_3.7_A_5.tif,KET-10-14_PFC_3.7_A,0-FFF-00002_WFA,"('0-000-00007_PV', '0-005-00021_cFos', '0-FFF-00023_Npas4', '0-FFF-00002_WFA')",True,True,True,True,320.39,95.41,129.7479,122.6068,WFA,KET-10-14,VR5_KET,KET-10,0.9449617,-7.141098,10.234001,"('0-000-00007_PV', '0-005-00021_cFos', '0-FFF-00023_Npas4', '0-FFF-00002_WFA')",True,"('0-000-00007_PV', '0-005-00021_cFos', '0-FFF-00023_Npas4', '0-FFF-00002_WFA')",0.315655,quad_WFA
1993,1993,KET-10-14_PFC_3.7_A_5.tif,KET-10-14_PFC_3.7_A,0-FFF-00005_WFA,"('0-000-00014_PV', '0-005-00019_cFos', '0-FFF-00030_Npas4', '0-FFF-00005_WFA')",True,True,True,True,369.72,199.8,129.7479,119.4874,WFA,KET-10-14,VR5_KET,KET-10,0.9209197,-10.260498,7.114601,"('0-000-00014_PV', '0-005-00019_cFos', '0-FFF-00030_Npas4', '0-FFF-00005_WFA')",True,"('0-000-00014_PV', '0-005-00019_cFos', '0-FFF-00030_Npas4', '0-FFF-00005_WFA')",0.21944098,quad_WFA
1997,1997,KET-10-14_PFC_3.7_A_5.tif,KET-10-14_PFC_3.7_A,0-FFF-00009_WFA,"('0-000-00003_PV', '0-005-00012_cFos', '0-FFF-00069_Npas4', '0-FFF-00009_WFA')",True,True,True,True,159.7,289.31,129.7479,118.9449,WFA,KET-10-14,VR5_KET,KET-10,0.91673857,-10.802994,6.5721054,"('0-000-00003_PV', '0-005-00012_cFos', '0-FFF-00069_Npas4', '0-FFF-00009_WFA')",True,"('0-000-00003_PV', '0-005-00012_cFos', '0-FFF-00069_Npas4', '0-FFF-00009_WFA')",0.20270838,quad_WFA
2230,2230,KET-10-14_PFC_3.7_B_5.tif,KET-10-14_PFC_3.7_B,0-FFF-00002_WFA,"('0-000-00000_PV', '0-FFF-00096_cFos', '0-FFF-00043_Npas4', '0-FFF-00002_WFA')",True,True,True,True,361.1,178.44,103.5741,97.8115,WFA,KET-10-14,VR5_KET,KET-10,0.9443626,-5.762596,11.612503,"('0-000-00000_PV', '0-FFF-00096_cFos', '0-FFF-00043_Npas4', '0-FFF-00002_WFA')",True,"('0-000-00000_PV', '0-FFF-00096_cFos', '0-FFF-00043_Npas4', '0-FFF-00002_WFA')",0.35817316,quad_WFA
2585,2585,KET-10-1_PFC_3.7_B_5.tif,KET-10-1_PFC_3.7_B,0-FFF-00004_WFA,"('0-000-00002_PV', '0-FFF-00053_cFos', '0-FFF-00029_Npas4', '0-FFF-00004_WFA')",True,True,True,True,378.71,225.51,80.5902,75.9423,WFA,KET-10-1,FR1_SAL,KET-10,0.94232666,-4.6479034,12.727196,"('0-000-00002_PV', '0-FFF-00053_cFos', '0-FFF-00029_Npas4', '0-FFF-00004_WFA')",True,"('0-000-00002_PV', '0-FFF-00053_cFos', '0-FFF-00029_Npas4', '0-FFF-00004_WFA')",0.39255446,quad_WFA
2586,2586,KET-10-1_PFC_3.7_B_5.tif,KET-10-1_PFC_3.7_B,0-FFF-00005_WFA,"('0-FFF-00005_PV', '0-005-00019_cFos', '0-FFF-00045_Npas4', '0-FFF-00005_WFA')",True,True,True,True,145.63,348.17,80.5902,76.6576,WFA,KET-10-1,FR1_SAL,KET-10,0.95120245,-3.932602,13.442497,"('0-FFF-00005_PV', '0-005-00019_cFos', '0-FFF-00045_Npas4', '0-FFF-00005_WFA')",True,"('0-FFF-00005_PV', '0-005-00019_cFos', '0-FFF-00045_Npas4', '0-FFF-00005_WFA')",0.41461703,quad_WFA
2708,2708,KET-10-1_PFC_3.7_C_5.tif,KET-10-1_PFC_3.7_C,0-FFF-00003_WFA,"('0-000-00001_PV', '0-005-00025_cFos', '0-FFF-00046_Npas4', '0-FFF-00003_WFA')",True,True,True,True,246.21,373.54,69.4637,75.9102,WFA,KET-10-1,FR1_SAL,KET-10,1.092804,6.4465027,23.821602,"('0-000-00001_PV', '0-005-00025_cFos', '0-FFF-00046_Npas4', '0-FFF-00003_WFA')",True,"('0-000-00001_PV', '0-005-00025_cFos', '0-FFF-00046_Npas4', '0-FFF-00003_WFA')",0.7347475,quad_WFA
2709,2709,KET-10-1_PFC_3.7_C_5.tif,KET-10-1_PFC_3.7_C,0-FFF-00004_WFA,"('0-000-00000_PV', '0-005-00014_cFos', '0-FFF-00045_Npas4', '0-FFF-00004_WFA')",True,True,True,True,269.61,416.78,69.4637,71.1713,WFA,KET-10-1,FR1_SAL,KET-10,1.0245826,1.7076035,19.082703,"('0-000-00000_PV', '0-005-00014_cFos', '0-FFF-00045_Npas4', '0-FFF-00004_WFA')",True,"('0-000-00000_PV', '0-005-00014_cFos', '0-FFF-00045_Npas4', '0-FFF-00004_WFA')",0.5885821,quad_WFA
2848,2848,KET-10-1_PFC_3.8_E_5.tif,KET-10-1_PFC_3.8_E,0-FFF-00001_WFA,"('0-000-00002_PV', '0-005-00024_cFos', '0-FFF-00043_Npas4', '0-FFF-00001_WFA')",True,True,True,True,11.67,346.06,94.5593,129.4013,WFA,KET-10-1,FR1_SAL,KET-10,1.3684672,34.842003,52.217102,"('0-000-00002_PV', '0-005-00024_cFos', '0-FFF-00043_Npas4', '0-FFF-00001_WFA')",True,"('0-000-00002_PV', '0-005-00024_cFos', '0-FFF-00043_Npas4', '0-FFF-00001_WFA')",1.6105713,quad_WFA
2849,2849,KET-10-1_PFC_3.8_E_5.tif,KET-10-1_PFC_3.8_E,0-FFF-00002_WFA,"('0-000-00001_PV', '0-005-00002_cFos', '0-FFF-00031_Npas4', '0-FFF-00002_WFA')",True,True,True,True,149.63,153.35,94.5593,90.5532,WFA,KET-10-1,FR1_SAL,KET-10,0.957634,-4.0061035,13.368996,"('0-000-00001_PV', '0-005-00002_cFos', '0-FFF-00031_Npas4', '0-FFF-00002_WFA')",True,"('0-000-00001_PV', '0-005-00002_cFos', '0-FFF-00031_Npas4', '0-FFF-00002_WFA')",0.41234997,quad_WFA
2850,2850,KET-10-1_PFC_3.8_E_5.tif,KET-10-1_PFC_3.8_E,0-FFF-00003_WFA,"('0-000-00003_PV', '0-FFF-00047_cFos', '0-FFF-00045_Npas4', '0-FFF-00003_WFA')",True,True,True,True,170.82,341.51,94.5593,102.4141,WFA,KET-10-1,FR1_SAL,KET-10,1.0830674,7.8547974,25.229897,"('0-000-00003_PV', '0-FFF-00047_cFos', '0-FFF-00045_Npas4', '0-FFF-00003_WFA')",True,"('0-000-00003_PV', '0-FFF-00047_cFos', '0-FFF-00045_Npas4', '0-FFF-00003_WFA')",0.77818465,quad_WFA
3002,3002,KET-10-1_PFC_4.0_A_5.tif,KET-10-1_PFC_4.0_A,0-FFF-00002_WFA,"('0-000-00001_PV', '0-FFF-00058_cFos', '0-FFF-00046_Npas4', '0-FFF-00002_WFA')",True,True,True,True,434.45,272.08,133.1002,133.7097,WFA,KET-10-1,FR1_SAL,KET-10,1.0045792,0.6094971,17.984596,"('0-000-00001_PV', '0-FFF-00058_cFos', '0-FFF-00046_Npas4', '0-FFF-00002_WFA')",True,"('0-000-00001_PV', '0-FFF-00058_cFos', '0-FFF-00046_Npas4', '0-FFF-00002_WFA')",0.5547124,quad_WFA
3472,3472,KET-10-2_PFC_3.5_B_5.tif,KET-10-2_PFC_3.5_B,0-FFF-00003_WFA,"('0-000-00009_PV', '0-005-00020_cFos', '0-FFF-00047_Npas4', '0-FFF-00003_WFA')",True,True,True,True,341.65,191.37,101.3371,98.1185,WFA,KET-10-2,VR5_SAL,KET-10,0.9682387,-3.2185974,14.156502,"('0-000-00009_PV', '0-005-00020_cFos', '0-FFF-00047_Npas4', '0-FFF-00003_WFA')",True,"('0-000-00009_PV', '0-005-00020_cFos', '0-FFF-00047_Npas4', '0-FFF-00003_WFA')",0.4366396,quad_WFA
3900,3900,KET-10-2_PFC_3.9_C_5.tif,KET-10-2_PFC_3.9_C,0-FFF-00001_WFA,"('0-000-00000_PV', '0-005-00034_cFos', '0-FFF-00035_Npas4', '0-FFF-00001_WFA')",True,True,True,True,185.12,146.03,107.0687,102.1016,WFA,KET-10-2,VR5_SAL,KET-10,0.9536083,-4.967102,12.407997,"('0-000-00000_PV', '0-005-00034_cFos', '0-FFF-00035_Npas4', '0-FFF-00001_WFA')",True,"('0-000-00000_PV', '0-005-00034_cFos', '0-FFF-00035_Npas4', '0-FFF-00001_WFA')",0.38270918,quad_WFA
3904,3904,KET-10-2_PFC_3.9_C_5.tif,KET-10-2_PFC_3.9_C,0-FFF-00005_WFA,"('0-000-00008_PV', '0-FFF-00069_cFos', '0-FFF-00038_Npas4', '0-FFF-00005_WFA')",True,True,True,True,187.82,63.28,107.0687,104.7401,WFA,KET-10-2,VR5_SAL,KET-10,0.9782513,-2.3286057,15.046494,"('0-000-00008_PV', '0-FFF-00069_cFos', '0-FFF-00038_Npas4', '0-FFF-00005_WFA')",True,"('0-000-00008_PV', '0-FFF-00069_cFos', '0-FFF-00038_Npas4', '0-FFF-00005_WFA')",0.4640903,quad_WFA
3905,3905,KET-10-2_PFC_3.9_C_5.tif,KET-10-2_PFC_3.9_C,0-FFF-00006_WFA,"('0-000-00003_PV', '0-FFF-00068_cFos', '0-FFF-00040_Npas4', '0-FFF-00006_WFA')",True,True,True,True,201.43,20.72,107.0687,96.192,WFA,KET-10-2,VR5_SAL,KET-10,0.89841384,-10.876701,6.498398,"('0-000-00003_PV', '0-FFF-00068_cFos', '0-FFF-00040_Npas4', '0-FFF-00006_WFA')",True,"('0-000-00003_PV', '0-FFF-00068_cFos', '0-FFF-00040_Npas4', '0-FFF-00006_WFA')",0.20043497,quad_WFA
3906,3906,KET-10-2_PFC_3.9_C_5.tif,KET-10-2_PFC_3.9_C,0-FFF-00007_WFA,"('0-000-00004_PV', '0-FFF-00086_cFos', '0-FFF-00095_Npas4', '0-FFF-00007_WFA')",True,True,True,True,210.78,315.16,107.0687,132.5585,WFA,KET-10-2,VR5_SAL,KET-10,1.2380695,25.4898,42.8649,"('0-000-00004_PV', '0-FFF-00086_cFos', '0-FFF-00095_Npas4', '0-FFF-00007_WFA')",True,"('0-000-00004_PV', '0-FFF-00086_cFos', '0-FFF-00095_Npas4', '0-FFF-00007_WFA')",1.3221142,quad_WFA
4018,4018,KET-10-2_PFC_4.0_E_5.tif,KET-10-2_PFC_4.0_E,0-FFF-00005_WFA,"('0-000-00002_PV', '0-005-00019_cFos', '0-FFF-00087_Npas4', '0-FFF-00005_WFA')",True,True,True,True,304.06,495.69,112.9159,163.4444,WFA,KET-10-2,VR5_SAL,KET-10,1.4474878,50.528496,67.903595,"('0-000-00002_PV', '0-005-00019_cFos', '0-FFF-00087_Npas4', '0-FFF-00005_WFA')",True,"('0-000-00002_PV', '0-005-00019_cFos', '0-FFF-00087_Npas4', '0-FFF-00005_WFA')",2.0944016,quad_WFA
4228,4228,KET-10-3_PFC_3.5_C_5.tif,KET-10-3_PFC_3.5_C,0-FFF-00005_WFA,"('0-000-00010_PV', '0-005-00052_cFos', '0-200-00013_Npas4', '0-FFF-00005_WFA')",True,True,True,True,25.11,87.21,134.1355,190.2334,WFA,KET-10-3,VR5_SAL,KET-10,1.4182181,56.0979,73.473,"('0-000-00010_PV', '0-005-00052_cFos', '0-200-00013_Npas4', '0-FFF-00005_WFA')",True,"('0-000-00010_PV', '0-005-00052_cFos', '0-200-00013_Npas4', '0-FFF-00005_WFA')",2.266183,quad_WFA
4845,4845,KET-10-3_PFC_3.8_B_5.tif,KET-10-3_PFC_3.8_B,0-FFF-00003_WFA,"('0-000-00006_PV', '0-005-00057_cFos', '0-005-00069_cFos', '0-FFF-00051_Npas4', '0-FFF-00003_WFA')",True,True,True,True,332.21,390.56,108.0635,123.2701,WFA,KET-10-3,VR5_SAL,KET-10,1.1407192,15.206604,32.581703,"('0-000-00006_PV', '0-005-00057_cFos', '0-005-00069_cFos', '0-FFF-00051_Npas4', '0-FFF-00003_WFA')",True,"('0-000-00006_PV', '0-005-00057_cFos', '0-005-00069_cFos', '0-FFF-00051_Npas4', '0-FFF-00003_WFA')",1.0049419,quad_WFA
4851,4851,KET-10-3_PFC_3.8_B_5.tif,KET-10-3_PFC_3.8_B,0-FFF-00009_WFA,"('0-000-00000_PV', '0-005-00017_cFos', '0-FFF-00018_Npas4', '0-FFF-00009_WFA')",True,True,True,True,147.86,34.29,108.0635,107.3958,WFA,KET-10-3,VR5_SAL,KET-10,0.9938212,-0.6677017,16.707397,"('0-000-00000_PV', '0-005-00017_cFos', '0-FFF-00018_Npas4', '0-FFF-00009_WFA')",True,"('0-000-00000_PV', '0-005-00017_cFos', '0-FFF-00018_Npas4', '0-FFF-00009_WFA')",0.5153188,quad_WFA
5008,5008,KET-10-3_PFC_4.0_A_5.tif,KET-10-3_PFC_4.0_A,0-FFF-00009_WFA,"('0-000-00005_PV', '0-005-00042_cFos', '0-FFF-00029_Npas4', '0-FFF-00009_WFA')",True,True,True,True,118.65,261.1,109.556,118.7506,WFA,KET-10-3,VR5_SAL,KET-10,1.0839261,9.194603,26.569702,"('0-000-00005_PV', '0-005-00042_cFos', '0-FFF-00029_Npas4', '0-FFF-00009_WFA')",True,"('0-000-00005_PV', '0-005-00042_cFos', '0-FFF-00029_Npas4', '0-FFF-00009_WFA')",0.81950927,quad_WFA
5152,5152,KET-10-4_PFC_3.5_C_5.tif,KET-10-4_PFC_3.5_C,0-FFF-00003_WFA,"('0-000-00004_PV', '0-005-00028_cFos', '0-FFF-00053_Npas4', '0-FFF-00003_WFA')",True,True,True,True,209.84,410.29,68.4884,66.7701,WFA,KET-10-4,VR5_SAL,KET-10,0.9749111,-1.7182999,15.656799,"('0-000-00004_PV', '0-005-00028_cFos', '0-FFF-00053_Npas4', '0-FFF-00003_WFA')",True,"('0-000-00004_PV', '0-005-00028_cFos', '0-FFF-00053_Npas4', '0-FFF-00003_WFA')",0.48291442,quad_WFA
5153,5153,KET-10-4_PFC_3.5_C_5.tif,KET-10-4_PFC_3.5_C,0-FFF-00004_WFA,"('0-000-00011_PV', '0-005-00002_cFos', '0-FFF-00033_Npas4', '0-FFF-00004_WFA')",True,True,True,True,57.15,242.51,68.4884,62.5762,WFA,KET-10-4,VR5_SAL,KET-10,0.91367584,-5.9122047,11.462894,"('0-000-00011_PV', '0-005-00002_cFos', '0-FFF-00033_Npas4', '0-FFF-00004_WFA')",True,"('0-000-00011_PV', '0-005-00002_cFos', '0-FFF-00033_Npas4', '0-FFF-00004_WFA')",0.35355866,quad_WFA
5304,5304,KET-10-4_PFC_3.7_D_5.tif,KET-10-4_PFC_3.7_D,0-FFF-00003_WFA,"('0-000-00001_PV', '0-005-00030_cFos', '0-FFF-00060_Npas4', '0-FFF-00003_WFA')",True,True,True,True,27.07,349.37,76.2907,72.6876,WFA,KET-10-4,VR5_SAL,KET-10,0.95277137,-3.6031036,13.771996,"('0-000-00001_PV', '0-005-00030_cFos', '0-FFF-00060_Npas4', '0-FFF-00003_WFA')",True,"('0-000-00001_PV', '0-005-00030_cFos', '0-FFF-00060_Npas4', '0-FFF-00003_WFA')",0.42478,quad_WFA
5472,5472,KET-10-4_PFC_3.8_B_5.tif,KET-10-4_PFC_3.8_B,0-FFF-00002_WFA,"('0-000-00006_PV', '0-005-00008_cFos', '0-FFF-00053_Npas4', '0-FFF-00002_WFA')",True,True,True,True,84.31,160.94,110.226,103.4416,WFA,KET-10-4,VR5_SAL,KET-10,0.9384501,-6.784401,10.590698,"('0-000-00006_PV', '0-005-00008_cFos', '0-FFF-00053_Npas4', '0-FFF-00002_WFA')",True,"('0-000-00006_PV', '0-005-00008_cFos', '0-FFF-00053_Npas4', '0-FFF-00002_WFA')",0.32665685,quad_WFA
5473,5473,KET-10-4_PFC_3.8_B_5.tif,KET-10-4_PFC_3.8_B,0-FFF-00003_WFA,"('0-000-00015_PV', '0-005-00051_cFos', '0-FFF-00055_Npas4', '0-FFF-00003_WFA')",True,True,True,True,15.29,125.46,110.226,110.8727,WFA,KET-10-4,VR5_SAL,KET-10,1.0058671,0.6467056,18.021805,"('0-000-00015_PV', '0-005-00051_cFos', '0-FFF-00055_Npas4', '0-FFF-00003_WFA')",True,"('0-000-00015_PV', '0-005-00051_cFos', '0-FFF-00055_Npas4', '0-FFF-00003_WFA')",0.55586004,quad_WFA
5678,5678,KET-10-4_PFC_3.8_E_5.tif,KET-10-4_PFC_3.8_E,0-001-00002_WFA,"('0-000-00007_PV', '0-005-00005_cFos', '0-FFF-00119_Npas4', '0-001-00002_WFA')",True,True,True,True,158.64,310.98,120.0979,171.4768,WFA,KET-10-4,VR5_SAL,KET-10,1.4278085,51.378906,68.754005,"('0-000-00007_PV', '0-005-00005_cFos', '0-FFF-00119_Npas4', '0-001-00002_WFA')",True,"('0-000-00007_PV', '0-005-00005_cFos', '0-FFF-00119_Npas4', '0-001-00002_WFA')",2.1206315,quad_WFA
5679,5679,KET-10-4_PFC_3.8_E_5.tif,KET-10-4_PFC_3.8_E,0-001-00004_WFA,"('0-000-00000_PV', '0-005-00003_cFos', '0-200-00021_Npas4', '0-001-00004_WFA')",True,True,True,True,68.52,84.17,120.0979,130.6901,WFA,KET-10-4,VR5_SAL,KET-10,1.0881963,10.592194,27.967293,"('0-000-00000_PV', '0-005-00003_cFos', '0-200-00021_Npas4', '0-001-00004_WFA')",True,"('0-000-00000_PV', '0-005-00003_cFos', '0-200-00021_Npas4', '0-001-00004_WFA')",0.86261624,quad_WFA
5680,5680,KET-10-4_PFC_3.8_E_5.tif,KET-10-4_PFC_3.8_E,0-FFF-00005_WFA,"('0-000-00004_PV', '0-FFF-00058_cFos', '0-FFF-00070_Npas4', '0-FFF-00005_WFA')",True,True,True,True,35.57,340.93,120.0979,125.3355,WFA,KET-10-4,VR5_SAL,KET-10,1.043611,5.237602,22.612701,"('0-000-00004_PV', '0-FFF-00058_cFos', '0-FFF-00070_Npas4', '0-FFF-00005_WFA')",True,"('0-000-00004_PV', '0-FFF-00058_cFos', '0-FFF-00070_Npas4', '0-FFF-00005_WFA')",0.69746053,quad_WFA
5883,5883,KET-10-4_PFC_4.1_A_5.tif,KET-10-4_PFC_4.1_A,0-001-00003_WFA,"('0-000-00008_PV', '0-005-00001_cFos', '0-200-00013_Npas4', '0-001-00003_WFA')",True,True,True,True,340.38,309.4,115.8302,180.5384,WFA,KET-10-4,VR5_SAL,KET-10,1.5586472,64.708206,82.083305,"('0-000-00008_PV', '0-005-00001_cFos', '0-200-00013_Npas4', '0-001-00003_WFA')",True,"('0-000-00008_PV', '0-005-00001_cFos', '0-200-00013_Npas4', '0-001-00003_WFA')",2.531757,quad_WFA
5885,5885,KET-10-4_PFC_4.1_A_5.tif,KET-10-4_PFC_4.1_A,0-FFF-00005_WFA,"('0-000-00002_PV', '0-005-00028_cFos', '0-FFF-00072_Npas4', '0-FFF-00005_WFA')",True,True,True,True,298.87,231.04,115.8302,125.9642,WFA,KET-10-4,VR5_SAL,KET-10,1.0874902,10.134003,27.509102,"('0-000-00002_PV', '0-005-00028_cFos', '0-FFF-00072_Npas4', '0-FFF-00005_WFA')",True,"('0-000-00002_PV', '0-005-00028_cFos', '0-FFF-00072_Npas4', '0-FFF-00005_WFA')",0.84848386,quad_WFA
5887,5887,KET-10-4_PFC_4.1_A_5.tif,KET-10-4_PFC_4.1_A,0-FFF-00007_WFA,"('0-FFF-00016_PV', '0-005-00011_cFos', '0-FFF-00029_Npas4', '0-FFF-00007_WFA')",True,True,True,True,24.39,56.4,115.8302,105.1123,WFA,KET-10-4,VR5_SAL,KET-10,0.90746886,-10.717903,6.657196,"('0-FFF-00016_PV', '0-005-00011_cFos', '0-FFF-00029_Npas4', '0-FFF-00007_WFA')",True,"('0-FFF-00016_PV', '0-005-00011_cFos', '0-FFF-00029_Npas4', '0-FFF-00007_WFA')",0.20533289,quad_WFA
6108,6108,KET-10-5_PFC_3.3_C_5.tif,KET-10-5_PFC_3.3_C,0-FFF-00008_WFA,"('0-000-00002_PV', '0-005-00025_cFos', '0-FFF-00027_Npas4', '0-FFF-00008_WFA')",True,True,True,True,300.01,75.07,111.2522,105.8851,WFA,KET-10-5,FR1_SAL,KET-10,0.9517574,-5.367096,12.008003,"('0-000-00002_PV', '0-005-00025_cFos', '0-FFF-00027_Npas4', '0-FFF-00008_WFA')",True,"('0-000-00002_PV', '0-005-00025_cFos', '0-FFF-00027_Npas4', '0-FFF-00008_WFA')",0.37037185,quad_WFA
6337,6337,KET-10-5_PFC_3.5_D_5.tif,KET-10-5_PFC_3.5_D,0-FFF-00002_WFA,"('0-000-00014_PV', '0-005-00045_cFos', '0-FFF-00010_Npas4', '0-FFF-00002_WFA')",True,True,True,True,132.16,41.92,112.5995,109.4561,WFA,KET-10-5,FR1_SAL,KET-10,0.97208333,-3.143402,14.231697,"('0-000-00014_PV', '0-005-00045_cFos', '0-FFF-00010_Npas4', '0-FFF-00002_WFA')",True,"('0-000-00014_PV', '0-005-00045_cFos', '0-FFF-00010_Npas4', '0-FFF-00002_WFA')",0.4389589,quad_WFA
6340,6340,KET-10-5_PFC_3.5_D_5.tif,KET-10-5_PFC_3.5_D,0-FFF-00005_WFA,"('0-000-00015_PV', '0-FFF-00074_cFos', '0-FFF-00121_Npas4', '0-FFF-00005_WFA')",True,True,True,True,317.12,437.28,112.5995,171.0331,WFA,KET-10-5,FR1_SAL,KET-10,1.5189507,58.433594,75.80869,"('0-000-00015_PV', '0-FFF-00074_cFos', '0-FFF-00121_Npas4', '0-FFF-00005_WFA')",True,"('0-000-00015_PV', '0-FFF-00074_cFos', '0-FFF-00121_Npas4', '0-FFF-00005_WFA')",2.3382244,quad_WFA
6554,6554,KET-10-5_PFC_3.5_E_5.tif,KET-10-5_PFC_3.5_E,0-FFF-00005_WFA,"('0-000-00008_PV', '0-005-00038_cFos', '0-FFF-00089_Npas4', '0-FFF-00005_WFA')",True,True,True,True,482.02,353.29,107.0275,141.8778,WFA,KET-10-5,FR1_SAL,KET-10,1.3256202,34.85031,52.22541,"('0-000-00008_PV', '0-005-00038_cFos', '0-FFF-00089_Npas4', '0-FFF-00005_WFA')",True,"('0-000-00008_PV', '0-005-00038_cFos', '0-FFF-00089_Npas4', '0-FFF-00005_WFA')",1.6108276,quad_WFA
6715,6715,KET-10-5_PFC_3.9_A_5.tif,KET-10-5_PFC_3.9_A,0-FFF-00001_WFA,"('0-000-00011_PV', '0-FFF-00080_cFos', '0-200-00011_Npas4', '0-FFF-00001_WFA')",True,True,True,True,52.37,177.04,116.8294,182.9665,WFA,KET-10-5,FR1_SAL,KET-10,1.5660999,66.13711,83.51221,"('0-000-00011_PV', '0-FFF-00080_cFos', '0-200-00011_Npas4', '0-FFF-00001_WFA')",True,"('0-000-00011_PV', '0-FFF-00080_cFos', '0-200-00011_Npas4', '0-FFF-00001_WFA')",2.5758297,quad_WFA
6716,6716,KET-10-5_PFC_3.9_A_5.tif,KET-10-5_PFC_3.9_A,0-FFF-00002_WFA,"('0-000-00002_PV', '0-FFF-00065_cFos', '0-FFF-00047_Npas4', '0-FFF-00002_WFA')",True,True,True,True,102.84,164.23,116.8294,172.1,WFA,KET-10-5,FR1_SAL,KET-10,1.4730881,55.270607,72.645706,"('0-000-00002_PV', '0-FFF-00065_cFos', '0-FFF-00047_Npas4', '0-FFF-00002_WFA')",True,"('0-000-00002_PV', '0-FFF-00065_cFos', '0-FFF-00047_Npas4', '0-FFF-00002_WFA')",2.2406662,quad_WFA
6717,6717,KET-10-5_PFC_3.9_A_5.tif,KET-10-5_PFC_3.9_A,0-FFF-00004_WFA,"('0-000-00003_PV', '0-005-00045_cFos', '0-200-00000_Npas4', '0-FFF-00004_WFA')",True,True,True,True,262.53,496.11,116.8294,146.3532,WFA,KET-10-5,FR1_SAL,KET-10,1.2527087,29.523796,46.898895,"('0-000-00003_PV', '0-005-00045_cFos', '0-200-00000_Npas4', '0-FFF-00004_WFA')",True,"('0-000-00003_PV', '0-005-00045_cFos', '0-200-00000_Npas4', '0-FFF-00004_WFA')",1.4465379,quad_WFA
6902,6902,KET-10-5_PFC_3.9_B_5.tif,KET-10-5_PFC_3.9_B,0-FFF-00005_WFA,"('0-000-00001_PV', '0-005-00022_cFos', '0-FFF-00019_Npas4', '0-FFF-00005_WFA')",True,True,True,True,449.68,80.84,105.7594,91.2739,WFA,KET-10-5,FR1_SAL,KET-10,0.8630335,-14.4854965,2.8896027,"('0-000-00001_PV', '0-005-00022_cFos', '0-FFF-00019_Npas4', '0-FFF-00005_WFA')",True,"('0-000-00001_PV', '0-005-00022_cFos', '0-FFF-00019_Npas4', '0-FFF-00005_WFA')",0.089126185,quad_WFA
7074,7074,KET-8-2_PFC_3.5_E_5.tif,KET-8-2_PFC_3.5_E,0-FFF-00002_WFA,"('0-000-00009_PV', '0-005-00022_cFos', '0-FFF-00081_Npas4', '0-FFF-00002_WFA')",True,True,True,True,218.84,283.72,80.5077,83.5718,WFA,KET-8-2,FR1_SAL,KET-8,1.0380597,3.0641022,20.439201,"('0-000-00009_PV', '0-005-00022_cFos', '0-FFF-00081_Npas4', '0-FFF-00002_WFA')",True,"('0-000-00009_PV', '0-005-00022_cFos', '0-FFF-00081_Npas4', '0-FFF-00002_WFA')",0.63042164,quad_WFA
7078,7078,KET-8-2_PFC_3.5_E_5.tif,KET-8-2_PFC_3.5_E,0-FFF-00006_WFA,"('0-000-00006_PV', '0-005-00001_cFos', '0-FFF-00026_Npas4', '0-FFF-00006_WFA')",True,True,True,True,453.5,41.09,80.5077,69.2553,WFA,KET-8-2,FR1_SAL,KET-8,0.86023206,-11.252396,6.1227036,"('0-000-00006_PV', '0-005-00001_cFos', '0-FFF-00026_Npas4', '0-FFF-00006_WFA')",True,"('0-000-00006_PV', '0-005-00001_cFos', '0-FFF-00026_Npas4', '0-FFF-00006_WFA')",0.18884714,quad_WFA
7223,7223,KET-8-2_PFC_3.6_D_5.tif,KET-8-2_PFC_3.6_D,0-FFF-00001_WFA,"('0-000-00001_PV', '0-FFF-00038_cFos', '0-FFF-00027_Npas4', '0-FFF-00001_WFA')",True,True,True,True,305.61,258.07,80.6375,76.9269,WFA,KET-8-2,FR1_SAL,KET-8,0.95398426,-3.7105942,13.664505,"('0-000-00001_PV', '0-FFF-00038_cFos', '0-FFF-00027_Npas4', '0-FFF-00001_WFA')",True,"('0-000-00001_PV', '0-FFF-00038_cFos', '0-FFF-00027_Npas4', '0-FFF-00001_WFA')",0.4214646,quad_WFA
7698,7698,KET-8-2_PFC_3.7_C_5.tif,KET-8-2_PFC_3.7_C,0-FFF-00001_WFA,"('0-000-00009_PV', '0-0-00023_cFos', '0-FFF-00048_Npas4', '0-FFF-00001_WFA')",True,True,True,True,172.27,320.3,103.8075,101.4921,WFA,KET-8-2,FR1_SAL,KET-8,0.9776953,-2.3153992,15.0597,"('0-000-00009_PV', '0-0-00023_cFos', '0-FFF-00048_Npas4', '0-FFF-00001_WFA')",True,"('0-000-00009_PV', '0-0-00023_cFos', '0-FFF-00048_Npas4', '0-FFF-00001_WFA')",0.46449763,quad_WFA
7702,7702,KET-8-2_PFC_3.7_C_5.tif,KET-8-2_PFC_3.7_C,0-FFF-00005_WFA,"('0-000-00013_PV', '0-0-00037_cFos', '0-FFF-00067_Npas4', '0-FFF-00005_WFA')",True,True,True,True,371.49,37.72,103.8075,108.2537,WFA,KET-8-2,FR1_SAL,KET-8,1.0428312,4.4461975,21.821297,"('0-000-00013_PV', '0-0-00037_cFos', '0-FFF-00067_Npas4', '0-FFF-00005_WFA')",True,"('0-000-00013_PV', '0-0-00037_cFos', '0-FFF-00067_Npas4', '0-FFF-00005_WFA')",0.67305064,quad_WFA
7889,7889,KET-8-2_PFC_4.0_A_5.tif,KET-8-2_PFC_4.0_A,0-FFF-00003_WFA,"('0-FFF-00014_PV', '0-005-00027_cFos', '0-FFF-00076_Npas4', '0-FFF-00003_WFA')",True,True,True,True,326.06,217.37,117.9471,110.9739,WFA,KET-8-2,FR1_SAL,KET-8,0.94087857,-6.973198,10.401901,"('0-FFF-00014_PV', '0-005-00027_cFos', '0-FFF-00076_Npas4', '0-FFF-00003_WFA')",True,"('0-FFF-00014_PV', '0-005-00027_cFos', '0-FFF-00076_Npas4', '0-FFF-00003_WFA')",0.32083365,quad_WFA
7890,7890,KET-8-2_PFC_4.0_A_5.tif,KET-8-2_PFC_4.0_A,0-FFF-00004_WFA,"('0-000-00001_PV', '0-005-00024_cFos', '0-FFF-00052_Npas4', '0-FFF-00004_WFA')",True,True,True,True,262.91,246.48,117.9471,107.346,WFA,KET-8-2,FR1_SAL,KET-8,0.9101199,-10.601097,6.774002,"('0-000-00001_PV', '0-005-00024_cFos', '0-FFF-00052_Npas4', '0-FFF-00004_WFA')",True,"('0-000-00001_PV', '0-005-00024_cFos', '0-FFF-00052_Npas4', '0-FFF-00004_WFA')",0.20893563,quad_WFA
8090,8090,KET-8-7_PFC_3.5_D_5.tif,KET-8-7_PFC_3.5_D,0-FFF-00005_WFA,"('0-000-00008_PV', '0-005-00028_cFos', '0-FFF-00071_Npas4', '0-FFF-00005_WFA')",True,True,True,True,360.99,393.62,86.8918,78.0433,WFA,KET-8-7,VR5_KET,KET-8,0.8981664,-8.848503,8.526596,"('0-000-00008_PV', '0-005-00028_cFos', '0-FFF-00071_Npas4', '0-FFF-00005_WFA')",True,"('0-000-00008_PV', '0-005-00028_cFos', '0-FFF-00071_Npas4', '0-FFF-00005_WFA')",0.2629922,quad_WFA
8288,8288,KET-8-7_PFC_3.7_C_5.tif,KET-8-7_PFC_3.7_C,0-FFF-00004_WFA,"('0-000-00003_PV', '0-FFF-00088_cFos', '0-FFF-00028_Npas4', '0-FFF-00004_WFA')",True,True,True,True,370.78,81.11,96.7847,110.8212,WFA,KET-8-7,VR5_KET,KET-8,1.1450281,14.036499,31.411598,"('0-000-00003_PV', '0-FFF-00088_cFos', '0-FFF-00028_Npas4', '0-FFF-00004_WFA')",True,"('0-000-00003_PV', '0-FFF-00088_cFos', '0-FFF-00028_Npas4', '0-FFF-00004_WFA')",0.9688515,quad_WFA
8289,8289,KET-8-7_PFC_3.7_C_5.tif,KET-8-7_PFC_3.7_C,0-FFF-00005_WFA,"('0-000-00014_PV', '0-005-00035_cFos', '0-200-00002_Npas4', '0-FFF-00005_WFA')",True,True,True,True,411.21,162.25,96.7847,113.0008,WFA,KET-8-7,VR5_KET,KET-8,1.1675482,16.216103,33.5912,"('0-000-00014_PV', '0-005-00035_cFos', '0-200-00002_Npas4', '0-FFF-00005_WFA')",True,"('0-000-00014_PV', '0-005-00035_cFos', '0-200-00002_Npas4', '0-FFF-00005_WFA')",1.0360787,quad_WFA
8292,8292,KET-8-7_PFC_3.7_C_5.tif,KET-8-7_PFC_3.7_C,0-FFF-00008_WFA,"('0-000-00004_PV', '0-005-00012_cFos', '0-FFF-00069_Npas4', '0-FFF-00008_WFA')",True,True,True,True,316.58,320.23,96.7847,86.9201,WFA,KET-8-7,VR5_KET,KET-8,0.89807683,-9.864601,7.510498,"('0-000-00004_PV', '0-005-00012_cFos', '0-FFF-00069_Npas4', '0-FFF-00008_WFA')",True,"('0-000-00004_PV', '0-005-00012_cFos', '0-FFF-00069_Npas4', '0-FFF-00008_WFA')",0.23165193,quad_WFA
8294,8294,KET-8-7_PFC_3.7_C_5.tif,KET-8-7_PFC_3.7_C,0-FFF-00010_WFA,"('0-000-00008_PV', '0-005-00026_cFos', '0-005-00024_cFos', '0-FFF-00088_Npas4', '0-FFF-00010_WFA')",True,True,True,True,431.42,443.67,96.7847,91.9913,WFA,KET-8-7,VR5_KET,KET-8,0.9504736,-4.793396,12.581703,"('0-000-00008_PV', '0-005-00026_cFos', '0-005-00024_cFos', '0-FFF-00088_Npas4', '0-FFF-00010_WFA')",True,"('0-000-00008_PV', '0-005-00026_cFos', '0-FFF-00088_Npas4', '0-FFF-00010_WFA')",0.38806692,quad_WFA
8497,8497,KET-8-7_PFC_4.0_A_5.tif,KET-8-7_PFC_4.0_A,0-FFF-00002_WFA,"('0-000-00013_PV', '0-FFF-00041_cFos', '0-FFF-00010_Npas4', '0-FFF-00002_WFA')",True,True,True,True,22.32,110.67,125.9495,160.059,WFA,KET-8-7,VR5_KET,KET-8,1.270819,34.109505,51.484604,"('0-000-00013_PV', '0-FFF-00041_cFos', '0-FFF-00010_Npas4', '0-FFF-00002_WFA')",True,"('0-000-00013_PV', '0-FFF-00041_cFos', '0-FFF-00010_Npas4', '0-FFF-00002_WFA')",1.5879782,quad_WFA
8501,8501,KET-8-7_PFC_4.0_A_5.tif,KET-8-7_PFC_4.0_A,0-FFF-00006_WFA,"('0-000-00006_PV', '0-005-00005_cFos', '0-FFF-00120_Npas4', '0-FFF-00006_WFA')",True,True,True,True,254.98,397.46,125.9495,144.5331,WFA,KET-8-7,VR5_KET,KET-8,1.147548,18.583595,35.958694,"('0-000-00006_PV', '0-005-00005_cFos', '0-FFF-00120_Npas4', '0-FFF-00006_WFA')",True,"('0-000-00006_PV', '0-005-00005_cFos', '0-FFF-00120_Npas4', '0-FFF-00006_WFA')",1.109101,quad_WFA
8504,8504,KET-8-7_PFC_4.0_A_5.tif,KET-8-7_PFC_4.0_A,0-FFF-00009_WFA,"('0-000-00003_PV', '0-FFF-00049_cFos', '0-FFF-00126_Npas4', '0-FFF-00009_WFA')",True,True,True,True,459.1,249.93,125.9495,112.8439,WFA,KET-8-7,VR5_KET,KET-8,0.8959456,-13.105598,4.2695007,"('0-000-00003_PV', '0-FFF-00049_cFos', '0-FFF-00126_Npas4', '0-FFF-00009_WFA')",True,"('0-000-00003_PV', '0-FFF-00049_cFos', '0-FFF-00126_Npas4', '0-FFF-00009_WFA')",0.13168742,quad_WFA
8667,8667,KET-8-7_PFC_4.0_B_5.tif,KET-8-7_PFC_4.0_B,0-FFF-00004_WFA,"('0-000-00001_PV', '0-FFF-00035_cFos', '0-FFF-00054_Npas4', '0-FFF-00004_WFA')",True,True,True,True,220.21,324.8,90.5131,80.6048,WFA,KET-8-7,VR5_KET,KET-8,0.89053184,-9.908302,7.466797,"('0-000-00001_PV', '0-FFF-00035_cFos', '0-FFF-00054_Npas4', '0-FFF-00004_WFA')",True,"('0-000-00001_PV', '0-FFF-00035_cFos', '0-FFF-00054_Npas4', '0-FFF-00004_WFA')",0.23030402,quad_WFA
8817,8817,KET-9-1_PFC_3.6_A_5.tif,KET-9-1_PFC_3.6_A,0-FFF-00001_WFA,"('0-000-00003_PV', '0-FFF-00037_cFos', '0-FFF-00022_Npas4', '0-FFF-00001_WFA')",True,True,True,True,33.68,160.74,114.217,123.6343,WFA,KET-9-1,FR1_KET,KET-9,1.0824509,9.417297,26.792397,"('0-000-00003_PV', '0-FFF-00037_cFos', '0-FFF-00022_Npas4', '0-FFF-00001_WFA')",True,"('0-000-00003_PV', '0-FFF-00037_cFos', '0-FFF-00022_Npas4', '0-FFF-00001_WFA')",0.826378,quad_WFA
8820,8820,KET-9-1_PFC_3.6_A_5.tif,KET-9-1_PFC_3.6_A,0-FFF-00004_WFA,"('0-000-00006_PV', '0-FFF-00030_cFos', '0-200-00002_Npas4', '0-FFF-00004_WFA')",True,True,True,True,389.02,452.42,114.217,120.5058,WFA,KET-9-1,FR1_KET,KET-9,1.05506,6.2887955,23.663895,"('0-000-00006_PV', '0-FFF-00030_cFos', '0-200-00002_Npas4', '0-FFF-00004_WFA')",True,"('0-000-00006_PV', '0-FFF-00030_cFos', '0-200-00002_Npas4', '0-FFF-00004_WFA')",0.72988325,quad_WFA
8822,8822,KET-9-1_PFC_3.6_A_5.tif,KET-9-1_PFC_3.6_A,0-FFF-00006_WFA,"('0-000-00010_PV', '0-FFF-00015_cFos', '0-FFF-00069_Npas4', '0-FFF-00006_WFA')",True,True,True,True,161.89,7.34,114.217,189.2215,WFA,KET-9-1,FR1_KET,KET-9,1.6566842,75.00449,92.37959,"('0-000-00010_PV', '0-FFF-00015_cFos', '0-FFF-00069_Npas4', '0-FFF-00006_WFA')",True,"('0-000-00010_PV', '0-FFF-00015_cFos', '0-FFF-00069_Npas4', '0-FFF-00006_WFA')",2.849333,quad_WFA
8936,8936,KET-9-1_PFC_3.6_D_5.tif,KET-9-1_PFC_3.6_D,0-FFF-00006_WFA,"('0-000-00000_PV', '0-FFF-00038_cFos', '0-FFF-00012_Npas4', '0-FFF-00006_WFA')",True,True,True,True,134.62,34.33,108.2219,108.4124,WFA,KET-9-1,FR1_KET,KET-9,1.0017602,0.19049835,17.565598,"('0-000-00000_PV', '0-FFF-00038_cFos', '0-FFF-00012_Npas4', '0-FFF-00006_WFA')",True,"('0-000-00000_PV', '0-FFF-00038_cFos', '0-FFF-00012_Npas4', '0-FFF-00006_WFA')",0.54178894,quad_WFA
8937,8937,KET-9-1_PFC_3.6_D_5.tif,KET-9-1_PFC_3.6_D,0-FFF-00007_WFA,"('0-000-00003_PV', '0-FFF-00001_cFos', '0-200-00006_Npas4', '0-FFF-00007_WFA')",True,True,True,True,194.38,105.79,108.2219,106.7188,WFA,KET-9-1,FR1_KET,KET-9,0.986111,-1.5030975,15.872002,"('0-000-00003_PV', '0-FFF-00001_cFos', '0-200-00006_Npas4', '0-FFF-00007_WFA')",True,"('0-000-00003_PV', '0-FFF-00001_cFos', '0-200-00006_Npas4', '0-FFF-00007_WFA')",0.48955205,quad_WFA
9073,9073,KET-9-1_PFC_3.7_C_5.tif,KET-9-1_PFC_3.7_C,0-FFF-00001_WFA,"('0-000-00003_PV', '0-FFF-00001_cFos', '0-FFF-00001_Npas4', '0-FFF-00001_WFA')",True,True,True,True,49.07,74.25,91.4531,111.4908,WFA,KET-9-1,FR1_KET,KET-9,1.2191036,20.037697,37.412796,"('0-000-00003_PV', '0-FFF-00001_cFos', '0-FFF-00001_Npas4', '0-FFF-00001_WFA')",True,"('0-000-00003_PV', '0-FFF-00001_cFos', '0-FFF-00001_Npas4', '0-FFF-00001_WFA')",1.1539509,quad_WFA
9074,9074,KET-9-1_PFC_3.7_C_5.tif,KET-9-1_PFC_3.7_C,0-FFF-00002_WFA,"('0-000-00001_PV', '0-FFF-00010_cFos', '0-FFF-00020_Npas4', '0-FFF-00002_WFA')",True,True,True,True,207.31,260.72,91.4531,107.3788,WFA,KET-9-1,FR1_KET,KET-9,1.1741406,15.925697,33.300797,"('0-000-00001_PV', '0-FFF-00010_cFos', '0-FFF-00020_Npas4', '0-FFF-00002_WFA')",True,"('0-000-00001_PV', '0-FFF-00010_cFos', '0-FFF-00020_Npas4', '0-FFF-00002_WFA')",1.0271214,quad_WFA
9230,9230,KET-9-2_PFC_3.5_E_5.tif,KET-9-2_PFC_3.5_E,0-FFF-00002_WFA,"('0-FFF-00011_PV', '0-005-00006_cFos', '0-FFF-00005_Npas4', '0-FFF-00002_WFA')",True,True,True,True,48.28,10.47,136.5605,194.1112,WFA,KET-9-2,FR1_SAL,KET-9,1.4214301,57.550705,74.925804,"('0-FFF-00011_PV', '0-005-00006_cFos', '0-FFF-00005_Npas4', '0-FFF-00002_WFA')",True,"('0-FFF-00011_PV', '0-005-00006_cFos', '0-FFF-00005_Npas4', '0-FFF-00002_WFA')",2.310993,quad_WFA
9237,9237,KET-9-2_PFC_3.5_E_5.tif,KET-9-2_PFC_3.5_E,0-FFF-00009_WFA,"('0-000-00004_PV', '0-FFF-00035_cFos', '0-FFF-00014_Npas4', '0-FFF-00009_WFA')",True,True,True,True,476.8,152.71,136.5605,141.4966,WFA,KET-9-2,FR1_SAL,KET-9,1.0361458,4.936096,22.311195,"('0-000-00004_PV', '0-FFF-00035_cFos', '0-FFF-00014_Npas4', '0-FFF-00009_WFA')",True,"('0-000-00004_PV', '0-FFF-00035_cFos', '0-FFF-00014_Npas4', '0-FFF-00009_WFA')",0.68816096,quad_WFA
9240,9240,KET-9-2_PFC_3.5_E_5.tif,KET-9-2_PFC_3.5_E,0-FFF-00012_WFA,"('0-000-00000_PV', '0-005-00008_cFos', '0-FFF-00040_Npas4', '0-FFF-00012_WFA')",True,True,True,True,80.27,307.81,136.5605,158.4328,WFA,KET-9-2,FR1_SAL,KET-9,1.1601657,21.8723,39.2474,"('0-000-00000_PV', '0-005-00008_cFos', '0-FFF-00040_Npas4', '0-FFF-00012_WFA')",True,"('0-000-00000_PV', '0-005-00008_cFos', '0-FFF-00040_Npas4', '0-FFF-00012_WFA')",1.210537,quad_WFA
9242,9242,KET-9-2_PFC_3.5_E_5.tif,KET-9-2_PFC_3.5_E,0-FFF-00014_WFA,"('0-000-00001_PV', '0-005-00012_cFos', '0-FFF-00047_Npas4', '0-FFF-00014_WFA')",True,True,True,True,431.86,382.68,136.5605,127.7491,WFA,KET-9-2,FR1_SAL,KET-9,0.9354762,-8.811401,8.563698,"('0-000-00001_PV', '0-005-00012_cFos', '0-FFF-00047_Npas4', '0-FFF-00014_WFA')",True,"('0-000-00001_PV', '0-005-00012_cFos', '0-FFF-00047_Npas4', '0-FFF-00014_WFA')",0.26413655,quad_WFA
9328,9328,KET-9-2_PFC_3.7_A_5.tif,KET-9-2_PFC_3.7_A,0-FFF-00002_WFA,"('0-000-00007_PV', '0-FFF-00001_cFos', '0-FFF-00035_Npas4', '0-FFF-00002_WFA')",True,True,True,True,345.68,229.86,136.3011,209.352,WFA,KET-9-2,FR1_SAL,KET-9,1.5359524,73.0509,90.426,"('0-000-00007_PV', '0-FFF-00001_cFos', '0-FFF-00035_Npas4', '0-FFF-00002_WFA')",True,"('0-000-00007_PV', '0-FFF-00001_cFos', '0-FFF-00035_Npas4', '0-FFF-00002_WFA')",2.789077,quad_WFA
9330,9330,KET-9-2_PFC_3.7_A_5.tif,KET-9-2_PFC_3.7_A,0-FFF-00004_WFA,"('0-000-00003_PV', '0-FFF-00006_cFos', '0-FFF-00051_Npas4', '0-FFF-00004_WFA')",True,True,True,True,281.13,393.98,136.3011,151.1536,WFA,KET-9-2,FR1_SAL,KET-9,1.1089683,14.852493,32.227592,"('0-000-00003_PV', '0-FFF-00006_cFos', '0-FFF-00051_Npas4', '0-FFF-00004_WFA')",True,"('0-000-00003_PV', '0-FFF-00006_cFos', '0-FFF-00051_Npas4', '0-FFF-00004_WFA')",0.9940198,quad_WFA
9334,9334,KET-9-2_PFC_3.7_A_5.tif,KET-9-2_PFC_3.7_A,0-FFF-00008_WFA,"('0-000-00010_PV', '0-FFF-00005_cFos', '0-200-00014_Npas4', '0-FFF-00008_WFA')",True,True,True,True,495.34,158.23,136.3011,209.7289,WFA,KET-9-2,FR1_SAL,KET-9,1.5387175,73.427795,90.802895,"('0-000-00010_PV', '0-FFF-00005_cFos', '0-200-00014_Npas4', '0-FFF-00008_WFA')",True,"('0-000-00010_PV', '0-FFF-00005_cFos', '0-200-00014_Npas4', '0-FFF-00008_WFA')",2.8007019,quad_WFA
9414,9414,KET-9-2_PFC_3.7_C_5.tif,KET-9-2_PFC_3.7_C,0-FFF-00002_WFA,"('0-000-00006_PV', '0-005-00001_cFos', '0-FFF-00040_Npas4', '0-FFF-00002_WFA')",True,True,True,True,156.98,344.44,118.0683,173.5155,WFA,KET-9-2,FR1_SAL,KET-9,1.4696198,55.447205,72.8223,"('0-000-00006_PV', '0-005-00001_cFos', '0-FFF-00040_Npas4', '0-FFF-00002_WFA')",True,"('0-000-00006_PV', '0-005-00001_cFos', '0-FFF-00040_Npas4', '0-FFF-00002_WFA')",2.246113,quad_WFA
9416,9416,KET-9-2_PFC_3.7_C_5.tif,KET-9-2_PFC_3.7_C,0-FFF-00004_WFA,"('0-000-00001_PV', '0-005-00003_cFos', '0-FFF-00054_Npas4', '0-FFF-00004_WFA')",True,True,True,True,361.63,497.97,118.0683,134.1192,WFA,KET-9-2,FR1_SAL,KET-9,1.1359459,16.050903,33.426003,"('0-000-00001_PV', '0-005-00003_cFos', '0-FFF-00054_Npas4', '0-FFF-00004_WFA')",True,"('0-000-00001_PV', '0-005-00003_cFos', '0-FFF-00054_Npas4', '0-FFF-00004_WFA')",1.0309833,quad_WFA
9508,9508,KET-9-2_PFC_3.7_D_5.tif,KET-9-2_PFC_3.7_D,0-FFF-00005_WFA,"('0-000-00009_PV', '0-005-00010_cFos', '0-FFF-00006_Npas4', '0-FFF-00005_WFA')",True,True,True,True,257.12,33.34,126.1111,155.4665,WFA,KET-9-2,FR1_SAL,KET-9,1.2327741,29.355408,46.730507,"('0-000-00009_PV', '0-005-00010_cFos', '0-FFF-00006_Npas4', '0-FFF-00005_WFA')",True,"('0-000-00009_PV', '0-005-00010_cFos', '0-FFF-00006_Npas4', '0-FFF-00005_WFA')",1.4413441,quad_WFA
9509,9509,KET-9-2_PFC_3.7_D_5.tif,KET-9-2_PFC_3.7_D,0-FFF-00006_WFA,"('0-000-00000_PV', '0-005-00004_cFos', '0-200-00003_Npas4', '0-FFF-00006_WFA')",True,True,True,True,335.72,171.22,126.1111,133.0647,WFA,KET-9-2,FR1_SAL,KET-9,1.0551387,6.953598,24.328697,"('0-000-00000_PV', '0-005-00004_cFos', '0-200-00003_Npas4', '0-FFF-00006_WFA')",True,"('0-000-00000_PV', '0-005-00004_cFos', '0-200-00003_Npas4', '0-FFF-00006_WFA')",0.75038826,quad_WFA
9577,9577,KET-9-2_PFC_3.9_B_5.tif,KET-9-2_PFC_3.9_B,0-FFF-00001_WFA,"('0-000-00001_PV', '0-005-00010_cFos', '0-FFF-00021_Npas4', '0-FFF-00001_WFA')",True,True,True,True,162.35,160.1,122.3235,125.7919,WFA,KET-9-2,FR1_SAL,KET-9,1.0283543,3.468399,20.843498,"('0-000-00001_PV', '0-005-00010_cFos', '0-FFF-00021_Npas4', '0-FFF-00001_WFA')",True,"('0-000-00001_PV', '0-005-00010_cFos', '0-FFF-00021_Npas4', '0-FFF-00001_WFA')",0.64289165,quad_WFA
9578,9578,KET-9-2_PFC_3.9_B_5.tif,KET-9-2_PFC_3.9_B,0-FFF-00002_WFA,"('0-000-00003_PV', '0-005-00008_cFos', '0-FFF-00050_Npas4', '0-FFF-00002_WFA')",True,True,True,True,335.8,353.54,122.3235,155.8814,WFA,KET-9-2,FR1_SAL,KET-9,1.2743373,33.55789,50.93299,"('0-000-00003_PV', '0-005-00008_cFos', '0-FFF-00050_Npas4', '0-FFF-00002_WFA')",True,"('0-000-00003_PV', '0-005-00008_cFos', '0-FFF-00050_Npas4', '0-FFF-00002_WFA')",1.5709645,quad_WFA
9583,9583,KET-9-2_PFC_3.9_B_5.tif,KET-9-2_PFC_3.9_B,0-FFF-00007_WFA,"('0-000-00000_PV', '0-005-00007_cFos', '0-FFF-00042_Npas4', '0-FFF-00007_WFA')",True,True,True,True,180.38,365.26,122.3235,177.2165,WFA,KET-9-2,FR1_SAL,KET-9,1.4487528,54.893005,72.268105,"('0-000-00000_PV', '0-005-00007_cFos', '0-FFF-00042_Npas4', '0-FFF-00007_WFA')",True,"('0-000-00000_PV', '0-005-00007_cFos', '0-FFF-00042_Npas4', '0-FFF-00007_WFA')",2.2290194,quad_WFA
9730,9730,KET-9-4_PFC_3.5_E_5.tif,KET-9-4_PFC_3.5_E,0-FFF-00001_WFA,"('0-000-00001_PV', '0-005-00024_cFos', '0-200-00002_Npas4', '0-FFF-00001_WFA')",True,True,True,True,37.17,95.17,96.3054,96.3161,WFA,KET-9-4,FR1_SAL,KET-9,1.0001111,0.0107040405,17.385803,"('0-000-00001_PV', '0-005-00024_cFos', '0-200-00002_Npas4', '0-FFF-00001_WFA')",True,"('0-000-00001_PV', '0-005-00024_cFos', '0-200-00002_Npas4', '0-FFF-00001_WFA')",0.5362434,quad_WFA
9879,9879,KET-9-4_PFC_3.7_C_5.tif,KET-9-4_PFC_3.7_C,0-FFF-00001_WFA,"('0-000-00002_PV', '0-FFF-00050_cFos', '0-FFF-00010_Npas4', '0-FFF-00001_WFA')",True,True,True,True,202.26,121.98,95.0303,91.5225,WFA,KET-9-4,FR1_SAL,KET-9,0.9630876,-3.5077972,13.867302,"('0-000-00002_PV', '0-FFF-00050_cFos', '0-FFF-00010_Npas4', '0-FFF-00001_WFA')",True,"('0-000-00002_PV', '0-FFF-00050_cFos', '0-FFF-00010_Npas4', '0-FFF-00001_WFA')",0.4277196,quad_WFA
9881,9881,KET-9-4_PFC_3.7_C_5.tif,KET-9-4_PFC_3.7_C,0-FFF-00003_WFA,"('0-000-00001_PV', '0-FFF-00036_cFos', '0-FFF-00025_Npas4', '0-FFF-00003_WFA')",True,True,True,True,376.77,127.55,95.0303,108.3773,WFA,KET-9-4,FR1_SAL,KET-9,1.14045,13.347,30.7221,"('0-000-00001_PV', '0-FFF-00036_cFos', '0-FFF-00025_Npas4', '0-FFF-00003_WFA')",True,"('0-000-00001_PV', '0-FFF-00036_cFos', '0-FFF-00025_Npas4', '0-FFF-00003_WFA')",0.9475848,quad_WFA
10004,10004,KET-9-4_PFC_3.7_D_5.tif,KET-9-4_PFC_3.7_D,0-FFF-00005_WFA,"('0-000-00004_PV', '0-005-00002_cFos', '0-200-00000_Npas4', '0-FFF-00005_WFA')",True,True,True,True,388.91,343.77,86.8195,171.0365,WFA,KET-9-4,FR1_SAL,KET-9,1.9700239,84.216995,101.592094,"('0-000-00004_PV', '0-005-00002_cFos', '0-200-00000_Npas4', '0-FFF-00005_WFA')",True,"('0-000-00004_PV', '0-005-00002_cFos', '0-200-00000_Npas4', '0-FFF-00005_WFA')",3.1334813,quad_WFA
10147,10147,KET-9-4_PFC_4.0_A_5.tif,KET-9-4_PFC_4.0_A,0-FFF-00001_WFA,"('0-000-00005_PV', '0-005-00004_cFos', '0-FFF-00016_Npas4', '0-FFF-00001_WFA')",True,True,True,True,240.86,160.88,83.6668,107.2597,WFA,KET-9-4,FR1_SAL,KET-9,1.2819864,23.592896,40.967995,"('0-000-00005_PV', '0-005-00004_cFos', '0-FFF-00016_Npas4', '0-FFF-00001_WFA')",True,"('0-000-00005_PV', '0-005-00004_cFos', '0-FFF-00016_Npas4', '0-FFF-00001_WFA')",1.2636067,quad_WFA
10287,10287,KET-9-4_PFC_4.0_B_5.tif,KET-9-4_PFC_4.0_B,0-FFF-00002_WFA,"('0-000-00000_PV', '0-005-00010_cFos', '0-FFF-00008_Npas4', '0-FFF-00002_WFA')",True,True,True,True,133.14,49.86,81.5757,86.7816,WFA,KET-9-4,FR1_SAL,KET-9,1.0638168,5.205902,22.581001,"('0-000-00000_PV', '0-005-00010_cFos', '0-FFF-00008_Npas4', '0-FFF-00002_WFA')",True,"('0-000-00000_PV', '0-005-00010_cFos', '0-FFF-00008_Npas4', '0-FFF-00002_WFA')",0.6964828,quad_WFA
10289,10289,KET-9-4_PFC_4.0_B_5.tif,KET-9-4_PFC_4.0_B,0-FFF-00004_WFA,"('0-000-00004_PV', '0-FFF-00043_cFos', '0-FFF-00017_Npas4', '0-FFF-00004_WFA')",True,True,True,True,479.9,58.47,81.5757,80.6518,WFA,KET-9-4,FR1_SAL,KET-9,0.98867434,-0.9238968,16.451202,"('0-000-00004_PV', '0-FFF-00043_cFos', '0-FFF-00017_Npas4', '0-FFF-00004_WFA')",True,"('0-000-00004_PV', '0-FFF-00043_cFos', '0-FFF-00017_Npas4', '0-FFF-00004_WFA')",0.5074168,quad_WFA
10381,10381,KET-9-5_PFC_3.5_B_5.tif,KET-9-5_PFC_3.5_B,0-FFF-00002_WFA,"('0-000-00002_PV', '0-FFF-00038_cFos', '0-FFF-00018_Npas4', '0-FFF-00002_WFA')",True,True,True,True,257.84,498.52,90.3695,133.2845,WFA,KET-9-5,FR1_SAL,KET-9,1.4748837,42.915,60.2901,"('0-000-00002_PV', '0-FFF-00038_cFos', '0-FFF-00018_Npas4', '0-FFF-00002_WFA')",True,"('0-000-00002_PV', '0-FFF-00038_cFos', '0-FFF-00018_Npas4', '0-FFF-00002_WFA')",1.8595729,quad_WFA
10484,10484,KET-9-5_PFC_3.5_C_5.tif,KET-9-5_PFC_3.5_C,0-FFF-00005_WFA,"('0-000-00006_PV', '0-FFF-00043_cFos', '0-FFF-00047_Npas4', '0-FFF-00005_WFA')",True,True,True,True,201.88,362.96,96.5136,99.285,WFA,KET-9-5,FR1_SAL,KET-9,1.0287151,2.7714005,20.1465,"('0-000-00006_PV', '0-FFF-00043_cFos', '0-FFF-00047_Npas4', '0-FFF-00005_WFA')",True,"('0-000-00006_PV', '0-FFF-00043_cFos', '0-FFF-00047_Npas4', '0-FFF-00005_WFA')",0.6213936,quad_WFA
10656,10656,KET-9-5_PFC_3.5_D_5.tif,KET-9-5_PFC_3.5_D,0-FFF-00001_WFA,"('0-000-00003_PV', '0-005-00000_cFos', '0-FFF-00042_Npas4', '0-FFF-00001_WFA')",True,True,True,True,433.27,388.64,99.1741,95.7175,WFA,KET-9-5,FR1_SAL,KET-9,0.9651461,-3.456604,13.918495,"('0-000-00003_PV', '0-005-00000_cFos', '0-FFF-00042_Npas4', '0-FFF-00001_WFA')",True,"('0-000-00003_PV', '0-005-00000_cFos', '0-FFF-00042_Npas4', '0-FFF-00001_WFA')",0.4292986,quad_WFA
10662,10662,KET-9-5_PFC_3.5_D_5.tif,KET-9-5_PFC_3.5_D,0-FFF-00007_WFA,"('0-000-00000_PV', '0-FFF-00071_cFos', '0-FFF-00017_Npas4', '0-FFF-00007_WFA')",True,True,True,True,493.54,105.73,99.1741,85.2424,WFA,KET-9-5,FR1_SAL,KET-9,0.85952276,-13.931702,3.4433975,"('0-000-00000_PV', '0-FFF-00071_cFos', '0-FFF-00017_Npas4', '0-FFF-00007_WFA')",True,"('0-000-00000_PV', '0-FFF-00071_cFos', '0-FFF-00017_Npas4', '0-FFF-00007_WFA')",0.106207296,quad_WFA
10663,10663,KET-9-5_PFC_3.5_D_5.tif,KET-9-5_PFC_3.5_D,0-FFF-00008_WFA,"('0-000-00004_PV', '0-005-00016_cFos', '0-200-00006_Npas4', '0-FFF-00008_WFA')",True,True,True,True,24.28,120.37,99.1741,92.9515,WFA,KET-9-5,FR1_SAL,KET-9,0.93725574,-6.222603,11.152496,"('0-000-00004_PV', '0-005-00016_cFos', '0-200-00006_Npas4', '0-FFF-00008_WFA')",True,"('0-000-00004_PV', '0-005-00016_cFos', '0-200-00006_Npas4', '0-FFF-00008_WFA')",0.3439848,quad_WFA
10841,10841,KET-9-5_PFC_3.5_E_5.tif,KET-9-5_PFC_3.5_E,0-FFF-00001_WFA,"('0-FFF-00002_PV', '0-005-00030_cFos', '0-FFF-00018_Npas4', '0-FFF-00001_WFA')",True,True,True,True,362.01,12.81,105.4536,146.5316,WFA,KET-9-5,FR1_SAL,KET-9,1.3895363,41.078003,58.453102,"('0-FFF-00002_PV', '0-005-00030_cFos', '0-FFF-00018_Npas4', '0-FFF-00001_WFA')",True,"('0-FFF-00002_PV', '0-005-00030_cFos', '0-FFF-00018_Npas4', '0-FFF-00001_WFA')",1.802913,quad_WFA
10842,10842,KET-9-5_PFC_3.5_E_5.tif,KET-9-5_PFC_3.5_E,0-FFF-00002_WFA,"('0-000-00001_PV', '0-005-00014_cFos', '0-200-00011_Npas4', '0-FFF-00002_WFA')",True,True,True,True,413.95,16.72,105.4536,164.4275,WFA,KET-9-5,FR1_SAL,KET-9,1.5592403,58.973907,76.34901,"('0-000-00001_PV', '0-005-00014_cFos', '0-200-00011_Npas4', '0-FFF-00002_WFA')",True,"('0-000-00001_PV', '0-005-00014_cFos', '0-200-00011_Npas4', '0-FFF-00002_WFA')",2.3548896,quad_WFA
11218,11218,KET-9-6_PFC_3.6_E_5.tif,KET-9-6_PFC_3.6_E,0-FFF-00003_WFA,"('0-000-00004_PV', '0-005-00017_cFos', '0-FFF-00063_Npas4', '0-FFF-00003_WFA')",True,True,True,True,215.66,216.78,96.0052,90.8425,WFA,KET-9-6,FR1_SAL,KET-9,0.94622475,-5.1627045,12.212395,"('0-000-00004_PV', '0-005-00017_cFos', '0-FFF-00063_Npas4', '0-FFF-00003_WFA')",True,"('0-000-00004_PV', '0-005-00017_cFos', '0-FFF-00063_Npas4', '0-FFF-00003_WFA')",0.37667605,quad_WFA
11439,11439,KET-9-6_PFC_3.8_B_5.tif,KET-9-6_PFC_3.8_B,0-FFF-00002_WFA,"('0-000-00001_PV', '0-005-00017_cFos', '0-FFF-00102_Npas4', '0-FFF-00002_WFA')",True,True,True,True,345.55,448.91,98.3939,91.2108,WFA,KET-9-6,FR1_SAL,KET-9,0.9269965,-7.183098,10.192001,"('0-000-00001_PV', '0-005-00017_cFos', '0-FFF-00102_Npas4', '0-FFF-00002_WFA')",True,"('0-000-00001_PV', '0-005-00017_cFos', '0-FFF-00102_Npas4', '0-FFF-00002_WFA')",0.31435955,quad_WFA
11440,11440,KET-9-6_PFC_3.8_B_5.tif,KET-9-6_PFC_3.8_B,0-FFF-00003_WFA,"('0-000-00002_PV', '0-005-00007_cFos', '0-200-00008_Npas4', '0-FFF-00003_WFA')",True,True,True,True,124.9,150.93,98.3939,94.0738,WFA,KET-9-6,FR1_SAL,KET-9,0.95609385,-4.320099,13.055,"('0-000-00002_PV', '0-005-00007_cFos', '0-200-00008_Npas4', '0-FFF-00003_WFA')",True,"('0-000-00002_PV', '0-005-00007_cFos', '0-200-00008_Npas4', '0-FFF-00003_WFA')",0.40266517,quad_WFA
11441,11441,KET-9-6_PFC_3.8_B_5.tif,KET-9-6_PFC_3.8_B,0-FFF-00004_WFA,"('0-FFF-00003_PV', '0-FFF-00090_cFos', '0-FFF-00052_Npas4', '0-FFF-00004_WFA')",True,True,True,True,205.29,203.57,98.3939,86.835,WFA,KET-9-6,FR1_SAL,KET-9,0.88252425,-11.558899,5.8162003,"('0-FFF-00003_PV', '0-FFF-00090_cFos', '0-FFF-00052_Npas4', '0-FFF-00004_WFA')",True,"('0-FFF-00003_PV', '0-FFF-00090_cFos', '0-FFF-00052_Npas4', '0-FFF-00004_WFA')",0.17939343,quad_WFA
11443,11443,KET-9-6_PFC_3.8_B_5.tif,KET-9-6_PFC_3.8_B,0-FFF-00006_WFA,"('0-FFF-00011_PV', '0-005-00031_cFos', '0-FFF-00025_Npas4', '0-FFF-00006_WFA')",True,True,True,True,348.17,10.67,98.3939,109.6976,WFA,KET-9-6,FR1_SAL,KET-9,1.1148821,11.303703,28.678802,"('0-FFF-00011_PV', '0-005-00031_cFos', '0-FFF-00025_Npas4', '0-FFF-00006_WFA')",True,"('0-FFF-00011_PV', '0-005-00031_cFos', '0-FFF-00025_Npas4', '0-FFF-00006_WFA')",0.88456184,quad_WFA
11633,11633,KET-9-6_PFC_3.8_C_5.tif,KET-9-6_PFC_3.8_C,0-FFF-00003_WFA,"('0-000-00000_PV', '0-FFF-00075_cFos', '0-FFF-00053_Npas4', '0-FFF-00003_WFA')",True,True,True,True,85.35,178.96,101.5203,102.4129,WFA,KET-9-6,FR1_SAL,KET-9,1.0087923,0.892601,18.2677,"('0-000-00000_PV', '0-FFF-00075_cFos', '0-FFF-00053_Npas4', '0-FFF-00003_WFA')",True,"('0-000-00000_PV', '0-FFF-00075_cFos', '0-FFF-00053_Npas4', '0-FFF-00003_WFA')",0.5634444,quad_WFA
11635,11635,KET-9-6_PFC_3.8_C_5.tif,KET-9-6_PFC_3.8_C,0-FFF-00005_WFA,"('0-000-00001_PV', '0-005-00011_cFos', '0-FFF-00081_Npas4', '0-FFF-00005_WFA')",True,True,True,True,275.13,496.39,101.5203,96.6406,WFA,KET-9-6,FR1_SAL,KET-9,0.95193374,-4.8796997,12.495399,"('0-000-00001_PV', '0-005-00011_cFos', '0-FFF-00081_Npas4', '0-FFF-00005_WFA')",True,"('0-000-00001_PV', '0-005-00011_cFos', '0-FFF-00081_Npas4', '0-FFF-00005_WFA')",0.38540497,quad_WFA
11805,11805,KET-9-6_PFC_3.8_D_5.tif,KET-9-6_PFC_3.8_D,0-FFF-00003_WFA,"('0-FFF-00003_PV', '0-FFF-00069_cFos', '0-200-00011_Npas4', '0-FFF-00003_WFA')",True,True,True,True,392.85,16.42,90.288,125.5271,WFA,KET-9-6,FR1_SAL,KET-9,1.3902966,35.239098,52.614197,"('0-FFF-00003_PV', '0-FFF-00069_cFos', '0-200-00011_Npas4', '0-FFF-00003_WFA')",True,"('0-FFF-00003_PV', '0-FFF-00069_cFos', '0-200-00011_Npas4', '0-FFF-00003_WFA')",1.6228192,quad_WFA
11995,11995,KET-9-6_PFC_4.0_A_5.tif,KET-9-6_PFC_4.0_A,0-FFF-00004_WFA,"('0-000-00001_PV', '0-005-00044_cFos', '0-FFF-00093_Npas4', '0-FFF-00004_WFA')",True,True,True,True,285.04,361.92,115.3648,110.6839,WFA,KET-9-6,FR1_SAL,KET-9,0.9594252,-4.6809006,12.694199,"('0-000-00001_PV', '0-005-00044_cFos', '0-FFF-00093_Npas4', '0-FFF-00004_WFA')",True,"('0-000-00001_PV', '0-005-00044_cFos', '0-FFF-00093_Npas4', '0-FFF-00004_WFA')",0.3915367,quad_WFA
11998,11998,KET-9-6_PFC_4.0_A_5.tif,KET-9-6_PFC_4.0_A,0-FFF-00007_WFA,"('0-000-00002_PV', '0-005-00058_cFos', '0-FFF-00034_Npas4', '0-FFF-00007_WFA')",True,True,True,True,46.3,213.21,115.3648,110.1187,WFA,KET-9-6,FR1_SAL,KET-9,0.954526,-5.2461014,12.128998,"('0-000-00002_PV', '0-005-00058_cFos', '0-FFF-00034_Npas4', '0-FFF-00007_WFA')",True,"('0-000-00002_PV', '0-005-00058_cFos', '0-FFF-00034_Npas4', '0-FFF-00007_WFA')",0.37410378,quad_WFA
12147,12147,PE-12-1_PFC_3.3_D_5.tif,PE-12-1_PFC_3.3_D,0-FFF-00007_WFA,"('0-000-00001_PV', '0-FFF-00052_cFos', '0-FFF-00021_Npas4', '0-FFF-00007_WFA')",True,True,True,True,414.51,81.89,115.666,111.7281,WFA,PE-12-1,FR1_KET,PE-12,0.9659546,-3.9378967,13.437202,"('0-000-00001_PV', '0-FFF-00052_cFos', '0-FFF-00021_Npas4', '0-FFF-00007_WFA')",True,"('0-000-00001_PV', '0-FFF-00052_cFos', '0-FFF-00021_Npas4', '0-FFF-00007_WFA')",0.41445372,quad_WFA
12572,12572,PE-12-1_PFC_3.5_C_5.tif,PE-12-1_PFC_3.5_C,0-FFF-00001_WFA,"('0-000-00003_PV', '0-FFF-00102_cFos', '0-FFF-00037_Npas4', '0-FFF-00001_WFA')",True,True,True,True,480.76,128.28,119.5114,107.214,WFA,PE-12-1,FR1_KET,PE-12,0.8971027,-12.297401,5.0776978,"('0-000-00003_PV', '0-FFF-00102_cFos', '0-FFF-00037_Npas4', '0-FFF-00001_WFA')",True,"('0-000-00003_PV', '0-FFF-00102_cFos', '0-FFF-00037_Npas4', '0-FFF-00001_WFA')",0.15661524,quad_WFA
12573,12573,PE-12-1_PFC_3.5_C_5.tif,PE-12-1_PFC_3.5_C,0-FFF-00002_WFA,"('0-000-00009_PV', '0-005-00010_cFos', '0-FFF-00054_Npas4', '0-FFF-00002_WFA')",True,True,True,True,396.37,429.37,119.5114,117.8673,WFA,PE-12-1,FR1_KET,PE-12,0.9862432,-1.6440964,15.731003,"('0-000-00009_PV', '0-005-00010_cFos', '0-FFF-00054_Npas4', '0-FFF-00002_WFA')",True,"('0-000-00009_PV', '0-005-00010_cFos', '0-FFF-00054_Npas4', '0-FFF-00002_WFA')",0.48520315,quad_WFA
12574,12574,PE-12-1_PFC_3.5_C_5.tif,PE-12-1_PFC_3.5_C,0-FFF-00003_WFA,"('0-000-00010_PV', '0-FFF-00104_cFos', '0-FFF-00051_Npas4', '0-FFF-00003_WFA')",True,True,True,True,425.77,467.42,119.5114,125.669,WFA,PE-12-1,FR1_KET,PE-12,1.0515231,6.1576004,23.5327,"('0-000-00010_PV', '0-FFF-00104_cFos', '0-FFF-00051_Npas4', '0-FFF-00003_WFA')",True,"('0-000-00010_PV', '0-FFF-00104_cFos', '0-FFF-00051_Npas4', '0-FFF-00003_WFA')",0.72583675,quad_WFA
12577,12577,PE-12-1_PFC_3.5_C_5.tif,PE-12-1_PFC_3.5_C,0-FFF-00006_WFA,"('0-000-00002_PV', '0-FFF-00075_cFos', '0-FFF-00062_Npas4', '0-FFF-00006_WFA')",True,True,True,True,130.86,217.71,119.5114,110.4315,WFA,PE-12-1,FR1_KET,PE-12,0.9240249,-9.079895,8.295204,"('0-000-00002_PV', '0-FFF-00075_cFos', '0-FFF-00062_Npas4', '0-FFF-00006_WFA')",True,"('0-000-00002_PV', '0-FFF-00075_cFos', '0-FFF-00062_Npas4', '0-FFF-00006_WFA')",0.2558552,quad_WFA
12580,12580,PE-12-1_PFC_3.5_C_5.tif,PE-12-1_PFC_3.5_C,0-FFF-00009_WFA,"('0-000-00011_PV', '0-FFF-00093_cFos', '0-FFF-00047_Npas4', '0-FFF-00009_WFA')",True,True,True,True,378.09,350.7,119.5114,107.6283,WFA,PE-12-1,FR1_KET,PE-12,0.9005694,-11.883095,5.4920044,"('0-000-00011_PV', '0-FFF-00093_cFos', '0-FFF-00047_Npas4', '0-FFF-00009_WFA')",True,"('0-000-00011_PV', '0-FFF-00093_cFos', '0-FFF-00047_Npas4', '0-FFF-00009_WFA')",0.16939402,quad_WFA
13190,13190,PE-12-2_PFC_3.5_E_5.tif,PE-12-2_PFC_3.5_E,0-FFF-00003_WFA,"('0-000-00004_PV', '0-005-00029_cFos', '0-FFF-00062_Npas4', '0-FFF-00003_WFA')",True,True,True,True,233.13,469.71,109.3833,114.7238,WFA,PE-12-2,FR1_KET,PE-12,1.0488237,5.3405,22.7156,"('0-000-00004_PV', '0-005-00029_cFos', '0-FFF-00062_Npas4', '0-FFF-00003_WFA')",True,"('0-000-00004_PV', '0-005-00029_cFos', '0-FFF-00062_Npas4', '0-FFF-00003_WFA')",0.7006343,quad_WFA
13191,13191,PE-12-2_PFC_3.5_E_5.tif,PE-12-2_PFC_3.5_E,0-FFF-00004_WFA,"('0-000-00006_PV', '0-005-00001_cFos', '0-200-00001_Npas4', '0-FFF-00004_WFA')",True,True,True,True,436.09,446.77,109.3833,129.2683,WFA,PE-12-2,FR1_KET,PE-12,1.1817919,19.884995,37.260094,"('0-000-00006_PV', '0-005-00001_cFos', '0-200-00001_Npas4', '0-FFF-00004_WFA')",True,"('0-000-00006_PV', '0-005-00001_cFos', '0-200-00001_Npas4', '0-FFF-00004_WFA')",1.1492411,quad_WFA
13193,13193,PE-12-2_PFC_3.5_E_5.tif,PE-12-2_PFC_3.5_E,0-FFF-00006_WFA,"('0-000-00002_PV', '0-FFF-00050_cFos', '0-FFF-00015_Npas4', '0-FFF-00006_WFA')",True,True,True,True,463.41,46.77,109.3833,104.3843,WFA,PE-12-2,FR1_KET,PE-12,0.9542983,-4.9990005,12.376099,"('0-000-00002_PV', '0-FFF-00050_cFos', '0-FFF-00015_Npas4', '0-FFF-00006_WFA')",True,"('0-000-00002_PV', '0-FFF-00050_cFos', '0-FFF-00015_Npas4', '0-FFF-00006_WFA')",0.3817253,quad_WFA
13349,13349,PE-12-2_PFC_3.6_C_5.tif,PE-12-2_PFC_3.6_C,0-FFF-00003_WFA,"('0-000-00000_PV', '0-005-00022_cFos', '0-FFF-00015_Npas4', '0-FFF-00003_WFA')",True,True,True,True,285.66,313.71,121.8002,119.4701,WFA,PE-12-2,FR1_KET,PE-12,0.9808695,-2.330101,15.044998,"('0-000-00000_PV', '0-005-00022_cFos', '0-FFF-00015_Npas4', '0-FFF-00003_WFA')",True,"('0-000-00000_PV', '0-005-00022_cFos', '0-FFF-00015_Npas4', '0-FFF-00003_WFA')",0.46404418,quad_WFA
13354,13354,PE-12-2_PFC_3.6_C_5.tif,PE-12-2_PFC_3.6_C,0-FFF-00008_WFA,"('0-000-00002_PV', '0-005-00015_cFos', '0-FFF-00019_Npas4', '0-FFF-00008_WFA')",True,True,True,True,111.22,360.62,121.8002,113.7321,WFA,PE-12-2,FR1_KET,PE-12,0.93375957,-8.0681,9.306999,"('0-000-00002_PV', '0-005-00015_cFos', '0-FFF-00019_Npas4', '0-FFF-00008_WFA')",True,"('0-000-00002_PV', '0-005-00015_cFos', '0-FFF-00019_Npas4', '0-FFF-00008_WFA')",0.28706276,quad_WFA
13512,13512,PE-12-2_PFC_3.6_D_5.tif,PE-12-2_PFC_3.6_D,0-FFF-00001_WFA,"('0-000-00000_PV', '0-005-00026_cFos', '0-FFF-00019_Npas4', '0-FFF-00001_WFA')",True,True,True,True,156.71,114.75,106.2696,104.2988,WFA,PE-12-2,FR1_KET,PE-12,0.9814547,-1.9708023,15.404297,"('0-000-00000_PV', '0-005-00026_cFos', '0-FFF-00019_Npas4', '0-FFF-00001_WFA')",True,"('0-000-00000_PV', '0-005-00026_cFos', '0-FFF-00019_Npas4', '0-FFF-00001_WFA')",0.4751263,quad_WFA
13662,13662,PE-12-2_PFC_3.7_A_5.tif,PE-12-2_PFC_3.7_A,0-FFF-00001_WFA,"('0-000-00002_PV', '0-FFF-00050_cFos', '0-FFF-00067_Npas4', '0-FFF-00001_WFA')",True,True,True,True,32.27,426.82,120.8757,114.5464,WFA,PE-12-2,FR1_KET,PE-12,0.947638,-6.3293,11.045799,"('0-000-00002_PV', '0-FFF-00050_cFos', '0-FFF-00067_Npas4', '0-FFF-00001_WFA')",True,"('0-000-00002_PV', '0-FFF-00050_cFos', '0-FFF-00067_Npas4', '0-FFF-00001_WFA')",0.3406939,quad_WFA
13666,13666,PE-12-2_PFC_3.7_A_5.tif,PE-12-2_PFC_3.7_A,0-FFF-00005_WFA,"('0-000-00005_PV', '0-FFF-00044_cFos', '0-FFF-00045_Npas4', '0-FFF-00005_WFA')",True,True,True,True,199.38,333.42,120.8757,145.9523,WFA,PE-12-2,FR1_KET,PE-12,1.2074578,25.0766,42.4517,"('0-000-00005_PV', '0-FFF-00044_cFos', '0-FFF-00045_Npas4', '0-FFF-00005_WFA')",True,"('0-000-00005_PV', '0-FFF-00044_cFos', '0-FFF-00045_Npas4', '0-FFF-00005_WFA')",1.3093696,quad_WFA
13855,13855,PE-12-7_PFC_3.5_E_5.tif,PE-12-7_PFC_3.5_E,0-FFF-00003_WFA,"('0-000-00006_PV', '0-005-00051_cFos', '0-200-00000_Npas4', '0-FFF-00003_WFA')",True,True,True,True,311.45,225.63,118.6566,128.3417,WFA,PE-12-7,FR1_KET,PE-12,1.081623,9.685104,27.060204,"('0-000-00006_PV', '0-005-00051_cFos', '0-200-00000_Npas4', '0-FFF-00003_WFA')",True,"('0-000-00006_PV', '0-005-00051_cFos', '0-200-00000_Npas4', '0-FFF-00003_WFA')",0.8346382,quad_WFA
13857,13857,PE-12-7_PFC_3.5_E_5.tif,PE-12-7_PFC_3.5_E,0-FFF-00005_WFA,"('0-000-00004_PV', '0-FFF-00075_cFos', '0-FFF-00053_Npas4', '0-FFF-00005_WFA')",True,True,True,True,135.17,427.2,118.6566,136.1665,WFA,PE-12-7,FR1_KET,PE-12,1.1475679,17.509903,34.885002,"('0-000-00004_PV', '0-FFF-00075_cFos', '0-FFF-00053_Npas4', '0-FFF-00005_WFA')",True,"('0-000-00004_PV', '0-FFF-00075_cFos', '0-FFF-00053_Npas4', '0-FFF-00005_WFA')",1.0759844,quad_WFA
13858,13858,PE-12-7_PFC_3.5_E_5.tif,PE-12-7_PFC_3.5_E,0-FFF-00006_WFA,"('0-000-00001_PV', '0-005-00015_cFos', '0-FFF-00056_Npas4', '0-FFF-00006_WFA')",True,True,True,True,142.83,464.03,118.6566,121.4625,WFA,PE-12-7,FR1_KET,PE-12,1.0236472,2.8059006,20.181,"('0-000-00001_PV', '0-005-00015_cFos', '0-FFF-00056_Npas4', '0-FFF-00006_WFA')",True,"('0-000-00001_PV', '0-005-00015_cFos', '0-FFF-00056_Npas4', '0-FFF-00006_WFA')",0.62245774,quad_WFA
14033,14033,PE-12-7_PFC_3.6_B_5.tif,PE-12-7_PFC_3.6_B,0-001-00002_WFA,"('0-000-00003_PV', '0-005-00044_cFos', '0-200-00000_Npas4', '0-001-00002_WFA')",True,True,True,True,329.6,498.15,121.9681,144.6261,WFA,PE-12-7,FR1_KET,PE-12,1.1857699,22.657997,40.033096,"('0-000-00003_PV', '0-005-00044_cFos', '0-200-00000_Npas4', '0-001-00002_WFA')",True,"('0-000-00003_PV', '0-005-00044_cFos', '0-200-00000_Npas4', '0-001-00002_WFA')",1.2347709,quad_WFA
14044,14044,PE-12-7_PFC_3.6_B_5.tif,PE-12-7_PFC_3.6_B,0-FFF-00015_WFA,"('0-000-00011_PV', '0-005-00027_cFos', '0-FFF-00093_Npas4', '0-FFF-00015_WFA')",True,True,True,True,153.67,443.41,121.9681,150.2039,WFA,PE-12-7,FR1_KET,PE-12,1.2315016,28.235802,45.6109,"('0-000-00011_PV', '0-005-00027_cFos', '0-FFF-00093_Npas4', '0-FFF-00015_WFA')",True,"('0-000-00011_PV', '0-005-00027_cFos', '0-FFF-00093_Npas4', '0-FFF-00015_WFA')",1.4068112,quad_WFA
14238,14238,PE-12-7_PFC_3.6_D_5.tif,PE-12-7_PFC_3.6_D,0-FFF-00001_WFA,"('0-000-00001_PV', '0-005-00039_cFos', '0-FFF-00054_Npas4', '0-FFF-00001_WFA')",True,True,True,True,423.85,284.07,120.7006,113.8114,WFA,PE-12-7,FR1_KET,PE-12,0.94292325,-6.8891983,10.485901,"('0-000-00001_PV', '0-005-00039_cFos', '0-FFF-00054_Npas4', '0-FFF-00001_WFA')",True,"('0-000-00001_PV', '0-005-00039_cFos', '0-FFF-00054_Npas4', '0-FFF-00001_WFA')",0.32342452,quad_WFA
14243,14243,PE-12-7_PFC_3.6_D_5.tif,PE-12-7_PFC_3.6_D,0-FFF-00006_WFA,"('0-000-00004_PV', '0-005-00010_cFos', '0-FFF-00060_Npas4', '0-FFF-00006_WFA')",True,True,True,True,316.75,271.65,120.7006,146.185,WFA,PE-12-7,FR1_KET,PE-12,1.2111373,25.484398,42.859497,"('0-000-00004_PV', '0-005-00010_cFos', '0-FFF-00060_Npas4', '0-FFF-00006_WFA')",True,"('0-000-00004_PV', '0-005-00010_cFos', '0-FFF-00060_Npas4', '0-FFF-00006_WFA')",1.3219477,quad_WFA
14244,14244,PE-12-7_PFC_3.6_D_5.tif,PE-12-7_PFC_3.6_D,0-FFF-00007_WFA,"('0-000-00000_PV', '0-005-00028_cFos', '0-FFF-00059_Npas4', '0-FFF-00007_WFA')",True,True,True,True,344.73,329.52,120.7006,112.2859,WFA,PE-12-7,FR1_KET,PE-12,0.9302845,-8.414703,8.960396,"('0-000-00000_PV', '0-005-00028_cFos', '0-FFF-00059_Npas4', '0-FFF-00007_WFA')",True,"('0-000-00000_PV', '0-005-00028_cFos', '0-FFF-00059_Npas4', '0-FFF-00007_WFA')",0.27637222,quad_WFA
14387,14387,PE-12-7_PFC_3.7_A_5.tif,PE-12-7_PFC_3.7_A,0-FFF-00002_WFA,"('0-000-00006_PV', '0-005-00024_cFos', '0-FFF-00039_Npas4', '0-FFF-00002_WFA')",True,True,True,True,122.57,199.35,114.7666,111.6146,WFA,PE-12-7,FR1_KET,PE-12,0.97253555,-3.1520004,14.223099,"('0-000-00006_PV', '0-005-00024_cFos', '0-FFF-00039_Npas4', '0-FFF-00002_WFA')",True,"('0-000-00006_PV', '0-005-00024_cFos', '0-FFF-00039_Npas4', '0-FFF-00002_WFA')",0.4386937,quad_WFA
14391,14391,PE-12-7_PFC_3.7_A_5.tif,PE-12-7_PFC_3.7_A,0-FFF-00006_WFA,"('0-000-00007_PV', '0-FFF-00059_cFos', '0-FFF-00007_Npas4', '0-FFF-00006_WFA')",True,True,True,True,140.33,61.0,114.7666,107.0362,WFA,PE-12-7,FR1_KET,PE-12,0.9326424,-7.7304,9.644699,"('0-000-00007_PV', '0-FFF-00059_cFos', '0-FFF-00007_Npas4', '0-FFF-00006_WFA')",True,"('0-000-00007_PV', '0-FFF-00059_cFos', '0-FFF-00007_Npas4', '0-FFF-00006_WFA')",0.2974787,quad_WFA
14393,14393,PE-12-7_PFC_3.7_A_5.tif,PE-12-7_PFC_3.7_A,0-FFF-00008_WFA,"('0-000-00001_PV', '0-FFF-00065_cFos', '0-FFF-00075_Npas4', '0-FFF-00008_WFA')",True,True,True,True,83.2,488.68,114.7666,117.5012,WFA,PE-12-7,FR1_KET,PE-12,1.0238274,2.7345963,20.109695,"('0-000-00001_PV', '0-FFF-00065_cFos', '0-FFF-00075_Npas4', '0-FFF-00008_WFA')",True,"('0-000-00001_PV', '0-FFF-00065_cFos', '0-FFF-00075_Npas4', '0-FFF-00008_WFA')",0.62025845,quad_WFA
14541,14541,PE-12-7_PFC_3.7_C_5.tif,PE-12-7_PFC_3.7_C,0-FFF-00007_WFA,"('0-000-00003_PV', '0-FFF-00067_cFos', '0-FFF-00037_Npas4', '0-FFF-00007_WFA')",True,True,True,True,493.92,237.73,120.9743,112.5961,WFA,PE-12-7,FR1_KET,PE-12,0.930744,-8.378197,8.996902,"('0-000-00003_PV', '0-FFF-00067_cFos', '0-FFF-00037_Npas4', '0-FFF-00007_WFA')",True,"('0-000-00003_PV', '0-FFF-00067_cFos', '0-FFF-00037_Npas4', '0-FFF-00007_WFA')",0.27749822,quad_WFA
14614,14614,PE-13-11_PFC_3.3_C_5.tif,PE-13-11_PFC_3.3_C,0-FFF-00008_WFA,"('0-000-00003_PV', '0-FFF-00015_cFos', '0-FFF-00031_Npas4', '0-FFF-00008_WFA')",True,True,True,True,118.33,96.96,93.9887,83.8163,WFA,PE-13-11,VR5_SAL,PE-13,0.89176995,-10.172401,7.2026978,"('0-000-00003_PV', '0-FFF-00015_cFos', '0-FFF-00031_Npas4', '0-FFF-00008_WFA')",True,"('0-000-00003_PV', '0-FFF-00015_cFos', '0-FFF-00031_Npas4', '0-FFF-00008_WFA')",0.22215821,quad_WFA
14795,14795,PE-13-11_PFC_3.5_E_5.tif,PE-13-11_PFC_3.5_E,0-FFF-00003_WFA,"('0-000-00002_PV', '0-FFF-00005_cFos', '0-FFF-00029_Npas4', '0-FFF-00003_WFA')",True,True,True,True,305.95,260.7,102.4137,97.669,WFA,PE-13-11,VR5_SAL,PE-13,0.9536713,-4.7446976,12.630402,"('0-000-00002_PV', '0-FFF-00005_cFos', '0-FFF-00029_Npas4', '0-FFF-00003_WFA')",True,"('0-000-00002_PV', '0-FFF-00005_cFos', '0-FFF-00029_Npas4', '0-FFF-00003_WFA')",0.38956895,quad_WFA
15161,15161,PE-13-1_PFC_3.5_C_5.tif,PE-13-1_PFC_3.5_C,0-FFF-00001_WFA,"('0-000-00007_PV', '0-FFF-00062_cFos', '0-FFF-00028_Npas4', '0-FFF-00001_WFA')",True,True,True,True,273.05,292.74,123.0184,109.4364,WFA,PE-13-1,VR5_SAL,PE-13,0.8895937,-13.582001,3.7930984,"('0-000-00007_PV', '0-FFF-00062_cFos', '0-FFF-00028_Npas4', '0-FFF-00001_WFA')",True,"('0-000-00007_PV', '0-FFF-00062_cFos', '0-FFF-00028_Npas4', '0-FFF-00001_WFA')",0.11699338,quad_WFA
15167,15167,PE-13-1_PFC_3.5_C_5.tif,PE-13-1_PFC_3.5_C,0-FFF-00007_WFA,"('0-000-00001_PV', '0-FFF-00071_cFos', '0-FFF-00019_Npas4', '0-FFF-00007_WFA')",True,True,True,True,94.43,171.98,123.0184,127.807,WFA,PE-13-1,VR5_SAL,PE-13,1.0389259,4.788597,22.163696,"('0-000-00001_PV', '0-FFF-00071_cFos', '0-FFF-00019_Npas4', '0-FFF-00007_WFA')",True,"('0-000-00001_PV', '0-FFF-00071_cFos', '0-FFF-00019_Npas4', '0-FFF-00007_WFA')",0.6836115,quad_WFA
15515,15515,PE-13-1_PFC_3.7_B_5.tif,PE-13-1_PFC_3.7_B,0-FFF-00010_WFA,"('0-000-00013_PV', '0-FFF-00017_cFos', '0-200-00010_Npas4', '0-FFF-00010_WFA')",True,True,True,True,416.71,166.44,122.2442,120.491,WFA,PE-13-1,VR5_SAL,PE-13,0.98565817,-1.7532043,15.621895,"('0-000-00013_PV', '0-FFF-00017_cFos', '0-200-00010_Npas4', '0-FFF-00010_WFA')",True,"('0-000-00013_PV', '0-FFF-00017_cFos', '0-200-00010_Npas4', '0-FFF-00010_WFA')",0.48183784,quad_WFA
15518,15518,PE-13-1_PFC_3.7_B_5.tif,PE-13-1_PFC_3.7_B,0-FFF-00013_WFA,"('0-000-00010_PV', '0-FFF-00011_cFos', '0-FFF-00067_Npas4', '0-FFF-00013_WFA')",True,True,True,True,232.14,462.97,122.2442,133.6229,WFA,PE-13-1,VR5_SAL,PE-13,1.0930817,11.378693,28.753792,"('0-000-00010_PV', '0-FFF-00011_cFos', '0-FFF-00067_Npas4', '0-FFF-00013_WFA')",True,"('0-000-00010_PV', '0-FFF-00011_cFos', '0-FFF-00067_Npas4', '0-FFF-00013_WFA')",0.8868748,quad_WFA
15519,15519,PE-13-1_PFC_3.7_B_5.tif,PE-13-1_PFC_3.7_B,0-FFF-00014_WFA,"('0-000-00000_PV', '0-FFF-00010_cFos', '0-FFF-00045_Npas4', '0-FFF-00014_WFA')",True,True,True,True,340.07,372.09,122.2442,125.313,WFA,PE-13-1,VR5_SAL,PE-13,1.0251038,3.0688019,20.443901,"('0-000-00000_PV', '0-FFF-00010_cFos', '0-FFF-00045_Npas4', '0-FFF-00014_WFA')",True,"('0-000-00000_PV', '0-FFF-00010_cFos', '0-FFF-00045_Npas4', '0-FFF-00014_WFA')",0.6305666,quad_WFA
15672,15672,PE-13-1_PFC_3.7_D_5.tif,PE-13-1_PFC_3.7_D,0-001-00004_WFA,"('0-000-00003_PV', '0-005-00014_cFos', '0-FFF-00030_Npas4', '0-001-00004_WFA')",True,True,True,True,490.94,19.54,110.2853,111.1992,WFA,PE-13-1,VR5_SAL,PE-13,1.0082867,0.9139023,18.289001,"('0-000-00003_PV', '0-005-00014_cFos', '0-FFF-00030_Npas4', '0-001-00004_WFA')",True,"('0-000-00003_PV', '0-005-00014_cFos', '0-FFF-00030_Npas4', '0-001-00004_WFA')",0.5641014,quad_WFA
15676,15676,PE-13-1_PFC_3.7_D_5.tif,PE-13-1_PFC_3.7_D,0-FFF-00008_WFA,"('0-000-00001_PV', '0-FFF-00048_cFos', '0-FFF-00061_Npas4', '0-FFF-00008_WFA')",True,True,True,True,360.87,358.6,110.2853,121.1035,WFA,PE-13-1,VR5_SAL,PE-13,1.0980928,10.818199,28.193298,"('0-000-00001_PV', '0-FFF-00048_cFos', '0-FFF-00061_Npas4', '0-FFF-00008_WFA')",True,"('0-000-00001_PV', '0-FFF-00048_cFos', '0-FFF-00061_Npas4', '0-FFF-00008_WFA')",0.86958706,quad_WFA
15821,15821,PE-13-1_PFC_3.9_A_5.tif,PE-13-1_PFC_3.9_A,0-FFF-00006_WFA,"('0-000-00002_PV', '0-FFF-00008_cFos', '0-FFF-00044_Npas4', '0-FFF-00006_WFA')",True,True,True,True,214.19,302.83,120.1853,136.2025,WFA,PE-13-1,VR5_SAL,PE-13,1.1332709,16.017197,33.392296,"('0-000-00002_PV', '0-FFF-00008_cFos', '0-FFF-00044_Npas4', '0-FFF-00006_WFA')",True,"('0-000-00002_PV', '0-FFF-00008_cFos', '0-FFF-00044_Npas4', '0-FFF-00006_WFA')",1.0299437,quad_WFA
16391,16391,PE-13-2_PFC_3.5_E_5.tif,PE-13-2_PFC_3.5_E,0-FFF-00006_WFA,"('0-000-00000_PV', '0-FFF-00055_cFos', '0-FFF-00064_Npas4', '0-FFF-00006_WFA')",True,True,True,True,372.84,422.23,97.923,95.7536,WFA,PE-13-2,VR5_KET,PE-13,0.9778459,-2.1693954,15.205704,"('0-000-00000_PV', '0-FFF-00055_cFos', '0-FFF-00064_Npas4', '0-FFF-00006_WFA')",True,"('0-000-00000_PV', '0-FFF-00055_cFos', '0-FFF-00064_Npas4', '0-FFF-00006_WFA')",0.46900094,quad_WFA
16681,16681,PE-13-3_PFC_3.3_E_5.tif,PE-13-3_PFC_3.3_E,0-FFF-00002_WFA,"('0-000-00005_PV', '0-FFF-00023_cFos', '0-FFF-00045_Npas4', '0-FFF-00002_WFA')",True,True,True,True,320.42,261.63,78.668,74.526,WFA,PE-13-3,VR5_KET,PE-13,0.94734836,-4.1419983,13.233101,"('0-000-00005_PV', '0-FFF-00023_cFos', '0-FFF-00045_Npas4', '0-FFF-00002_WFA')",True,"('0-000-00005_PV', '0-FFF-00023_cFos', '0-FFF-00045_Npas4', '0-FFF-00002_WFA')",0.40815848,quad_WFA
16682,16682,PE-13-3_PFC_3.3_E_5.tif,PE-13-3_PFC_3.3_E,0-FFF-00003_WFA,"('0-000-00001_PV', '0-FFF-00024_cFos', '0-FFF-00035_Npas4', '0-FFF-00003_WFA')",True,True,True,True,98.33,366.27,78.668,73.4531,WFA,PE-13-3,VR5_KET,PE-13,0.93371004,-5.214897,12.160202,"('0-000-00001_PV', '0-FFF-00024_cFos', '0-FFF-00035_Npas4', '0-FFF-00003_WFA')",True,"('0-000-00001_PV', '0-FFF-00024_cFos', '0-FFF-00035_Npas4', '0-FFF-00003_WFA')",0.37506625,quad_WFA
16918,16918,PE-13-3_PFC_3.5_D_5.tif,PE-13-3_PFC_3.5_D,0-FFF-00004_WFA,"('0-000-00004_PV', '0-FFF-00031_cFos', '0-FFF-00081_Npas4', '0-FFF-00004_WFA')",True,True,True,True,210.13,169.75,83.1509,79.9289,WFA,PE-13-3,VR5_KET,PE-13,0.9612512,-3.2220001,14.153099,"('0-000-00004_PV', '0-FFF-00031_cFos', '0-FFF-00081_Npas4', '0-FFF-00004_WFA')",True,"('0-000-00004_PV', '0-FFF-00031_cFos', '0-FFF-00081_Npas4', '0-FFF-00004_WFA')",0.43653467,quad_WFA
17106,17106,PE-13-3_PFC_3.7_A_5.tif,PE-13-3_PFC_3.7_A,0-FFF-00003_WFA,"('0-000-00015_PV', '0-FFF-00044_cFos', '0-FFF-00037_Npas4', '0-FFF-00003_WFA')",True,True,True,True,336.97,82.48,102.9745,106.0591,WFA,PE-13-3,VR5_KET,PE-13,1.0299549,3.0845947,20.459694,"('0-000-00015_PV', '0-FFF-00044_cFos', '0-FFF-00037_Npas4', '0-FFF-00003_WFA')",True,"('0-000-00015_PV', '0-FFF-00044_cFos', '0-FFF-00037_Npas4', '0-FFF-00003_WFA')",0.6310537,quad_WFA
17110,17110,PE-13-3_PFC_3.7_A_5.tif,PE-13-3_PFC_3.7_A,0-FFF-00007_WFA,"('0-000-00001_PV', '0-FFF-00048_cFos', '0-FFF-00099_Npas4', '0-FFF-00007_WFA')",True,True,True,True,414.74,382.17,102.9745,90.7725,WFA,PE-13-3,VR5_KET,PE-13,0.8815046,-12.2020035,5.1730957,"('0-000-00001_PV', '0-FFF-00048_cFos', '0-FFF-00099_Npas4', '0-FFF-00007_WFA')",True,"('0-000-00001_PV', '0-FFF-00048_cFos', '0-FFF-00099_Npas4', '0-FFF-00007_WFA')",0.15955767,quad_WFA
17265,17265,PE-13-3_PFC_3.7_B_5.tif,PE-13-3_PFC_3.7_B,0-FFF-00003_WFA,"('0-000-00001_PV', '0-FFF-00054_cFos', '0-200-00006_Npas4', '0-FFF-00003_WFA')",True,True,True,True,139.98,97.95,108.9096,96.483,WFA,PE-13-3,VR5_KET,PE-13,0.8858999,-12.426598,4.9485016,"('0-000-00001_PV', '0-FFF-00054_cFos', '0-200-00006_Npas4', '0-FFF-00003_WFA')",True,"('0-000-00001_PV', '0-FFF-00054_cFos', '0-200-00006_Npas4', '0-FFF-00003_WFA')",0.15263034,quad_WFA
17269,17269,PE-13-3_PFC_3.7_B_5.tif,PE-13-3_PFC_3.7_B,0-FFF-00007_WFA,"('0-000-00005_PV', '0-FFF-00037_cFos', '0-FFF-00066_Npas4', '0-FFF-00007_WFA')",True,True,True,True,339.52,359.19,108.9096,93.2711,WFA,PE-13-3,VR5_KET,PE-13,0.8564085,-15.638496,1.7366028,"('0-000-00005_PV', '0-FFF-00037_cFos', '0-FFF-00066_Npas4', '0-FFF-00007_WFA')",True,"('0-000-00005_PV', '0-FFF-00037_cFos', '0-FFF-00066_Npas4', '0-FFF-00007_WFA')",0.053563345,quad_WFA
17357,17357,PE-13-6_PFC_3.5_C_5.tif,PE-13-6_PFC_3.5_C,0-FFF-00002_WFA,"('0-000-00000_PV', '0-FFF-00053_cFos', '0-200-00001_Npas4', '0-FFF-00002_WFA')",True,True,True,True,322.49,433.89,84.0866,83.4392,WFA,PE-13-6,VR5_KET,PE-13,0.9923008,-0.6473999,16.7277,"('0-000-00000_PV', '0-FFF-00053_cFos', '0-200-00001_Npas4', '0-FFF-00002_WFA')",True,"('0-000-00000_PV', '0-FFF-00053_cFos', '0-200-00001_Npas4', '0-FFF-00002_WFA')",0.515945,quad_WFA
17693,17693,PE-13-6_PFC_3.7_A_5.tif,PE-13-6_PFC_3.7_A,0-FFF-00003_WFA,"('0-000-00002_PV', '0-FFF-00026_cFos', '0-FFF-00064_Npas4', '0-FFF-00003_WFA')",True,True,True,True,398.17,173.61,120.1883,103.2704,WFA,PE-13-6,VR5_KET,PE-13,0.8592384,-16.9179,0.4571991,"('0-000-00002_PV', '0-FFF-00026_cFos', '0-FFF-00064_Npas4', '0-FFF-00003_WFA')",True,"('0-000-00002_PV', '0-FFF-00026_cFos', '0-FFF-00064_Npas4', '0-FFF-00003_WFA')",0.014101735,quad_WFA
17696,17696,PE-13-6_PFC_3.7_A_5.tif,PE-13-6_PFC_3.7_A,0-FFF-00006_WFA,"('0-000-00011_PV', '0-FFF-00025_cFos', '0-FFF-00068_Npas4', '0-FFF-00006_WFA')",True,True,True,True,422.09,278.25,120.1883,112.5135,WFA,PE-13-6,VR5_KET,PE-13,0.9361435,-7.6748047,9.7002945,"('0-000-00011_PV', '0-FFF-00025_cFos', '0-FFF-00068_Npas4', '0-FFF-00006_WFA')",True,"('0-000-00011_PV', '0-FFF-00025_cFos', '0-FFF-00068_Npas4', '0-FFF-00006_WFA')",0.29919347,quad_WFA
17698,17698,PE-13-6_PFC_3.7_A_5.tif,PE-13-6_PFC_3.7_A,0-FFF-00008_WFA,"('0-000-00007_PV', '0-FFF-00007_cFos', '0-FFF-00032_Npas4', '0-FFF-00008_WFA')",True,True,True,True,234.22,178.75,120.1883,126.1616,WFA,PE-13-6,VR5_KET,PE-13,1.0496995,5.973297,23.348396,"('0-000-00007_PV', '0-FFF-00007_cFos', '0-FFF-00032_Npas4', '0-FFF-00008_WFA')",True,"('0-000-00007_PV', '0-FFF-00007_cFos', '0-FFF-00032_Npas4', '0-FFF-00008_WFA')",0.72015214,quad_WFA
17702,17702,PE-13-6_PFC_3.7_A_5.tif,PE-13-6_PFC_3.7_A,0-FFF-00013_WFA,"('0-000-00009_PV', '0-FFF-00013_cFos', '0-FFF-00043_Npas4', '0-FFF-00013_WFA')",True,True,True,True,77.71,296.5,120.1883,104.1654,WFA,PE-13-6,VR5_KET,PE-13,0.866685,-16.022903,1.3521957,"('0-000-00009_PV', '0-FFF-00013_cFos', '0-FFF-00043_Npas4', '0-FFF-00013_WFA')",True,"('0-000-00009_PV', '0-FFF-00013_cFos', '0-FFF-00043_Npas4', '0-FFF-00013_WFA')",0.04170679,quad_WFA
17786,17786,PE-13-6_PFC_3.7_B_5.tif,PE-13-6_PFC_3.7_B,0-FFF-00001_WFA,"('0-000-00001_PV', '0-FFF-00011_cFos', '0-200-00001_Npas4', '0-FFF-00001_WFA')",True,True,True,True,220.43,129.35,84.7644,88.1055,WFA,PE-13-6,VR5_KET,PE-13,1.0394163,3.3411026,20.716202,"('0-000-00001_PV', '0-FFF-00011_cFos', '0-200-00001_Npas4', '0-FFF-00001_WFA')",True,"('0-000-00001_PV', '0-FFF-00011_cFos', '0-200-00001_Npas4', '0-FFF-00001_WFA')",0.63896537,quad_WFA
17944,17944,PE-13-6_PFC_3.7_E_5.tif,PE-13-6_PFC_3.7_E,0-FFF-00005_WFA,"('0-000-00000_PV', '0-FFF-00018_cFos', '0-FFF-00030_Npas4', '0-FFF-00005_WFA')",True,True,True,True,384.34,178.93,105.8624,108.7853,WFA,PE-13-6,VR5_KET,PE-13,1.0276104,2.922905,20.298004,"('0-000-00000_PV', '0-FFF-00018_cFos', '0-FFF-00030_Npas4', '0-FFF-00005_WFA')",True,"('0-000-00000_PV', '0-FFF-00018_cFos', '0-FFF-00030_Npas4', '0-FFF-00005_WFA')",0.62606657,quad_WFA
18084,18084,PE-13-9_PFC_3.3_C_5.tif,PE-13-9_PFC_3.3_C,0-FFF-00006_WFA,"('0-000-00003_PV', '0-FFF-00022_cFos', '0-FFF-00060_Npas4', '0-FFF-00006_WFA')",True,True,True,True,189.75,360.93,97.5965,91.9149,WFA,PE-13-9,VR5_SAL,PE-13,0.94178486,-5.681595,11.693504,"('0-000-00003_PV', '0-FFF-00022_cFos', '0-FFF-00060_Npas4', '0-FFF-00006_WFA')",True,"('0-000-00003_PV', '0-FFF-00022_cFos', '0-FFF-00060_Npas4', '0-FFF-00006_WFA')",0.36067152,quad_WFA
18089,18089,PE-13-9_PFC_3.3_C_5.tif,PE-13-9_PFC_3.3_C,0-FFF-00012_WFA,"('0-000-00007_PV', '0-FFF-00014_cFos', '0-FFF-00005_Npas4', '0-FFF-00012_WFA')",True,True,True,True,46.56,62.65,97.5965,94.5136,WFA,PE-13-9,VR5_SAL,PE-13,0.96841186,-3.0828934,14.292206,"('0-000-00007_PV', '0-FFF-00014_cFos', '0-FFF-00005_Npas4', '0-FFF-00012_WFA')",True,"('0-000-00007_PV', '0-FFF-00014_cFos', '0-FFF-00005_Npas4', '0-FFF-00012_WFA')",0.44082522,quad_WFA
18214,18214,PE-13-9_PFC_3.4_D_5.tif,PE-13-9_PFC_3.4_D,0-FFF-00001_WFA,"('0-FFF-00010_PV', '0-FFF-00043_cFos', '0-FFF-00060_Npas4', '0-FFF-00001_WFA')",True,True,True,True,212.44,310.97,104.9547,101.8504,WFA,PE-13-9,VR5_SAL,PE-13,0.9704225,-3.1042938,14.270805,"('0-FFF-00010_PV', '0-FFF-00043_cFos', '0-FFF-00060_Npas4', '0-FFF-00001_WFA')",True,"('0-FFF-00010_PV', '0-FFF-00043_cFos', '0-FFF-00060_Npas4', '0-FFF-00001_WFA')",0.44016516,quad_WFA
18221,18221,PE-13-9_PFC_3.4_D_5.tif,PE-13-9_PFC_3.4_D,0-FFF-00008_WFA,"('0-000-00003_PV', '0-FFF-00028_cFos', '0-FFF-00011_Npas4', '0-FFF-00008_WFA')",True,True,True,True,366.21,25.36,104.9547,142.4022,WFA,PE-13-9,VR5_SAL,PE-13,1.3567969,37.44751,54.82261,"('0-000-00003_PV', '0-FFF-00028_cFos', '0-FFF-00011_Npas4', '0-FFF-00008_WFA')",True,"('0-000-00003_PV', '0-FFF-00028_cFos', '0-FFF-00011_Npas4', '0-FFF-00008_WFA')",1.6909349,quad_WFA
