,rat_n,treatment,stain_type,Npas4_bin,cell_count_sums,image_n,mean_cell_n
0,KET-10-12,FR1_KET,Npas4,Npas4_high,403,5,80.6
1,PE-12-1,FR1_KET,Npas4,Npas4_high,233,5,46.6
2,PE-12-2,FR1_KET,Npas4,Npas4_high,215,5,43.0
3,PE-12-7,FR1_KET,Npas4,Npas4_high,154,5,30.8
4,KET-10-1,FR1_SAL,Npas4,Npas4_high,155,5,31.0
5,KET-10-5,FR1_SAL,Npas4,Npas4_high,56,5,11.2
6,KET-8-2,FR1_SAL,Npas4,Npas4_high,175,5,35.0
7,KET-9-2,FR1_SAL,Npas4,Npas4_high,12,5,2.4
8,KET-9-5,FR1_SAL,Npas4,Npas4_high,6,5,1.2
9,KET-9-6,FR1_SAL,Npas4,Npas4_high,49,5,9.8
10,KET-10-14,VR5_KET,Npas4,Npas4_high,111,5,22.2
11,KET-8-7,VR5_KET,Npas4,Npas4_high,145,4,36.25
12,PE-13-2,VR5_KET,Npas4,Npas4_high,227,5,45.4
13,PE-13-3,VR5_KET,Npas4,Npas4_high,230,5,46.0
14,PE-13-6,VR5_KET,Npas4,Npas4_high,299,5,59.8
15,KET-10-2,VR5_SAL,Npas4,Npas4_high,401,5,80.2
16,KET-10-3,VR5_SAL,Npas4,Npas4_high,264,5,52.8
17,KET-10-4,VR5_SAL,Npas4,Npas4_high,338,5,67.6
18,PE-13-1,VR5_SAL,Npas4,Npas4_high,437,5,87.4
19,PE-13-11,VR5_SAL,Npas4,Npas4_high,71,5,14.2
20,PE-13-9,VR5_SAL,Npas4,Npas4_high,251,5,50.2
