,rat_n,treatment,stain_type,Npas4_bin,cell_count_sums,image_n,mean_cell_n
0,KET-9-1,FR1_KET,Npas4,Npas4_low,168,4,42.0
1,PE-12-1,FR1_KET,Npas4,Npas4_low,145,5,29.0
2,PE-12-2,FR1_KET,Npas4,Npas4_low,127,5,25.4
3,PE-12-7,FR1_KET,Npas4,Npas4_low,260,5,52.0
4,KET-10-1,FR1_SAL,Npas4,Npas4_low,226,5,45.2
5,KET-10-5,FR1_SAL,Npas4,Npas4_low,414,5,82.8
6,KET-8-2,FR1_SAL,Npas4,Npas4_low,319,5,63.8
7,KET-9-2,FR1_SAL,Npas4,Npas4_low,212,5,42.4
8,KET-9-4,FR1_SAL,Npas4,Npas4_low,345,5,69.0
9,KET-9-5,FR1_SAL,Npas4,Npas4_low,276,5,55.2
10,KET-9-6,FR1_SAL,Npas4,Npas4_low,433,5,86.6
11,KET-10-14,VR5_KET,Npas4,Npas4_low,447,5,89.4
12,KET-8-7,VR5_KET,Npas4,Npas4_low,230,4,57.5
13,PE-13-2,VR5_KET,Npas4,Npas4_low,17,5,3.4
14,PE-13-3,VR5_KET,Npas4,Npas4_low,95,5,19.0
15,PE-13-6,VR5_KET,Npas4,Npas4_low,23,5,4.6
16,KET-10-2,VR5_SAL,Npas4,Npas4_low,59,5,11.8
17,KET-10-3,VR5_SAL,Npas4,Npas4_low,138,5,27.6
18,KET-10-4,VR5_SAL,Npas4,Npas4_low,95,5,19.0
19,PE-13-11,VR5_SAL,Npas4,Npas4_low,111,5,22.2
20,PE-13-9,VR5_SAL,Npas4,Npas4_low,92,5,18.4
