,rat_n,treatment,stain_type,cfos_bin,cell_count_sums,image_n,mean_cell_n
0,KET-10-12,FR1_KET,cFos,cfos_high,28,5,5.6
1,KET-9-1,FR1_KET,cFos,cfos_high,5,4,1.25
2,PE-12-1,FR1_KET,cFos,cfos_high,10,5,2.0
3,PE-12-2,FR1_KET,cFos,cfos_high,12,5,2.4
4,PE-12-7,FR1_KET,cFos,cfos_high,25,5,5.0
5,KET-10-1,FR1_SAL,cFos,cfos_high,16,5,3.2
6,KET-10-5,FR1_SAL,cFos,cfos_high,10,5,2.0
7,KET-8-2,FR1_SAL,cFos,cfos_high,8,5,1.6
8,KET-9-2,FR1_SAL,cFos,cfos_high,14,5,2.8
9,KET-9-4,FR1_SAL,cFos,cfos_high,1,5,0.2
10,KET-9-5,FR1_SAL,cFos,cfos_high,9,5,1.8
11,KET-9-6,FR1_SAL,cFos,cfos_high,9,5,1.8
12,KET-10-14,VR5_KET,cFos,cfos_high,15,5,3.0
13,KET-8-7,VR5_KET,cFos,cfos_high,24,4,6.0
14,PE-13-2,VR5_KET,cFos,cfos_high,6,5,1.2
15,PE-13-3,VR5_KET,cFos,cfos_high,11,5,2.2
16,PE-13-6,VR5_KET,cFos,cfos_high,5,5,1.0
17,KET-10-2,VR5_SAL,cFos,cfos_high,20,5,4.0
18,KET-10-3,VR5_SAL,cFos,cfos_high,16,5,3.2
19,KET-10-4,VR5_SAL,cFos,cfos_high,35,5,7.0
20,PE-13-1,VR5_SAL,cFos,cfos_high,13,5,2.6
21,PE-13-11,VR5_SAL,cFos,cfos_high,6,5,1.2
22,PE-13-9,VR5_SAL,cFos,cfos_high,15,5,3.0
