,rat_n,dox,react,sum,n_imgs,mean_cell_n
0,RAM-8-15C,OFF_DOX,FR1,120,6,20.0
1,RAM-8-4C,OFF_DOX,FR1,135,3,45.0
2,RAM-8-8C,OFF_DOX,FR1,91,3,30.333333333333332
3,RAM-9-11B,OFF_DOX,FR1,340,3,113.33333333333333
4,RAM-9-3B,OFF_DOX,FR1,226,4,56.5
5,RAM-9-8B,OFF_DOX,FR1,247,4,61.75
6,RAM-8-1C,OFF_DOX,NR,48,6,8.0
7,RAM-9-10B,OFF_DOX,NR,113,3,37.666666666666664
8,RAM-9-13B,OFF_DOX,NR,580,6,96.66666666666667
9,RAM-9-4B,OFF_DOX,NR,677,6,112.83333333333333
10,RAM-8-13C,OFF_DOX,VR5,210,5,42.0
11,RAM-8-3C,OFF_DOX,VR5,357,3,119.0
12,RAM-9-12B,OFF_DOX,VR5,525,4,131.25
13,RAM-9-14B,OFF_DOX,VR5,622,4,155.5
14,RAM-9-2B,OFF_DOX,VR5,394,4,98.5
15,RAM-9-5B,OFF_DOX,VR5,427,4,106.75
16,RAM-8-10C,ON_DOX,FR1,1,3,0.3333333333333333
17,RAM-8-16C,ON_DOX,FR1,7,4,1.75
18,RAM-9-1B,ON_DOX,FR1,18,4,4.5
19,RAM-9-7B,ON_DOX,FR1,12,4,3.0
20,RAM-8-5C,ON_DOX,VR5,8,5,1.6
