,rat_n,dox,react,sum,n_imgs,mean_cell_n
0,RAM-8-15C,OFF_DOX,FR1,1074,6,179.0
1,RAM-8-4C,OFF_DOX,FR1,396,3,132.0
2,RAM-8-8C,OFF_DOX,FR1,362,3,120.66666666666667
3,RAM-9-11B,OFF_DOX,FR1,754,3,251.33333333333334
4,RAM-9-3B,OFF_DOX,FR1,772,4,193.0
5,RAM-9-8B,OFF_DOX,FR1,570,4,142.5
6,RAM-8-1C,OFF_DOX,NR,483,6,80.5
7,RAM-9-10B,OFF_DOX,NR,708,3,236.0
8,RAM-9-13B,OFF_DOX,NR,1895,6,315.8333333333333
9,RAM-9-4B,OFF_DOX,NR,1396,6,232.66666666666666
10,RAM-8-13C,OFF_DOX,VR5,610,5,122.0
11,RAM-8-3C,OFF_DOX,VR5,497,3,165.66666666666666
12,RAM-9-12B,OFF_DOX,VR5,1189,4,297.25
13,RAM-9-14B,OFF_DOX,VR5,1283,4,320.75
14,RAM-9-2B,OFF_DOX,VR5,776,4,194.0
15,RAM-9-5B,OFF_DOX,VR5,920,4,230.0
16,RAM-8-10C,ON_DOX,FR1,435,3,145.0
17,RAM-8-16C,ON_DOX,FR1,632,4,158.0
18,RAM-9-1B,ON_DOX,FR1,566,4,141.5
19,RAM-9-7B,ON_DOX,FR1,889,4,222.25
20,RAM-8-5C,ON_DOX,VR5,600,5,120.0
