,rat_n,dox,react,sum,n_imgs,mean_cell_n
0,RAM-8-15C,OFF_DOX,FR1,,,
1,RAM-8-4C,OFF_DOX,FR1,,,
2,RAM-8-8C,OFF_DOX,FR1,,,
3,RAM-9-11B,OFF_DOX,FR1,128.0,3.0,42.666666666666664
4,RAM-9-3B,OFF_DOX,FR1,81.0,4.0,20.25
5,RAM-9-8B,OFF_DOX,FR1,31.0,4.0,7.75
6,RAM-8-1C,OFF_DOX,NR,,,
7,RAM-9-10B,OFF_DOX,NR,45.0,3.0,15.0
8,RAM-9-13B,OFF_DOX,NR,252.0,6.0,42.0
9,RAM-9-4B,OFF_DOX,NR,229.0,6.0,38.166666666666664
10,RAM-8-13C,OFF_DOX,VR5,,,
11,RAM-8-3C,OFF_DOX,VR5,,,
12,RAM-9-12B,OFF_DOX,VR5,219.0,4.0,54.75
13,RAM-9-14B,OFF_DOX,VR5,297.0,4.0,74.25
14,RAM-9-2B,OFF_DOX,VR5,153.0,4.0,38.25
15,RAM-9-5B,OFF_DOX,VR5,148.0,4.0,37.0
16,RAM-8-10C,ON_DOX,FR1,,,
17,RAM-8-16C,ON_DOX,FR1,,,
18,RAM-9-1B,ON_DOX,FR1,8.0,4.0,2.0
19,RAM-9-7B,ON_DOX,FR1,4.0,4.0,1.0
20,RAM-8-5C,ON_DOX,VR5,,,
