,rat_n,dox,react,sum,n_imgs,mean_cell_n
0,RAM-8-15C,OFF_DOX,FR1,168,6,28.0
1,RAM-8-4C,OFF_DOX,FR1,88,3,29.333333333333332
2,RAM-8-8C,OFF_DOX,FR1,95,3,31.666666666666668
3,RAM-9-11B,OFF_DOX,FR1,25,3,8.333333333333334
4,RAM-9-3B,OFF_DOX,FR1,95,4,23.75
5,RAM-9-8B,OFF_DOX,FR1,46,4,11.5
6,RAM-8-1C,OFF_DOX,NR,30,6,5.0
7,RAM-9-10B,OFF_DOX,NR,46,3,15.333333333333334
8,RAM-9-13B,OFF_DOX,NR,116,6,19.333333333333332
9,RAM-9-4B,OFF_DOX,NR,93,6,15.5
10,RAM-8-13C,OFF_DOX,VR5,80,5,16.0
11,RAM-8-3C,OFF_DOX,VR5,186,3,62.0
12,RAM-9-12B,OFF_DOX,VR5,150,4,37.5
13,RAM-9-14B,OFF_DOX,VR5,119,4,29.75
14,RAM-9-2B,OFF_DOX,VR5,127,4,31.75
15,RAM-9-5B,OFF_DOX,VR5,205,4,51.25
16,RAM-8-10C,ON_DOX,FR1,64,3,21.333333333333332
17,RAM-8-16C,ON_DOX,FR1,93,4,23.25
18,RAM-9-1B,ON_DOX,FR1,77,4,19.25
19,RAM-9-7B,ON_DOX,FR1,76,4,19.0
20,RAM-8-5C,ON_DOX,VR5,120,5,24.0
