,rat_n,dox,react,sum,n_imgs,mean_cell_n
0,RAM-8-15C,OFF_DOX,FR1,251,6,41.833333333333336
1,RAM-8-4C,OFF_DOX,FR1,251,3,83.66666666666667
2,RAM-8-8C,OFF_DOX,FR1,259,3,86.33333333333333
3,RAM-9-11B,OFF_DOX,FR1,81,3,27.0
4,RAM-9-3B,OFF_DOX,FR1,438,4,109.5
5,RAM-9-8B,OFF_DOX,FR1,201,4,50.25
6,RAM-8-1C,OFF_DOX,NR,185,6,30.833333333333332
7,RAM-9-10B,OFF_DOX,NR,124,3,41.333333333333336
8,RAM-9-13B,OFF_DOX,NR,204,6,34.0
9,RAM-9-4B,OFF_DOX,NR,247,6,41.166666666666664
10,RAM-8-13C,OFF_DOX,VR5,254,5,50.8
11,RAM-8-3C,OFF_DOX,VR5,373,3,124.33333333333333
12,RAM-9-12B,OFF_DOX,VR5,421,4,105.25
13,RAM-9-14B,OFF_DOX,VR5,238,4,59.5
14,RAM-9-2B,OFF_DOX,VR5,482,4,120.5
15,RAM-9-5B,OFF_DOX,VR5,636,4,159.0
16,RAM-8-10C,ON_DOX,FR1,120,3,40.0
17,RAM-8-16C,ON_DOX,FR1,189,4,47.25
18,RAM-9-1B,ON_DOX,FR1,362,4,90.5
19,RAM-9-7B,ON_DOX,FR1,198,4,49.5
20,RAM-8-5C,ON_DOX,VR5,480,5,96.0
