,rat_n,dox,react,sum,n_imgs,mean_cell_n
0,RAM-8-15C,OFF_DOX,FR1,19.0,6.0,3.1666666666666665
1,RAM-8-4C,OFF_DOX,FR1,21.0,3.0,7.0
2,RAM-8-8C,OFF_DOX,FR1,15.0,3.0,5.0
3,RAM-9-11B,OFF_DOX,FR1,9.0,3.0,3.0
4,RAM-9-3B,OFF_DOX,FR1,17.0,4.0,4.25
5,RAM-9-8B,OFF_DOX,FR1,1.0,4.0,0.25
6,RAM-8-1C,OFF_DOX,NR,4.0,6.0,0.6666666666666666
7,RAM-9-10B,OFF_DOX,NR,2.0,3.0,0.6666666666666666
8,RAM-9-13B,OFF_DOX,NR,47.0,6.0,7.833333333333333
9,RAM-9-4B,OFF_DOX,NR,30.0,6.0,5.0
10,RAM-8-13C,OFF_DOX,VR5,16.0,5.0,3.2
11,RAM-8-3C,OFF_DOX,VR5,71.0,3.0,23.666666666666668
12,RAM-9-12B,OFF_DOX,VR5,35.0,4.0,8.75
13,RAM-9-14B,OFF_DOX,VR5,20.0,4.0,5.0
14,RAM-9-2B,OFF_DOX,VR5,14.0,4.0,3.5
15,RAM-9-5B,OFF_DOX,VR5,34.0,4.0,8.5
16,RAM-8-10C,ON_DOX,FR1,,,
17,RAM-8-16C,ON_DOX,FR1,1.0,4.0,0.25
18,RAM-9-1B,ON_DOX,FR1,2.0,4.0,0.5
19,RAM-9-7B,ON_DOX,FR1,,,
20,RAM-8-5C,ON_DOX,VR5,,,
