,rat_n,dox,react,sum,n_imgs,mean_cell_n
0,RAM-8-15C,OFF_DOX,FR1,28.0,6.0,4.666666666666667
1,RAM-8-4C,OFF_DOX,FR1,47.0,3.0,15.666666666666666
2,RAM-8-8C,OFF_DOX,FR1,41.0,3.0,13.666666666666666
3,RAM-9-11B,OFF_DOX,FR1,28.0,3.0,9.333333333333334
4,RAM-9-3B,OFF_DOX,FR1,83.0,4.0,20.75
5,RAM-9-8B,OFF_DOX,FR1,4.0,4.0,1.0
6,RAM-8-1C,OFF_DOX,NR,9.0,6.0,1.5
7,RAM-9-10B,OFF_DOX,NR,9.0,3.0,3.0
8,RAM-9-13B,OFF_DOX,NR,49.0,6.0,8.166666666666666
9,RAM-9-4B,OFF_DOX,NR,52.0,6.0,8.666666666666666
10,RAM-8-13C,OFF_DOX,VR5,42.0,5.0,8.4
11,RAM-8-3C,OFF_DOX,VR5,125.0,3.0,41.666666666666664
12,RAM-9-12B,OFF_DOX,VR5,141.0,4.0,35.25
13,RAM-9-14B,OFF_DOX,VR5,100.0,4.0,25.0
14,RAM-9-2B,OFF_DOX,VR5,117.0,4.0,29.25
15,RAM-9-5B,OFF_DOX,VR5,153.0,4.0,38.25
16,RAM-8-10C,ON_DOX,FR1,,,
17,RAM-8-16C,ON_DOX,FR1,3.0,4.0,0.75
18,RAM-9-1B,ON_DOX,FR1,6.0,4.0,1.5
19,RAM-9-7B,ON_DOX,FR1,2.0,4.0,0.5
20,RAM-8-5C,ON_DOX,VR5,,,
