,rat_n,dox,react,sum,n_imgs,mean_cell_n
0,RAM-8-15C,OFF_DOX,FR1,63,6,10.5
1,RAM-8-4C,OFF_DOX,FR1,45,3,15.0
2,RAM-8-8C,OFF_DOX,FR1,36,3,12.0
3,RAM-9-11B,OFF_DOX,FR1,25,3,8.333333333333334
4,RAM-9-3B,OFF_DOX,FR1,95,4,23.75
5,RAM-9-8B,OFF_DOX,FR1,46,4,11.5
6,RAM-8-1C,OFF_DOX,NR,14,6,2.3333333333333335
7,RAM-9-10B,OFF_DOX,NR,46,3,15.333333333333334
8,RAM-9-13B,OFF_DOX,NR,116,6,19.333333333333332
9,RAM-9-4B,OFF_DOX,NR,93,6,15.5
10,RAM-8-13C,OFF_DOX,VR5,78,5,15.6
11,RAM-8-3C,OFF_DOX,VR5,126,3,42.0
12,RAM-9-12B,OFF_DOX,VR5,150,4,37.5
13,RAM-9-14B,OFF_DOX,VR5,119,4,29.75
14,RAM-9-2B,OFF_DOX,VR5,127,4,31.75
15,RAM-9-5B,OFF_DOX,VR5,205,4,51.25
16,RAM-8-10C,ON_DOX,FR1,64,3,21.333333333333332
17,RAM-8-16C,ON_DOX,FR1,64,4,16.0
18,RAM-9-1B,ON_DOX,FR1,77,4,19.25
19,RAM-9-7B,ON_DOX,FR1,76,4,19.0
20,RAM-8-5C,ON_DOX,VR5,83,5,16.6
