,index,filename,image_name,roi_id,true_grouping,dummy_PV,dummy_cFos,dummy_Npas4,dummy_WFA,CoM_x,CoM_y,background,mean_intensity,stain_type,filename,rat_n,treatment,group_name,snr,mean-background,adjusted_mean-background,coloc_stain_type,norm_adjusted_mean-background
17,37,KET-10-12_PFC_3.7_A_3.tif,KET-10-12_PFC_3.7_A,0-005-00017_cFos,"('0-000-00008_PV', '0-005-00017_cFos', '0-FFF-00062_Npas4', '0-FFF-00002_WFA')",True,True,True,True,172.37,310.72,448.3285,399.504,cFos,KET-10-12_PFC_3.7_A_3.tif,KET-10-12,FR1_KET,KET-10,0.8910966,-48.824493,155.46323,quad_cFos,0.51563525
36,56,KET-10-12_PFC_3.7_A_3.tif,KET-10-12_PFC_3.7_A,0-005-00036_cFos,"('0-000-00012_PV', '0-005-00036_cFos', '0-FFF-00009_Npas4', '0-FFF-00001_WFA')",True,True,True,True,229.01,159.97,448.3285,370.2401,cFos,KET-10-12_PFC_3.7_A_3.tif,KET-10-12,FR1_KET,KET-10,0.8258233,-78.08838,126.19934,quad_cFos,0.41857377
159,280,KET-10-12_PFC_3.7_B_3.tif,KET-10-12_PFC_3.7_B,0-005-00056_cFos,"('0-005-00056_cFos', '0-FFF-00083_Npas4', '0-FFF-00003_WFA')",False,True,True,True,175.97,324.14,473.4432,348.2483,cFos,KET-10-12_PFC_3.7_B_3.tif,KET-10-12,FR1_KET,KET-10,0.73556507,-125.194916,79.092804,"cFos_coloc_w_Npas4,WFA",0.26233238
162,283,KET-10-12_PFC_3.7_B_3.tif,KET-10-12_PFC_3.7_B,0-005-00059_cFos,"('0-000-00010_PV', '0-005-00059_cFos', '0-FFF-00006_Npas4', '0-FFF-00002_WFA')",True,True,True,True,352.4,80.3,473.4432,387.3439,cFos,KET-10-12_PFC_3.7_B_3.tif,KET-10-12,FR1_KET,KET-10,0.8181423,-86.099304,118.188416,quad_cFos,0.3920034
192,313,KET-10-12_PFC_3.7_B_3.tif,KET-10-12_PFC_3.7_B,0-005-00089_cFos,"('0-000-00007_PV', '0-005-00089_cFos', '0-FFF-00062_Npas4', '0-FFF-00007_WFA')",True,True,True,True,428.98,368.56,473.4432,666.2852,cFos,KET-10-12_PFC_3.7_B_3.tif,KET-10-12,FR1_KET,KET-10,1.4073181,192.84201,397.12973,quad_cFos,1.3171867
211,332,KET-10-12_PFC_3.7_B_3.tif,KET-10-12_PFC_3.7_B,0-FFF-00108_cFos,"('0-000-00004_PV', '0-FFF-00108_cFos', '0-FFF-00056_Npas4', '0-FFF-00005_WFA')",True,True,True,True,347.97,288.11,473.4432,304.8825,cFos,KET-10-12_PFC_3.7_B_3.tif,KET-10-12,FR1_KET,KET-10,0.64396846,-168.5607,35.72702,quad_cFos,0.11849819
222,343,KET-10-12_PFC_3.7_B_3.tif,KET-10-12_PFC_3.7_B,0-FFF-00119_cFos,"('0-000-00000_PV', '0-FFF-00119_cFos', '0-FFF-00099_Npas4', '0-FFF-00009_WFA')",True,True,True,True,177.93,471.18,473.4432,304.8006,cFos,KET-10-12_PFC_3.7_B_3.tif,KET-10-12,FR1_KET,KET-10,0.6437955,-168.64261,35.64511,quad_cFos,0.11822652
228,459,KET-10-12_PFC_3.9_C_3.tif,KET-10-12_PFC_3.9_C,0-005-00004_cFos,"('0-000-00005_PV', '0-005-00004_cFos', '0-FFF-00047_Npas4', '0-FFF-00003_WFA')",True,True,True,True,323.7,408.88,383.5251,709.9454,cFos,KET-10-12_PFC_3.9_C_3.tif,KET-10-12,FR1_KET,KET-10,1.8511055,326.4203,530.708,quad_cFos,1.7602346
289,520,KET-10-12_PFC_3.9_C_3.tif,KET-10-12_PFC_3.9_C,0-FFF-00065_cFos,"('0-000-00007_PV', '0-FFF-00065_cFos', '0-FFF-00058_Npas4', '0-FFF-00004_WFA')",True,True,True,True,181.17,392.64,383.5251,297.5346,cFos,KET-10-12_PFC_3.9_C_3.tif,KET-10-12,FR1_KET,KET-10,0.77578914,-85.99048,118.29724,quad_cFos,0.39236435
330,662,KET-10-12_PFC_3.9_D_3.tif,KET-10-12_PFC_3.9_D,0-005-00001_cFos,"('0-000-00007_PV', '0-005-00001_cFos', '0-FFF-00032_Npas4', '0-FFF-00004_WFA')",True,True,True,True,383.38,99.1,422.157,508.6135,cFos,KET-10-12_PFC_3.9_D_3.tif,KET-10-12,FR1_KET,KET-10,1.204797,86.45648,290.7442,quad_cFos,0.9643307
451,883,KET-10-12_PFC_4.0_E_3.tif,KET-10-12_PFC_4.0_E,0-005-00017_cFos,"('0-000-00008_PV', '0-005-00017_cFos', '0-FFF-00035_Npas4', '0-FFF-00003_WFA')",True,True,True,True,335.83,88.97,422.3047,564.8242,cFos,KET-10-12_PFC_4.0_E_3.tif,KET-10-12,FR1_KET,KET-10,1.3374803,142.51953,346.80725,quad_cFos,1.1502787
457,889,KET-10-12_PFC_4.0_E_3.tif,KET-10-12_PFC_4.0_E,0-005-00023_cFos,"('0-000-00010_PV', '0-005-00023_cFos', '0-200-00010_Npas4', '0-FFF-00004_WFA')",True,True,True,True,327.48,199.38,422.3047,677.3589,cFos,KET-10-12_PFC_4.0_E_3.tif,KET-10-12,FR1_KET,KET-10,1.6039578,255.0542,459.34192,quad_cFos,1.52353
513,945,KET-10-12_PFC_4.0_E_3.tif,KET-10-12_PFC_4.0_E,0-FFF-00081_cFos,"('0-000-00005_PV', '0-FFF-00081_cFos', '0-FFF-00033_Npas4', '0-FFF-00002_WFA')",True,True,True,True,297.16,63.86,422.3047,307.5399,cFos,KET-10-12_PFC_4.0_E_3.tif,KET-10-12,FR1_KET,KET-10,0.7282417,-114.7648,89.52292,quad_cFos,0.29692665
584,1112,KET-10-14_PFC_3.4_D_3.tif,KET-10-14_PFC_3.4_D,0-005-00038_cFos,"('0-005-00038_cFos', '0-FFF-00117_Npas4', '0-FFF-00003_WFA')",False,True,True,True,44.92,498.26,264.4046,345.2015,cFos,KET-10-14_PFC_3.4_D_3.tif,KET-10-14,VR5_KET,KET-10,1.3055806,80.796906,285.08463,"cFos_coloc_w_Npas4,WFA",0.9455592
694,1374,KET-10-14_PFC_3.4_E_3.tif,KET-10-14_PFC_3.4_E,0-005-00027_cFos,"('0-000-00014_PV', '0-005-00027_cFos', '0-FFF-00103_Npas4', '0-FFF-00007_WFA')",True,True,True,True,321.49,427.52,277.7211,635.2126,cFos,KET-10-14_PFC_3.4_E_3.tif,KET-10-14,VR5_KET,KET-10,2.287232,357.4915,561.7792,quad_cFos,1.8632904
701,1381,KET-10-14_PFC_3.4_E_3.tif,KET-10-14_PFC_3.4_E,0-005-00036_cFos,"('0-005-00036_cFos', '0-FFF-00049_Npas4', '0-FFF-00003_WFA')",False,True,True,True,285.73,86.59,277.7211,344.8339,cFos,KET-10-14_PFC_3.4_E_3.tif,KET-10-14,VR5_KET,KET-10,1.2416553,67.11279,271.4005,"cFos_coloc_w_Npas4,WFA",0.9001722
832,1663,KET-10-14_PFC_3.6_C_3.tif,KET-10-14_PFC_3.6_C,0-FFF-00069_cFos,"('0-000-00002_PV', '0-FFF-00069_cFos', '0-FFF-00112_Npas4', '0-FFF-00003_WFA')",True,True,True,True,48.92,442.61,314.4783,303.6025,cFos,KET-10-14_PFC_3.6_C_3.tif,KET-10-14,VR5_KET,KET-10,0.9654164,-10.875793,193.41193,quad_cFos,0.64150226
842,1673,KET-10-14_PFC_3.6_C_3.tif,KET-10-14_PFC_3.6_C,0-FFF-00079_cFos,"('0-000-00000_PV', '0-FFF-00079_cFos', '0-FFF-00108_Npas4', '0-FFF-00002_WFA')",True,True,True,True,197.58,384.04,314.4783,275.0437,cFos,KET-10-14_PFC_3.6_C_3.tif,KET-10-14,VR5_KET,KET-10,0.8746031,-39.4346,164.85312,quad_cFos,0.54677933
866,1824,KET-10-14_PFC_3.7_A_3.tif,KET-10-14_PFC_3.7_A,0-005-00012_cFos,"('0-000-00003_PV', '0-005-00012_cFos', '0-FFF-00069_Npas4', '0-FFF-00009_WFA')",True,True,True,True,160.75,286.54,444.0234,356.2431,cFos,KET-10-14_PFC_3.7_A_3.tif,KET-10-14,VR5_KET,KET-10,0.802307,-87.780304,116.507416,quad_cFos,0.3864279
872,1830,KET-10-14_PFC_3.7_A_3.tif,KET-10-14_PFC_3.7_A,0-005-00019_cFos,"('0-000-00014_PV', '0-005-00019_cFos', '0-FFF-00030_Npas4', '0-FFF-00005_WFA')",True,True,True,True,364.16,196.85,444.0234,436.4308,cFos,KET-10-14_PFC_3.7_A_3.tif,KET-10-14,VR5_KET,KET-10,0.9829004,-7.592621,196.6951,quad_cFos,0.65239173
874,1832,KET-10-14_PFC_3.7_A_3.tif,KET-10-14_PFC_3.7_A,0-005-00021_cFos,"('0-000-00007_PV', '0-005-00021_cFos', '0-FFF-00023_Npas4', '0-FFF-00002_WFA')",True,True,True,True,317.8,94.15,444.0234,385.8874,cFos,KET-10-14_PFC_3.7_A_3.tif,KET-10-14,VR5_KET,KET-10,0.86906993,-58.136017,146.1517,quad_cFos,0.4847511
917,1875,KET-10-14_PFC_3.7_A_3.tif,KET-10-14_PFC_3.7_A,0-FFF-00064_cFos,"('0-000-00011_PV', '0-FFF-00064_cFos', '0-FFF-00014_Npas4', '0-FFF-00001_WFA')",True,True,True,True,139.3,91.86,444.0234,331.5225,cFos,KET-10-14_PFC_3.7_A_3.tif,KET-10-14,VR5_KET,KET-10,0.74663293,-112.500916,91.786804,quad_cFos,0.3044354
1018,2100,KET-10-14_PFC_3.7_B_3.tif,KET-10-14_PFC_3.7_B,0-FFF-00096_cFos,"('0-000-00000_PV', '0-FFF-00096_cFos', '0-FFF-00043_Npas4', '0-FFF-00002_WFA')",True,True,True,True,358.07,177.12,260.1059,247.8893,cFos,KET-10-14_PFC_3.7_B_3.tif,KET-10-14,VR5_KET,KET-10,0.9530322,-12.2165985,192.07112,quad_cFos,0.6370551
1131,2464,KET-10-1_PFC_3.7_B_3.tif,KET-10-1_PFC_3.7_B,0-005-00019_cFos,"('0-FFF-00005_PV', '0-005-00019_cFos', '0-FFF-00045_Npas4', '0-FFF-00005_WFA')",True,True,True,True,149.14,345.93,399.1894,348.6392,cFos,KET-10-1_PFC_3.7_B_3.tif,KET-10-1,FR1_SAL,KET-10,0.87336785,-50.5502,153.73752,quad_cFos,0.5099115
1164,2497,KET-10-1_PFC_3.7_B_3.tif,KET-10-1_PFC_3.7_B,0-FFF-00053_cFos,"('0-000-00002_PV', '0-FFF-00053_cFos', '0-FFF-00029_Npas4', '0-FFF-00004_WFA')",True,True,True,True,388.27,210.61,399.1894,286.6113,cFos,KET-10-1_PFC_3.7_B_3.tif,KET-10-1,FR1_SAL,KET-10,0.71798325,-112.578094,91.709625,quad_cFos,0.30417943
1178,2609,KET-10-1_PFC_3.7_C_3.tif,KET-10-1_PFC_3.7_C,0-005-00014_cFos,"('0-000-00000_PV', '0-005-00014_cFos', '0-FFF-00045_Npas4', '0-FFF-00004_WFA')",True,True,True,True,271.15,419.69,317.3645,317.1395,cFos,KET-10-1_PFC_3.7_C_3.tif,KET-10-1,FR1_SAL,KET-10,0.999291,-0.2250061,204.06271,quad_cFos,0.67682844
1188,2619,KET-10-1_PFC_3.7_C_3.tif,KET-10-1_PFC_3.7_C,0-005-00025_cFos,"('0-000-00001_PV', '0-005-00025_cFos', '0-FFF-00046_Npas4', '0-FFF-00003_WFA')",True,True,True,True,249.07,368.51,317.3645,656.4486,cFos,KET-10-1_PFC_3.7_C_3.tif,KET-10-1,FR1_SAL,KET-10,2.0684373,339.0841,543.3718,quad_cFos,1.8022376
1217,2726,KET-10-1_PFC_3.8_E_3.tif,KET-10-1_PFC_3.8_E,0-005-00002_cFos,"('0-000-00001_PV', '0-005-00002_cFos', '0-FFF-00031_Npas4', '0-FFF-00002_WFA')",True,True,True,True,149.13,153.0,249.9861,271.3546,cFos,KET-10-1_PFC_3.8_E_3.tif,KET-10-1,FR1_SAL,KET-10,1.0854788,21.368515,225.65623,quad_cFos,0.7484491
1237,2746,KET-10-1_PFC_3.8_E_3.tif,KET-10-1_PFC_3.8_E,0-005-00024_cFos,"('0-000-00002_PV', '0-005-00024_cFos', '0-FFF-00043_Npas4', '0-FFF-00001_WFA')",True,True,True,True,8.15,347.23,249.9861,274.6529,cFos,KET-10-1_PFC_3.8_E_3.tif,KET-10-1,FR1_SAL,KET-10,1.0986726,24.666794,228.95451,quad_cFos,0.7593887
1256,2765,KET-10-1_PFC_3.8_E_3.tif,KET-10-1_PFC_3.8_E,0-FFF-00047_cFos,"('0-000-00003_PV', '0-FFF-00047_cFos', '0-FFF-00045_Npas4', '0-FFF-00003_WFA')",True,True,True,True,171.0,341.37,249.9861,230.1693,cFos,KET-10-1_PFC_3.8_E_3.tif,KET-10-1,FR1_SAL,KET-10,0.9207284,-19.816803,184.47092,quad_cFos,0.611847
1332,2924,KET-10-1_PFC_4.0_A_3.tif,KET-10-1_PFC_4.0_A,0-FFF-00058_cFos,"('0-000-00001_PV', '0-FFF-00058_cFos', '0-FFF-00046_Npas4', '0-FFF-00002_WFA')",True,True,True,True,431.11,269.15,391.5194,313.3253,cFos,KET-10-1_PFC_4.0_A_3.tif,KET-10-1,FR1_SAL,KET-10,0.80028033,-78.19412,126.0936,quad_cFos,0.41822305
1468,3270,KET-10-2_PFC_3.5_B_3.tif,KET-10-2_PFC_3.5_B,0-005-00020_cFos,"('0-000-00009_PV', '0-005-00020_cFos', '0-FFF-00047_Npas4', '0-FFF-00003_WFA')",True,True,True,True,342.57,190.44,273.2332,592.0346,cFos,KET-10-2_PFC_3.5_B_3.tif,KET-10-2,VR5_SAL,KET-10,2.1667743,318.80142,523.0891,quad_cFos,1.7349645
1580,3503,KET-10-2_PFC_3.7_D_3.tif,KET-10-2_PFC_3.7_D,0-005-00018_cFos,"('0-005-00018_cFos', '0-FFF-00037_Npas4', '0-FFF-00001_WFA')",False,True,True,True,370.75,61.56,261.3596,595.5793,cFos,KET-10-2_PFC_3.7_D_3.tif,KET-10-2,VR5_SAL,KET-10,2.2787733,334.2197,538.50745,"cFos_coloc_w_Npas4,WFA",1.7861036
1594,3517,KET-10-2_PFC_3.7_D_3.tif,KET-10-2_PFC_3.7_D,0-005-00032_cFos,"('0-005-00032_cFos', '0-200-00018_Npas4', '0-FFF-00004_WFA')",False,True,True,True,62.81,201.04,261.3596,456.175,cFos,KET-10-2_PFC_3.7_D_3.tif,KET-10-2,VR5_SAL,KET-10,1.7453922,194.8154,399.10312,"cFos_coloc_w_Npas4,WFA",1.3237319
1683,3736,KET-10-2_PFC_3.9_C_3.tif,KET-10-2_PFC_3.9_C,0-005-00034_cFos,"('0-000-00000_PV', '0-005-00034_cFos', '0-FFF-00035_Npas4', '0-FFF-00001_WFA')",True,True,True,True,178.9,147.51,263.6911,307.3606,cFos,KET-10-2_PFC_3.9_C_3.tif,KET-10-2,VR5_SAL,KET-10,1.1656085,43.669495,247.95721,quad_cFos,0.82241625
1715,3768,KET-10-2_PFC_3.9_C_3.tif,KET-10-2_PFC_3.9_C,0-FFF-00068_cFos,"('0-000-00003_PV', '0-FFF-00068_cFos', '0-FFF-00040_Npas4', '0-FFF-00006_WFA')",True,True,True,True,208.1,14.42,263.6911,241.1365,cFos,KET-10-2_PFC_3.9_C_3.tif,KET-10-2,VR5_SAL,KET-10,0.91446584,-22.554596,181.73312,quad_cFos,0.6027664
1716,3769,KET-10-2_PFC_3.9_C_3.tif,KET-10-2_PFC_3.9_C,0-FFF-00069_cFos,"('0-000-00008_PV', '0-FFF-00069_cFos', '0-FFF-00038_Npas4', '0-FFF-00005_WFA')",True,True,True,True,185.91,58.24,263.6911,242.6078,cFos,KET-10-2_PFC_3.9_C_3.tif,KET-10-2,VR5_SAL,KET-10,0.9200455,-21.083298,183.20442,quad_cFos,0.60764635
1733,3786,KET-10-2_PFC_3.9_C_3.tif,KET-10-2_PFC_3.9_C,0-FFF-00086_cFos,"('0-000-00004_PV', '0-FFF-00086_cFos', '0-FFF-00095_Npas4', '0-FFF-00007_WFA')",True,True,True,True,200.2,302.68,263.6911,237.0178,cFos,KET-10-2_PFC_3.9_C_3.tif,KET-10-2,VR5_SAL,KET-10,0.89884645,-26.673294,177.61443,quad_cFos,0.5891056
1763,3935,KET-10-2_PFC_4.0_E_3.tif,KET-10-2_PFC_4.0_E,0-005-00019_cFos,"('0-000-00002_PV', '0-005-00019_cFos', '0-FFF-00087_Npas4', '0-FFF-00005_WFA')",True,True,True,True,305.2,499.59,413.6121,336.7867,cFos,KET-10-2_PFC_4.0_E_3.tif,KET-10-2,VR5_SAL,KET-10,0.81425744,-76.82538,127.46234,quad_cFos,0.42276284
1846,4092,KET-10-3_PFC_3.5_C_3.tif,KET-10-3_PFC_3.5_C,0-005-00052_cFos,"('0-000-00010_PV', '0-005-00052_cFos', '0-200-00013_Npas4', '0-FFF-00005_WFA')",True,True,True,True,27.76,94.21,335.3699,793.8148,cFos,KET-10-3_PFC_3.5_C_3.tif,KET-10-3,VR5_SAL,KET-10,2.366983,458.44492,662.73267,quad_cFos,2.1981297
2134,4704,KET-10-3_PFC_3.8_B_3.tif,KET-10-3_PFC_3.8_B,0-005-00017_cFos,"('0-000-00000_PV', '0-005-00017_cFos', '0-FFF-00018_Npas4', '0-FFF-00009_WFA')",True,True,True,True,151.01,34.13,314.3107,435.7795,cFos,KET-10-3_PFC_3.8_B_3.tif,KET-10-3,VR5_SAL,KET-10,1.3864609,121.46881,325.75653,quad_cFos,1.0804584
2172,4742,KET-10-3_PFC_3.8_B_3.tif,KET-10-3_PFC_3.8_B,0-005-00057_cFos,"('0-000-00006_PV', '0-005-00057_cFos', '0-FFF-00051_Npas4', '0-FFF-00003_WFA')",True,True,True,True,329.62,399.11,314.3107,451.9747,cFos,KET-10-3_PFC_3.8_B_3.tif,KET-10-3,VR5_SAL,KET-10,1.437987,137.664,341.95172,quad_cFos,1.1341741
2184,4754,KET-10-3_PFC_3.8_B_3.tif,KET-10-3_PFC_3.8_B,0-005-00069_cFos,"('0-000-00006_PV', '0-005-00069_cFos', '0-FFF-00051_Npas4', '0-FFF-00003_WFA')",True,True,True,True,325.3,403.31,314.3107,588.4161,cFos,KET-10-3_PFC_3.8_B_3.tif,KET-10-3,VR5_SAL,KET-10,1.8720841,274.10538,478.3931,quad_cFos,1.5867183
2249,4902,KET-10-3_PFC_4.0_A_3.tif,KET-10-3_PFC_4.0_A,0-005-00042_cFos,"('0-000-00005_PV', '0-005-00042_cFos', '0-FFF-00029_Npas4', '0-FFF-00009_WFA')",True,True,True,True,114.75,261.03,349.474,320.1797,cFos,KET-10-3_PFC_4.0_A_3.tif,KET-10-3,VR5_SAL,KET-10,0.916176,-29.294312,174.99341,quad_cFos,0.5804123
2287,5028,KET-10-4_PFC_3.5_C_3.tif,KET-10-4_PFC_3.5_C,0-005-00002_cFos,"('0-000-00011_PV', '0-005-00002_cFos', '0-FFF-00033_Npas4', '0-FFF-00004_WFA')",True,True,True,True,54.01,243.08,409.8977,526.1453,cFos,KET-10-4_PFC_3.5_C_3.tif,KET-10-4,VR5_SAL,KET-10,1.2836015,116.24762,320.53534,quad_cFos,1.063141
2313,5054,KET-10-4_PFC_3.5_C_3.tif,KET-10-4_PFC_3.5_C,0-005-00028_cFos,"('0-000-00004_PV', '0-005-00028_cFos', '0-FFF-00053_Npas4', '0-FFF-00003_WFA')",True,True,True,True,210.06,406.14,409.8977,376.5525,cFos,KET-10-4_PFC_3.5_C_3.tif,KET-10-4,VR5_SAL,KET-10,0.9186499,-33.345215,170.9425,quad_cFos,0.5669764
2378,5194,KET-10-4_PFC_3.7_D_3.tif,KET-10-4_PFC_3.7_D,0-005-00030_cFos,"('0-000-00001_PV', '0-005-00030_cFos', '0-FFF-00060_Npas4', '0-FFF-00003_WFA')",True,True,True,True,26.67,351.86,314.9819,498.5593,cFos,KET-10-4_PFC_3.7_D_3.tif,KET-10-4,VR5_SAL,KET-10,1.5828189,183.5774,387.8651,quad_cFos,1.2864581
2419,5335,KET-10-4_PFC_3.8_B_3.tif,KET-10-4_PFC_3.8_B,0-005-00008_cFos,"('0-000-00006_PV', '0-005-00008_cFos', '0-FFF-00053_Npas4', '0-FFF-00002_WFA')",True,True,True,True,78.98,159.16,377.426,501.6145,cFos,KET-10-4_PFC_3.8_B_3.tif,KET-10-4,VR5_SAL,KET-10,1.3290406,124.18851,328.47623,quad_cFos,1.089479
2462,5378,KET-10-4_PFC_3.8_B_3.tif,KET-10-4_PFC_3.8_B,0-005-00051_cFos,"('0-000-00015_PV', '0-005-00051_cFos', '0-FFF-00055_Npas4', '0-FFF-00003_WFA')",True,True,True,True,14.48,125.95,377.426,720.0689,cFos,KET-10-4_PFC_3.8_B_3.tif,KET-10-4,VR5_SAL,KET-10,1.9078413,342.6429,546.93066,quad_cFos,1.8140414
2488,5504,KET-10-4_PFC_3.8_E_3.tif,KET-10-4_PFC_3.8_E,0-005-00003_cFos,"('0-000-00000_PV', '0-005-00003_cFos', '0-200-00021_Npas4', '0-001-00004_WFA')",True,True,True,True,71.33,80.05,324.7159,775.5994,cFos,KET-10-4_PFC_3.8_E_3.tif,KET-10-4,VR5_SAL,KET-10,2.3885477,450.8835,655.17126,quad_cFos,2.1730502
2490,5506,KET-10-4_PFC_3.8_E_3.tif,KET-10-4_PFC_3.8_E,0-005-00005_cFos,"('0-000-00007_PV', '0-005-00005_cFos', '0-FFF-00119_Npas4', '0-001-00002_WFA')",True,True,True,True,160.57,313.68,324.7159,1048.9293,cFos,KET-10-4_PFC_3.8_E_3.tif,KET-10-4,VR5_SAL,KET-10,3.2302985,724.2134,928.5011,quad_cFos,3.0796216
2541,5557,KET-10-4_PFC_3.8_E_3.tif,KET-10-4_PFC_3.8_E,0-FFF-00058_cFos,"('0-000-00004_PV', '0-FFF-00058_cFos', '0-FFF-00070_Npas4', '0-FFF-00005_WFA')",True,True,True,True,41.38,343.14,324.7159,266.2388,cFos,KET-10-4_PFC_3.8_E_3.tif,KET-10-4,VR5_SAL,KET-10,0.819913,-58.47711,145.81061,quad_cFos,0.48361978
2548,5703,KET-10-4_PFC_4.1_A_3.tif,KET-10-4_PFC_4.1_A,0-005-00001_cFos,"('0-000-00008_PV', '0-005-00001_cFos', '0-200-00013_Npas4', '0-001-00003_WFA')",True,True,True,True,341.42,304.12,436.6008,600.278,cFos,KET-10-4_PFC_4.1_A_3.tif,KET-10-4,VR5_SAL,KET-10,1.3748899,163.67722,367.96494,quad_cFos,1.2204539
2558,5713,KET-10-4_PFC_4.1_A_3.tif,KET-10-4_PFC_4.1_A,0-005-00011_cFos,"('0-FFF-00016_PV', '0-005-00011_cFos', '0-FFF-00029_Npas4', '0-FFF-00007_WFA')",True,True,True,True,23.98,55.8,436.6008,494.7185,cFos,KET-10-4_PFC_4.1_A_3.tif,KET-10-4,VR5_SAL,KET-10,1.1331141,58.117706,262.40543,quad_cFos,0.8703376
2575,5730,KET-10-4_PFC_4.1_A_3.tif,KET-10-4_PFC_4.1_A,0-005-00028_cFos,"('0-000-00002_PV', '0-005-00028_cFos', '0-FFF-00072_Npas4', '0-FFF-00005_WFA')",True,True,True,True,292.4,227.82,436.6008,378.187,cFos,KET-10-4_PFC_4.1_A_3.tif,KET-10-4,VR5_SAL,KET-10,0.8662078,-58.413788,145.87393,quad_cFos,0.4838298
2631,5918,KET-10-5_PFC_3.3_C_3.tif,KET-10-5_PFC_3.3_C,0-005-00016_cFos,"('0-005-00016_cFos', '0-FFF-00014_Npas4', '0-FFF-00005_WFA')",False,True,True,True,152.21,51.24,318.4953,285.0893,cFos,KET-10-5_PFC_3.3_C_3.tif,KET-10-5,FR1_SAL,KET-10,0.89511305,-33.406006,170.88171,"cFos_coloc_w_Npas4,WFA",0.5667748
2755,6172,KET-10-5_PFC_3.5_D_3.tif,KET-10-5_PFC_3.5_D,0-005-00045_cFos,"('0-000-00014_PV', '0-005-00045_cFos', '0-FFF-00010_Npas4', '0-FFF-00002_WFA')",True,True,True,True,128.89,41.1,321.4513,518.0771,cFos,KET-10-5_PFC_3.5_D_3.tif,KET-10-5,FR1_SAL,KET-10,1.6116815,196.6258,400.9135,quad_cFos,1.3297366
2784,6201,KET-10-5_PFC_3.5_D_3.tif,KET-10-5_PFC_3.5_D,0-FFF-00074_cFos,"('0-000-00015_PV', '0-FFF-00074_cFos', '0-FFF-00121_Npas4', '0-FFF-00005_WFA')",True,True,True,True,309.9,439.4,321.4513,271.5349,cFos,KET-10-5_PFC_3.5_D_3.tif,KET-10-5,FR1_SAL,KET-10,0.8447156,-49.91638,154.37134,quad_cFos,0.51201373
2861,6392,KET-10-5_PFC_3.5_E_3.tif,KET-10-5_PFC_3.5_E,0-005-00038_cFos,"('0-000-00008_PV', '0-005-00038_cFos', '0-FFF-00089_Npas4', '0-FFF-00005_WFA')",True,True,True,True,485.62,352.54,272.6935,326.284,cFos,KET-10-5_PFC_3.5_E_3.tif,KET-10-5,FR1_SAL,KET-10,1.1965227,53.590485,257.8782,quad_cFos,0.8553218
2948,6608,KET-10-5_PFC_3.9_A_3.tif,KET-10-5_PFC_3.9_A,0-005-00045_cFos,"('0-000-00003_PV', '0-005-00045_cFos', '0-200-00000_Npas4', '0-FFF-00004_WFA')",True,True,True,True,263.08,503.91,324.0392,421.4212,cFos,KET-10-5_PFC_3.9_A_3.tif,KET-10-5,FR1_SAL,KET-10,1.3005253,97.38199,301.6697,quad_cFos,1.000568
2966,6626,KET-10-5_PFC_3.9_A_3.tif,KET-10-5_PFC_3.9_A,0-FFF-00065_cFos,"('0-000-00002_PV', '0-FFF-00065_cFos', '0-FFF-00047_Npas4', '0-FFF-00002_WFA')",True,True,True,True,105.3,169.18,324.0392,245.6255,cFos,KET-10-5_PFC_3.9_A_3.tif,KET-10-5,FR1_SAL,KET-10,0.75801164,-78.41371,125.87401,quad_cFos,0.4174947
2981,6641,KET-10-5_PFC_3.9_A_3.tif,KET-10-5_PFC_3.9_A,0-FFF-00080_cFos,"('0-000-00011_PV', '0-FFF-00080_cFos', '0-200-00011_Npas4', '0-FFF-00001_WFA')",True,True,True,True,52.47,175.87,324.0392,276.6526,cFos,KET-10-5_PFC_3.9_A_3.tif,KET-10-5,FR1_SAL,KET-10,0.8537627,-47.386627,156.9011,quad_cFos,0.52040434
2999,6736,KET-10-5_PFC_3.9_B_3.tif,KET-10-5_PFC_3.9_B,0-005-00022_cFos,"('0-000-00001_PV', '0-005-00022_cFos', '0-FFF-00019_Npas4', '0-FFF-00005_WFA')",True,True,True,True,463.68,72.0,279.902,279.9733,cFos,KET-10-5_PFC_3.9_B_3.tif,KET-10-5,FR1_SAL,KET-10,1.0002548,0.07128906,204.35901,quad_cFos,0.67781115
3055,6792,KET-10-5_PFC_3.9_B_3.tif,KET-10-5_PFC_3.9_B,0-FFF-00105_cFos,"('0-FFF-00105_cFos', '0-FFF-00083_Npas4', '0-FFF-00006_WFA')",False,True,True,True,193.77,466.23,279.902,459.0163,cFos,KET-10-5_PFC_3.9_B_3.tif,KET-10-5,FR1_SAL,KET-10,1.6399179,179.11429,383.402,"cFos_coloc_w_Npas4,WFA",1.271655
3074,6919,KET-8-2_PFC_3.5_E_3.tif,KET-8-2_PFC_3.5_E,0-005-00001_cFos,"('0-000-00006_PV', '0-005-00001_cFos', '0-FFF-00026_Npas4', '0-FFF-00006_WFA')",True,True,True,True,456.2,40.05,195.1826,323.9172,cFos,KET-8-2_PFC_3.5_E_3.tif,KET-8-2,FR1_SAL,KET-8,1.6595598,128.7346,333.02234,quad_cFos,1.1045574
3094,6939,KET-8-2_PFC_3.5_E_3.tif,KET-8-2_PFC_3.5_E,0-005-00022_cFos,"('0-000-00009_PV', '0-005-00022_cFos', '0-FFF-00081_Npas4', '0-FFF-00002_WFA')",True,True,True,True,218.32,285.3,195.1826,236.9719,cFos,KET-8-2_PFC_3.5_E_3.tif,KET-8-2,FR1_SAL,KET-8,1.2141036,41.78929,246.07701,quad_cFos,0.81618005
3177,7121,KET-8-2_PFC_3.6_D_3.tif,KET-8-2_PFC_3.6_D,0-FFF-00038_cFos,"('0-000-00001_PV', '0-FFF-00038_cFos', '0-FFF-00027_Npas4', '0-FFF-00001_WFA')",True,True,True,True,305.7,260.45,186.3339,455.6537,cFos,KET-8-2_PFC_3.6_D_3.tif,KET-8-2,FR1_SAL,KET-8,2.4453614,269.3198,473.6075,quad_cFos,1.5708456
3319,7497,KET-8-2_PFC_3.7_C_3.tif,KET-8-2_PFC_3.7_C,0-0-00023_cFos,"('0-000-00009_PV', '0-0-00023_cFos', '0-FFF-00048_Npas4', '0-FFF-00001_WFA')",True,True,True,True,173.01,322.76,273.578,457.4684,cFos,KET-8-2_PFC_3.7_C_3.tif,KET-8-2,FR1_SAL,KET-8,1.6721681,183.89041,388.17813,quad_cFos,1.2874963
3333,7511,KET-8-2_PFC_3.7_C_3.tif,KET-8-2_PFC_3.7_C,0-0-00037_cFos,"('0-000-00013_PV', '0-0-00037_cFos', '0-FFF-00067_Npas4', '0-FFF-00005_WFA')",True,True,True,True,371.69,38.14,273.578,376.8607,cFos,KET-8-2_PFC_3.7_C_3.tif,KET-8-2,FR1_SAL,KET-8,1.3775256,103.282684,307.5704,quad_cFos,1.0201392
3415,7745,KET-8-2_PFC_4.0_A_3.tif,KET-8-2_PFC_4.0_A,0-005-00024_cFos,"('0-000-00001_PV', '0-005-00024_cFos', '0-FFF-00052_Npas4', '0-FFF-00004_WFA')",True,True,True,True,287.13,252.98,363.6208,396.49,cFos,KET-8-2_PFC_4.0_A_3.tif,KET-8-2,FR1_SAL,KET-8,1.0903941,32.8692,237.15692,quad_cFos,0.78659415
3418,7748,KET-8-2_PFC_4.0_A_3.tif,KET-8-2_PFC_4.0_A,0-005-00027_cFos,"('0-FFF-00014_PV', '0-005-00027_cFos', '0-FFF-00076_Npas4', '0-FFF-00003_WFA')",True,True,True,True,327.64,217.64,363.6208,351.0747,cFos,KET-8-2_PFC_4.0_A_3.tif,KET-8-2,FR1_SAL,KET-8,0.9654968,-12.546082,191.74164,quad_cFos,0.6359623
3481,7945,KET-8-7_PFC_3.5_D_3.tif,KET-8-7_PFC_3.5_D,0-005-00028_cFos,"('0-000-00008_PV', '0-005-00028_cFos', '0-FFF-00071_Npas4', '0-FFF-00005_WFA')",True,True,True,True,357.61,396.42,214.1141,1224.3232,cFos,KET-8-7_PFC_3.5_D_3.tif,KET-8-7,VR5_KET,KET-8,5.7180877,1010.2091,1214.4968,quad_cFos,4.0282025
3546,8119,KET-8-7_PFC_3.7_C_3.tif,KET-8-7_PFC_3.7_C,0-005-00012_cFos,"('0-000-00004_PV', '0-005-00012_cFos', '0-FFF-00069_Npas4', '0-FFF-00008_WFA')",True,True,True,True,326.65,321.3,195.5219,390.4066,cFos,KET-8-7_PFC_3.7_C_3.tif,KET-8-7,VR5_KET,KET-8,1.9967409,194.88469,399.17242,quad_cFos,1.3239619
3557,8130,KET-8-7_PFC_3.7_C_3.tif,KET-8-7_PFC_3.7_C,0-005-00024_cFos,"('0-000-00008_PV', '0-005-00024_cFos', '0-FFF-00088_Npas4', '0-FFF-00010_WFA')",True,True,True,True,428.28,446.47,195.5219,227.0484,cFos,KET-8-7_PFC_3.7_C_3.tif,KET-8-7,VR5_KET,KET-8,1.1612428,31.526505,235.81422,quad_cFos,0.7821408
3559,8132,KET-8-7_PFC_3.7_C_3.tif,KET-8-7_PFC_3.7_C,0-005-00026_cFos,"('0-000-00008_PV', '0-005-00026_cFos', '0-FFF-00088_Npas4', '0-FFF-00010_WFA')",True,True,True,True,429.63,441.06,195.5219,235.6745,cFos,KET-8-7_PFC_3.7_C_3.tif,KET-8-7,VR5_KET,KET-8,1.2053611,40.152603,244.44032,quad_cFos,0.8107515
3568,8141,KET-8-7_PFC_3.7_C_3.tif,KET-8-7_PFC_3.7_C,0-005-00035_cFos,"('0-000-00014_PV', '0-005-00035_cFos', '0-200-00002_Npas4', '0-FFF-00005_WFA')",True,True,True,True,412.02,162.76,195.5219,275.572,cFos,KET-8-7_PFC_3.7_C_3.tif,KET-8-7,VR5_KET,KET-8,1.4094175,80.050095,284.33783,quad_cFos,0.9430823
3619,8192,KET-8-7_PFC_3.7_C_3.tif,KET-8-7_PFC_3.7_C,0-FFF-00088_cFos,"('0-000-00003_PV', '0-FFF-00088_cFos', '0-FFF-00028_Npas4', '0-FFF-00004_WFA')",True,True,True,True,367.03,79.8,195.5219,169.5537,cFos,KET-8-7_PFC_3.7_C_3.tif,KET-8-7,VR5_KET,KET-8,0.8671852,-25.9682,178.31952,quad_cFos,0.59144425
3625,8320,KET-8-7_PFC_4.0_A_3.tif,KET-8-7_PFC_4.0_A,0-005-00005_cFos,"('0-000-00006_PV', '0-005-00005_cFos', '0-FFF-00120_Npas4', '0-FFF-00006_WFA')",True,True,True,True,253.62,396.2,301.3443,454.7376,cFos,KET-8-7_PFC_4.0_A_3.tif,KET-8-7,VR5_KET,KET-8,1.5090301,153.39331,357.68103,quad_cFos,1.1863445
3657,8352,KET-8-7_PFC_4.0_A_3.tif,KET-8-7_PFC_4.0_A,0-FFF-00041_cFos,"('0-000-00013_PV', '0-FFF-00041_cFos', '0-FFF-00010_Npas4', '0-FFF-00002_WFA')",True,True,True,True,16.02,109.51,301.3443,244.5427,cFos,KET-8-7_PFC_4.0_A_3.tif,KET-8-7,VR5_KET,KET-8,0.811506,-56.801605,147.48611,quad_cFos,0.48917705
3665,8360,KET-8-7_PFC_4.0_A_3.tif,KET-8-7_PFC_4.0_A,0-FFF-00049_cFos,"('0-000-00003_PV', '0-FFF-00049_cFos', '0-FFF-00126_Npas4', '0-FFF-00009_WFA')",True,True,True,True,461.15,250.74,301.3443,254.8916,cFos,KET-8-7_PFC_4.0_A_3.tif,KET-8-7,VR5_KET,KET-8,0.84584844,-46.452698,157.83502,quad_cFos,0.52350193
3701,8541,KET-8-7_PFC_4.0_B_3.tif,KET-8-7_PFC_4.0_B,0-FFF-00016_cFos,"('0-FFF-00016_cFos', '0-FFF-00076_Npas4', '0-FFF-00005_WFA')",False,True,True,True,390.46,151.08,203.8535,405.4247,cFos,KET-8-7_PFC_4.0_B_3.tif,KET-8-7,VR5_KET,KET-8,1.9888042,201.57121,405.85895,"cFos_coloc_w_Npas4,WFA",1.3461394
3720,8560,KET-8-7_PFC_4.0_B_3.tif,KET-8-7_PFC_4.0_B,0-FFF-00035_cFos,"('0-000-00001_PV', '0-FFF-00035_cFos', '0-FFF-00054_Npas4', '0-FFF-00004_WFA')",True,True,True,True,232.54,322.87,203.8535,611.1543,cFos,KET-8-7_PFC_4.0_B_3.tif,KET-8-7,VR5_KET,KET-8,2.9980073,407.30078,611.5885,quad_cFos,2.0284963
3749,8687,KET-9-1_PFC_3.6_A_3.tif,KET-9-1_PFC_3.6_A,0-FFF-00006_cFos,"('0-FFF-00006_cFos', '0-FFF-00026_Npas4', '0-FFF-00009_WFA')",False,True,True,True,174.2,152.16,256.3919,293.4328,cFos,KET-9-1_PFC_3.6_A_3.tif,KET-9-1,FR1_KET,KET-9,1.1444699,37.040894,241.32861,"cFos_coloc_w_Npas4,WFA",0.8004307
3758,8696,KET-9-1_PFC_3.6_A_3.tif,KET-9-1_PFC_3.6_A,0-FFF-00015_cFos,"('0-000-00010_PV', '0-FFF-00015_cFos', '0-FFF-00069_Npas4', '0-FFF-00006_WFA')",True,True,True,True,159.26,4.72,256.3919,352.0011,cFos,KET-9-1_PFC_3.6_A_3.tif,KET-9-1,FR1_KET,KET-9,1.3729025,95.60919,299.8969,quad_cFos,0.9946881
3764,8702,KET-9-1_PFC_3.6_A_3.tif,KET-9-1_PFC_3.6_A,0-FFF-00021_cFos,"('0-FFF-00021_cFos', '0-FFF-00042_Npas4', '0-FFF-00002_WFA')",False,True,True,True,466.42,204.17,256.3919,247.1731,cFos,KET-9-1_PFC_3.6_A_3.tif,KET-9-1,FR1_KET,KET-9,0.96404403,-9.218811,195.06891,"cFos_coloc_w_Npas4,WFA",0.64699805
3773,8711,KET-9-1_PFC_3.6_A_3.tif,KET-9-1_PFC_3.6_A,0-FFF-00030_cFos,"('0-000-00006_PV', '0-FFF-00030_cFos', '0-200-00002_Npas4', '0-FFF-00004_WFA')",True,True,True,True,379.67,462.03,256.3919,408.3201,cFos,KET-9-1_PFC_3.6_A_3.tif,KET-9-1,FR1_KET,KET-9,1.5925623,151.92819,356.2159,quad_cFos,1.181485
3780,8718,KET-9-1_PFC_3.6_A_3.tif,KET-9-1_PFC_3.6_A,0-FFF-00037_cFos,"('0-000-00003_PV', '0-FFF-00037_cFos', '0-FFF-00022_Npas4', '0-FFF-00001_WFA')",True,True,True,True,22.77,161.32,256.3919,232.1302,cFos,KET-9-1_PFC_3.6_A_3.tif,KET-9-1,FR1_KET,KET-9,0.90537256,-24.261703,180.02602,quad_cFos,0.5971043
3783,8721,KET-9-1_PFC_3.6_A_3.tif,KET-9-1_PFC_3.6_A,0-FFF-00040_cFos,"('0-FFF-00040_cFos', '0-FFF-00041_Npas4', '0-FFF-00003_WFA')",False,True,True,True,460.71,344.08,256.3919,264.7372,cFos,KET-9-1_PFC_3.6_A_3.tif,KET-9-1,FR1_KET,KET-9,1.032549,8.345306,212.63303,"cFos_coloc_w_Npas4,WFA",0.70525414
3814,8835,KET-9-1_PFC_3.6_D_3.tif,KET-9-1_PFC_3.6_D,0-FFF-00001_cFos,"('0-000-00003_PV', '0-FFF-00001_cFos', '0-200-00006_Npas4', '0-FFF-00007_WFA')",True,True,True,True,205.08,111.56,337.9848,696.0982,cFos,KET-9-1_PFC_3.6_D_3.tif,KET-9-1,FR1_KET,KET-9,2.0595548,358.1134,562.4011,quad_cFos,1.8653533
3851,8872,KET-9-1_PFC_3.6_D_3.tif,KET-9-1_PFC_3.6_D,0-FFF-00038_cFos,"('0-000-00000_PV', '0-FFF-00038_cFos', '0-FFF-00012_Npas4', '0-FFF-00006_WFA')",True,True,True,True,137.38,28.47,337.9848,272.4805,cFos,KET-9-1_PFC_3.6_D_3.tif,KET-9-1,FR1_KET,KET-9,0.80619156,-65.5043,138.78342,quad_cFos,0.46031222
3894,9033,KET-9-1_PFC_3.7_C_3.tif,KET-9-1_PFC_3.7_C,0-FFF-00001_cFos,"('0-000-00003_PV', '0-FFF-00001_cFos', '0-FFF-00001_Npas4', '0-FFF-00001_WFA')",True,True,True,True,50.17,73.31,389.2854,438.9155,cFos,KET-9-1_PFC_3.7_C_3.tif,KET-9-1,FR1_KET,KET-9,1.1274903,49.630096,253.91782,quad_cFos,0.84218615
3903,9042,KET-9-1_PFC_3.7_C_3.tif,KET-9-1_PFC_3.7_C,0-FFF-00010_cFos,"('0-000-00001_PV', '0-FFF-00010_cFos', '0-FFF-00020_Npas4', '0-FFF-00002_WFA')",True,True,True,True,209.18,262.48,389.2854,437.7765,cFos,KET-9-1_PFC_3.7_C_3.tif,KET-9-1,FR1_KET,KET-9,1.1245644,48.49109,252.77881,quad_cFos,0.83840835
3918,9095,KET-9-2_PFC_3.5_E_3.tif,KET-9-2_PFC_3.5_E,0-005-00006_cFos,"('0-FFF-00011_PV', '0-005-00006_cFos', '0-FFF-00005_Npas4', '0-FFF-00002_WFA')",True,True,True,True,49.9,9.95,283.3485,657.2828,cFos,KET-9-2_PFC_3.5_E_3.tif,KET-9-2,FR1_SAL,KET-9,2.3196974,373.93427,578.222,quad_cFos,1.9178275
3920,9097,KET-9-2_PFC_3.5_E_3.tif,KET-9-2_PFC_3.5_E,0-005-00008_cFos,"('0-000-00000_PV', '0-005-00008_cFos', '0-FFF-00040_Npas4', '0-FFF-00012_WFA')",True,True,True,True,73.95,308.18,283.3485,299.2882,cFos,KET-9-2_PFC_3.5_E_3.tif,KET-9-2,FR1_SAL,KET-9,1.0562547,15.939697,220.22742,quad_cFos,0.73044294
3924,9101,KET-9-2_PFC_3.5_E_3.tif,KET-9-2_PFC_3.5_E,0-005-00012_cFos,"('0-000-00001_PV', '0-005-00012_cFos', '0-FFF-00047_Npas4', '0-FFF-00014_WFA')",True,True,True,True,432.44,384.34,283.3485,365.8523,cFos,KET-9-2_PFC_3.5_E_3.tif,KET-9-2,FR1_SAL,KET-9,1.2911742,82.503784,286.7915,quad_cFos,0.9512205
3946,9123,KET-9-2_PFC_3.5_E_3.tif,KET-9-2_PFC_3.5_E,0-FFF-00035_cFos,"('0-000-00004_PV', '0-FFF-00035_cFos', '0-FFF-00014_Npas4', '0-FFF-00009_WFA')",True,True,True,True,476.58,152.55,283.3485,219.3724,cFos,KET-9-2_PFC_3.5_E_3.tif,KET-9-2,FR1_SAL,KET-9,0.7742141,-63.976105,140.31161,quad_cFos,0.4653809
3982,9258,KET-9-2_PFC_3.7_A_3.tif,KET-9-2_PFC_3.7_A,0-FFF-00001_cFos,"('0-000-00007_PV', '0-FFF-00001_cFos', '0-FFF-00035_Npas4', '0-FFF-00002_WFA')",True,True,True,True,341.42,228.92,417.4902,486.0317,cFos,KET-9-2_PFC_3.7_A_3.tif,KET-9-2,FR1_SAL,KET-9,1.1641752,68.541504,272.82922,quad_cFos,0.90491086
3986,9262,KET-9-2_PFC_3.7_A_3.tif,KET-9-2_PFC_3.7_A,0-FFF-00005_cFos,"('0-000-00010_PV', '0-FFF-00005_cFos', '0-200-00014_Npas4', '0-FFF-00008_WFA')",True,True,True,True,497.22,157.95,417.4902,339.762,cFos,KET-9-2_PFC_3.7_A_3.tif,KET-9-2,FR1_SAL,KET-9,0.8138203,-77.72821,126.55951,quad_cFos,0.41976836
3987,9263,KET-9-2_PFC_3.7_A_3.tif,KET-9-2_PFC_3.7_A,0-FFF-00006_cFos,"('0-000-00003_PV', '0-FFF-00006_cFos', '0-FFF-00051_Npas4', '0-FFF-00004_WFA')",True,True,True,True,276.35,397.26,417.4902,635.233,cFos,KET-9-2_PFC_3.7_A_3.tif,KET-9-2,FR1_SAL,KET-9,1.5215518,217.74277,422.0305,quad_cFos,1.3997767
4003,9349,KET-9-2_PFC_3.7_C_3.tif,KET-9-2_PFC_3.7_C,0-005-00001_cFos,"('0-000-00006_PV', '0-005-00001_cFos', '0-FFF-00040_Npas4', '0-FFF-00002_WFA')",True,True,True,True,163.11,342.81,341.7401,311.1822,cFos,KET-9-2_PFC_3.7_C_3.tif,KET-9-2,FR1_SAL,KET-9,0.9105814,-30.557922,173.7298,quad_cFos,0.5762212
4005,9351,KET-9-2_PFC_3.7_C_3.tif,KET-9-2_PFC_3.7_C,0-005-00003_cFos,"('0-000-00001_PV', '0-005-00003_cFos', '0-FFF-00054_Npas4', '0-FFF-00004_WFA')",True,True,True,True,364.86,502.38,341.7401,419.7113,cFos,KET-9-2_PFC_3.7_C_3.tif,KET-9-2,FR1_SAL,KET-9,1.2281593,77.97119,282.2589,quad_cFos,0.93618697
4033,9441,KET-9-2_PFC_3.7_D_3.tif,KET-9-2_PFC_3.7_D,0-005-00004_cFos,"('0-000-00000_PV', '0-005-00004_cFos', '0-200-00003_Npas4', '0-FFF-00006_WFA')",True,True,True,True,337.35,165.46,370.555,332.7766,cFos,KET-9-2_PFC_3.7_D_3.tif,KET-9-2,FR1_SAL,KET-9,0.8980492,-37.77838,166.50934,quad_cFos,0.5522726
4038,9446,KET-9-2_PFC_3.7_D_3.tif,KET-9-2_PFC_3.7_D,0-005-00010_cFos,"('0-000-00009_PV', '0-005-00010_cFos', '0-FFF-00006_Npas4', '0-FFF-00005_WFA')",True,True,True,True,259.22,32.01,370.555,705.0504,cFos,KET-9-2_PFC_3.7_D_3.tif,KET-9-2,FR1_SAL,KET-9,1.9026877,334.49542,538.78314,quad_cFos,1.787018
4069,9530,KET-9-2_PFC_3.9_B_3.tif,KET-9-2_PFC_3.9_B,0-005-00007_cFos,"('0-000-00000_PV', '0-005-00007_cFos', '0-FFF-00042_Npas4', '0-FFF-00007_WFA')",True,True,True,True,179.13,367.47,436.483,358.1402,cFos,KET-9-2_PFC_3.9_B_3.tif,KET-9-2,FR1_SAL,KET-9,0.8205135,-78.342804,125.944916,quad_cFos,0.4177299
4070,9531,KET-9-2_PFC_3.9_B_3.tif,KET-9-2_PFC_3.9_B,0-005-00008_cFos,"('0-000-00003_PV', '0-005-00008_cFos', '0-FFF-00050_Npas4', '0-FFF-00002_WFA')",True,True,True,True,333.09,353.78,436.483,585.8002,cFos,KET-9-2_PFC_3.9_B_3.tif,KET-9-2,FR1_SAL,KET-9,1.3420916,149.31717,353.6049,quad_cFos,1.172825
4072,9533,KET-9-2_PFC_3.9_B_3.tif,KET-9-2_PFC_3.9_B,0-005-00010_cFos,"('0-000-00001_PV', '0-005-00010_cFos', '0-FFF-00021_Npas4', '0-FFF-00001_WFA')",True,True,True,True,168.53,165.16,436.483,656.719,cFos,KET-9-2_PFC_3.9_B_3.tif,KET-9-2,FR1_SAL,KET-9,1.5045694,220.236,424.5237,quad_cFos,1.4080461
4099,9607,KET-9-4_PFC_3.5_E_3.tif,KET-9-4_PFC_3.5_E,0-005-00024_cFos,"('0-000-00001_PV', '0-005-00024_cFos', '0-200-00002_Npas4', '0-FFF-00001_WFA')",True,True,True,True,32.08,100.63,186.9175,155.5923,cFos,KET-9-4_PFC_3.5_E_3.tif,KET-9-4,FR1_SAL,KET-9,0.83241165,-31.325195,172.96252,quad_cFos,0.57367635
4105,9613,KET-9-4_PFC_3.5_E_3.tif,KET-9-4_PFC_3.5_E,0-FFF-00031_cFos,"('0-FFF-00031_cFos', '0-FFF-00005_Npas4', '0-FFF-00003_WFA')",False,True,True,True,178.43,25.09,186.9175,198.2259,cFos,KET-9-4_PFC_3.5_E_3.tif,KET-9-4,FR1_SAL,KET-9,1.0604994,11.308411,215.59613,"cFos_coloc_w_Npas4,WFA",0.71508205
4111,9619,KET-9-4_PFC_3.5_E_3.tif,KET-9-4_PFC_3.5_E,0-FFF-00037_cFos,"('0-FFF-00037_cFos', '0-FFF-00027_Npas4', '0-FFF-00006_WFA')",False,True,True,True,186.9,290.41,186.9175,193.079,cFos,KET-9-4_PFC_3.5_E_3.tif,KET-9-4,FR1_SAL,KET-9,1.0329638,6.161499,210.44922,"cFos_coloc_w_Npas4,WFA",0.698011
4151,9659,KET-9-4_PFC_3.5_E_3.tif,KET-9-4_PFC_3.5_E,0-FFF-00077_cFos,"('0-FFF-00077_cFos', '0-FFF-00025_Npas4', '0-FFF-00008_WFA')",False,True,True,True,111.45,306.43,186.9175,203.4564,cFos,KET-9-4_PFC_3.5_E_3.tif,KET-9-4,FR1_SAL,KET-9,1.0884824,16.53891,220.82663,"cFos_coloc_w_Npas4,WFA",0.7324304
4182,9772,KET-9-4_PFC_3.7_C_3.tif,KET-9-4_PFC_3.7_C,0-FFF-00036_cFos,"('0-000-00001_PV', '0-FFF-00036_cFos', '0-FFF-00025_Npas4', '0-FFF-00003_WFA')",True,True,True,True,376.74,130.89,289.0781,232.245,cFos,KET-9-4_PFC_3.7_C_3.tif,KET-9-4,FR1_SAL,KET-9,0.8033988,-56.8331,147.45462,quad_cFos,0.48907256
4183,9773,KET-9-4_PFC_3.7_C_3.tif,KET-9-4_PFC_3.7_C,0-FFF-00037_cFos,"('0-FFF-00037_cFos', '0-FFF-00020_Npas4', '0-FFF-00004_WFA')",False,True,True,True,266.86,232.4,289.0781,214.4287,cFos,KET-9-4_PFC_3.7_C_3.tif,KET-9-4,FR1_SAL,KET-9,0.74176735,-74.6494,129.63832,"cFos_coloc_w_Npas4,WFA",0.42998007
4189,9779,KET-9-4_PFC_3.7_C_3.tif,KET-9-4_PFC_3.7_C,0-FFF-00043_cFos,"('0-FFF-00043_cFos', '0-FFF-00062_Npas4', '0-FFF-00009_WFA')",False,True,True,True,487.36,361.81,289.0781,345.5201,cFos,KET-9-4_PFC_3.7_C_3.tif,KET-9-4,FR1_SAL,KET-9,1.1952484,56.442017,260.72974,"cFos_coloc_w_Npas4,WFA",0.8647797
4196,9786,KET-9-4_PFC_3.7_C_3.tif,KET-9-4_PFC_3.7_C,0-FFF-00050_cFos,"('0-000-00002_PV', '0-FFF-00050_cFos', '0-FFF-00010_Npas4', '0-FFF-00001_WFA')",True,True,True,True,210.57,113.64,289.0781,273.3083,cFos,KET-9-4_PFC_3.7_C_3.tif,KET-9-4,FR1_SAL,KET-9,0.9454479,-15.769806,188.51791,quad_cFos,0.62526995
4216,9894,KET-9-4_PFC_3.7_D_3.tif,KET-9-4_PFC_3.7_D,0-005-00002_cFos,"('0-000-00004_PV', '0-005-00002_cFos', '0-200-00000_Npas4', '0-FFF-00005_WFA')",True,True,True,True,387.73,344.22,204.8264,319.2322,cFos,KET-9-4_PFC_3.7_D_3.tif,KET-9-4,FR1_SAL,KET-9,1.5585501,114.40581,318.69354,quad_cFos,1.0570321
4218,9896,KET-9-4_PFC_3.7_D_3.tif,KET-9-4_PFC_3.7_D,0-005-00004_cFos,"('0-005-00004_cFos', '0-FFF-00036_Npas4', '0-FFF-00007_WFA')",False,True,True,True,51.35,427.01,204.8264,212.1473,cFos,KET-9-4_PFC_3.7_D_3.tif,KET-9-4,FR1_SAL,KET-9,1.0357419,7.3208923,211.60861,"cFos_coloc_w_Npas4,WFA",0.7018564
4271,10022,KET-9-4_PFC_4.0_A_3.tif,KET-9-4_PFC_4.0_A,0-005-00004_cFos,"('0-000-00005_PV', '0-005-00004_cFos', '0-FFF-00016_Npas4', '0-FFF-00001_WFA')",True,True,True,True,241.66,158.76,264.9925,267.1,cFos,KET-9-4_PFC_4.0_A_3.tif,KET-9-4,FR1_SAL,KET-9,1.007953,2.1075134,206.39523,quad_cFos,0.6845648
4276,10027,KET-9-4_PFC_4.0_A_3.tif,KET-9-4_PFC_4.0_A,0-005-00009_cFos,"('0-005-00009_cFos', '0-FFF-00080_Npas4', '0-FFF-00007_WFA')",False,True,True,True,30.67,430.03,264.9925,272.0167,cFos,KET-9-4_PFC_4.0_A_3.tif,KET-9-4,FR1_SAL,KET-9,1.0265071,7.0242004,211.31192,"cFos_coloc_w_Npas4,WFA",0.70087236
4321,10174,KET-9-4_PFC_4.0_B_3.tif,KET-9-4_PFC_4.0_B,0-005-00008_cFos,"('0-005-00008_cFos', '0-FFF-00034_Npas4', '0-FFF-00008_WFA')",False,True,True,True,402.75,237.25,218.7141,249.3993,cFos,KET-9-4_PFC_4.0_B_3.tif,KET-9-4,FR1_SAL,KET-9,1.1402982,30.685211,234.97293,"cFos_coloc_w_Npas4,WFA",0.7793504
4322,10175,KET-9-4_PFC_4.0_B_3.tif,KET-9-4_PFC_4.0_B,0-005-00010_cFos,"('0-000-00000_PV', '0-005-00010_cFos', '0-FFF-00008_Npas4', '0-FFF-00002_WFA')",True,True,True,True,141.42,46.51,218.7141,226.4689,cFos,KET-9-4_PFC_4.0_B_3.tif,KET-9-4,FR1_SAL,KET-9,1.0354564,7.7548065,212.04253,quad_cFos,0.7032956
4354,10207,KET-9-4_PFC_4.0_B_3.tif,KET-9-4_PFC_4.0_B,0-FFF-00043_cFos,"('0-000-00004_PV', '0-FFF-00043_cFos', '0-FFF-00017_Npas4', '0-FFF-00004_WFA')",True,True,True,True,473.8,53.07,218.7141,181.7202,cFos,KET-9-4_PFC_4.0_B_3.tif,KET-9-4,FR1_SAL,KET-9,0.8308573,-36.993896,167.29382,quad_cFos,0.5548746
4401,10332,KET-9-5_PFC_3.5_B_3.tif,KET-9-5_PFC_3.5_B,0-FFF-00038_cFos,"('0-000-00002_PV', '0-FFF-00038_cFos', '0-FFF-00018_Npas4', '0-FFF-00002_WFA')",True,True,True,True,257.26,504.55,227.2169,190.422,cFos,KET-9-5_PFC_3.5_B_3.tif,KET-9-5,FR1_SAL,KET-9,0.83806264,-36.794907,167.49281,quad_cFos,0.5555346
4454,10433,KET-9-5_PFC_3.5_C_3.tif,KET-9-5_PFC_3.5_C,0-FFF-00043_cFos,"('0-000-00006_PV', '0-FFF-00043_cFos', '0-FFF-00047_Npas4', '0-FFF-00005_WFA')",True,True,True,True,203.78,361.72,247.2055,208.8958,cFos,KET-9-5_PFC_3.5_C_3.tif,KET-9-5,FR1_SAL,KET-9,0.8450289,-38.309708,165.97801,quad_cFos,0.55051035
4463,10494,KET-9-5_PFC_3.5_D_3.tif,KET-9-5_PFC_3.5_D,0-005-00000_cFos,"('0-000-00003_PV', '0-005-00000_cFos', '0-FFF-00042_Npas4', '0-FFF-00001_WFA')",True,True,True,True,435.95,388.23,198.2483,304.2721,cFos,KET-9-5_PFC_3.5_D_3.tif,KET-9-5,FR1_SAL,KET-9,1.534803,106.02379,310.31152,quad_cFos,1.029231
4472,10503,KET-9-5_PFC_3.5_D_3.tif,KET-9-5_PFC_3.5_D,0-005-00016_cFos,"('0-000-00004_PV', '0-005-00016_cFos', '0-200-00006_Npas4', '0-FFF-00008_WFA')",True,True,True,True,26.55,122.21,198.2483,383.1321,cFos,KET-9-5_PFC_3.5_D_3.tif,KET-9-5,FR1_SAL,KET-9,1.932587,184.8838,389.1715,quad_cFos,1.2907912
4474,10505,KET-9-5_PFC_3.5_D_3.tif,KET-9-5_PFC_3.5_D,0-005-00018_cFos,"('0-005-00018_cFos', '0-FFF-00040_Npas4', '0-FFF-00002_WFA')",False,True,True,True,303.88,356.87,198.2483,218.8427,cFos,KET-9-5_PFC_3.5_D_3.tif,KET-9-5,FR1_SAL,KET-9,1.1038818,20.59439,224.88211,"cFos_coloc_w_Npas4,WFA",0.7458815
4502,10533,KET-9-5_PFC_3.5_D_3.tif,KET-9-5_PFC_3.5_D,0-FFF-00057_cFos,"('0-FFF-00057_cFos', '0-FFF-00028_Npas4', '0-FFF-00003_WFA')",False,True,True,True,225.96,213.96,198.2483,193.126,cFos,KET-9-5_PFC_3.5_D_3.tif,KET-9-5,FR1_SAL,KET-9,0.9741622,-5.122299,199.16542,"cFos_coloc_w_Npas4,WFA",0.6605852
4506,10537,KET-9-5_PFC_3.5_D_3.tif,KET-9-5_PFC_3.5_D,0-FFF-00061_cFos,"('0-FFF-00061_cFos', '0-FFF-00020_Npas4', '0-FFF-00004_WFA')",False,True,True,True,379.1,161.59,198.2483,274.875,cFos,KET-9-5_PFC_3.5_D_3.tif,KET-9-5,FR1_SAL,KET-9,1.3865188,76.62669,280.91443,"cFos_coloc_w_Npas4,WFA",0.93172765
4516,10547,KET-9-5_PFC_3.5_D_3.tif,KET-9-5_PFC_3.5_D,0-FFF-00071_cFos,"('0-000-00000_PV', '0-FFF-00071_cFos', '0-FFF-00017_Npas4', '0-FFF-00007_WFA')",True,True,True,True,498.69,114.26,198.2483,162.3118,cFos,KET-9-5_PFC_3.5_D_3.tif,KET-9-5,FR1_SAL,KET-9,0.8187298,-35.93651,168.35121,quad_cFos,0.5583817
4540,10571,KET-9-5_PFC_3.5_D_3.tif,KET-9-5_PFC_3.5_D,0-FFF-00095_cFos,"('0-FFF-00095_cFos', '0-FFF-00026_Npas4', '0-FFF-00010_WFA')",False,True,True,True,34.92,226.9,198.2483,215.7491,cFos,KET-9-5_PFC_3.5_D_3.tif,KET-9-5,FR1_SAL,KET-9,1.0882771,17.500793,221.78851,"cFos_coloc_w_Npas4,WFA",0.73562074
4570,10683,KET-9-5_PFC_3.5_E_3.tif,KET-9-5_PFC_3.5_E,0-005-00013_cFos,"('0-005-00013_cFos', '0-FFF-00035_Npas4', '0-FFF-00003_WFA')",False,True,True,True,14.33,262.31,240.1657,408.9736,cFos,KET-9-5_PFC_3.5_E_3.tif,KET-9-5,FR1_SAL,KET-9,1.702881,168.8079,373.09564,"cFos_coloc_w_Npas4,WFA",1.2374712
4571,10684,KET-9-5_PFC_3.5_E_3.tif,KET-9-5_PFC_3.5_E,0-005-00014_cFos,"('0-000-00001_PV', '0-005-00014_cFos', '0-200-00011_Npas4', '0-FFF-00002_WFA')",True,True,True,True,423.15,10.68,240.1657,662.4061,cFos,KET-9-5_PFC_3.5_E_3.tif,KET-9-5,FR1_SAL,KET-9,2.7581213,422.24042,626.52814,quad_cFos,2.0780478
4580,10693,KET-9-5_PFC_3.5_E_3.tif,KET-9-5_PFC_3.5_E,0-005-00027_cFos,"('0-005-00027_cFos', '0-FFF-00024_Npas4', '0-FFF-00004_WFA')",False,True,True,True,214.39,241.52,240.1657,690.3739,cFos,KET-9-5_PFC_3.5_E_3.tif,KET-9-5,FR1_SAL,KET-9,2.8745732,450.2082,654.4959,"cFos_coloc_w_Npas4,WFA",2.1708102
4582,10695,KET-9-5_PFC_3.5_E_3.tif,KET-9-5_PFC_3.5_E,0-005-00030_cFos,"('0-FFF-00002_PV', '0-005-00030_cFos', '0-FFF-00018_Npas4', '0-FFF-00001_WFA')",True,True,True,True,365.0,7.96,240.1657,612.0976,cFos,KET-9-5_PFC_3.5_E_3.tif,KET-9-5,FR1_SAL,KET-9,2.5486472,371.9319,576.2196,quad_cFos,1.911186
4585,10698,KET-9-5_PFC_3.5_E_3.tif,KET-9-5_PFC_3.5_E,0-005-00035_cFos,"('0-005-00035_cFos', '0-FFF-00061_Npas4', '0-FFF-00010_WFA')",False,True,True,True,324.06,458.69,240.1657,408.3986,cFos,KET-9-5_PFC_3.5_E_3.tif,KET-9-5,FR1_SAL,KET-9,1.7004868,168.2329,372.52063,"cFos_coloc_w_Npas4,WFA",1.235564
4719,10923,KET-9-5_PFC_3.7_A_3.tif,KET-9-5_PFC_3.7_A,0-FFF-00069_cFos,"('0-FFF-00069_cFos', '0-FFF-00092_Npas4', '0-FFF-00009_WFA')",False,True,True,True,403.44,489.31,274.121,232.7808,cFos,KET-9-5_PFC_3.7_A_3.tif,KET-9-5,FR1_SAL,KET-9,0.84919,-41.340195,162.94753,"cFos_coloc_w_Npas4,WFA",0.5404589
4722,10926,KET-9-5_PFC_3.7_A_3.tif,KET-9-5_PFC_3.7_A,0-FFF-00072_cFos,"('0-FFF-00072_cFos', '0-FFF-00035_Npas4', '0-FFF-00005_WFA')",False,True,True,True,427.89,191.32,274.121,228.2359,cFos,KET-9-5_PFC_3.7_A_3.tif,KET-9-5,FR1_SAL,KET-9,0.8326101,-45.8851,158.40262,"cFos_coloc_w_Npas4,WFA",0.52538455
4743,11038,KET-9-6_PFC_3.6_E_3.tif,KET-9-6_PFC_3.6_E,0-005-00017_cFos,"('0-000-00004_PV', '0-005-00017_cFos', '0-FFF-00063_Npas4', '0-FFF-00003_WFA')",True,True,True,True,213.18,223.76,208.1335,244.7702,cFos,KET-9-6_PFC_3.6_E_3.tif,KET-9-6,FR1_SAL,KET-9,1.176025,36.636703,240.92442,quad_cFos,0.7990901
4747,11042,KET-9-6_PFC_3.6_E_3.tif,KET-9-6_PFC_3.6_E,0-005-00022_cFos,"('0-005-00022_cFos', '0-FFF-00081_Npas4', '0-FFF-00005_WFA')",False,True,True,True,397.51,361.19,208.1335,644.5079,cFos,KET-9-6_PFC_3.6_E_3.tif,KET-9-6,FR1_SAL,KET-9,3.0966082,436.3744,640.6621,"cFos_coloc_w_Npas4,WFA",2.1249268
4780,11075,KET-9-6_PFC_3.6_E_3.tif,KET-9-6_PFC_3.6_E,0-FFF-00062_cFos,"('0-FFF-00062_cFos', '0-200-00003_Npas4', '0-FFF-00007_WFA')",False,True,True,True,339.38,360.89,208.1335,249.0747,cFos,KET-9-6_PFC_3.6_E_3.tif,KET-9-6,FR1_SAL,KET-9,1.1967065,40.941208,245.22893,"cFos_coloc_w_Npas4,WFA",0.8133671
4781,11076,KET-9-6_PFC_3.6_E_3.tif,KET-9-6_PFC_3.6_E,0-FFF-00063_cFos,"('0-FFF-00063_cFos', '0-200-00003_Npas4', '0-FFF-00007_WFA')",False,True,True,True,323.33,359.47,208.1335,208.6737,cFos,KET-9-6_PFC_3.6_E_3.tif,KET-9-6,FR1_SAL,KET-9,1.0025954,0.5402069,204.82793,"cFos_coloc_w_Npas4,WFA",0.67936647
4830,11241,KET-9-6_PFC_3.8_B_3.tif,KET-9-6_PFC_3.8_B,0-005-00007_cFos,"('0-000-00002_PV', '0-005-00007_cFos', '0-200-00008_Npas4', '0-FFF-00003_WFA')",True,True,True,True,117.85,148.9,240.8049,470.9675,cFos,KET-9-6_PFC_3.8_B_3.tif,KET-9-6,FR1_SAL,KET-9,1.9558053,230.1626,434.45032,quad_cFos,1.4409703
4837,11248,KET-9-6_PFC_3.8_B_3.tif,KET-9-6_PFC_3.8_B,0-005-00015_cFos,"('0-005-00015_cFos', '0-FFF-00084_Npas4', '0-FFF-00001_WFA')",False,True,True,True,139.29,445.57,240.8049,1211.7267,cFos,KET-9-6_PFC_3.8_B_3.tif,KET-9-6,FR1_SAL,KET-9,5.0319853,970.92175,1175.2095,"cFos_coloc_w_Npas4,WFA",3.8978956
4839,11250,KET-9-6_PFC_3.8_B_3.tif,KET-9-6_PFC_3.8_B,0-005-00017_cFos,"('0-000-00001_PV', '0-005-00017_cFos', '0-FFF-00102_Npas4', '0-FFF-00002_WFA')",True,True,True,True,346.89,450.28,240.8049,411.6391,cFos,KET-9-6_PFC_3.8_B_3.tif,KET-9-6,FR1_SAL,KET-9,1.7094299,170.8342,375.12192,quad_cFos,1.2441919
4847,11258,KET-9-6_PFC_3.8_B_3.tif,KET-9-6_PFC_3.8_B,0-005-00031_cFos,"('0-FFF-00011_PV', '0-005-00031_cFos', '0-FFF-00025_Npas4', '0-FFF-00006_WFA')",True,True,True,True,346.36,5.69,240.8049,463.1673,cFos,KET-9-6_PFC_3.8_B_3.tif,KET-9-6,FR1_SAL,KET-9,1.923413,222.3624,426.65012,quad_cFos,1.4150989
4900,11311,KET-9-6_PFC_3.8_B_3.tif,KET-9-6_PFC_3.8_B,0-FFF-00090_cFos,"('0-FFF-00003_PV', '0-FFF-00090_cFos', '0-FFF-00052_Npas4', '0-FFF-00004_WFA')",True,True,True,True,206.56,208.04,240.8049,225.826,cFos,KET-9-6_PFC_3.8_B_3.tif,KET-9-6,FR1_SAL,KET-9,0.93779653,-14.978897,189.30882,quad_cFos,0.6278932
4925,11461,KET-9-6_PFC_3.8_C_3.tif,KET-9-6_PFC_3.8_C,0-005-00011_cFos,"('0-000-00001_PV', '0-005-00011_cFos', '0-FFF-00081_Npas4', '0-FFF-00005_WFA')",True,True,True,True,281.94,499.5,219.1642,246.0041,cFos,KET-9-6_PFC_3.8_C_3.tif,KET-9-6,FR1_SAL,KET-9,1.1224648,26.839905,231.12762,quad_cFos,0.76659644
4956,11492,KET-9-6_PFC_3.8_C_3.tif,KET-9-6_PFC_3.8_C,0-005-00057_cFos,"('0-005-00057_cFos', '0-FFF-00052_Npas4', '0-FFF-00006_WFA')",False,True,True,True,148.75,206.65,219.1642,371.98,cFos,KET-9-6_PFC_3.8_C_3.tif,KET-9-6,FR1_SAL,KET-9,1.6972663,152.81581,357.10352,"cFos_coloc_w_Npas4,WFA",1.184429
4973,11509,KET-9-6_PFC_3.8_C_3.tif,KET-9-6_PFC_3.8_C,0-FFF-00075_cFos,"('0-000-00000_PV', '0-FFF-00075_cFos', '0-FFF-00053_Npas4', '0-FFF-00003_WFA')",True,True,True,True,87.92,182.95,219.1642,196.8911,cFos,KET-9-6_PFC_3.8_C_3.tif,KET-9-6,FR1_SAL,KET-9,0.89837253,-22.273102,182.01462,quad_cFos,0.60370004
5029,11669,KET-9-6_PFC_3.8_D_3.tif,KET-9-6_PFC_3.8_D,0-005-00035_cFos,"('0-005-00035_cFos', '0-FFF-00081_Npas4', '0-FFF-00001_WFA')",False,True,True,True,354.07,505.46,202.2477,204.9491,cFos,KET-9-6_PFC_3.8_D_3.tif,KET-9-6,FR1_SAL,KET-9,1.0133569,2.7014008,206.98912,"cFos_coloc_w_Npas4,WFA",0.68653464
5062,11702,KET-9-6_PFC_3.8_D_3.tif,KET-9-6_PFC_3.8_D,0-FFF-00069_cFos,"('0-FFF-00003_PV', '0-FFF-00069_cFos', '0-200-00011_Npas4', '0-FFF-00003_WFA')",True,True,True,True,397.77,13.3,202.2477,194.8937,cFos,KET-9-6_PFC_3.8_D_3.tif,KET-9-6,FR1_SAL,KET-9,0.9636387,-7.3539886,196.93373,quad_cFos,0.6531832
5073,11816,KET-9-6_PFC_4.0_A_3.tif,KET-9-6_PFC_4.0_A,0-005-00004_cFos,"('0-005-00004_cFos', '0-FFF-00051_Npas4', '0-FFF-00009_WFA')",False,True,True,True,433.63,82.95,339.7805,756.2639,cFos,KET-9-6_PFC_4.0_A_3.tif,KET-9-6,FR1_SAL,KET-9,2.2257426,416.48343,620.7711,"cFos_coloc_w_Npas4,WFA",2.058953
5086,11829,KET-9-6_PFC_4.0_A_3.tif,KET-9-6_PFC_4.0_A,0-005-00021_cFos,"('0-005-00021_cFos', '0-FFF-00049_Npas4', '0-FFF-00006_WFA')",False,True,True,True,364.34,132.02,339.7805,894.1534,cFos,KET-9-6_PFC_4.0_A_3.tif,KET-9-6,FR1_SAL,KET-9,2.631562,554.3729,758.66064,"cFos_coloc_w_Npas4,WFA",2.5163004
5089,11832,KET-9-6_PFC_4.0_A_3.tif,KET-9-6_PFC_4.0_A,0-005-00024_cFos,"('0-005-00024_cFos', '0-FFF-00094_Npas4', '0-001-00001_WFA')",False,True,True,True,482.42,416.56,339.7805,820.1675,cFos,KET-9-6_PFC_4.0_A_3.tif,KET-9-6,FR1_SAL,KET-9,2.4138157,480.387,684.6747,"cFos_coloc_w_Npas4,WFA",2.2709062
5101,11844,KET-9-6_PFC_4.0_A_3.tif,KET-9-6_PFC_4.0_A,0-005-00039_cFos,"('0-005-00039_cFos', '0-FFF-00012_Npas4', '0-001-00000_WFA')",False,True,True,True,35.88,9.48,339.7805,840.1164,cFos,KET-9-6_PFC_4.0_A_3.tif,KET-9-6,FR1_SAL,KET-9,2.4725268,500.3359,704.62366,"cFos_coloc_w_Npas4,WFA",2.3370724
5106,11849,KET-9-6_PFC_4.0_A_3.tif,KET-9-6_PFC_4.0_A,0-005-00044_cFos,"('0-000-00001_PV', '0-005-00044_cFos', '0-FFF-00093_Npas4', '0-FFF-00004_WFA')",True,True,True,True,280.58,360.55,339.7805,335.2011,cFos,KET-9-6_PFC_4.0_A_3.tif,KET-9-6,FR1_SAL,KET-9,0.98652256,-4.579376,199.70834,quad_cFos,0.662386
5115,11858,KET-9-6_PFC_4.0_A_3.tif,KET-9-6_PFC_4.0_A,0-005-00058_cFos,"('0-000-00002_PV', '0-005-00058_cFos', '0-FFF-00034_Npas4', '0-FFF-00007_WFA')",True,True,True,True,48.18,215.07,339.7805,424.8189,cFos,KET-9-6_PFC_4.0_A_3.tif,KET-9-6,FR1_SAL,KET-9,1.2502745,85.03842,289.32614,quad_cFos,0.95962733
5125,11868,KET-9-6_PFC_4.0_A_3.tif,KET-9-6_PFC_4.0_A,0-FFF-00068_cFos,"('0-FFF-00068_cFos', '0-FFF-00045_Npas4', '0-FFF-00005_WFA')",False,True,True,True,294.32,182.84,339.7805,541.2886,cFos,KET-9-6_PFC_4.0_A_3.tif,KET-9-6,FR1_SAL,KET-9,1.5930537,201.50809,405.7958,"cFos_coloc_w_Npas4,WFA",1.34593
5211,16224,PE-12-1_PFC_3.3_D_3.tif,PE-12-1_PFC_3.3_D,0-FFF-00052_cFos,"('0-000-00001_PV', '0-FFF-00052_cFos', '0-FFF-00021_Npas4', '0-FFF-00007_WFA')",True,True,True,True,421.48,79.1,331.7736,651.194,cFos,PE-12-1_PFC_3.3_D_3.tif,PE-12-1,FR1_KET,PE-12,1.9627662,319.42038,523.7081,quad_cFos,1.7370176
5345,16553,PE-12-1_PFC_3.5_C_3.tif,PE-12-1_PFC_3.5_C,0-005-00010_cFos,"('0-000-00009_PV', '0-005-00010_cFos', '0-FFF-00054_Npas4', '0-FFF-00002_WFA')",True,True,True,True,398.98,437.34,368.8871,519.1701,cFos,PE-12-1_PFC_3.5_C_3.tif,PE-12-1,FR1_KET,PE-12,1.4073957,150.28302,354.57074,quad_cFos,1.1760284
5400,16608,PE-12-1_PFC_3.5_C_3.tif,PE-12-1_PFC_3.5_C,0-FFF-00075_cFos,"('0-000-00002_PV', '0-FFF-00075_cFos', '0-FFF-00062_Npas4', '0-FFF-00006_WFA')",True,True,True,True,121.81,209.55,368.8871,259.4837,cFos,PE-12-1_PFC_3.5_C_3.tif,PE-12-1,FR1_KET,PE-12,0.70342314,-109.40338,94.88434,quad_cFos,0.31470922
5418,16626,PE-12-1_PFC_3.5_C_3.tif,PE-12-1_PFC_3.5_C,0-FFF-00093_cFos,"('0-000-00011_PV', '0-FFF-00093_cFos', '0-FFF-00047_Npas4', '0-FFF-00009_WFA')",True,True,True,True,377.77,350.55,368.8871,295.3798,cFos,PE-12-1_PFC_3.5_C_3.tif,PE-12-1,FR1_KET,PE-12,0.80073225,-73.50729,130.78043,quad_cFos,0.43376815
5427,16635,PE-12-1_PFC_3.5_C_3.tif,PE-12-1_PFC_3.5_C,0-FFF-00102_cFos,"('0-000-00003_PV', '0-FFF-00102_cFos', '0-FFF-00037_Npas4', '0-FFF-00001_WFA')",True,True,True,True,503.36,120.99,368.8871,402.1894,cFos,PE-12-1_PFC_3.5_C_3.tif,PE-12-1,FR1_KET,PE-12,1.0902778,33.302307,237.59003,quad_cFos,0.7880307
5429,16637,PE-12-1_PFC_3.5_C_3.tif,PE-12-1_PFC_3.5_C,0-FFF-00104_cFos,"('0-000-00010_PV', '0-FFF-00104_cFos', '0-FFF-00051_Npas4', '0-FFF-00003_WFA')",True,True,True,True,409.92,459.88,368.8871,434.9028,cFos,PE-12-1_PFC_3.5_C_3.tif,PE-12-1,FR1_KET,PE-12,1.1789591,66.01572,270.30344,quad_cFos,0.8965334
5704,17220,PE-12-2_PFC_3.5_E_3.tif,PE-12-2_PFC_3.5_E,0-005-00001_cFos,"('0-000-00006_PV', '0-005-00001_cFos', '0-200-00001_Npas4', '0-FFF-00004_WFA')",True,True,True,True,437.38,446.99,344.1023,682.4098,cFos,PE-12-2_PFC_3.5_E_3.tif,PE-12-2,FR1_KET,PE-12,1.9831597,338.3075,542.5952,quad_cFos,1.7996618
5722,17238,PE-12-2_PFC_3.5_E_3.tif,PE-12-2_PFC_3.5_E,0-005-00029_cFos,"('0-000-00004_PV', '0-005-00029_cFos', '0-FFF-00062_Npas4', '0-FFF-00003_WFA')",True,True,True,True,229.59,477.04,344.1023,302.3324,cFos,PE-12-2_PFC_3.5_E_3.tif,PE-12-2,FR1_KET,PE-12,0.878612,-41.769897,162.51782,quad_cFos,0.5390337
5738,17254,PE-12-2_PFC_3.5_E_3.tif,PE-12-2_PFC_3.5_E,0-FFF-00050_cFos,"('0-000-00002_PV', '0-FFF-00050_cFos', '0-FFF-00015_Npas4', '0-FFF-00006_WFA')",True,True,True,True,464.93,42.52,344.1023,490.8735,cFos,PE-12-2_PFC_3.5_E_3.tif,PE-12-2,FR1_KET,PE-12,1.4265337,146.77121,351.05893,quad_cFos,1.1643806
5768,17382,PE-12-2_PFC_3.6_C_3.tif,PE-12-2_PFC_3.6_C,0-005-00015_cFos,"('0-000-00002_PV', '0-005-00015_cFos', '0-FFF-00019_Npas4', '0-FFF-00008_WFA')",True,True,True,True,116.46,359.42,373.2781,546.671,cFos,PE-12-2_PFC_3.6_C_3.tif,PE-12-2,FR1_KET,PE-12,1.464514,173.39291,377.68063,quad_cFos,1.2526785
5774,17388,PE-12-2_PFC_3.6_C_3.tif,PE-12-2_PFC_3.6_C,0-005-00022_cFos,"('0-000-00000_PV', '0-005-00022_cFos', '0-FFF-00015_Npas4', '0-FFF-00003_WFA')",True,True,True,True,286.56,313.58,373.2781,624.5616,cFos,PE-12-2_PFC_3.6_C_3.tif,PE-12-2,FR1_KET,PE-12,1.6731803,251.28348,455.5712,quad_cFos,1.5110234
5818,17432,PE-12-2_PFC_3.6_C_3.tif,PE-12-2_PFC_3.6_C,0-FFF-00072_cFos,"('0-FFF-00072_cFos', '0-FFF-00021_Npas4', '0-FFF-00009_WFA')",False,True,True,True,132.34,409.17,373.2781,291.8488,cFos,PE-12-2_PFC_3.6_C_3.tif,PE-12-2,FR1_KET,PE-12,0.7818535,-81.42932,122.8584,"cFos_coloc_w_Npas4,WFA",0.40749264
5873,17557,PE-12-2_PFC_3.6_D_3.tif,PE-12-2_PFC_3.6_D,0-005-00026_cFos,"('0-000-00000_PV', '0-005-00026_cFos', '0-FFF-00019_Npas4', '0-FFF-00001_WFA')",True,True,True,True,151.63,118.57,388.4379,554.7425,cFos,PE-12-2_PFC_3.6_D_3.tif,PE-12-2,FR1_KET,PE-12,1.428137,166.3046,370.59232,quad_cFos,1.2291683
5959,17736,PE-12-2_PFC_3.7_A_3.tif,PE-12-2_PFC_3.7_A,0-FFF-00044_cFos,"('0-000-00005_PV', '0-FFF-00044_cFos', '0-FFF-00045_Npas4', '0-FFF-00005_WFA')",True,True,True,True,194.79,328.56,422.5141,876.9959,cFos,PE-12-2_PFC_3.7_A_3.tif,PE-12-2,FR1_KET,PE-12,2.0756607,454.4818,658.76953,quad_cFos,2.184985
5965,17742,PE-12-2_PFC_3.7_A_3.tif,PE-12-2_PFC_3.7_A,0-FFF-00050_cFos,"('0-000-00002_PV', '0-FFF-00050_cFos', '0-FFF-00067_Npas4', '0-FFF-00001_WFA')",True,True,True,True,7.94,425.93,422.5141,332.2437,cFos,PE-12-2_PFC_3.7_A_3.tif,PE-12-2,FR1_KET,PE-12,0.7863494,-90.270386,114.017334,quad_cFos,0.3781689
5977,17850,PE-12-7_PFC_3.5_E_3.tif,PE-12-7_PFC_3.5_E,0-005-00001_cFos,"('0-005-00001_cFos', '0-FFF-00064_Npas4', '0-FFF-00007_WFA')",False,True,True,True,311.02,448.81,366.4003,513.8461,cFos,PE-12-7_PFC_3.5_E_3.tif,PE-12-7,FR1_KET,PE-12,1.4024173,147.44583,351.73355,"cFos_coloc_w_Npas4,WFA",1.1666181
5990,17863,PE-12-7_PFC_3.5_E_3.tif,PE-12-7_PFC_3.5_E,0-005-00015_cFos,"('0-000-00001_PV', '0-005-00015_cFos', '0-FFF-00056_Npas4', '0-FFF-00006_WFA')",True,True,True,True,140.86,462.25,366.4003,669.6236,cFos,PE-12-7_PFC_3.5_E_3.tif,PE-12-7,FR1_KET,PE-12,1.8275738,303.2233,507.51102,quad_cFos,1.6832956
6018,17891,PE-12-7_PFC_3.5_E_3.tif,PE-12-7_PFC_3.5_E,0-005-00051_cFos,"('0-000-00006_PV', '0-005-00051_cFos', '0-200-00000_Npas4', '0-FFF-00003_WFA')",True,True,True,True,315.4,225.37,366.4003,1209.0551,cFos,PE-12-7_PFC_3.5_E_3.tif,PE-12-7,FR1_KET,PE-12,3.29982,842.6548,1046.9425,quad_cFos,3.472464
6042,17915,PE-12-7_PFC_3.5_E_3.tif,PE-12-7_PFC_3.5_E,0-FFF-00075_cFos,"('0-000-00004_PV', '0-FFF-00075_cFos', '0-FFF-00053_Npas4', '0-FFF-00005_WFA')",True,True,True,True,134.37,424.0,366.4003,436.4377,cFos,PE-12-7_PFC_3.5_E_3.tif,PE-12-7,FR1_KET,PE-12,1.19115,70.037415,274.32513,quad_cFos,0.9098725
6082,18065,PE-12-7_PFC_3.6_B_3.tif,PE-12-7_PFC_3.6_B,0-005-00027_cFos,"('0-000-00011_PV', '0-005-00027_cFos', '0-FFF-00093_Npas4', '0-FFF-00015_WFA')",True,True,True,True,153.88,446.32,354.789,558.4032,cFos,PE-12-7_PFC_3.6_B_3.tif,PE-12-7,FR1_KET,PE-12,1.5739022,203.6142,407.90192,quad_cFos,1.3529155
6097,18080,PE-12-7_PFC_3.6_B_3.tif,PE-12-7_PFC_3.6_B,0-005-00044_cFos,"('0-000-00003_PV', '0-005-00044_cFos', '0-200-00000_Npas4', '0-001-00002_WFA')",True,True,True,True,327.66,502.28,354.789,952.3912,cFos,PE-12-7_PFC_3.6_B_3.tif,PE-12-7,FR1_KET,PE-12,2.6843874,597.6022,801.8899,quad_cFos,2.6596818
6105,18088,PE-12-7_PFC_3.6_B_3.tif,PE-12-7_PFC_3.6_B,0-005-00053_cFos,"('0-005-00053_cFos', '0-FFF-00013_Npas4', '0-001-00003_WFA')",False,True,True,True,298.15,104.85,354.789,574.5967,cFos,PE-12-7_PFC_3.6_B_3.tif,PE-12-7,FR1_KET,PE-12,1.6195447,219.80768,424.0954,"cFos_coloc_w_Npas4,WFA",1.4066255
6142,18232,PE-12-7_PFC_3.6_D_3.tif,PE-12-7_PFC_3.6_D,0-005-00010_cFos,"('0-000-00004_PV', '0-005-00010_cFos', '0-FFF-00060_Npas4', '0-FFF-00006_WFA')",True,True,True,True,323.66,271.98,367.8448,831.4187,cFos,PE-12-7_PFC_3.6_D_3.tif,PE-12-7,FR1_KET,PE-12,2.2602432,463.5739,667.86163,quad_cFos,2.2151413
6159,18249,PE-12-7_PFC_3.6_D_3.tif,PE-12-7_PFC_3.6_D,0-005-00028_cFos,"('0-000-00000_PV', '0-005-00028_cFos', '0-FFF-00059_Npas4', '0-FFF-00007_WFA')",True,True,True,True,349.35,328.61,367.8448,978.6798,cFos,PE-12-7_PFC_3.6_D_3.tif,PE-12-7,FR1_KET,PE-12,2.6605783,610.835,815.12274,quad_cFos,2.703572
6168,18258,PE-12-7_PFC_3.6_D_3.tif,PE-12-7_PFC_3.6_D,0-005-00039_cFos,"('0-000-00001_PV', '0-005-00039_cFos', '0-FFF-00054_Npas4', '0-FFF-00001_WFA')",True,True,True,True,420.42,281.38,367.8448,664.4025,cFos,PE-12-7_PFC_3.6_D_3.tif,PE-12-7,FR1_KET,PE-12,1.8062035,296.55774,500.84546,quad_cFos,1.6611875
6225,18432,PE-12-7_PFC_3.7_A_3.tif,PE-12-7_PFC_3.7_A,0-005-00013_cFos,"('0-005-00013_cFos', '0-200-00003_Npas4', '0-FFF-00007_WFA')",False,True,True,True,260.5,121.63,425.1787,870.3096,cFos,PE-12-7_PFC_3.7_A_3.tif,PE-12-7,FR1_KET,PE-12,2.0469265,445.13086,649.4186,"cFos_coloc_w_Npas4,WFA",2.15397
6235,18442,PE-12-7_PFC_3.7_A_3.tif,PE-12-7_PFC_3.7_A,0-005-00024_cFos,"('0-000-00006_PV', '0-005-00024_cFos', '0-FFF-00039_Npas4', '0-FFF-00002_WFA')",True,True,True,True,126.54,197.36,425.1787,360.387,cFos,PE-12-7_PFC_3.7_A_3.tif,PE-12-7,FR1_KET,PE-12,0.847613,-64.79172,139.496,quad_cFos,0.4626757
6259,18466,PE-12-7_PFC_3.7_A_3.tif,PE-12-7_PFC_3.7_A,0-FFF-00059_cFos,"('0-000-00007_PV', '0-FFF-00059_cFos', '0-FFF-00007_Npas4', '0-FFF-00006_WFA')",True,True,True,True,145.12,58.78,425.1787,351.647,cFos,PE-12-7_PFC_3.7_A_3.tif,PE-12-7,FR1_KET,PE-12,0.82705694,-73.53171,130.75601,quad_cFos,0.43368718
6265,18472,PE-12-7_PFC_3.7_A_3.tif,PE-12-7_PFC_3.7_A,0-FFF-00065_cFos,"('0-000-00001_PV', '0-FFF-00065_cFos', '0-FFF-00075_Npas4', '0-FFF-00008_WFA')",True,True,True,True,83.32,489.99,425.1787,315.6135,cFos,PE-12-7_PFC_3.7_A_3.tif,PE-12-7,FR1_KET,PE-12,0.74230784,-109.565216,94.7225,quad_cFos,0.31417245
6290,18585,PE-12-7_PFC_3.7_C_3.tif,PE-12-7_PFC_3.7_C,0-005-00021_cFos,"('0-005-00021_cFos', '0-FFF-00035_Npas4', '0-FFF-00008_WFA')",False,True,True,True,436.13,194.1,381.3654,333.6062,cFos,PE-12-7_PFC_3.7_C_3.tif,PE-12-7,FR1_KET,PE-12,0.8747679,-47.759186,156.52853,"cFos_coloc_w_Npas4,WFA",0.5191686
6332,18627,PE-12-7_PFC_3.7_C_3.tif,PE-12-7_PFC_3.7_C,0-FFF-00067_cFos,"('0-000-00003_PV', '0-FFF-00067_cFos', '0-FFF-00037_Npas4', '0-FFF-00007_WFA')",True,True,True,True,491.29,234.9,381.3654,396.2334,cFos,PE-12-7_PFC_3.7_C_3.tif,PE-12-7,FR1_KET,PE-12,1.0389862,14.868011,219.15573,quad_cFos,0.7268884
6352,18730,PE-13-11_PFC_3.3_C_3.tif,PE-13-11_PFC_3.3_C,0-FFF-00015_cFos,"('0-000-00003_PV', '0-FFF-00015_cFos', '0-FFF-00031_Npas4', '0-FFF-00008_WFA')",True,True,True,True,113.0,91.14,341.581,602.0775,cFos,PE-13-11_PFC_3.3_C_3.tif,PE-13-11,VR5_SAL,PE-13,1.7626201,260.49652,464.78424,quad_cFos,1.5415809
6424,18904,PE-13-11_PFC_3.5_E_3.tif,PE-13-11_PFC_3.5_E,0-FFF-00005_cFos,"('0-000-00002_PV', '0-FFF-00005_cFos', '0-FFF-00029_Npas4', '0-FFF-00003_WFA')",True,True,True,True,300.53,256.62,374.8352,474.837,cFos,PE-13-11_PFC_3.5_E_3.tif,PE-13-11,VR5_SAL,PE-13,1.2667887,100.0018,304.28952,quad_cFos,1.0092573
6536,19194,PE-13-1_PFC_3.5_C_3.tif,PE-13-1_PFC_3.5_C,0-005-00003_cFos,"('0-005-00003_cFos', '0-200-00003_Npas4', '0-FFF-00003_WFA')",False,True,True,True,389.03,354.27,392.4657,1009.6827,cFos,PE-13-1_PFC_3.5_C_3.tif,PE-13-1,VR5_SAL,PE-13,2.5726647,617.217,821.5047,"cFos_coloc_w_Npas4,WFA",2.7247396
6573,19231,PE-13-1_PFC_3.5_C_3.tif,PE-13-1_PFC_3.5_C,0-FFF-00062_cFos,"('0-000-00007_PV', '0-FFF-00062_cFos', '0-FFF-00028_Npas4', '0-FFF-00001_WFA')",True,True,True,True,264.0,287.85,392.4657,372.6895,cFos,PE-13-1_PFC_3.5_C_3.tif,PE-13-1,VR5_SAL,PE-13,0.9496104,-19.776184,184.51154,quad_cFos,0.6119817
6582,19240,PE-13-1_PFC_3.5_C_3.tif,PE-13-1_PFC_3.5_C,0-FFF-00071_cFos,"('0-000-00001_PV', '0-FFF-00071_cFos', '0-FFF-00019_Npas4', '0-FFF-00007_WFA')",True,True,True,True,89.54,175.29,392.4657,309.4153,cFos,PE-13-1_PFC_3.5_C_3.tif,PE-13-1,VR5_SAL,PE-13,0.7883882,-83.050385,121.237335,quad_cFos,0.40211597
6667,19562,PE-13-1_PFC_3.7_B_3.tif,PE-13-1_PFC_3.7_B,0-FFF-00010_cFos,"('0-000-00000_PV', '0-FFF-00010_cFos', '0-FFF-00045_Npas4', '0-FFF-00014_WFA')",True,True,True,True,347.17,370.88,475.9886,439.8034,cFos,PE-13-1_PFC_3.7_B_3.tif,PE-13-1,VR5_SAL,PE-13,0.92397887,-36.18518,168.10254,quad_cFos,0.5575569
6668,19563,PE-13-1_PFC_3.7_B_3.tif,PE-13-1_PFC_3.7_B,0-FFF-00011_cFos,"('0-000-00010_PV', '0-FFF-00011_cFos', '0-FFF-00067_Npas4', '0-FFF-00013_WFA')",True,True,True,True,241.81,464.17,475.9886,398.067,cFos,PE-13-1_PFC_3.7_B_3.tif,PE-13-1,VR5_SAL,PE-13,0.83629525,-77.9216,126.36612,quad_cFos,0.41912693
6674,19569,PE-13-1_PFC_3.7_B_3.tif,PE-13-1_PFC_3.7_B,0-FFF-00017_cFos,"('0-000-00013_PV', '0-FFF-00017_cFos', '0-200-00010_Npas4', '0-FFF-00010_WFA')",True,True,True,True,408.97,160.63,475.9886,680.9805,cFos,PE-13-1_PFC_3.7_B_3.tif,PE-13-1,VR5_SAL,PE-13,1.4306656,204.99194,409.27966,quad_cFos,1.3574852
6707,19712,PE-13-1_PFC_3.7_D_3.tif,PE-13-1_PFC_3.7_D,0-005-00014_cFos,"('0-000-00003_PV', '0-005-00014_cFos', '0-FFF-00030_Npas4', '0-001-00004_WFA')",True,True,True,True,505.75,25.06,344.8179,567.2968,cFos,PE-13-1_PFC_3.7_D_3.tif,PE-13-1,VR5_SAL,PE-13,1.6452069,222.47891,426.76663,quad_cFos,1.4154854
6734,19739,PE-13-1_PFC_3.7_D_3.tif,PE-13-1_PFC_3.7_D,0-FFF-00048_cFos,"('0-000-00001_PV', '0-FFF-00048_cFos', '0-FFF-00061_Npas4', '0-FFF-00008_WFA')",True,True,True,True,366.35,363.22,344.8179,356.6586,cFos,PE-13-1_PFC_3.7_D_3.tif,PE-13-1,VR5_SAL,PE-13,1.034339,11.840698,216.12842,quad_cFos,0.71684754
6757,19866,PE-13-1_PFC_3.9_A_3.tif,PE-13-1_PFC_3.9_A,0-FFF-00008_cFos,"('0-000-00002_PV', '0-FFF-00008_cFos', '0-FFF-00044_Npas4', '0-FFF-00006_WFA')",True,True,True,True,205.86,298.84,404.1161,309.1488,cFos,PE-13-1_PFC_3.9_A_3.tif,PE-13-1,VR5_SAL,PE-13,0.765,-94.967285,109.320435,quad_cFos,0.36259037
7079,20457,PE-13-2_PFC_3.5_E_3.tif,PE-13-2_PFC_3.5_E,0-FFF-00055_cFos,"('0-000-00000_PV', '0-FFF-00055_cFos', '0-FFF-00064_Npas4', '0-FFF-00006_WFA')",True,True,True,True,381.53,426.68,503.2802,685.1524,cFos,PE-13-2_PFC_3.5_E_3.tif,PE-13-2,VR5_KET,PE-13,1.3613737,181.8722,386.1599,quad_cFos,1.2808024
7188,20632,PE-13-2_PFC_3.7_A_3.tif,PE-13-2_PFC_3.7_A,0-FFF-00071_cFos,"('0-FFF-00071_cFos', '0-FFF-00075_Npas4', '0-FFF-00006_WFA')",False,True,True,True,21.34,443.84,397.6919,553.825,cFos,PE-13-2_PFC_3.7_A_3.tif,PE-13-2,VR5_KET,PE-13,1.3925982,156.13312,360.42084,"cFos_coloc_w_Npas4,WFA",1.1954318
7256,20773,PE-13-3_PFC_3.3_E_3.tif,PE-13-3_PFC_3.3_E,0-FFF-00023_cFos,"('0-000-00005_PV', '0-FFF-00023_cFos', '0-FFF-00045_Npas4', '0-FFF-00002_WFA')",True,True,True,True,318.05,263.5,222.7229,274.1826,cFos,PE-13-3_PFC_3.3_E_3.tif,PE-13-3,VR5_KET,PE-13,1.231048,51.459686,255.7474,quad_cFos,0.8482545
7257,20774,PE-13-3_PFC_3.3_E_3.tif,PE-13-3_PFC_3.3_E,0-FFF-00024_cFos,"('0-000-00001_PV', '0-FFF-00024_cFos', '0-FFF-00035_Npas4', '0-FFF-00003_WFA')",True,True,True,True,100.28,364.97,222.7229,492.9096,cFos,PE-13-3_PFC_3.3_E_3.tif,PE-13-3,VR5_KET,PE-13,2.2131069,270.1867,474.47443,quad_cFos,1.5737209
7260,20777,PE-13-3_PFC_3.3_E_3.tif,PE-13-3_PFC_3.3_E,0-FFF-00027_cFos,"('0-FFF-00027_cFos', '0-FFF-00062_Npas4', '0-FFF-00006_WFA')",False,True,True,True,345.63,428.23,222.7229,350.672,cFos,PE-13-3_PFC_3.3_E_3.tif,PE-13-3,VR5_KET,PE-13,1.5744766,127.9491,332.23682,"cFos_coloc_w_Npas4,WFA",1.101952
7361,21019,PE-13-3_PFC_3.5_D_3.tif,PE-13-3_PFC_3.5_D,0-FFF-00031_cFos,"('0-000-00004_PV', '0-FFF-00031_cFos', '0-FFF-00081_Npas4', '0-FFF-00004_WFA')",True,True,True,True,218.93,166.44,239.023,461.4024,cFos,PE-13-3_PFC_3.5_D_3.tif,PE-13-3,VR5_KET,PE-13,1.9303683,222.37941,426.6671,quad_cFos,1.4151553
7420,21150,PE-13-3_PFC_3.7_A_3.tif,PE-13-3_PFC_3.7_A,0-FFF-00048_cFos,"('0-000-00001_PV', '0-FFF-00048_cFos', '0-FFF-00099_Npas4', '0-FFF-00007_WFA')",True,True,True,True,426.74,381.56,391.8842,480.4371,cFos,PE-13-3_PFC_3.7_A_3.tif,PE-13-3,VR5_KET,PE-13,1.225967,88.55292,292.84064,quad_cFos,0.9712841
7473,21333,PE-13-3_PFC_3.7_B_3.tif,PE-13-3_PFC_3.7_B,0-FFF-00037_cFos,"('0-000-00005_PV', '0-FFF-00037_cFos', '0-FFF-00066_Npas4', '0-FFF-00007_WFA')",True,True,True,True,334.5,360.68,324.3339,498.5631,cFos,PE-13-3_PFC_3.7_B_3.tif,PE-13-3,VR5_KET,PE-13,1.5371909,174.22922,378.51694,quad_cFos,1.2554524
7490,21350,PE-13-3_PFC_3.7_B_3.tif,PE-13-3_PFC_3.7_B,0-FFF-00054_cFos,"('0-000-00001_PV', '0-FFF-00054_cFos', '0-200-00006_Npas4', '0-FFF-00003_WFA')",True,True,True,True,142.08,92.67,324.3339,394.9434,cFos,PE-13-3_PFC_3.7_B_3.tif,PE-13-3,VR5_KET,PE-13,1.2177062,70.6095,274.89722,quad_cFos,0.9117699
7542,21477,PE-13-6_PFC_3.5_C_3.tif,PE-13-6_PFC_3.5_C,0-FFF-00041_cFos,"('0-FFF-00041_cFos', '0-FFF-00049_Npas4', '0-FFF-00001_WFA')",False,True,True,True,110.83,476.3,294.5846,250.4851,cFos,PE-13-6_PFC_3.5_C_3.tif,PE-13-6,VR5_KET,PE-13,0.8502994,-44.099487,160.18823,"cFos_coloc_w_Npas4,WFA",0.531307
7554,21489,PE-13-6_PFC_3.5_C_3.tif,PE-13-6_PFC_3.5_C,0-FFF-00053_cFos,"('0-000-00000_PV', '0-FFF-00053_cFos', '0-200-00001_Npas4', '0-FFF-00002_WFA')",True,True,True,True,323.89,436.89,294.5846,211.3322,cFos,PE-13-6_PFC_3.5_C_3.tif,PE-13-6,VR5_KET,PE-13,0.71739054,-83.252396,121.035324,quad_cFos,0.40144593
7619,21731,PE-13-6_PFC_3.7_A_3.tif,PE-13-6_PFC_3.7_A,0-FFF-00007_cFos,"('0-000-00007_PV', '0-FFF-00007_cFos', '0-FFF-00032_Npas4', '0-FFF-00008_WFA')",True,True,True,True,229.02,176.44,339.3491,285.7198,cFos,PE-13-6_PFC_3.7_A_3.tif,PE-13-6,VR5_KET,PE-13,0.8419642,-53.629303,150.65842,quad_cFos,0.49969882
7625,21737,PE-13-6_PFC_3.7_A_3.tif,PE-13-6_PFC_3.7_A,0-FFF-00013_cFos,"('0-000-00009_PV', '0-FFF-00013_cFos', '0-FFF-00043_Npas4', '0-FFF-00013_WFA')",True,True,True,True,76.82,298.3,339.3491,328.3462,cFos,PE-13-6_PFC_3.7_A_3.tif,PE-13-6,VR5_KET,PE-13,0.96757644,-11.002899,193.28482,quad_cFos,0.6410807
7637,21749,PE-13-6_PFC_3.7_A_3.tif,PE-13-6_PFC_3.7_A,0-FFF-00025_cFos,"('0-000-00011_PV', '0-FFF-00025_cFos', '0-FFF-00068_Npas4', '0-FFF-00006_WFA')",True,True,True,True,430.83,271.84,339.3491,286.549,cFos,PE-13-6_PFC_3.7_A_3.tif,PE-13-6,VR5_KET,PE-13,0.8444078,-52.80008,151.48764,quad_cFos,0.50244915
7638,21750,PE-13-6_PFC_3.7_A_3.tif,PE-13-6_PFC_3.7_A,0-FFF-00026_cFos,"('0-000-00002_PV', '0-FFF-00026_cFos', '0-FFF-00064_Npas4', '0-FFF-00003_WFA')",True,True,True,True,397.79,173.4,339.3491,276.7866,cFos,PE-13-6_PFC_3.7_A_3.tif,PE-13-6,VR5_KET,PE-13,0.8156397,-62.5625,141.72522,quad_cFos,0.4700695
7644,21756,PE-13-6_PFC_3.7_A_3.tif,PE-13-6_PFC_3.7_A,0-FFF-00032_cFos,"('0-FFF-00032_cFos', '0-FFF-00074_Npas4', '0-FFF-00007_WFA')",False,True,True,True,471.23,332.22,339.3491,618.4348,cFos,PE-13-6_PFC_3.7_A_3.tif,PE-13-6,VR5_KET,PE-13,1.8224149,279.08572,483.37344,"cFos_coloc_w_Npas4,WFA",1.6032369
7673,21881,PE-13-6_PFC_3.7_B_3.tif,PE-13-6_PFC_3.7_B,0-FFF-00011_cFos,"('0-000-00001_PV', '0-FFF-00011_cFos', '0-200-00001_Npas4', '0-FFF-00001_WFA')",True,True,True,True,215.28,118.01,321.2372,197.0886,cFos,PE-13-6_PFC_3.7_B_3.tif,PE-13-6,VR5_KET,PE-13,0.61352974,-124.14862,80.1391,quad_cFos,0.26580268
7695,21903,PE-13-6_PFC_3.7_B_3.tif,PE-13-6_PFC_3.7_B,0-FFF-00033_cFos,"('0-FFF-00033_cFos', '0-FFF-00035_Npas4', '0-FFF-00013_WFA')",False,True,True,True,258.63,240.78,321.2372,479.2391,cFos,PE-13-6_PFC_3.7_B_3.tif,PE-13-6,VR5_KET,PE-13,1.4918543,158.00189,362.2896,"cFos_coloc_w_Npas4,WFA",1.2016301
7697,21905,PE-13-6_PFC_3.7_B_3.tif,PE-13-6_PFC_3.7_B,0-FFF-00035_cFos,"('0-FFF-00035_cFos', '0-FFF-00033_Npas4', '0-FFF-00005_WFA')",False,True,True,True,316.29,191.43,321.2372,497.9475,cFos,PE-13-6_PFC_3.7_B_3.tif,PE-13-6,VR5_KET,PE-13,1.5500928,176.7103,380.99802,"cFos_coloc_w_Npas4,WFA",1.2636815
7738,21997,PE-13-6_PFC_3.7_E_3.tif,PE-13-6_PFC_3.7_E,0-FFF-00018_cFos,"('0-000-00000_PV', '0-FFF-00018_cFos', '0-FFF-00030_Npas4', '0-FFF-00005_WFA')",True,True,True,True,379.4,174.4,355.4599,399.7021,cFos,PE-13-6_PFC_3.7_E_3.tif,PE-13-6,VR5_KET,PE-13,1.1244646,44.242188,248.5299,quad_cFos,0.8243157
7772,22146,PE-13-9_PFC_3.3_C_3.tif,PE-13-9_PFC_3.3_C,0-FFF-00014_cFos,"('0-000-00007_PV', '0-FFF-00014_cFos', '0-FFF-00005_Npas4', '0-FFF-00012_WFA')",True,True,True,True,42.1,61.71,284.9325,282.5722,cFos,PE-13-9_PFC_3.3_C_3.tif,PE-13-9,VR5_SAL,PE-13,0.9917163,-2.3602905,201.92743,quad_cFos,0.66974616
7780,22154,PE-13-9_PFC_3.3_C_3.tif,PE-13-9_PFC_3.3_C,0-FFF-00022_cFos,"('0-000-00003_PV', '0-FFF-00022_cFos', '0-FFF-00060_Npas4', '0-FFF-00006_WFA')",True,True,True,True,190.39,346.16,284.9325,567.3015,cFos,PE-13-9_PFC_3.3_C_3.tif,PE-13-9,VR5_SAL,PE-13,1.9910032,282.36902,486.65674,quad_cFos,1.6141269
7827,22296,PE-13-9_PFC_3.4_D_3.tif,PE-13-9_PFC_3.4_D,0-FFF-00028_cFos,"('0-000-00003_PV', '0-FFF-00028_cFos', '0-FFF-00011_Npas4', '0-FFF-00008_WFA')",True,True,True,True,365.32,21.52,467.7945,795.3533,cFos,PE-13-9_PFC_3.4_D_3.tif,PE-13-9,VR5_SAL,PE-13,1.7002194,327.55878,531.8465,quad_cFos,1.7640108
7842,22311,PE-13-9_PFC_3.4_D_3.tif,PE-13-9_PFC_3.4_D,0-FFF-00043_cFos,"('0-FFF-00010_PV', '0-FFF-00043_cFos', '0-FFF-00060_Npas4', '0-FFF-00001_WFA')",True,True,True,True,212.53,310.17,467.7945,781.7025,cFos,PE-13-9_PFC_3.4_D_3.tif,PE-13-9,VR5_SAL,PE-13,1.6710383,313.90802,518.19574,quad_cFos,1.7187344
