,index,filename,image_name,roi_id,true_grouping,dummy_PV,dummy_cFos,dummy_Npas4,dummy_WFA,CoM_x,CoM_y,background,mean_intensity,stain_type,filename,rat_n,treatment,group_name,snr,mean-background,adjusted_mean-background,coloc_stain_type,norm_adjusted_mean-background
7,131,KET-10-12_PFC_3.7_A_4.tif,KET-10-12_PFC_3.7_A,0-FFF-00009_Npas4,"('0-000-00012_PV', '0-005-00036_cFos', '0-FFF-00009_Npas4', '0-FFF-00001_WFA')",True,True,True,True,227.09,161.41,573.9955,517.5275,Npas4,KET-10-12_PFC_3.7_A_4.tif,KET-10-12,FR1_KET,KET-10,0.901623,-56.467957,106.18439,quad_Npas4,0.7666342
56,180,KET-10-12_PFC_3.7_A_4.tif,KET-10-12_PFC_3.7_A,0-FFF-00062_Npas4,"('0-000-00008_PV', '0-005-00017_cFos', '0-FFF-00062_Npas4', '0-FFF-00002_WFA')",True,True,True,True,170.95,312.57,573.9955,503.089,Npas4,KET-10-12_PFC_3.7_A_4.tif,KET-10-12,FR1_KET,KET-10,0.87646854,-70.906494,91.74585,quad_Npas4,0.6623903
84,351,KET-10-12_PFC_3.7_B_4.tif,KET-10-12_PFC_3.7_B,0-FFF-00006_Npas4,"('0-000-00010_PV', '0-005-00059_cFos', '0-FFF-00006_Npas4', '0-FFF-00002_WFA')",True,True,True,True,354.26,78.17,591.0376,493.504,Npas4,KET-10-12_PFC_3.7_B_4.tif,KET-10-12,FR1_KET,KET-10,0.834979,-97.5336,65.118744,quad_Npas4,0.4701469
129,396,KET-10-12_PFC_3.7_B_4.tif,KET-10-12_PFC_3.7_B,0-FFF-00056_Npas4,"('0-000-00004_PV', '0-FFF-00108_cFos', '0-FFF-00056_Npas4', '0-FFF-00005_WFA')",True,True,True,True,348.34,284.66,591.0376,509.6399,Npas4,KET-10-12_PFC_3.7_B_4.tif,KET-10-12,FR1_KET,KET-10,0.86228,-81.397705,81.25464,quad_Npas4,0.5866455
135,402,KET-10-12_PFC_3.7_B_4.tif,KET-10-12_PFC_3.7_B,0-FFF-00062_Npas4,"('0-000-00007_PV', '0-005-00089_cFos', '0-FFF-00062_Npas4', '0-FFF-00007_WFA')",True,True,True,True,429.88,365.95,591.0376,586.1046,Npas4,KET-10-12_PFC_3.7_B_4.tif,KET-10-12,FR1_KET,KET-10,0.9916537,-4.9329834,157.71936,quad_Npas4,1.1387085
153,420,KET-10-12_PFC_3.7_B_4.tif,KET-10-12_PFC_3.7_B,0-FFF-00083_Npas4,"('0-005-00056_cFos', '0-FFF-00083_Npas4', '0-FFF-00003_WFA')",False,True,True,True,182.36,322.96,591.0376,500.7698,Npas4,KET-10-12_PFC_3.7_B_4.tif,KET-10-12,FR1_KET,KET-10,0.84727234,-90.26779,72.38455,"Npas4_coloc_w_cFos,WFA",0.5226049
165,432,KET-10-12_PFC_3.7_B_4.tif,KET-10-12_PFC_3.7_B,0-FFF-00099_Npas4,"('0-000-00000_PV', '0-FFF-00119_cFos', '0-FFF-00099_Npas4', '0-FFF-00009_WFA')",True,True,True,True,146.83,485.75,591.0376,507.1195,Npas4,KET-10-12_PFC_3.7_B_4.tif,KET-10-12,FR1_KET,KET-10,0.85801566,-83.91809,78.73425,quad_Npas4,0.56844866
203,596,KET-10-12_PFC_3.9_C_4.tif,KET-10-12_PFC_3.9_C,0-FFF-00047_Npas4,"('0-000-00005_PV', '0-005-00004_cFos', '0-FFF-00047_Npas4', '0-FFF-00003_WFA')",True,True,True,True,321.76,410.47,576.1409,526.2519,Npas4,KET-10-12_PFC_3.9_C_4.tif,KET-10-12,FR1_KET,KET-10,0.9134083,-49.889038,112.763306,quad_Npas4,0.814133
213,606,KET-10-12_PFC_3.9_C_4.tif,KET-10-12_PFC_3.9_C,0-FFF-00058_Npas4,"('0-000-00007_PV', '0-FFF-00065_cFos', '0-FFF-00058_Npas4', '0-FFF-00004_WFA')",True,True,True,True,177.51,393.14,576.1409,478.043,Npas4,KET-10-12_PFC_3.9_C_4.tif,KET-10-12,FR1_KET,KET-10,0.8297328,-98.09793,64.55441,quad_Npas4,0.4660725
275,793,KET-10-12_PFC_3.9_D_4.tif,KET-10-12_PFC_3.9_D,0-FFF-00032_Npas4,"('0-000-00007_PV', '0-005-00001_cFos', '0-FFF-00032_Npas4', '0-FFF-00004_WFA')",True,True,True,True,385.91,101.81,589.3517,549.0688,Npas4,KET-10-12_PFC_3.9_D_4.tif,KET-10-12,FR1_KET,KET-10,0.9316488,-40.282898,122.369446,quad_Npas4,0.88348776
329,983,KET-10-12_PFC_4.0_E_4.tif,KET-10-12_PFC_4.0_E,0-200-00010_Npas4,"('0-000-00010_PV', '0-005-00023_cFos', '0-200-00010_Npas4', '0-FFF-00004_WFA')",True,True,True,True,325.12,198.07,668.8222,594.3338,Npas4,KET-10-12_PFC_4.0_E_4.tif,KET-10-12,FR1_KET,KET-10,0.88862747,-74.4884,88.16394,quad_Npas4,0.6365295
347,1001,KET-10-12_PFC_4.0_E_4.tif,KET-10-12_PFC_4.0_E,0-FFF-00033_Npas4,"('0-000-00005_PV', '0-FFF-00081_cFos', '0-FFF-00033_Npas4', '0-FFF-00002_WFA')",True,True,True,True,298.59,65.19,668.8222,567.6166,Npas4,KET-10-12_PFC_4.0_E_4.tif,KET-10-12,FR1_KET,KET-10,0.8486808,-101.20563,61.446716,quad_Npas4,0.44363543
349,1003,KET-10-12_PFC_4.0_E_4.tif,KET-10-12_PFC_4.0_E,0-FFF-00035_Npas4,"('0-000-00008_PV', '0-005-00017_cFos', '0-FFF-00035_Npas4', '0-FFF-00003_WFA')",True,True,True,True,328.18,87.77,668.8222,537.2282,Npas4,KET-10-12_PFC_4.0_E_4.tif,KET-10-12,FR1_KET,KET-10,0.8032452,-131.594,31.05835,quad_Npas4,0.2242363
519,1312,KET-10-14_PFC_3.4_D_4.tif,KET-10-14_PFC_3.4_D,0-FFF-00117_Npas4,"('0-005-00038_cFos', '0-FFF-00117_Npas4', '0-FFF-00003_WFA')",False,True,True,True,35.8,486.1,433.1693,371.2191,Npas4,KET-10-14_PFC_3.4_D_4.tif,KET-10-14,VR5_KET,KET-10,0.8569838,-61.950226,100.70212,"Npas4_coloc_w_cFos,WFA",0.72705317
574,1496,KET-10-14_PFC_3.4_E_4.tif,KET-10-14_PFC_3.4_E,0-FFF-00049_Npas4,"('0-005-00036_cFos', '0-FFF-00049_Npas4', '0-FFF-00003_WFA')",False,True,True,True,286.75,88.57,437.6261,375.9689,Npas4,KET-10-14_PFC_3.4_E_4.tif,KET-10-14,VR5_KET,KET-10,0.8591099,-61.657196,100.99515,"Npas4_coloc_w_cFos,WFA",0.7291688
627,1549,KET-10-14_PFC_3.4_E_4.tif,KET-10-14_PFC_3.4_E,0-FFF-00103_Npas4,"('0-000-00014_PV', '0-005-00027_cFos', '0-FFF-00103_Npas4', '0-FFF-00007_WFA')",True,True,True,True,318.72,425.34,437.6261,420.2748,Npas4,KET-10-14_PFC_3.4_E_4.tif,KET-10-14,VR5_KET,KET-10,0.96035135,-17.351288,145.30106,quad_Npas4,1.0490503
748,1785,KET-10-14_PFC_3.6_C_4.tif,KET-10-14_PFC_3.6_C,0-FFF-00108_Npas4,"('0-000-00000_PV', '0-FFF-00079_cFos', '0-FFF-00108_Npas4', '0-FFF-00002_WFA')",True,True,True,True,202.69,381.67,433.5348,366.3081,Npas4,KET-10-14_PFC_3.6_C_4.tif,KET-10-14,VR5_KET,KET-10,0.84493357,-67.226685,95.42566,quad_Npas4,0.6889579
751,1788,KET-10-14_PFC_3.6_C_4.tif,KET-10-14_PFC_3.6_C,0-FFF-00112_Npas4,"('0-000-00002_PV', '0-FFF-00069_cFos', '0-FFF-00112_Npas4', '0-FFF-00003_WFA')",True,True,True,True,53.06,442.91,433.5348,426.2647,Npas4,KET-10-14_PFC_3.6_C_4.tif,KET-10-14,VR5_KET,KET-10,0.9832307,-7.2700806,155.38226,quad_Npas4,1.121835
765,1894,KET-10-14_PFC_3.7_A_4.tif,KET-10-14_PFC_3.7_A,0-FFF-00014_Npas4,"('0-000-00011_PV', '0-FFF-00064_cFos', '0-FFF-00014_Npas4', '0-FFF-00001_WFA')",True,True,True,True,136.08,91.44,535.6554,523.9281,Npas4,KET-10-14_PFC_3.7_A_4.tif,KET-10-14,VR5_KET,KET-10,0.9781066,-11.727295,150.92505,quad_Npas4,1.0896547
774,1903,KET-10-14_PFC_3.7_A_4.tif,KET-10-14_PFC_3.7_A,0-FFF-00023_Npas4,"('0-000-00007_PV', '0-005-00021_cFos', '0-FFF-00023_Npas4', '0-FFF-00002_WFA')",True,True,True,True,317.45,96.96,535.6554,510.0743,Npas4,KET-10-14_PFC_3.7_A_4.tif,KET-10-14,VR5_KET,KET-10,0.9522434,-25.581085,137.07126,quad_Npas4,0.9896325
781,1910,KET-10-14_PFC_3.7_A_4.tif,KET-10-14_PFC_3.7_A,0-FFF-00030_Npas4,"('0-000-00014_PV', '0-005-00019_cFos', '0-FFF-00030_Npas4', '0-FFF-00005_WFA')",True,True,True,True,368.37,198.3,535.6554,499.6446,Npas4,KET-10-14_PFC_3.7_A_4.tif,KET-10-14,VR5_KET,KET-10,0.93277246,-36.010803,126.64154,quad_Npas4,0.9143316
810,1939,KET-10-14_PFC_3.7_A_4.tif,KET-10-14_PFC_3.7_A,0-FFF-00059_Npas4,"('0-000-00008_PV', '0-005-00014_cFos', '0-FFF-00059_Npas4', '0-FFF-00004_WFA')",True,True,True,True,156.94,237.46,535.6554,490.4681,Npas4,KET-10-14_PFC_3.7_A_4.tif,KET-10-14,VR5_KET,KET-10,0.9156411,-45.187286,117.46506,quad_Npas4,0.84807885
820,1949,KET-10-14_PFC_3.7_A_4.tif,KET-10-14_PFC_3.7_A,0-FFF-00069_Npas4,"('0-000-00003_PV', '0-005-00012_cFos', '0-FFF-00069_Npas4', '0-FFF-00009_WFA')",True,True,True,True,162.69,291.59,535.6554,454.6848,Npas4,KET-10-14_PFC_3.7_A_4.tif,KET-10-14,VR5_KET,KET-10,0.84883827,-80.97058,81.68176,quad_Npas4,0.58972925
903,2171,KET-10-14_PFC_3.7_B_4.tif,KET-10-14_PFC_3.7_B,0-FFF-00043_Npas4,"('0-000-00000_PV', '0-FFF-00096_cFos', '0-FFF-00043_Npas4', '0-FFF-00002_WFA')",True,True,True,True,357.77,180.99,402.3281,365.0469,Npas4,KET-10-14_PFC_3.7_B_4.tif,KET-10-14,VR5_KET,KET-10,0.90733635,-37.28119,125.371155,quad_Npas4,0.90515965
1093,2521,KET-10-1_PFC_3.7_B_4.tif,KET-10-1_PFC_3.7_B,0-FFF-00029_Npas4,"('0-000-00002_PV', '0-FFF-00053_cFos', '0-FFF-00029_Npas4', '0-FFF-00004_WFA')",True,True,True,True,387.43,205.1,282.1105,276.7939,Npas4,KET-10-1_PFC_3.7_B_4.tif,KET-10-1,FR1_SAL,KET-10,0.9811542,-5.3165894,157.33575,quad_Npas4,1.1359389
1109,2537,KET-10-1_PFC_3.7_B_4.tif,KET-10-1_PFC_3.7_B,0-FFF-00045_Npas4,"('0-FFF-00005_PV', '0-005-00019_cFos', '0-FFF-00045_Npas4', '0-FFF-00005_WFA')",True,True,True,True,149.31,341.5,282.1105,267.954,Npas4,KET-10-1_PFC_3.7_B_4.tif,KET-10-1,FR1_SAL,KET-10,0.9498193,-14.156494,148.49585,quad_Npas4,1.0721163
1194,2687,KET-10-1_PFC_3.7_C_4.tif,KET-10-1_PFC_3.7_C,0-FFF-00045_Npas4,"('0-000-00000_PV', '0-005-00014_cFos', '0-FFF-00045_Npas4', '0-FFF-00004_WFA')",True,True,True,True,270.21,416.8,307.1851,262.3282,Npas4,KET-10-1_PFC_3.7_C_4.tif,KET-10-1,FR1_SAL,KET-10,0.85397434,-44.856903,117.79544,quad_Npas4,0.85046417
1195,2688,KET-10-1_PFC_3.7_C_4.tif,KET-10-1_PFC_3.7_C,0-FFF-00046_Npas4,"('0-000-00001_PV', '0-005-00025_cFos', '0-FFF-00046_Npas4', '0-FFF-00003_WFA')",True,True,True,True,244.5,372.53,307.1851,259.1946,Npas4,KET-10-1_PFC_3.7_C_4.tif,KET-10-1,FR1_SAL,KET-10,0.8437734,-47.99048,114.661865,quad_Npas4,0.82784027
1243,2813,KET-10-1_PFC_3.8_E_4.tif,KET-10-1_PFC_3.8_E,0-FFF-00031_Npas4,"('0-000-00001_PV', '0-005-00002_cFos', '0-FFF-00031_Npas4', '0-FFF-00002_WFA')",True,True,True,True,150.21,152.0,395.8352,402.1886,Npas4,KET-10-1_PFC_3.8_E_4.tif,KET-10-1,FR1_SAL,KET-10,1.0160506,6.3533936,169.00574,quad_Npas4,1.2201943
1255,2825,KET-10-1_PFC_3.8_E_4.tif,KET-10-1_PFC_3.8_E,0-FFF-00043_Npas4,"('0-000-00002_PV', '0-005-00024_cFos', '0-FFF-00043_Npas4', '0-FFF-00001_WFA')",True,True,True,True,9.84,347.09,395.8352,411.168,Npas4,KET-10-1_PFC_3.8_E_4.tif,KET-10-1,FR1_SAL,KET-10,1.0387353,15.332794,177.98514,quad_Npas4,1.2850242
1257,2827,KET-10-1_PFC_3.8_E_4.tif,KET-10-1_PFC_3.8_E,0-FFF-00045_Npas4,"('0-000-00003_PV', '0-FFF-00047_cFos', '0-FFF-00045_Npas4', '0-FFF-00003_WFA')",True,True,True,True,175.03,339.42,395.8352,522.2216,Npas4,KET-10-1_PFC_3.8_E_4.tif,KET-10-1,FR1_SAL,KET-10,1.3192905,126.38641,289.03876,quad_Npas4,2.0868134
1306,2965,KET-10-1_PFC_4.0_A_4.tif,KET-10-1_PFC_4.0_A,0-FFF-00046_Npas4,"('0-000-00001_PV', '0-FFF-00058_cFos', '0-FFF-00046_Npas4', '0-FFF-00002_WFA')",True,True,True,True,435.35,266.54,716.027,587.358,Npas4,KET-10-1_PFC_4.0_A_4.tif,KET-10-1,FR1_SAL,KET-10,0.8203015,-128.669,33.983337,quad_Npas4,0.24535425
1477,3403,KET-10-2_PFC_3.5_B_4.tif,KET-10-2_PFC_3.5_B,0-FFF-00047_Npas4,"('0-000-00009_PV', '0-005-00020_cFos', '0-FFF-00047_Npas4', '0-FFF-00003_WFA')",True,True,True,True,340.23,194.06,473.4068,466.4731,Npas4,KET-10-2_PFC_3.5_B_4.tif,KET-10-2,VR5_SAL,KET-10,0.98535365,-6.9336853,155.71866,quad_Npas4,1.1242638
1562,3591,KET-10-2_PFC_3.7_D_4.tif,KET-10-2_PFC_3.7_D,0-200-00018_Npas4,"('0-005-00032_cFos', '0-200-00018_Npas4', '0-FFF-00004_WFA')",False,True,True,True,64.74,202.11,546.2364,464.8758,Npas4,KET-10-2_PFC_3.7_D_4.tif,KET-10-2,VR5_SAL,KET-10,0.8510524,-81.360596,81.29175,"Npas4_coloc_w_cFos,WFA",0.5869134
1580,3609,KET-10-2_PFC_3.7_D_4.tif,KET-10-2_PFC_3.7_D,0-FFF-00037_Npas4,"('0-005-00018_cFos', '0-FFF-00037_Npas4', '0-FFF-00001_WFA')",False,True,True,True,368.47,59.5,546.2364,520.6987,Npas4,KET-10-2_PFC_3.7_D_4.tif,KET-10-2,VR5_SAL,KET-10,0.95324796,-25.537659,137.11469,"Npas4_coloc_w_cFos,WFA",0.989946
1679,3823,KET-10-2_PFC_3.9_C_4.tif,KET-10-2_PFC_3.9_C,0-FFF-00035_Npas4,"('0-000-00000_PV', '0-005-00034_cFos', '0-FFF-00035_Npas4', '0-FFF-00001_WFA')",True,True,True,True,178.71,145.31,516.835,432.8782,Npas4,KET-10-2_PFC_3.9_C_4.tif,KET-10-2,VR5_SAL,KET-10,0.8375559,-83.95682,78.695526,quad_Npas4,0.56816906
1682,3826,KET-10-2_PFC_3.9_C_4.tif,KET-10-2_PFC_3.9_C,0-FFF-00038_Npas4,"('0-000-00008_PV', '0-FFF-00069_cFos', '0-FFF-00038_Npas4', '0-FFF-00005_WFA')",True,True,True,True,184.12,57.02,516.835,430.574,Npas4,KET-10-2_PFC_3.9_C_4.tif,KET-10-2,VR5_SAL,KET-10,0.8330976,-86.26102,76.39133,quad_Npas4,0.5515331
1684,3828,KET-10-2_PFC_3.9_C_4.tif,KET-10-2_PFC_3.9_C,0-FFF-00040_Npas4,"('0-000-00003_PV', '0-FFF-00068_cFos', '0-FFF-00040_Npas4', '0-FFF-00006_WFA')",True,True,True,True,210.42,19.16,516.835,456.6785,Npas4,KET-10-2_PFC_3.9_C_4.tif,KET-10-2,VR5_SAL,KET-10,0.88360596,-60.156525,102.49582,quad_Npas4,0.74000335
1737,3881,KET-10-2_PFC_3.9_C_4.tif,KET-10-2_PFC_3.9_C,0-FFF-00095_Npas4,"('0-000-00004_PV', '0-FFF-00086_cFos', '0-FFF-00095_Npas4', '0-FFF-00007_WFA')",True,True,True,True,203.0,304.85,516.835,485.8389,Npas4,KET-10-2_PFC_3.9_C_4.tif,KET-10-2,VR5_SAL,KET-10,0.94002706,-30.996124,131.65622,quad_Npas4,0.9505368
1801,4013,KET-10-2_PFC_4.0_E_4.tif,KET-10-2_PFC_4.0_E,0-FFF-00087_Npas4,"('0-000-00002_PV', '0-005-00019_cFos', '0-FFF-00087_Npas4', '0-FFF-00005_WFA')",True,True,True,True,305.86,497.54,832.4937,820.8231,Npas4,KET-10-2_PFC_4.0_E_4.tif,KET-10-2,VR5_SAL,KET-10,0.98598117,-11.670593,150.98175,quad_Npas4,1.090064
1815,4143,KET-10-3_PFC_3.5_C_4.tif,KET-10-3_PFC_3.5_C,0-200-00013_Npas4,"('0-000-00010_PV', '0-005-00052_cFos', '0-200-00013_Npas4', '0-FFF-00005_WFA')",True,True,True,True,27.64,92.02,527.366,491.5609,Npas4,KET-10-3_PFC_3.5_C_4.tif,KET-10-3,VR5_SAL,KET-10,0.9321058,-35.805115,126.84723,quad_Npas4,0.91581666
2094,4795,KET-10-3_PFC_3.8_B_4.tif,KET-10-3_PFC_3.8_B,0-FFF-00018_Npas4,"('0-000-00000_PV', '0-005-00017_cFos', '0-FFF-00018_Npas4', '0-FFF-00009_WFA')",True,True,True,True,153.47,30.95,555.7579,455.751,Npas4,KET-10-3_PFC_3.8_B_4.tif,KET-10-3,VR5_SAL,KET-10,0.82005316,-100.00687,62.645477,quad_Npas4,0.4522903
2116,4817,KET-10-3_PFC_3.8_B_4.tif,KET-10-3_PFC_3.8_B,0-FFF-00051_Npas4,"('0-000-00006_PV', '0-005-00057_cFos', '0-FFF-00051_Npas4', '0-FFF-00003_WFA')",True,True,True,True,324.83,400.6,555.7579,468.3653,Npas4,KET-10-3_PFC_3.8_B_4.tif,KET-10-3,VR5_SAL,KET-10,0.8427506,-87.39258,75.259766,quad_Npas4,0.54336345
2160,4956,KET-10-3_PFC_4.0_A_4.tif,KET-10-3_PFC_4.0_A,0-FFF-00029_Npas4,"('0-000-00005_PV', '0-005-00042_cFos', '0-FFF-00029_Npas4', '0-FFF-00009_WFA')",True,True,True,True,114.95,261.46,549.5933,530.8798,Npas4,KET-10-3_PFC_4.0_A_4.tif,KET-10-3,VR5_SAL,KET-10,0.96595025,-18.713501,143.93884,quad_Npas4,1.0392153
2228,5113,KET-10-4_PFC_3.5_C_4.tif,KET-10-4_PFC_3.5_C,0-FFF-00033_Npas4,"('0-000-00011_PV', '0-005-00002_cFos', '0-FFF-00033_Npas4', '0-FFF-00004_WFA')",True,True,True,True,52.7,243.39,541.3023,529.5105,Npas4,KET-10-4_PFC_3.5_C_4.tif,KET-10-4,VR5_SAL,KET-10,0.9782159,-11.791809,150.86053,quad_Npas4,1.0891888
2247,5132,KET-10-4_PFC_3.5_C_4.tif,KET-10-4_PFC_3.5_C,0-FFF-00053_Npas4,"('0-000-00004_PV', '0-005-00028_cFos', '0-FFF-00053_Npas4', '0-FFF-00003_WFA')",True,True,True,True,215.97,411.28,541.3023,499.9813,Npas4,KET-10-4_PFC_3.5_C_4.tif,KET-10-4,VR5_SAL,KET-10,0.9236637,-41.321014,121.33133,quad_Npas4,0.8759927
2313,5275,KET-10-4_PFC_3.7_D_4.tif,KET-10-4_PFC_3.7_D,0-FFF-00060_Npas4,"('0-000-00001_PV', '0-005-00030_cFos', '0-FFF-00060_Npas4', '0-FFF-00003_WFA')",True,True,True,True,30.25,353.47,459.8068,447.4961,Npas4,KET-10-4_PFC_3.7_D_4.tif,KET-10-4,VR5_SAL,KET-10,0.97322637,-12.310699,150.34164,quad_Npas4,1.0854425
2385,5446,KET-10-4_PFC_3.8_B_4.tif,KET-10-4_PFC_3.8_B,0-FFF-00053_Npas4,"('0-000-00006_PV', '0-005-00008_cFos', '0-FFF-00053_Npas4', '0-FFF-00002_WFA')",True,True,True,True,78.32,159.35,590.1365,505.2477,Npas4,KET-10-4_PFC_3.8_B_4.tif,KET-10-4,VR5_SAL,KET-10,0.856154,-84.88876,77.76358,quad_Npas4,0.5614406
2386,5447,KET-10-4_PFC_3.8_B_4.tif,KET-10-4_PFC_3.8_B,0-FFF-00055_Npas4,"('0-000-00015_PV', '0-005-00051_cFos', '0-FFF-00055_Npas4', '0-FFF-00003_WFA')",True,True,True,True,15.65,124.44,590.1365,533.3876,Npas4,KET-10-4_PFC_3.8_B_4.tif,KET-10-4,VR5_SAL,KET-10,0.9038377,-56.7489,105.90344,quad_Npas4,0.7646059
2429,5582,KET-10-4_PFC_3.8_E_4.tif,KET-10-4_PFC_3.8_E,0-200-00021_Npas4,"('0-000-00000_PV', '0-005-00003_cFos', '0-200-00021_Npas4', '0-001-00004_WFA')",True,True,True,True,68.73,81.85,545.811,479.9944,Npas4,KET-10-4_PFC_3.8_E_4.tif,KET-10-4,VR5_SAL,KET-10,0.87941504,-65.81659,96.835754,quad_Npas4,0.69913864
2477,5630,KET-10-4_PFC_3.8_E_4.tif,KET-10-4_PFC_3.8_E,0-FFF-00070_Npas4,"('0-000-00004_PV', '0-FFF-00058_cFos', '0-FFF-00070_Npas4', '0-FFF-00005_WFA')",True,True,True,True,37.45,344.73,545.811,622.8218,Npas4,KET-10-4_PFC_3.8_E_4.tif,KET-10-4,VR5_SAL,KET-10,1.1410943,77.0108,239.66315,quad_Npas4,1.7303295
2521,5674,KET-10-4_PFC_3.8_E_4.tif,KET-10-4_PFC_3.8_E,0-FFF-00119_Npas4,"('0-000-00007_PV', '0-005-00005_cFos', '0-FFF-00119_Npas4', '0-001-00002_WFA')",True,True,True,True,160.99,313.69,545.811,536.3811,Npas4,KET-10-4_PFC_3.8_E_4.tif,KET-10-4,VR5_SAL,KET-10,0.9827232,-9.429871,153.22247,quad_Npas4,1.1062417
2532,5778,KET-10-4_PFC_4.1_A_4.tif,KET-10-4_PFC_4.1_A,0-200-00013_Npas4,"('0-000-00008_PV', '0-005-00001_cFos', '0-200-00013_Npas4', '0-001-00003_WFA')",True,True,True,True,342.16,305.23,678.2619,726.6835,Npas4,KET-10-4_PFC_4.1_A_4.tif,KET-10-4,VR5_SAL,KET-10,1.0713906,48.42157,211.07391,quad_Npas4,1.5239198
2543,5789,KET-10-4_PFC_4.1_A_4.tif,KET-10-4_PFC_4.1_A,0-FFF-00029_Npas4,"('0-FFF-00016_PV', '0-005-00011_cFos', '0-FFF-00029_Npas4', '0-FFF-00007_WFA')",True,True,True,True,22.66,50.24,678.2619,558.9349,Npas4,KET-10-4_PFC_4.1_A_4.tif,KET-10-4,VR5_SAL,KET-10,0.8240694,-119.32703,43.325317,quad_Npas4,0.31280184
2583,5829,KET-10-4_PFC_4.1_A_4.tif,KET-10-4_PFC_4.1_A,0-FFF-00072_Npas4,"('0-000-00002_PV', '0-005-00028_cFos', '0-FFF-00072_Npas4', '0-FFF-00005_WFA')",True,True,True,True,296.7,230.32,678.2619,594.3656,Npas4,KET-10-4_PFC_4.1_A_4.tif,KET-10-4,VR5_SAL,KET-10,0.87630695,-83.8963,78.75604,quad_Npas4,0.568606
2650,6010,KET-10-5_PFC_3.3_C_4.tif,KET-10-5_PFC_3.3_C,0-FFF-00014_Npas4,"('0-005-00016_cFos', '0-FFF-00014_Npas4', '0-FFF-00005_WFA')",False,True,True,True,149.61,58.27,468.8535,378.7218,Npas4,KET-10-5_PFC_3.3_C_4.tif,KET-10-5,FR1_SAL,KET-10,0.8077615,-90.13168,72.52066,"Npas4_coloc_w_cFos,WFA",0.5235875
2663,6023,KET-10-5_PFC_3.3_C_4.tif,KET-10-5_PFC_3.3_C,0-FFF-00027_Npas4,"('0-000-00002_PV', '0-005-00025_cFos', '0-FFF-00027_Npas4', '0-FFF-00008_WFA')",True,True,True,True,277.89,67.9,468.8535,411.9502,Npas4,KET-10-5_PFC_3.3_C_4.tif,KET-10-5,FR1_SAL,KET-10,0.8786331,-56.90329,105.749054,quad_Npas4,0.7634912
2746,6245,KET-10-5_PFC_3.5_D_4.tif,KET-10-5_PFC_3.5_D,0-FFF-00010_Npas4,"('0-000-00014_PV', '0-005-00045_cFos', '0-FFF-00010_Npas4', '0-FFF-00002_WFA')",True,True,True,True,124.53,40.12,501.8894,463.3719,Npas4,KET-10-5_PFC_3.5_D_4.tif,KET-10-5,FR1_SAL,KET-10,0.92325497,-38.517517,124.13483,quad_Npas4,0.89623356
2826,6325,KET-10-5_PFC_3.5_D_4.tif,KET-10-5_PFC_3.5_D,0-FFF-00121_Npas4,"('0-000-00015_PV', '0-FFF-00074_cFos', '0-FFF-00121_Npas4', '0-FFF-00005_WFA')",True,True,True,True,310.94,435.9,501.8894,427.5447,Npas4,KET-10-5_PFC_3.5_D_4.tif,KET-10-5,FR1_SAL,KET-10,0.85187036,-74.344696,88.30765,quad_Npas4,0.63756704
2924,6524,KET-10-5_PFC_3.5_E_4.tif,KET-10-5_PFC_3.5_E,0-FFF-00089_Npas4,"('0-000-00008_PV', '0-005-00038_cFos', '0-FFF-00089_Npas4', '0-FFF-00005_WFA')",True,True,True,True,484.68,356.2,436.2149,383.6384,Npas4,KET-10-5_PFC_3.5_E_4.tif,KET-10-5,FR1_SAL,KET-10,0.87947106,-52.576508,110.075836,quad_Npas4,0.7947299
2950,6646,KET-10-5_PFC_3.9_A_4.tif,KET-10-5_PFC_3.9_A,0-200-00000_Npas4,"('0-000-00003_PV', '0-005-00045_cFos', '0-200-00000_Npas4', '0-FFF-00004_WFA')",True,True,True,True,262.86,503.17,462.8602,506.8259,Npas4,KET-10-5_PFC_3.9_A_4.tif,KET-10-5,FR1_SAL,KET-10,1.094987,43.9657,206.61804,quad_Npas4,1.4917492
2958,6654,KET-10-5_PFC_3.9_A_4.tif,KET-10-5_PFC_3.9_A,0-200-00011_Npas4,"('0-000-00011_PV', '0-FFF-00080_cFos', '0-200-00011_Npas4', '0-FFF-00001_WFA')",True,True,True,True,53.58,176.91,462.8602,472.3052,Npas4,KET-10-5_PFC_3.9_A_4.tif,KET-10-5,FR1_SAL,KET-10,1.0204058,9.445007,172.09735,quad_Npas4,1.2425153
2991,6687,KET-10-5_PFC_3.9_A_4.tif,KET-10-5_PFC_3.9_A,0-FFF-00047_Npas4,"('0-000-00002_PV', '0-FFF-00065_cFos', '0-FFF-00047_Npas4', '0-FFF-00002_WFA')",True,True,True,True,107.55,166.3,462.8602,413.0434,Npas4,KET-10-5_PFC_3.9_A_4.tif,KET-10-5,FR1_SAL,KET-10,0.89237183,-49.816803,112.83554,quad_Npas4,0.8146545
3036,6827,KET-10-5_PFC_3.9_B_4.tif,KET-10-5_PFC_3.9_B,0-FFF-00019_Npas4,"('0-000-00001_PV', '0-005-00022_cFos', '0-FFF-00019_Npas4', '0-FFF-00005_WFA')",True,True,True,True,462.07,76.0,485.796,447.3251,Npas4,KET-10-5_PFC_3.9_B_4.tif,KET-10-5,FR1_SAL,KET-10,0.92080855,-38.470886,124.18146,quad_Npas4,0.8965702
3096,6887,KET-10-5_PFC_3.9_B_4.tif,KET-10-5_PFC_3.9_B,0-FFF-00083_Npas4,"('0-FFF-00105_cFos', '0-FFF-00083_Npas4', '0-FFF-00006_WFA')",False,True,True,True,197.73,469.36,485.796,445.5216,Npas4,KET-10-5_PFC_3.9_B_4.tif,KET-10-5,FR1_SAL,KET-10,0.9170961,-40.274384,122.37796,"Npas4_coloc_w_cFos,WFA",0.8835492
3133,7017,KET-8-2_PFC_3.5_E_4.tif,KET-8-2_PFC_3.5_E,0-FFF-00026_Npas4,"('0-000-00006_PV', '0-005-00001_cFos', '0-FFF-00026_Npas4', '0-FFF-00006_WFA')",True,True,True,True,452.85,42.03,428.3388,359.8202,Npas4,KET-8-2_PFC_3.5_E_4.tif,KET-8-2,FR1_SAL,KET-8,0.8400364,-68.518616,94.13373,quad_Npas4,0.6796304
3185,7069,KET-8-2_PFC_3.5_E_4.tif,KET-8-2_PFC_3.5_E,0-FFF-00081_Npas4,"('0-000-00009_PV', '0-005-00022_cFos', '0-FFF-00081_Npas4', '0-FFF-00002_WFA')",True,True,True,True,217.69,287.3,428.3388,401.8898,Npas4,KET-8-2_PFC_3.5_E_4.tif,KET-8-2,FR1_SAL,KET-8,0.93825215,-26.449005,136.20334,quad_Npas4,0.98336625
3215,7182,KET-8-2_PFC_3.6_D_4.tif,KET-8-2_PFC_3.6_D,0-FFF-00027_Npas4,"('0-000-00001_PV', '0-FFF-00038_cFos', '0-FFF-00027_Npas4', '0-FFF-00001_WFA')",True,True,True,True,306.75,258.1,422.7593,466.3866,Npas4,KET-8-2_PFC_3.6_D_4.tif,KET-8-2,FR1_SAL,KET-8,1.1031965,43.62729,206.27963,quad_Npas4,1.4893059
3421,7615,KET-8-2_PFC_3.7_C_4.tif,KET-8-2_PFC_3.7_C,0-FFF-00048_Npas4,"('0-000-00009_PV', '0-0-00023_cFos', '0-FFF-00048_Npas4', '0-FFF-00001_WFA')",True,True,True,True,178.42,320.4,497.3106,441.013,Npas4,KET-8-2_PFC_3.7_C_4.tif,KET-8-2,FR1_SAL,KET-8,0.8867959,-56.297607,106.35474,quad_Npas4,0.7678641
3440,7634,KET-8-2_PFC_3.7_C_4.tif,KET-8-2_PFC_3.7_C,0-FFF-00067_Npas4,"('0-000-00013_PV', '0-0-00037_cFos', '0-FFF-00067_Npas4', '0-FFF-00005_WFA')",True,True,True,True,372.42,38.87,497.3106,457.0345,Npas4,KET-8-2_PFC_3.7_C_4.tif,KET-8-2,FR1_SAL,KET-8,0.9190121,-40.276123,122.37622,quad_Npas4,0.8835367
3550,7836,KET-8-2_PFC_4.0_A_4.tif,KET-8-2_PFC_4.0_A,0-FFF-00052_Npas4,"('0-000-00001_PV', '0-005-00024_cFos', '0-FFF-00052_Npas4', '0-FFF-00004_WFA')",True,True,True,True,262.25,242.14,606.2476,612.6639,Npas4,KET-8-2_PFC_4.0_A_4.tif,KET-8-2,FR1_SAL,KET-8,1.0105835,6.41626,169.0686,quad_Npas4,1.2206482
3569,7855,KET-8-2_PFC_4.0_A_4.tif,KET-8-2_PFC_4.0_A,0-FFF-00076_Npas4,"('0-FFF-00014_PV', '0-005-00027_cFos', '0-FFF-00076_Npas4', '0-FFF-00003_WFA')",True,True,True,True,331.3,217.5,606.2476,566.0762,Npas4,KET-8-2_PFC_4.0_A_4.tif,KET-8-2,FR1_SAL,KET-8,0.9337376,-40.171448,122.480896,quad_Npas4,0.8842924
3672,8070,KET-8-7_PFC_3.5_D_4.tif,KET-8-7_PFC_3.5_D,0-FFF-00071_Npas4,"('0-000-00008_PV', '0-005-00028_cFos', '0-FFF-00071_Npas4', '0-FFF-00005_WFA')",True,True,True,True,357.74,394.87,470.8577,430.0328,Npas4,KET-8-7_PFC_3.5_D_4.tif,KET-8-7,VR5_KET,KET-8,0.91329676,-40.82489,121.82745,quad_Npas4,0.87957466
3691,8195,KET-8-7_PFC_3.7_C_4.tif,KET-8-7_PFC_3.7_C,0-200-00002_Npas4,"('0-000-00014_PV', '0-005-00035_cFos', '0-200-00002_Npas4', '0-FFF-00005_WFA')",True,True,True,True,411.73,160.91,450.8419,551.2455,Npas4,KET-8-7_PFC_3.7_C_4.tif,KET-8-7,VR5_KET,KET-8,1.2227025,100.403595,263.05594,quad_Npas4,1.8992217
3712,8216,KET-8-7_PFC_3.7_C_4.tif,KET-8-7_PFC_3.7_C,0-FFF-00028_Npas4,"('0-000-00003_PV', '0-FFF-00088_cFos', '0-FFF-00028_Npas4', '0-FFF-00004_WFA')",True,True,True,True,363.87,76.93,450.8419,384.6259,Npas4,KET-8-7_PFC_3.7_C_4.tif,KET-8-7,VR5_KET,KET-8,0.8531281,-66.216,96.43634,quad_Npas4,0.6962549
3753,8257,KET-8-7_PFC_3.7_C_4.tif,KET-8-7_PFC_3.7_C,0-FFF-00069_Npas4,"('0-000-00004_PV', '0-005-00012_cFos', '0-FFF-00069_Npas4', '0-FFF-00008_WFA')",True,True,True,True,322.69,321.45,450.8419,399.4174,Npas4,KET-8-7_PFC_3.7_C_4.tif,KET-8-7,VR5_KET,KET-8,0.88593674,-51.4245,111.227844,quad_Npas4,0.8030472
3772,8276,KET-8-7_PFC_3.7_C_4.tif,KET-8-7_PFC_3.7_C,0-FFF-00088_Npas4,"('0-000-00008_PV', '0-005-00024_cFos', '0-FFF-00088_Npas4', '0-FFF-00010_WFA')",True,True,True,True,429.76,440.65,450.8419,388.3855,Npas4,KET-8-7_PFC_3.7_C_4.tif,KET-8-7,VR5_KET,KET-8,0.8614672,-62.45639,100.19595,quad_Npas4,0.7233987
3784,8384,KET-8-7_PFC_4.0_A_4.tif,KET-8-7_PFC_4.0_A,0-FFF-00010_Npas4,"('0-000-00013_PV', '0-FFF-00041_cFos', '0-FFF-00010_Npas4', '0-FFF-00002_WFA')",True,True,True,True,9.68,113.14,549.4353,453.5806,Npas4,KET-8-7_PFC_4.0_A_4.tif,KET-8-7,VR5_KET,KET-8,0.8255396,-95.854706,66.79764,quad_Npas4,0.48226824
3887,8487,KET-8-7_PFC_4.0_A_4.tif,KET-8-7_PFC_4.0_A,0-FFF-00120_Npas4,"('0-000-00006_PV', '0-005-00005_cFos', '0-FFF-00120_Npas4', '0-FFF-00006_WFA')",True,True,True,True,250.84,396.86,549.4353,486.7762,Npas4,KET-8-7_PFC_4.0_A_4.tif,KET-8-7,VR5_KET,KET-8,0.8859573,-62.65909,99.993256,quad_Npas4,0.7219353
3893,8493,KET-8-7_PFC_4.0_A_4.tif,KET-8-7_PFC_4.0_A,0-FFF-00126_Npas4,"('0-000-00003_PV', '0-FFF-00049_cFos', '0-FFF-00126_Npas4', '0-FFF-00009_WFA')",True,True,True,True,457.06,250.58,549.4353,459.7584,Npas4,KET-8-7_PFC_4.0_A_4.tif,KET-8-7,VR5_KET,KET-8,0.83678347,-89.67691,72.97543,quad_Npas4,0.5268709
3941,8629,KET-8-7_PFC_4.0_B_4.tif,KET-8-7_PFC_4.0_B,0-FFF-00054_Npas4,"('0-000-00001_PV', '0-FFF-00035_cFos', '0-FFF-00054_Npas4', '0-FFF-00004_WFA')",True,True,True,True,230.4,322.18,514.8323,555.3401,Npas4,KET-8-7_PFC_4.0_B_4.tif,KET-8-7,VR5_KET,KET-8,1.0786816,40.507812,203.16016,quad_Npas4,1.4667838
3961,8649,KET-8-7_PFC_4.0_B_4.tif,KET-8-7_PFC_4.0_B,0-FFF-00076_Npas4,"('0-FFF-00016_cFos', '0-FFF-00076_Npas4', '0-FFF-00005_WFA')",False,True,True,True,386.58,151.92,514.8323,480.7622,Npas4,KET-8-7_PFC_4.0_B_4.tif,KET-8-7,VR5_KET,KET-8,0.933823,-34.07007,128.58228,"Npas4_coloc_w_cFos,WFA",0.9283434
3978,8754,KET-9-1_PFC_3.6_A_4.tif,KET-9-1_PFC_3.6_A,0-200-00002_Npas4,"('0-000-00006_PV', '0-FFF-00030_cFos', '0-200-00002_Npas4', '0-FFF-00004_WFA')",True,True,True,True,379.18,459.5,356.2833,354.481,Npas4,KET-9-1_PFC_3.6_A_4.tif,KET-9-1,FR1_KET,KET-9,0.99494135,-1.8023071,160.85004,quad_Npas4,1.1613115
3998,8774,KET-9-1_PFC_3.6_A_4.tif,KET-9-1_PFC_3.6_A,0-FFF-00022_Npas4,"('0-000-00003_PV', '0-FFF-00037_cFos', '0-FFF-00022_Npas4', '0-FFF-00001_WFA')",True,True,True,True,30.24,161.12,356.2833,354.0017,Npas4,KET-9-1_PFC_3.6_A_4.tif,KET-9-1,FR1_KET,KET-9,0.99359614,-2.2815857,160.37076,quad_Npas4,1.1578511
4002,8778,KET-9-1_PFC_3.6_A_4.tif,KET-9-1_PFC_3.6_A,0-FFF-00026_Npas4,"('0-FFF-00006_cFos', '0-FFF-00026_Npas4', '0-FFF-00009_WFA')",False,True,True,True,178.27,150.55,356.2833,376.6087,Npas4,KET-9-1_PFC_3.6_A_4.tif,KET-9-1,FR1_KET,KET-9,1.0570484,20.325409,182.97775,"Npas4_coloc_w_cFos,WFA",1.3210701
4016,8792,KET-9-1_PFC_3.6_A_4.tif,KET-9-1_PFC_3.6_A,0-FFF-00041_Npas4,"('0-FFF-00040_cFos', '0-FFF-00041_Npas4', '0-FFF-00003_WFA')",False,True,True,True,458.47,339.99,356.2833,302.0761,Npas4,KET-9-1_PFC_3.6_A_4.tif,KET-9-1,FR1_KET,KET-9,0.8478537,-54.207184,108.44516,"Npas4_coloc_w_cFos,WFA",0.78295666
4017,8793,KET-9-1_PFC_3.6_A_4.tif,KET-9-1_PFC_3.6_A,0-FFF-00042_Npas4,"('0-FFF-00021_cFos', '0-FFF-00042_Npas4', '0-FFF-00002_WFA')",False,True,True,True,461.61,206.96,356.2833,316.6254,Npas4,KET-9-1_PFC_3.6_A_4.tif,KET-9-1,FR1_KET,KET-9,0.88869,-39.657898,122.994446,"Npas4_coloc_w_cFos,WFA",0.8880002
4040,8816,KET-9-1_PFC_3.6_A_4.tif,KET-9-1_PFC_3.6_A,0-FFF-00069_Npas4,"('0-000-00010_PV', '0-FFF-00015_cFos', '0-FFF-00069_Npas4', '0-FFF-00006_WFA')",True,True,True,True,157.9,3.36,356.2833,396.1317,Npas4,KET-9-1_PFC_3.6_A_4.tif,KET-9-1,FR1_KET,KET-9,1.1118448,39.84842,202.50076,quad_Npas4,1.462023
4047,8885,KET-9-1_PFC_3.6_D_4.tif,KET-9-1_PFC_3.6_D,0-200-00006_Npas4,"('0-000-00003_PV', '0-FFF-00001_cFos', '0-200-00006_Npas4', '0-FFF-00007_WFA')",True,True,True,True,205.34,109.39,431.2289,422.9399,Npas4,KET-9-1_PFC_3.6_D_4.tif,KET-9-1,FR1_KET,KET-9,0.98077816,-8.289001,154.36334,quad_Npas4,1.1144786
4053,8891,KET-9-1_PFC_3.6_D_4.tif,KET-9-1_PFC_3.6_D,0-FFF-00012_Npas4,"('0-000-00000_PV', '0-FFF-00038_cFos', '0-FFF-00012_Npas4', '0-FFF-00006_WFA')",True,True,True,True,132.38,27.43,431.2289,396.8223,Npas4,KET-9-1_PFC_3.6_D_4.tif,KET-9-1,FR1_KET,KET-9,0.9202126,-34.406616,128.24573,quad_Npas4,0.9259136
4123,9052,KET-9-1_PFC_3.7_C_4.tif,KET-9-1_PFC_3.7_C,0-FFF-00001_Npas4,"('0-000-00003_PV', '0-FFF-00001_cFos', '0-FFF-00001_Npas4', '0-FFF-00001_WFA')",True,True,True,True,48.11,73.22,383.9264,358.2901,Npas4,KET-9-1_PFC_3.7_C_4.tif,KET-9-1,FR1_KET,KET-9,0.93322605,-25.636292,137.01605,quad_Npas4,0.9892339
4138,9067,KET-9-1_PFC_3.7_C_4.tif,KET-9-1_PFC_3.7_C,0-FFF-00020_Npas4,"('0-000-00001_PV', '0-FFF-00010_cFos', '0-FFF-00020_Npas4', '0-FFF-00002_WFA')",True,True,True,True,209.08,266.29,383.9264,311.3083,Npas4,KET-9-1_PFC_3.7_C_4.tif,KET-9-1,FR1_KET,KET-9,0.8108541,-72.6181,90.03424,quad_Npas4,0.65003276
4149,9164,KET-9-2_PFC_3.5_E_4.tif,KET-9-2_PFC_3.5_E,0-FFF-00005_Npas4,"('0-FFF-00011_PV', '0-005-00006_cFos', '0-FFF-00005_Npas4', '0-FFF-00002_WFA')",True,True,True,True,48.04,11.08,347.8994,411.2361,Npas4,KET-9-2_PFC_3.5_E_4.tif,KET-9-2,FR1_SAL,KET-9,1.1820546,63.3367,225.98904,quad_Npas4,1.6316047
4158,9173,KET-9-2_PFC_3.5_E_4.tif,KET-9-2_PFC_3.5_E,0-FFF-00014_Npas4,"('0-000-00004_PV', '0-FFF-00035_cFos', '0-FFF-00014_Npas4', '0-FFF-00009_WFA')",True,True,True,True,477.58,151.24,347.8994,350.723,Npas4,KET-9-2_PFC_3.5_E_4.tif,KET-9-2,FR1_SAL,KET-9,1.0081161,2.823578,165.47592,quad_Npas4,1.1947097
4184,9199,KET-9-2_PFC_3.5_E_4.tif,KET-9-2_PFC_3.5_E,0-FFF-00040_Npas4,"('0-000-00000_PV', '0-005-00008_cFos', '0-FFF-00040_Npas4', '0-FFF-00012_WFA')",True,True,True,True,72.03,316.08,347.8994,350.7147,Npas4,KET-9-2_PFC_3.5_E_4.tif,KET-9-2,FR1_SAL,KET-9,1.0080922,2.815277,165.46762,quad_Npas4,1.1946497
4191,9206,KET-9-2_PFC_3.5_E_4.tif,KET-9-2_PFC_3.5_E,0-FFF-00047_Npas4,"('0-000-00001_PV', '0-005-00012_cFos', '0-FFF-00047_Npas4', '0-FFF-00014_WFA')",True,True,True,True,434.36,384.78,347.8994,324.1618,Npas4,KET-9-2_PFC_3.5_E_4.tif,KET-9-2,FR1_SAL,KET-9,0.9317688,-23.73761,138.91473,quad_Npas4,1.0029421
4223,9287,KET-9-2_PFC_3.7_A_4.tif,KET-9-2_PFC_3.7_A,0-200-00014_Npas4,"('0-000-00010_PV', '0-FFF-00005_cFos', '0-200-00014_Npas4', '0-FFF-00008_WFA')",True,True,True,True,499.04,157.94,428.5094,451.0258,Npas4,KET-9-2_PFC_3.7_A_4.tif,KET-9-2,FR1_SAL,KET-9,1.0525458,22.516388,185.16873,quad_Npas4,1.3368886
4236,9300,KET-9-2_PFC_3.7_A_4.tif,KET-9-2_PFC_3.7_A,0-FFF-00035_Npas4,"('0-000-00007_PV', '0-FFF-00001_cFos', '0-FFF-00035_Npas4', '0-FFF-00002_WFA')",True,True,True,True,340.46,228.82,428.5094,529.6178,Npas4,KET-9-2_PFC_3.7_A_4.tif,KET-9-2,FR1_SAL,KET-9,1.2359537,101.1084,263.76074,quad_Npas4,1.9043102
4251,9315,KET-9-2_PFC_3.7_A_4.tif,KET-9-2_PFC_3.7_A,0-FFF-00051_Npas4,"('0-000-00003_PV', '0-FFF-00006_cFos', '0-FFF-00051_Npas4', '0-FFF-00004_WFA')",True,True,True,True,277.27,396.04,428.5094,422.2483,Npas4,KET-9-2_PFC_3.7_A_4.tif,KET-9-2,FR1_SAL,KET-9,0.98538864,-6.2611084,156.39124,quad_Npas4,1.1291196
4284,9396,KET-9-2_PFC_3.7_C_4.tif,KET-9-2_PFC_3.7_C,0-FFF-00040_Npas4,"('0-000-00006_PV', '0-005-00001_cFos', '0-FFF-00040_Npas4', '0-FFF-00002_WFA')",True,True,True,True,163.57,346.28,364.9688,342.7628,Npas4,KET-9-2_PFC_3.7_C_4.tif,KET-9-2,FR1_SAL,KET-9,0.93915635,-22.206024,140.44632,quad_Npas4,1.0139999
4297,9409,KET-9-2_PFC_3.7_C_4.tif,KET-9-2_PFC_3.7_C,0-FFF-00054_Npas4,"('0-000-00001_PV', '0-005-00003_cFos', '0-FFF-00054_Npas4', '0-FFF-00004_WFA')",True,True,True,True,367.36,501.03,364.9688,294.071,Npas4,KET-9-2_PFC_3.7_C_4.tif,KET-9-2,FR1_SAL,KET-9,0.80574286,-70.8978,91.75455,quad_Npas4,0.6624531
4303,9472,KET-9-2_PFC_3.7_D_4.tif,KET-9-2_PFC_3.7_D,0-200-00003_Npas4,"('0-000-00000_PV', '0-005-00004_cFos', '0-200-00003_Npas4', '0-FFF-00006_WFA')",True,True,True,True,333.86,168.22,468.6418,499.1798,Npas4,KET-9-2_PFC_3.7_D_4.tif,KET-9-2,FR1_SAL,KET-9,1.0651628,30.537994,193.19034,quad_Npas4,1.3948033
4306,9475,KET-9-2_PFC_3.7_D_4.tif,KET-9-2_PFC_3.7_D,0-FFF-00006_Npas4,"('0-000-00009_PV', '0-005-00010_cFos', '0-FFF-00006_Npas4', '0-FFF-00005_WFA')",True,True,True,True,259.66,33.12,468.6418,399.2438,Npas4,KET-9-2_PFC_3.7_D_4.tif,KET-9-2,FR1_SAL,KET-9,0.85191673,-69.39801,93.25433,quad_Npas4,0.6732813
4345,9554,KET-9-2_PFC_3.9_B_4.tif,KET-9-2_PFC_3.9_B,0-FFF-00021_Npas4,"('0-000-00001_PV', '0-005-00010_cFos', '0-FFF-00021_Npas4', '0-FFF-00001_WFA')",True,True,True,True,166.48,165.52,423.8559,386.2069,Npas4,KET-9-2_PFC_3.9_B_4.tif,KET-9-2,FR1_SAL,KET-9,0.911175,-37.648987,125.00336,quad_Npas4,0.9025042
4352,9561,KET-9-2_PFC_3.9_B_4.tif,KET-9-2_PFC_3.9_B,0-FFF-00042_Npas4,"('0-000-00000_PV', '0-005-00007_cFos', '0-FFF-00042_Npas4', '0-FFF-00007_WFA')",True,True,True,True,180.1,367.69,423.8559,382.8882,Npas4,KET-9-2_PFC_3.9_B_4.tif,KET-9-2,FR1_SAL,KET-9,0.9033453,-40.96768,121.68466,quad_Npas4,0.87854373
4359,9568,KET-9-2_PFC_3.9_B_4.tif,KET-9-2_PFC_3.9_B,0-FFF-00050_Npas4,"('0-000-00003_PV', '0-005-00008_cFos', '0-FFF-00050_Npas4', '0-FFF-00002_WFA')",True,True,True,True,335.36,343.93,423.8559,433.8123,Npas4,KET-9-2_PFC_3.9_B_4.tif,KET-9-2,FR1_SAL,KET-9,1.0234901,9.95639,172.60873,quad_Npas4,1.2462074
4370,9665,KET-9-4_PFC_3.5_E_4.tif,KET-9-4_PFC_3.5_E,0-200-00002_Npas4,"('0-000-00001_PV', '0-005-00024_cFos', '0-200-00002_Npas4', '0-FFF-00001_WFA')",True,True,True,True,35.25,103.48,296.3395,311.7306,Npas4,KET-9-4_PFC_3.5_E_4.tif,KET-9-4,FR1_SAL,KET-9,1.0519373,15.391083,178.04343,quad_Npas4,1.285445
4373,9668,KET-9-4_PFC_3.5_E_4.tif,KET-9-4_PFC_3.5_E,0-FFF-00005_Npas4,"('0-FFF-00031_cFos', '0-FFF-00005_Npas4', '0-FFF-00003_WFA')",False,True,True,True,179.78,23.94,296.3395,261.304,Npas4,KET-9-4_PFC_3.5_E_4.tif,KET-9-4,FR1_SAL,KET-9,0.88177234,-35.035522,127.61682,"Npas4_coloc_w_cFos,WFA",0.92137295
4393,9688,KET-9-4_PFC_3.5_E_4.tif,KET-9-4_PFC_3.5_E,0-FFF-00025_Npas4,"('0-FFF-00077_cFos', '0-FFF-00025_Npas4', '0-FFF-00008_WFA')",False,True,True,True,111.98,305.87,296.3395,268.182,Npas4,KET-9-4_PFC_3.5_E_4.tif,KET-9-4,FR1_SAL,KET-9,0.90498227,-28.157501,134.49484,"Npas4_coloc_w_cFos,WFA",0.9710312
4395,9690,KET-9-4_PFC_3.5_E_4.tif,KET-9-4_PFC_3.5_E,0-FFF-00027_Npas4,"('0-FFF-00037_cFos', '0-FFF-00027_Npas4', '0-FFF-00006_WFA')",False,True,True,True,183.0,294.33,296.3395,259.9125,Npas4,KET-9-4_PFC_3.5_E_4.tif,KET-9-4,FR1_SAL,KET-9,0.8770768,-36.427002,126.22534,"Npas4_coloc_w_cFos,WFA",0.9113267
4444,9814,KET-9-4_PFC_3.7_C_4.tif,KET-9-4_PFC_3.7_C,0-FFF-00010_Npas4,"('0-000-00002_PV', '0-FFF-00050_cFos', '0-FFF-00010_Npas4', '0-FFF-00001_WFA')",True,True,True,True,201.15,116.74,299.2843,269.3328,Npas4,KET-9-4_PFC_3.7_C_4.tif,KET-9-4,FR1_SAL,KET-9,0.8999229,-29.951508,132.70084,quad_Npas4,0.95807874
4454,9824,KET-9-4_PFC_3.7_C_4.tif,KET-9-4_PFC_3.7_C,0-FFF-00020_Npas4,"('0-FFF-00037_cFos', '0-FFF-00020_Npas4', '0-FFF-00004_WFA')",False,True,True,True,271.62,228.51,299.2843,253.1208,Npas4,KET-9-4_PFC_3.7_C_4.tif,KET-9-4,FR1_SAL,KET-9,0.84575367,-46.163498,116.488846,"Npas4_coloc_w_cFos,WFA",0.8410308
4459,9829,KET-9-4_PFC_3.7_C_4.tif,KET-9-4_PFC_3.7_C,0-FFF-00025_Npas4,"('0-000-00001_PV', '0-FFF-00036_cFos', '0-FFF-00025_Npas4', '0-FFF-00003_WFA')",True,True,True,True,376.22,131.07,299.2843,278.2172,Npas4,KET-9-4_PFC_3.7_C_4.tif,KET-9-4,FR1_SAL,KET-9,0.9296084,-21.067108,141.58524,quad_Npas4,1.0222226
4496,9866,KET-9-4_PFC_3.7_C_4.tif,KET-9-4_PFC_3.7_C,0-FFF-00062_Npas4,"('0-FFF-00043_cFos', '0-FFF-00062_Npas4', '0-FFF-00009_WFA')",False,True,True,True,489.38,358.81,299.2843,269.2884,Npas4,KET-9-4_PFC_3.7_C_4.tif,KET-9-4,FR1_SAL,KET-9,0.89977455,-29.99591,132.65643,"Npas4_coloc_w_cFos,WFA",0.9577582
4509,9945,KET-9-4_PFC_3.7_D_4.tif,KET-9-4_PFC_3.7_D,0-200-00000_Npas4,"('0-000-00004_PV', '0-005-00002_cFos', '0-200-00000_Npas4', '0-FFF-00005_WFA')",True,True,True,True,389.03,343.51,267.7741,249.4941,Npas4,KET-9-4_PFC_3.7_D_4.tif,KET-9-4,FR1_SAL,KET-9,0.9317334,-18.280014,144.37233,quad_Npas4,1.042345
4545,9981,KET-9-4_PFC_3.7_D_4.tif,KET-9-4_PFC_3.7_D,0-FFF-00036_Npas4,"('0-005-00004_cFos', '0-FFF-00036_Npas4', '0-FFF-00007_WFA')",False,True,True,True,50.95,421.92,267.7741,229.3578,Npas4,KET-9-4_PFC_3.7_D_4.tif,KET-9-4,FR1_SAL,KET-9,0.85653466,-38.416306,124.23604,"Npas4_coloc_w_cFos,WFA",0.89696425
4576,10077,KET-9-4_PFC_4.0_A_4.tif,KET-9-4_PFC_4.0_A,0-FFF-00016_Npas4,"('0-000-00005_PV', '0-005-00004_cFos', '0-FFF-00016_Npas4', '0-FFF-00001_WFA')",True,True,True,True,244.93,159.77,272.2215,254.8195,Npas4,KET-9-4_PFC_4.0_A_4.tif,KET-9-4,FR1_SAL,KET-9,0.93607414,-17.401993,145.25035,quad_Npas4,1.0486842
4639,10140,KET-9-4_PFC_4.0_A_4.tif,KET-9-4_PFC_4.0_A,0-FFF-00080_Npas4,"('0-005-00009_cFos', '0-FFF-00080_Npas4', '0-FFF-00007_WFA')",False,True,True,True,35.19,430.64,272.2215,234.8437,Npas4,KET-9-4_PFC_4.0_A_4.tif,KET-9-4,FR1_SAL,KET-9,0.8626934,-37.377792,125.27455,"Npas4_coloc_w_cFos,WFA",0.90446216
4654,10227,KET-9-4_PFC_4.0_B_4.tif,KET-9-4_PFC_4.0_B,0-FFF-00008_Npas4,"('0-000-00000_PV', '0-005-00010_cFos', '0-FFF-00008_Npas4', '0-FFF-00002_WFA')",True,True,True,True,140.74,48.77,284.6088,241.3222,Npas4,KET-9-4_PFC_4.0_B_4.tif,KET-9-4,FR1_SAL,KET-9,0.84790844,-43.28659,119.36575,quad_Npas4,0.86180156
4663,10236,KET-9-4_PFC_4.0_B_4.tif,KET-9-4_PFC_4.0_B,0-FFF-00017_Npas4,"('0-000-00004_PV', '0-FFF-00043_cFos', '0-FFF-00017_Npas4', '0-FFF-00004_WFA')",True,True,True,True,474.39,53.22,284.6088,256.1501,Npas4,KET-9-4_PFC_4.0_B_4.tif,KET-9-4,FR1_SAL,KET-9,0.9000076,-28.45871,134.19363,quad_Npas4,0.9688565
4678,10251,KET-9-4_PFC_4.0_B_4.tif,KET-9-4_PFC_4.0_B,0-FFF-00034_Npas4,"('0-005-00008_cFos', '0-FFF-00034_Npas4', '0-FFF-00008_WFA')",False,True,True,True,403.95,241.05,284.6088,239.5968,Npas4,KET-9-4_PFC_4.0_B_4.tif,KET-9-4,FR1_SAL,KET-9,0.8418461,-45.011993,117.64035,"Npas4_coloc_w_cFos,WFA",0.84934443
4729,10364,KET-9-5_PFC_3.5_B_4.tif,KET-9-5_PFC_3.5_B,0-FFF-00018_Npas4,"('0-000-00002_PV', '0-FFF-00038_cFos', '0-FFF-00018_Npas4', '0-FFF-00002_WFA')",True,True,True,True,257.35,497.21,242.5507,206.7493,Npas4,KET-9-5_PFC_3.5_B_4.tif,KET-9-5,FR1_SAL,KET-9,0.8523962,-35.801407,126.85094,quad_Npas4,0.9158434
4777,10474,KET-9-5_PFC_3.5_C_4.tif,KET-9-5_PFC_3.5_C,0-FFF-00047_Npas4,"('0-000-00006_PV', '0-FFF-00043_cFos', '0-FFF-00047_Npas4', '0-FFF-00005_WFA')",True,True,True,True,205.79,363.91,316.7702,255.5396,Npas4,KET-9-5_PFC_3.5_C_4.tif,KET-9-5,FR1_SAL,KET-9,0.8067034,-61.230606,101.42174,quad_Npas4,0.73224866
4789,10599,KET-9-5_PFC_3.5_D_4.tif,KET-9-5_PFC_3.5_D,0-200-00006_Npas4,"('0-000-00004_PV', '0-005-00016_cFos', '0-200-00006_Npas4', '0-FFF-00008_WFA')",True,True,True,True,23.95,119.23,292.6581,287.1518,Npas4,KET-9-5_PFC_3.5_D_4.tif,KET-9-5,FR1_SAL,KET-9,0.98118514,-5.506317,157.14603,quad_Npas4,1.134569
4799,10609,KET-9-5_PFC_3.5_D_4.tif,KET-9-5_PFC_3.5_D,0-FFF-00017_Npas4,"('0-000-00000_PV', '0-FFF-00071_cFos', '0-FFF-00017_Npas4', '0-FFF-00007_WFA')",True,True,True,True,495.14,113.12,292.6581,267.9923,Npas4,KET-9-5_PFC_3.5_D_4.tif,KET-9-5,FR1_SAL,KET-9,0.915718,-24.665802,137.98654,quad_Npas4,0.9962407
4802,10612,KET-9-5_PFC_3.5_D_4.tif,KET-9-5_PFC_3.5_D,0-FFF-00020_Npas4,"('0-FFF-00061_cFos', '0-FFF-00020_Npas4', '0-FFF-00004_WFA')",False,True,True,True,376.79,164.92,292.6581,276.0762,Npas4,KET-9-5_PFC_3.5_D_4.tif,KET-9-5,FR1_SAL,KET-9,0.94334036,-16.58191,146.07043,"Npas4_coloc_w_cFos,WFA",1.0546051
4808,10618,KET-9-5_PFC_3.5_D_4.tif,KET-9-5_PFC_3.5_D,0-FFF-00026_Npas4,"('0-FFF-00095_cFos', '0-FFF-00026_Npas4', '0-FFF-00010_WFA')",False,True,True,True,36.24,229.33,292.6581,248.5897,Npas4,KET-9-5_PFC_3.5_D_4.tif,KET-9-5,FR1_SAL,KET-9,0.8494202,-44.068405,118.58394,"Npas4_coloc_w_cFos,WFA",0.856157
4810,10620,KET-9-5_PFC_3.5_D_4.tif,KET-9-5_PFC_3.5_D,0-FFF-00028_Npas4,"('0-FFF-00057_cFos', '0-FFF-00028_Npas4', '0-FFF-00003_WFA')",False,True,True,True,223.72,209.35,292.6581,264.294,Npas4,KET-9-5_PFC_3.5_D_4.tif,KET-9-5,FR1_SAL,KET-9,0.9030811,-28.364105,134.28824,"Npas4_coloc_w_cFos,WFA",0.9695395
4822,10632,KET-9-5_PFC_3.5_D_4.tif,KET-9-5_PFC_3.5_D,0-FFF-00040_Npas4,"('0-005-00018_cFos', '0-FFF-00040_Npas4', '0-FFF-00002_WFA')",False,True,True,True,304.99,366.33,292.6581,251.5096,Npas4,KET-9-5_PFC_3.5_D_4.tif,KET-9-5,FR1_SAL,KET-9,0.85939735,-41.148514,121.50383,"Npas4_coloc_w_cFos,WFA",0.87723815
4824,10634,KET-9-5_PFC_3.5_D_4.tif,KET-9-5_PFC_3.5_D,0-FFF-00042_Npas4,"('0-000-00003_PV', '0-005-00000_cFos', '0-FFF-00042_Npas4', '0-FFF-00001_WFA')",True,True,True,True,435.73,387.91,292.6581,250.3095,Npas4,KET-9-5_PFC_3.5_D_4.tif,KET-9-5,FR1_SAL,KET-9,0.8552966,-42.348618,120.30373,quad_Npas4,0.8685736
4857,10779,KET-9-5_PFC_3.5_E_4.tif,KET-9-5_PFC_3.5_E,0-200-00011_Npas4,"('0-000-00001_PV', '0-005-00014_cFos', '0-200-00011_Npas4', '0-FFF-00002_WFA')",True,True,True,True,420.12,11.63,279.9064,305.6272,Npas4,KET-9-5_PFC_3.5_E_4.tif,KET-9-5,FR1_SAL,KET-9,1.0918907,25.720795,188.37314,quad_Npas4,1.3600239
4864,10786,KET-9-5_PFC_3.5_E_4.tif,KET-9-5_PFC_3.5_E,0-FFF-00018_Npas4,"('0-FFF-00002_PV', '0-005-00030_cFos', '0-FFF-00018_Npas4', '0-FFF-00001_WFA')",True,True,True,True,367.89,10.58,279.9064,258.5461,Npas4,KET-9-5_PFC_3.5_E_4.tif,KET-9-5,FR1_SAL,KET-9,0.92368776,-21.36029,141.29205,quad_Npas4,1.020106
4870,10792,KET-9-5_PFC_3.5_E_4.tif,KET-9-5_PFC_3.5_E,0-FFF-00024_Npas4,"('0-005-00027_cFos', '0-FFF-00024_Npas4', '0-FFF-00004_WFA')",False,True,True,True,213.51,240.95,279.9064,265.0437,Npas4,KET-9-5_PFC_3.5_E_4.tif,KET-9-5,FR1_SAL,KET-9,0.9469012,-14.862701,147.78964,"Npas4_coloc_w_cFos,WFA",1.0670176
4881,10803,KET-9-5_PFC_3.5_E_4.tif,KET-9-5_PFC_3.5_E,0-FFF-00035_Npas4,"('0-005-00013_cFos', '0-FFF-00035_Npas4', '0-FFF-00003_WFA')",False,True,True,True,12.08,259.6,279.9064,250.6091,Npas4,KET-9-5_PFC_3.5_E_4.tif,KET-9-5,FR1_SAL,KET-9,0.8953318,-29.297302,133.35504,"Npas4_coloc_w_cFos,WFA",0.962802
4907,10829,KET-9-5_PFC_3.5_E_4.tif,KET-9-5_PFC_3.5_E,0-FFF-00061_Npas4,"('0-005-00035_cFos', '0-FFF-00061_Npas4', '0-FFF-00010_WFA')",False,True,True,True,331.98,459.7,279.9064,306.2774,Npas4,KET-9-5_PFC_3.5_E_4.tif,KET-9-5,FR1_SAL,KET-9,1.0942136,26.371002,189.02335,"Npas4_coloc_w_cFos,WFA",1.3647182
4939,10955,KET-9-5_PFC_3.7_A_4.tif,KET-9-5_PFC_3.7_A,0-FFF-00023_Npas4,"('0-005-00050_cFos', '0-FFF-00023_Npas4', '0-FFF-00002_WFA')",False,True,True,True,255.66,53.16,358.8274,303.7003,Npas4,KET-9-5_PFC_3.7_A_4.tif,KET-9-5,FR1_SAL,KET-9,0.84636873,-55.127106,107.52524,"Npas4_coloc_w_cFos,WFA",0.776315
4948,10964,KET-9-5_PFC_3.7_A_4.tif,KET-9-5_PFC_3.7_A,0-FFF-00035_Npas4,"('0-FFF-00072_cFos', '0-FFF-00035_Npas4', '0-FFF-00005_WFA')",False,True,True,True,427.46,191.42,358.8274,326.8253,Npas4,KET-9-5_PFC_3.7_A_4.tif,KET-9-5,FR1_SAL,KET-9,0.91081476,-32.002106,130.65024,"Npas4_coloc_w_cFos,WFA",0.9432738
4991,11007,KET-9-5_PFC_3.7_A_4.tif,KET-9-5_PFC_3.7_A,0-FFF-00092_Npas4,"('0-FFF-00069_cFos', '0-FFF-00092_Npas4', '0-FFF-00009_WFA')",False,True,True,True,407.04,487.11,358.8274,308.857,Npas4,KET-9-5_PFC_3.7_A_4.tif,KET-9-5,FR1_SAL,KET-9,0.8607397,-49.970398,112.681946,"Npas4_coloc_w_cFos,WFA",0.8135456
4998,11121,KET-9-6_PFC_3.6_E_4.tif,KET-9-6_PFC_3.6_E,0-200-00003_Npas4,"('0-FFF-00063_cFos', '0-200-00003_Npas4', '0-FFF-00007_WFA')",False,True,True,True,332.8,358.93,314.2453,347.6085,Npas4,KET-9-6_PFC_3.6_E_4.tif,KET-9-6,FR1_SAL,KET-9,1.1061692,33.36319,196.01553,"Npas4_coloc_w_cFos,WFA",1.4152007
5050,11173,KET-9-6_PFC_3.6_E_4.tif,KET-9-6_PFC_3.6_E,0-FFF-00063_Npas4,"('0-000-00004_PV', '0-005-00017_cFos', '0-FFF-00063_Npas4', '0-FFF-00003_WFA')",True,True,True,True,215.95,221.57,314.2453,291.1628,Npas4,KET-9-6_PFC_3.6_E_4.tif,KET-9-6,FR1_SAL,KET-9,0.9265463,-23.082489,139.56985,quad_Npas4,1.007672
5067,11190,KET-9-6_PFC_3.6_E_4.tif,KET-9-6_PFC_3.6_E,0-FFF-00081_Npas4,"('0-005-00022_cFos', '0-FFF-00081_Npas4', '0-FFF-00005_WFA')",False,True,True,True,400.88,360.94,314.2453,265.7045,Npas4,KET-9-6_PFC_3.6_E_4.tif,KET-9-6,FR1_SAL,KET-9,0.8455321,-48.540802,114.11154,"Npas4_coloc_w_cFos,WFA",0.823867
5101,11335,KET-9-6_PFC_3.8_B_4.tif,KET-9-6_PFC_3.8_B,0-200-00008_Npas4,"('0-000-00002_PV', '0-005-00007_cFos', '0-200-00008_Npas4', '0-FFF-00003_WFA')",True,True,True,True,118.53,150.17,362.6659,372.1654,Npas4,KET-9-6_PFC_3.8_B_4.tif,KET-9-6,FR1_SAL,KET-9,1.0261936,9.499512,172.15186,quad_Npas4,1.2429088
5118,11352,KET-9-6_PFC_3.8_B_4.tif,KET-9-6_PFC_3.8_B,0-FFF-00025_Npas4,"('0-FFF-00011_PV', '0-005-00031_cFos', '0-FFF-00025_Npas4', '0-FFF-00006_WFA')",True,True,True,True,348.87,9.09,362.6659,329.08,Npas4,KET-9-6_PFC_3.8_B_4.tif,KET-9-6,FR1_SAL,KET-9,0.9073916,-33.585907,129.06644,quad_Npas4,0.931839
5144,11378,KET-9-6_PFC_3.8_B_4.tif,KET-9-6_PFC_3.8_B,0-FFF-00052_Npas4,"('0-FFF-00003_PV', '0-FFF-00090_cFos', '0-FFF-00052_Npas4', '0-FFF-00004_WFA')",True,True,True,True,210.92,206.17,362.6659,338.8343,Npas4,KET-9-6_PFC_3.8_B_4.tif,KET-9-6,FR1_SAL,KET-9,0.9342877,-23.831604,138.82074,quad_Npas4,1.0022634
5176,11410,KET-9-6_PFC_3.8_B_4.tif,KET-9-6_PFC_3.8_B,0-FFF-00084_Npas4,"('0-005-00015_cFos', '0-FFF-00084_Npas4', '0-FFF-00001_WFA')",False,True,True,True,139.4,445.8,362.6659,333.2792,Npas4,KET-9-6_PFC_3.8_B_4.tif,KET-9-6,FR1_SAL,KET-9,0.91897035,-29.386688,133.26566,"Npas4_coloc_w_cFos,WFA",0.96215665
5194,11428,KET-9-6_PFC_3.8_B_4.tif,KET-9-6_PFC_3.8_B,0-FFF-00102_Npas4,"('0-000-00001_PV', '0-005-00017_cFos', '0-FFF-00102_Npas4', '0-FFF-00002_WFA')",True,True,True,True,341.11,451.54,362.6659,339.394,Npas4,KET-9-6_PFC_3.8_B_4.tif,KET-9-6,FR1_SAL,KET-9,0.93583107,-23.271881,139.38046,quad_Npas4,1.0063046
5251,11586,KET-9-6_PFC_3.8_C_4.tif,KET-9-6_PFC_3.8_C,0-FFF-00052_Npas4,"('0-005-00057_cFos', '0-FFF-00052_Npas4', '0-FFF-00006_WFA')",False,True,True,True,150.76,208.0,316.9566,297.0866,Npas4,KET-9-6_PFC_3.8_C_4.tif,KET-9-6,FR1_SAL,KET-9,0.93731004,-19.869995,142.78235,"Npas4_coloc_w_cFos,WFA",1.0308657
5252,11587,KET-9-6_PFC_3.8_C_4.tif,KET-9-6_PFC_3.8_C,0-FFF-00053_Npas4,"('0-000-00000_PV', '0-FFF-00075_cFos', '0-FFF-00053_Npas4', '0-FFF-00003_WFA')",True,True,True,True,84.29,181.33,316.9566,298.8497,Npas4,KET-9-6_PFC_3.8_C_4.tif,KET-9-6,FR1_SAL,KET-9,0.9428726,-18.106903,144.54544,quad_Npas4,1.0435948
5279,11614,KET-9-6_PFC_3.8_C_4.tif,KET-9-6_PFC_3.8_C,0-FFF-00081_Npas4,"('0-000-00001_PV', '0-005-00011_cFos', '0-FFF-00081_Npas4', '0-FFF-00005_WFA')",True,True,True,True,277.93,497.14,316.9566,318.8531,Npas4,KET-9-6_PFC_3.8_C_4.tif,KET-9-6,FR1_SAL,KET-9,1.0059835,1.8964844,164.54883,quad_Npas4,1.1880162
5306,11720,KET-9-6_PFC_3.8_D_4.tif,KET-9-6_PFC_3.8_D,0-200-00011_Npas4,"('0-FFF-00003_PV', '0-FFF-00069_cFos', '0-200-00011_Npas4', '0-FFF-00003_WFA')",True,True,True,True,394.28,8.71,307.8936,325.0125,Npas4,KET-9-6_PFC_3.8_D_4.tif,KET-9-6,FR1_SAL,KET-9,1.0556002,17.118927,179.77127,quad_Npas4,1.2979198
5376,11790,KET-9-6_PFC_3.8_D_4.tif,KET-9-6_PFC_3.8_D,0-FFF-00081_Npas4,"('0-005-00035_cFos', '0-FFF-00081_Npas4', '0-FFF-00001_WFA')",False,True,True,True,358.29,503.77,307.8936,309.3115,Npas4,KET-9-6_PFC_3.8_D_4.tif,KET-9-6,FR1_SAL,KET-9,1.0046052,1.4179077,164.07025,"Npas4_coloc_w_cFos,WFA",1.1845609
5400,11914,KET-9-6_PFC_4.0_A_4.tif,KET-9-6_PFC_4.0_A,0-FFF-00012_Npas4,"('0-005-00039_cFos', '0-FFF-00012_Npas4', '0-001-00000_WFA')",False,True,True,True,36.85,8.55,502.8445,480.8497,Npas4,KET-9-6_PFC_4.0_A_4.tif,KET-9-6,FR1_SAL,KET-9,0.9562592,-21.994812,140.65753,"Npas4_coloc_w_cFos,WFA",1.0155249
5418,11932,KET-9-6_PFC_4.0_A_4.tif,KET-9-6_PFC_4.0_A,0-FFF-00034_Npas4,"('0-000-00002_PV', '0-005-00058_cFos', '0-FFF-00034_Npas4', '0-FFF-00007_WFA')",True,True,True,True,48.79,216.19,502.8445,443.6409,Npas4,KET-9-6_PFC_4.0_A_4.tif,KET-9-6,FR1_SAL,KET-9,0.8822626,-59.203613,103.44873,quad_Npas4,0.7468832
5427,11941,KET-9-6_PFC_4.0_A_4.tif,KET-9-6_PFC_4.0_A,0-FFF-00045_Npas4,"('0-FFF-00068_cFos', '0-FFF-00045_Npas4', '0-FFF-00005_WFA')",False,True,True,True,289.51,181.06,502.8445,413.3259,Npas4,KET-9-6_PFC_4.0_A_4.tif,KET-9-6,FR1_SAL,KET-9,0.8219755,-89.518616,73.13373,"Npas4_coloc_w_cFos,WFA",0.52801377
5429,11943,KET-9-6_PFC_4.0_A_4.tif,KET-9-6_PFC_4.0_A,0-FFF-00049_Npas4,"('0-005-00021_cFos', '0-FFF-00049_Npas4', '0-FFF-00006_WFA')",False,True,True,True,362.08,130.13,502.8445,415.4703,Npas4,KET-9-6_PFC_4.0_A_4.tif,KET-9-6,FR1_SAL,KET-9,0.8262401,-87.37421,75.27814,"Npas4_coloc_w_cFos,WFA",0.5434961
5431,11945,KET-9-6_PFC_4.0_A_4.tif,KET-9-6_PFC_4.0_A,0-FFF-00051_Npas4,"('0-005-00004_cFos', '0-FFF-00051_Npas4', '0-FFF-00009_WFA')",False,True,True,True,431.98,79.77,502.8445,460.4821,Npas4,KET-9-6_PFC_4.0_A_4.tif,KET-9-6,FR1_SAL,KET-9,0.91575444,-42.362427,120.28992,"Npas4_coloc_w_cFos,WFA",0.8684739
5461,11975,KET-9-6_PFC_4.0_A_4.tif,KET-9-6_PFC_4.0_A,0-FFF-00093_Npas4,"('0-000-00001_PV', '0-005-00044_cFos', '0-FFF-00093_Npas4', '0-FFF-00004_WFA')",True,True,True,True,277.0,363.08,502.8445,431.2141,Npas4,KET-9-6_PFC_4.0_A_4.tif,KET-9-6,FR1_SAL,KET-9,0.8575496,-71.6304,91.02194,quad_Npas4,0.6571638
5462,11976,KET-9-6_PFC_4.0_A_4.tif,KET-9-6_PFC_4.0_A,0-FFF-00094_Npas4,"('0-005-00024_cFos', '0-FFF-00094_Npas4', '0-001-00001_WFA')",False,True,True,True,487.31,410.45,502.8445,424.222,Npas4,KET-9-6_PFC_4.0_A_4.tif,KET-9-6,FR1_SAL,KET-9,0.84364444,-78.62253,84.029816,"Npas4_coloc_w_cFos,WFA",0.60668176
5490,16269,PE-12-1_PFC_3.3_D_4.tif,PE-12-1_PFC_3.3_D,0-FFF-00021_Npas4,"('0-000-00001_PV', '0-FFF-00052_cFos', '0-FFF-00021_Npas4', '0-FFF-00007_WFA')",True,True,True,True,420.35,81.46,536.4512,434.3812,Npas4,PE-12-1_PFC_3.3_D_4.tif,PE-12-1,FR1_KET,PE-12,0.80973107,-102.06998,60.582367,quad_Npas4,0.43739498
5682,16680,PE-12-1_PFC_3.5_C_4.tif,PE-12-1_PFC_3.5_C,0-FFF-00037_Npas4,"('0-000-00003_PV', '0-FFF-00102_cFos', '0-FFF-00037_Npas4', '0-FFF-00001_WFA')",True,True,True,True,494.98,124.41,554.7391,452.1245,Npas4,PE-12-1_PFC_3.5_C_4.tif,PE-12-1,FR1_KET,PE-12,0.81502193,-102.61456,60.03778,quad_Npas4,0.43346316
5690,16688,PE-12-1_PFC_3.5_C_4.tif,PE-12-1_PFC_3.5_C,0-FFF-00047_Npas4,"('0-000-00011_PV', '0-FFF-00093_cFos', '0-FFF-00047_Npas4', '0-FFF-00009_WFA')",True,True,True,True,374.36,354.29,554.7391,554.4786,Npas4,PE-12-1_PFC_3.5_C_4.tif,PE-12-1,FR1_KET,PE-12,0.99953043,-0.26049805,162.39185,quad_Npas4,1.172443
5694,16692,PE-12-1_PFC_3.5_C_4.tif,PE-12-1_PFC_3.5_C,0-FFF-00051_Npas4,"('0-000-00010_PV', '0-FFF-00104_cFos', '0-FFF-00051_Npas4', '0-FFF-00003_WFA')",True,True,True,True,408.53,461.63,554.7391,542.039,Npas4,PE-12-1_PFC_3.5_C_4.tif,PE-12-1,FR1_KET,PE-12,0.9771062,-12.700073,149.95227,quad_Npas4,1.0826313
5697,16695,PE-12-1_PFC_3.5_C_4.tif,PE-12-1_PFC_3.5_C,0-FFF-00054_Npas4,"('0-000-00009_PV', '0-005-00010_cFos', '0-FFF-00054_Npas4', '0-FFF-00002_WFA')",True,True,True,True,394.41,435.72,554.7391,465.5231,Npas4,PE-12-1_PFC_3.5_C_4.tif,PE-12-1,FR1_KET,PE-12,0.83917487,-89.21597,73.43637,quad_Npas4,0.5301988
5703,16701,PE-12-1_PFC_3.5_C_4.tif,PE-12-1_PFC_3.5_C,0-FFF-00062_Npas4,"('0-000-00002_PV', '0-FFF-00075_cFos', '0-FFF-00062_Npas4', '0-FFF-00006_WFA')",True,True,True,True,121.8,213.15,554.7391,467.3921,Npas4,PE-12-1_PFC_3.5_C_4.tif,PE-12-1,FR1_KET,PE-12,0.842544,-87.346985,75.30536,quad_Npas4,0.5436926
5911,17271,PE-12-2_PFC_3.5_E_4.tif,PE-12-2_PFC_3.5_E,0-200-00001_Npas4,"('0-000-00006_PV', '0-005-00001_cFos', '0-200-00001_Npas4', '0-FFF-00004_WFA')",True,True,True,True,438.99,447.49,508.7305,529.6576,Npas4,PE-12-2_PFC_3.5_E_4.tif,PE-12-2,FR1_KET,PE-12,1.0411359,20.927094,183.57944,quad_Npas4,1.3254141
5925,17285,PE-12-2_PFC_3.5_E_4.tif,PE-12-2_PFC_3.5_E,0-FFF-00015_Npas4,"('0-000-00002_PV', '0-FFF-00050_cFos', '0-FFF-00015_Npas4', '0-FFF-00006_WFA')",True,True,True,True,464.21,40.07,508.7305,442.1885,Npas4,PE-12-2_PFC_3.5_E_4.tif,PE-12-2,FR1_KET,PE-12,0.86919993,-66.54199,96.11035,quad_Npas4,0.6939013
5971,17331,PE-12-2_PFC_3.5_E_4.tif,PE-12-2_PFC_3.5_E,0-FFF-00062_Npas4,"('0-000-00004_PV', '0-005-00029_cFos', '0-FFF-00062_Npas4', '0-FFF-00003_WFA')",True,True,True,True,234.15,469.0,508.7305,452.6335,Npas4,PE-12-2_PFC_3.5_E_4.tif,PE-12-2,FR1_KET,PE-12,0.8897314,-56.096985,106.55536,quad_Npas4,0.7693126
6008,17477,PE-12-2_PFC_3.6_C_4.tif,PE-12-2_PFC_3.6_C,0-FFF-00015_Npas4,"('0-000-00000_PV', '0-005-00022_cFos', '0-FFF-00015_Npas4', '0-FFF-00003_WFA')",True,True,True,True,286.62,317.18,467.5143,414.1851,Npas4,PE-12-2_PFC_3.6_C_4.tif,PE-12-2,FR1_KET,PE-12,0.8859303,-53.329224,109.32312,quad_Npas4,0.7892954
6014,17483,PE-12-2_PFC_3.6_C_4.tif,PE-12-2_PFC_3.6_C,0-FFF-00021_Npas4,"('0-FFF-00072_cFos', '0-FFF-00021_Npas4', '0-FFF-00009_WFA')",False,True,True,True,117.14,406.28,467.5143,402.6738,Npas4,PE-12-2_PFC_3.6_C_4.tif,PE-12-2,FR1_KET,PE-12,0.861308,-64.840515,97.81183,"Npas4_coloc_w_cFos,WFA",0.7061857
6058,17614,PE-12-2_PFC_3.6_D_4.tif,PE-12-2_PFC_3.6_D,0-FFF-00019_Npas4,"('0-000-00000_PV', '0-005-00026_cFos', '0-FFF-00019_Npas4', '0-FFF-00001_WFA')",True,True,True,True,151.69,122.13,572.0286,480.6158,Npas4,PE-12-2_PFC_3.6_D_4.tif,PE-12-2,FR1_KET,PE-12,0.8401954,-91.41281,71.23953,quad_Npas4,0.514338
6166,17797,PE-12-2_PFC_3.7_A_4.tif,PE-12-2_PFC_3.7_A,0-FFF-00045_Npas4,"('0-000-00005_PV', '0-FFF-00044_cFos', '0-FFF-00045_Npas4', '0-FFF-00005_WFA')",True,True,True,True,185.42,326.43,710.8662,680.672,Npas4,PE-12-2_PFC_3.7_A_4.tif,PE-12-2,FR1_KET,PE-12,0.9575248,-30.194214,132.45813,quad_Npas4,0.9563264
6187,17818,PE-12-2_PFC_3.7_A_4.tif,PE-12-2_PFC_3.7_A,0-FFF-00067_Npas4,"('0-000-00002_PV', '0-FFF-00050_cFos', '0-FFF-00067_Npas4', '0-FFF-00001_WFA')",True,True,True,True,15.59,420.95,710.8662,614.7315,Npas4,PE-12-2_PFC_3.7_A_4.tif,PE-12-2,FR1_KET,PE-12,0.864764,-96.134705,66.51764,quad_Npas4,0.4802467
6197,17931,PE-12-7_PFC_3.5_E_4.tif,PE-12-7_PFC_3.5_E,0-200-00000_Npas4,"('0-000-00006_PV', '0-005-00051_cFos', '0-200-00000_Npas4', '0-FFF-00003_WFA')",True,True,True,True,312.75,226.12,527.6664,479.1816,Npas4,PE-12-7_PFC_3.5_E_4.tif,PE-12-7,FR1_KET,PE-12,0.90811473,-48.48477,114.16757,quad_Npas4,0.82427156
6245,17979,PE-12-7_PFC_3.5_E_4.tif,PE-12-7_PFC_3.5_E,0-FFF-00053_Npas4,"('0-000-00004_PV', '0-FFF-00075_cFos', '0-FFF-00053_Npas4', '0-FFF-00005_WFA')",True,True,True,True,128.8,423.48,527.6664,481.135,Npas4,PE-12-7_PFC_3.5_E_4.tif,PE-12-7,FR1_KET,PE-12,0.91181666,-46.531372,116.12097,quad_Npas4,0.8383748
6248,17982,PE-12-7_PFC_3.5_E_4.tif,PE-12-7_PFC_3.5_E,0-FFF-00056_Npas4,"('0-000-00001_PV', '0-005-00015_cFos', '0-FFF-00056_Npas4', '0-FFF-00006_WFA')",True,True,True,True,144.19,462.82,527.6664,457.1312,Npas4,PE-12-7_PFC_3.5_E_4.tif,PE-12-7,FR1_KET,PE-12,0.86632615,-70.53519,92.11716,quad_Npas4,0.66507107
6254,17988,PE-12-7_PFC_3.5_E_4.tif,PE-12-7_PFC_3.5_E,0-FFF-00064_Npas4,"('0-005-00001_cFos', '0-FFF-00064_Npas4', '0-FFF-00007_WFA')",False,True,True,True,312.08,450.33,527.6664,525.3743,Npas4,PE-12-7_PFC_3.5_E_4.tif,PE-12-7,FR1_KET,PE-12,0.99565625,-2.2920532,160.36029,"Npas4_coloc_w_cFos,WFA",1.1577755
6285,18115,PE-12-7_PFC_3.6_B_4.tif,PE-12-7_PFC_3.6_B,0-200-00000_Npas4,"('0-000-00003_PV', '0-005-00044_cFos', '0-200-00000_Npas4', '0-001-00002_WFA')",True,True,True,True,327.6,500.94,503.9805,476.9442,Npas4,PE-12-7_PFC_3.6_B_4.tif,PE-12-7,FR1_KET,PE-12,0.9463545,-27.036285,135.61606,quad_Npas4,0.9791262
6296,18126,PE-12-7_PFC_3.6_B_4.tif,PE-12-7_PFC_3.6_B,0-FFF-00013_Npas4,"('0-005-00053_cFos', '0-FFF-00013_Npas4', '0-001-00003_WFA')",False,True,True,True,298.27,104.27,503.9805,475.9452,Npas4,PE-12-7_PFC_3.6_B_4.tif,PE-12-7,FR1_KET,PE-12,0.94437224,-28.035309,134.61703,"Npas4_coloc_w_cFos,WFA",0.9719134
6364,18194,PE-12-7_PFC_3.6_B_4.tif,PE-12-7_PFC_3.6_B,0-FFF-00093_Npas4,"('0-000-00011_PV', '0-005-00027_cFos', '0-FFF-00093_Npas4', '0-FFF-00015_WFA')",True,True,True,True,149.54,453.72,503.9805,443.0078,Npas4,PE-12-7_PFC_3.6_B_4.tif,PE-12-7,FR1_KET,PE-12,0.8790178,-60.972687,101.67966,quad_Npas4,0.73411083
6413,18349,PE-12-7_PFC_3.6_D_4.tif,PE-12-7_PFC_3.6_D,0-FFF-00054_Npas4,"('0-000-00001_PV', '0-005-00039_cFos', '0-FFF-00054_Npas4', '0-FFF-00001_WFA')",True,True,True,True,419.65,280.33,476.3867,389.0776,Npas4,PE-12-7_PFC_3.6_D_4.tif,PE-12-7,FR1_KET,PE-12,0.81672645,-87.30908,75.34326,quad_Npas4,0.54396623
6416,18352,PE-12-7_PFC_3.6_D_4.tif,PE-12-7_PFC_3.6_D,0-FFF-00059_Npas4,"('0-000-00000_PV', '0-005-00028_cFos', '0-FFF-00059_Npas4', '0-FFF-00007_WFA')",True,True,True,True,346.36,329.81,476.3867,467.3135,Npas4,PE-12-7_PFC_3.6_D_4.tif,PE-12-7,FR1_KET,PE-12,0.9809542,-9.073181,153.57916,quad_Npas4,1.1088169
6417,18353,PE-12-7_PFC_3.6_D_4.tif,PE-12-7_PFC_3.6_D,0-FFF-00060_Npas4,"('0-000-00004_PV', '0-005-00010_cFos', '0-FFF-00060_Npas4', '0-FFF-00006_WFA')",True,True,True,True,325.06,270.84,476.3867,424.4778,Npas4,PE-12-7_PFC_3.6_D_4.tif,PE-12-7,FR1_KET,PE-12,0.8910363,-51.908875,110.74347,quad_Npas4,0.79955006
6471,18483,PE-12-7_PFC_3.7_A_4.tif,PE-12-7_PFC_3.7_A,0-200-00003_Npas4,"('0-005-00013_cFos', '0-200-00003_Npas4', '0-FFF-00007_WFA')",False,True,True,True,263.88,120.42,551.5506,465.5152,Npas4,PE-12-7_PFC_3.7_A_4.tif,PE-12-7,FR1_KET,PE-12,0.8440118,-86.0354,76.61694,"Npas4_coloc_w_cFos,WFA",0.55316204
6474,18486,PE-12-7_PFC_3.7_A_4.tif,PE-12-7_PFC_3.7_A,0-FFF-00007_Npas4,"('0-000-00007_PV', '0-FFF-00059_cFos', '0-FFF-00007_Npas4', '0-FFF-00006_WFA')",True,True,True,True,144.02,61.04,551.5506,463.3409,Npas4,PE-12-7_PFC_3.7_A_4.tif,PE-12-7,FR1_KET,PE-12,0.84006965,-88.20969,74.44266,quad_Npas4,0.537464
6501,18513,PE-12-7_PFC_3.7_A_4.tif,PE-12-7_PFC_3.7_A,0-FFF-00039_Npas4,"('0-000-00006_PV', '0-005-00024_cFos', '0-FFF-00039_Npas4', '0-FFF-00002_WFA')",True,True,True,True,126.98,198.61,551.5506,467.7578,Npas4,PE-12-7_PFC_3.7_A_4.tif,PE-12-7,FR1_KET,PE-12,0.8480778,-83.792786,78.85956,quad_Npas4,0.56935334
6526,18538,PE-12-7_PFC_3.7_A_4.tif,PE-12-7_PFC_3.7_A,0-FFF-00075_Npas4,"('0-000-00001_PV', '0-FFF-00065_cFos', '0-FFF-00075_Npas4', '0-FFF-00008_WFA')",True,True,True,True,85.3,489.62,551.5506,460.6395,Npas4,PE-12-7_PFC_3.7_A_4.tif,PE-12-7,FR1_KET,PE-12,0.83517176,-90.9111,71.74124,quad_Npas4,0.51796025
6567,18659,PE-12-7_PFC_3.7_C_4.tif,PE-12-7_PFC_3.7_C,0-FFF-00035_Npas4,"('0-005-00021_cFos', '0-FFF-00035_Npas4', '0-FFF-00008_WFA')",False,True,True,True,428.73,194.27,518.1119,424.5006,Npas4,PE-12-7_PFC_3.7_C_4.tif,PE-12-7,FR1_KET,PE-12,0.8193223,-93.61127,69.04108,"Npas4_coloc_w_cFos,WFA",0.4984655
6569,18661,PE-12-7_PFC_3.7_C_4.tif,PE-12-7_PFC_3.7_C,0-FFF-00037_Npas4,"('0-000-00003_PV', '0-FFF-00067_cFos', '0-FFF-00037_Npas4', '0-FFF-00007_WFA')",True,True,True,True,488.93,235.52,518.1119,415.7154,Npas4,PE-12-7_PFC_3.7_C_4.tif,PE-12-7,FR1_KET,PE-12,0.8023661,-102.396484,60.25586,quad_Npas4,0.43503764
6630,18768,PE-13-11_PFC_3.3_C_4.tif,PE-13-11_PFC_3.3_C,0-FFF-00031_Npas4,"('0-000-00003_PV', '0-FFF-00015_cFos', '0-FFF-00031_Npas4', '0-FFF-00008_WFA')",True,True,True,True,111.57,88.55,567.9576,487.8126,Npas4,PE-13-11_PFC_3.3_C_4.tif,PE-13-11,VR5_SAL,PE-13,0.8588891,-80.14499,82.507355,quad_Npas4,0.5956899
6695,18944,PE-13-11_PFC_3.5_E_4.tif,PE-13-11_PFC_3.5_E,0-FFF-00029_Npas4,"('0-000-00002_PV', '0-FFF-00005_cFos', '0-FFF-00029_Npas4', '0-FFF-00003_WFA')",True,True,True,True,299.09,256.1,551.9192,481.2337,Npas4,PE-13-11_PFC_3.5_E_4.tif,PE-13-11,VR5_SAL,PE-13,0.87192786,-70.685486,91.96686,quad_Npas4,0.66398597
6796,19251,PE-13-1_PFC_3.5_C_4.tif,PE-13-1_PFC_3.5_C,0-200-00003_Npas4,"('0-005-00003_cFos', '0-200-00003_Npas4', '0-FFF-00003_WFA')",False,True,True,True,386.85,355.21,614.4027,571.34,Npas4,PE-13-1_PFC_3.5_C_4.tif,PE-13-1,VR5_SAL,PE-13,0.9299113,-43.062683,119.58966,"Npas4_coloc_w_cFos,WFA",0.86341816
6809,19264,PE-13-1_PFC_3.5_C_4.tif,PE-13-1_PFC_3.5_C,0-FFF-00019_Npas4,"('0-000-00001_PV', '0-FFF-00071_cFos', '0-FFF-00019_Npas4', '0-FFF-00007_WFA')",True,True,True,True,90.44,173.87,614.4027,503.5023,Npas4,PE-13-1_PFC_3.5_C_4.tif,PE-13-1,VR5_SAL,PE-13,0.81949884,-110.90042,51.751923,quad_Npas4,0.37364057
6816,19271,PE-13-1_PFC_3.5_C_4.tif,PE-13-1_PFC_3.5_C,0-FFF-00028_Npas4,"('0-000-00007_PV', '0-FFF-00062_cFos', '0-FFF-00028_Npas4', '0-FFF-00001_WFA')",True,True,True,True,266.99,288.59,614.4027,545.3456,Npas4,PE-13-1_PFC_3.5_C_4.tif,PE-13-1,VR5_SAL,PE-13,0.8876028,-69.05713,93.595215,quad_Npas4,0.67574245
6983,19602,PE-13-1_PFC_3.7_B_4.tif,PE-13-1_PFC_3.7_B,0-200-00010_Npas4,"('0-000-00013_PV', '0-FFF-00017_cFos', '0-200-00010_Npas4', '0-FFF-00010_WFA')",True,True,True,True,412.11,161.22,678.0913,642.2464,Npas4,PE-13-1_PFC_3.7_B_4.tif,PE-13-1,VR5_SAL,PE-13,0.94713855,-35.84491,126.807434,quad_Npas4,0.9155293
7016,19635,PE-13-1_PFC_3.7_B_4.tif,PE-13-1_PFC_3.7_B,0-FFF-00045_Npas4,"('0-000-00000_PV', '0-FFF-00010_cFos', '0-FFF-00045_Npas4', '0-FFF-00014_WFA')",True,True,True,True,347.65,368.26,678.0913,624.9616,Npas4,PE-13-1_PFC_3.7_B_4.tif,PE-13-1,VR5_SAL,PE-13,0.92164814,-53.1297,109.522644,quad_Npas4,0.7907359
7038,19657,PE-13-1_PFC_3.7_B_4.tif,PE-13-1_PFC_3.7_B,0-FFF-00067_Npas4,"('0-000-00010_PV', '0-FFF-00011_cFos', '0-FFF-00067_Npas4', '0-FFF-00013_WFA')",True,True,True,True,245.52,466.1,678.0913,562.6918,Npas4,PE-13-1_PFC_3.7_B_4.tif,PE-13-1,VR5_SAL,PE-13,0.8298171,-115.399536,47.252808,quad_Npas4,0.3411577
7084,19784,PE-13-1_PFC_3.7_D_4.tif,PE-13-1_PFC_3.7_D,0-FFF-00030_Npas4,"('0-000-00003_PV', '0-005-00014_cFos', '0-FFF-00030_Npas4', '0-001-00004_WFA')",True,True,True,True,502.89,22.78,624.4081,543.8667,Npas4,PE-13-1_PFC_3.7_D_4.tif,PE-13-1,VR5_SAL,PE-13,0.8710116,-80.54138,82.11096,quad_Npas4,0.592828
7114,19814,PE-13-1_PFC_3.7_D_4.tif,PE-13-1_PFC_3.7_D,0-FFF-00061_Npas4,"('0-000-00001_PV', '0-FFF-00048_cFos', '0-FFF-00061_Npas4', '0-FFF-00008_WFA')",True,True,True,True,368.4,363.03,624.4081,611.879,Npas4,PE-13-1_PFC_3.7_D_4.tif,PE-13-1,VR5_SAL,PE-13,0.9799345,-12.529053,150.12329,quad_Npas4,1.0838661
7180,19933,PE-13-1_PFC_3.9_A_4.tif,PE-13-1_PFC_3.9_A,0-FFF-00044_Npas4,"('0-000-00002_PV', '0-FFF-00008_cFos', '0-FFF-00044_Npas4', '0-FFF-00006_WFA')",True,True,True,True,203.95,298.13,690.172,679.161,Npas4,PE-13-1_PFC_3.9_A_4.tif,PE-13-1,VR5_SAL,PE-13,0.98404604,-11.010986,151.64136,quad_Npas4,1.0948262
7405,20544,PE-13-2_PFC_3.5_E_4.tif,PE-13-2_PFC_3.5_E,0-FFF-00064_Npas4,"('0-000-00000_PV', '0-FFF-00055_cFos', '0-FFF-00064_Npas4', '0-FFF-00006_WFA')",True,True,True,True,381.52,428.83,622.9029,523.6696,Npas4,PE-13-2_PFC_3.5_E_4.tif,PE-13-2,VR5_KET,PE-13,0.8406922,-99.23328,63.419067,quad_Npas4,0.4578755
7466,20731,PE-13-2_PFC_3.7_A_4.tif,PE-13-2_PFC_3.7_A,0-FFF-00075_Npas4,"('0-FFF-00071_cFos', '0-FFF-00075_Npas4', '0-FFF-00006_WFA')",False,True,True,True,23.19,442.27,606.5973,517.8751,Npas4,PE-13-2_PFC_3.7_A_4.tif,PE-13-2,VR5_KET,PE-13,0.85373795,-88.72217,73.930176,"Npas4_coloc_w_cFos,WFA",0.533764
7498,20828,PE-13-3_PFC_3.3_E_4.tif,PE-13-3_PFC_3.3_E,0-FFF-00035_Npas4,"('0-000-00001_PV', '0-FFF-00024_cFos', '0-FFF-00035_Npas4', '0-FFF-00003_WFA')",True,True,True,True,99.95,365.12,447.8938,398.6049,Npas4,PE-13-3_PFC_3.3_E_4.tif,PE-13-3,VR5_KET,PE-13,0.88995403,-49.28891,113.363434,quad_Npas4,0.8184658
7503,20833,PE-13-3_PFC_3.3_E_4.tif,PE-13-3_PFC_3.3_E,0-FFF-00045_Npas4,"('0-000-00005_PV', '0-FFF-00023_cFos', '0-FFF-00045_Npas4', '0-FFF-00002_WFA')",True,True,True,True,319.27,261.54,447.8938,365.4256,Npas4,PE-13-3_PFC_3.3_E_4.tif,PE-13-3,VR5_KET,PE-13,0.81587553,-82.4682,80.18414,quad_Npas4,0.57891667
7511,20841,PE-13-3_PFC_3.3_E_4.tif,PE-13-3_PFC_3.3_E,0-FFF-00062_Npas4,"('0-FFF-00027_cFos', '0-FFF-00062_Npas4', '0-FFF-00006_WFA')",False,True,True,True,339.38,427.08,447.8938,374.0685,Npas4,PE-13-3_PFC_3.3_E_4.tif,PE-13-3,VR5_KET,PE-13,0.83517236,-73.82529,88.82706,"Npas4_coloc_w_cFos,WFA",0.6413171
7628,21081,PE-13-3_PFC_3.5_D_4.tif,PE-13-3_PFC_3.5_D,0-FFF-00081_Npas4,"('0-000-00004_PV', '0-FFF-00031_cFos', '0-FFF-00081_Npas4', '0-FFF-00004_WFA')",True,True,True,True,220.54,166.2,452.7004,378.1048,Npas4,PE-13-3_PFC_3.5_D_4.tif,PE-13-3,VR5_KET,PE-13,0.8352208,-74.59561,88.05673,quad_Npas4,0.6357555
7663,21201,PE-13-3_PFC_3.7_A_4.tif,PE-13-3_PFC_3.7_A,0-FFF-00037_Npas4,"('0-000-00015_PV', '0-FFF-00044_cFos', '0-FFF-00037_Npas4', '0-FFF-00003_WFA')",True,True,True,True,345.18,86.1,635.8529,607.9895,Npas4,PE-13-3_PFC_3.7_A_4.tif,PE-13-3,VR5_KET,PE-13,0.9561795,-27.863403,134.78894,quad_Npas4,0.97315454
7719,21257,PE-13-3_PFC_3.7_A_4.tif,PE-13-3_PFC_3.7_A,0-FFF-00099_Npas4,"('0-000-00001_PV', '0-FFF-00048_cFos', '0-FFF-00099_Npas4', '0-FFF-00007_WFA')",True,True,True,True,426.62,382.69,635.8529,549.5825,Npas4,PE-13-3_PFC_3.7_A_4.tif,PE-13-3,VR5_KET,PE-13,0.8643234,-86.270386,76.38196,quad_Npas4,0.5514655
7735,21365,PE-13-3_PFC_3.7_B_4.tif,PE-13-3_PFC_3.7_B,0-200-00006_Npas4,"('0-000-00001_PV', '0-FFF-00054_cFos', '0-200-00006_Npas4', '0-FFF-00003_WFA')",True,True,True,True,140.36,94.34,559.1822,468.3306,Npas4,PE-13-3_PFC_3.7_B_4.tif,PE-13-3,VR5_KET,PE-13,0.83752775,-90.85159,71.80075,quad_Npas4,0.5183899
7786,21416,PE-13-3_PFC_3.7_B_4.tif,PE-13-3_PFC_3.7_B,0-FFF-00066_Npas4,"('0-000-00005_PV', '0-FFF-00037_cFos', '0-FFF-00066_Npas4', '0-FFF-00007_WFA')",True,True,True,True,333.14,361.43,559.1822,465.0272,Npas4,PE-13-3_PFC_3.7_B_4.tif,PE-13-3,VR5_KET,PE-13,0.83162016,-94.155,68.497345,quad_Npas4,0.49453986
7800,21491,PE-13-6_PFC_3.5_C_4.tif,PE-13-6_PFC_3.5_C,0-200-00001_Npas4,"('0-000-00000_PV', '0-FFF-00053_cFos', '0-200-00001_Npas4', '0-FFF-00002_WFA')",True,True,True,True,322.16,436.57,563.7008,453.7772,Npas4,PE-13-6_PFC_3.5_C_4.tif,PE-13-6,VR5_KET,PE-13,0.80499655,-109.923615,52.72873,quad_Npas4,0.38069296
7953,21800,PE-13-6_PFC_3.7_A_4.tif,PE-13-6_PFC_3.7_A,0-FFF-00032_Npas4,"('0-000-00007_PV', '0-FFF-00007_cFos', '0-FFF-00032_Npas4', '0-FFF-00008_WFA')",True,True,True,True,235.8,176.0,605.8306,499.0847,Npas4,PE-13-6_PFC_3.7_A_4.tif,PE-13-6,VR5_KET,PE-13,0.82380235,-106.74594,55.906403,quad_Npas4,0.40363526
7963,21810,PE-13-6_PFC_3.7_A_4.tif,PE-13-6_PFC_3.7_A,0-FFF-00043_Npas4,"('0-000-00009_PV', '0-FFF-00013_cFos', '0-FFF-00043_Npas4', '0-FFF-00013_WFA')",True,True,True,True,77.53,299.72,605.8306,512.1171,Npas4,PE-13-6_PFC_3.7_A_4.tif,PE-13-6,VR5_KET,PE-13,0.845314,-93.7135,68.93884,quad_Npas4,0.4977274
7978,21825,PE-13-6_PFC_3.7_A_4.tif,PE-13-6_PFC_3.7_A,0-FFF-00064_Npas4,"('0-000-00002_PV', '0-FFF-00026_cFos', '0-FFF-00064_Npas4', '0-FFF-00003_WFA')",True,True,True,True,400.31,177.81,605.8306,537.8343,Npas4,PE-13-6_PFC_3.7_A_4.tif,PE-13-6,VR5_KET,PE-13,0.88776344,-67.99634,94.656006,quad_Npas4,0.68340117
7981,21828,PE-13-6_PFC_3.7_A_4.tif,PE-13-6_PFC_3.7_A,0-FFF-00068_Npas4,"('0-000-00011_PV', '0-FFF-00025_cFos', '0-FFF-00068_Npas4', '0-FFF-00006_WFA')",True,True,True,True,431.83,270.46,605.8306,488.0598,Npas4,PE-13-6_PFC_3.7_A_4.tif,PE-13-6,VR5_KET,PE-13,0.8056044,-117.77081,44.88153,quad_Npas4,0.32403746
7987,21834,PE-13-6_PFC_3.7_A_4.tif,PE-13-6_PFC_3.7_A,0-FFF-00074_Npas4,"('0-FFF-00032_cFos', '0-FFF-00074_Npas4', '0-FFF-00007_WFA')",False,True,True,True,476.16,325.49,605.8306,491.3318,Npas4,PE-13-6_PFC_3.7_A_4.tif,PE-13-6,VR5_KET,PE-13,0.8110052,-114.49884,48.153503,"Npas4_coloc_w_cFos,WFA",0.34766057
8011,21930,PE-13-6_PFC_3.7_B_4.tif,PE-13-6_PFC_3.7_B,0-200-00001_Npas4,"('0-000-00001_PV', '0-FFF-00011_cFos', '0-200-00001_Npas4', '0-FFF-00001_WFA')",True,True,True,True,215.48,122.9,496.6199,434.3598,Npas4,PE-13-6_PFC_3.7_B_4.tif,PE-13-6,VR5_KET,PE-13,0.8746323,-62.2601,100.39224,quad_Npas4,0.7248159
8022,21941,PE-13-6_PFC_3.7_B_4.tif,PE-13-6_PFC_3.7_B,0-FFF-00033_Npas4,"('0-FFF-00035_cFos', '0-FFF-00033_Npas4', '0-FFF-00005_WFA')",False,True,True,True,316.78,190.21,496.6199,398.9271,Npas4,PE-13-6_PFC_3.7_B_4.tif,PE-13-6,VR5_KET,PE-13,0.8032845,-97.69281,64.95953,"Npas4_coloc_w_cFos,WFA",0.46899742
8023,21942,PE-13-6_PFC_3.7_B_4.tif,PE-13-6_PFC_3.7_B,0-FFF-00035_Npas4,"('0-FFF-00033_cFos', '0-FFF-00035_Npas4', '0-FFF-00013_WFA')",False,True,True,True,259.54,240.41,496.6199,598.1523,Npas4,PE-13-6_PFC_3.7_B_4.tif,PE-13-6,VR5_KET,PE-13,1.2044469,101.53238,264.18472,"Npas4_coloc_w_cFos,WFA",1.9073713
8060,22045,PE-13-6_PFC_3.7_E_4.tif,PE-13-6_PFC_3.7_E,0-FFF-00030_Npas4,"('0-000-00000_PV', '0-FFF-00018_cFos', '0-FFF-00030_Npas4', '0-FFF-00005_WFA')",True,True,True,True,377.17,178.74,658.2427,590.6721,Npas4,PE-13-6_PFC_3.7_E_4.tif,PE-13-6,VR5_KET,PE-13,0.89734703,-67.57056,95.08179,quad_Npas4,0.6864753
8126,22179,PE-13-9_PFC_3.3_C_4.tif,PE-13-9_PFC_3.3_C,0-FFF-00005_Npas4,"('0-000-00007_PV', '0-FFF-00014_cFos', '0-FFF-00005_Npas4', '0-FFF-00012_WFA')",True,True,True,True,45.4,65.34,510.5312,442.831,Npas4,PE-13-9_PFC_3.3_C_4.tif,PE-13-9,VR5_SAL,PE-13,0.86739266,-67.700195,94.95215,quad_Npas4,0.6855393
8175,22228,PE-13-9_PFC_3.3_C_4.tif,PE-13-9_PFC_3.3_C,0-FFF-00060_Npas4,"('0-000-00003_PV', '0-FFF-00022_cFos', '0-FFF-00060_Npas4', '0-FFF-00006_WFA')",True,True,True,True,189.68,352.68,510.5312,432.8886,Npas4,PE-13-9_PFC_3.3_C_4.tif,PE-13-9,VR5_SAL,PE-13,0.84791803,-77.64258,85.009766,quad_Npas4,0.6137569
8202,22340,PE-13-9_PFC_3.4_D_4.tif,PE-13-9_PFC_3.4_D,0-FFF-00011_Npas4,"('0-000-00003_PV', '0-FFF-00028_cFos', '0-FFF-00011_Npas4', '0-FFF-00008_WFA')",True,True,True,True,365.21,21.85,628.8377,544.3529,Npas4,PE-13-9_PFC_3.4_D_4.tif,PE-13-9,VR5_SAL,PE-13,0.8656493,-84.4848,78.16754,quad_Npas4,0.5643571
8235,22373,PE-13-9_PFC_3.4_D_4.tif,PE-13-9_PFC_3.4_D,0-FFF-00060_Npas4,"('0-FFF-00010_PV', '0-FFF-00043_cFos', '0-FFF-00060_Npas4', '0-FFF-00001_WFA')",True,True,True,True,213.59,312.35,628.8377,520.5518,Npas4,PE-13-9_PFC_3.4_D_4.tif,PE-13-9,VR5_SAL,PE-13,0.8277999,-108.28589,54.366455,quad_Npas4,0.3925171
