,index,filename,image_name,roi_id,true_grouping,dummy_PV,dummy_cFos,dummy_Npas4,dummy_WFA,CoM_x,CoM_y,background,mean_intensity,stain_type,filename,rat_n,treatment,group_name,snr,mean-background,adjusted_mean-background,coloc_stain_type,norm_adjusted_mean-background
7,7,KET-10-12_PFC_3.7_A_2.tif,KET-10-12_PFC_3.7_A,0-000-00008_PV,"('0-000-00008_PV', '0-005-00017_cFos', '0-FFF-00062_Npas4', '0-FFF-00002_WFA')",True,True,True,True,172.96,310.28,238.8715,305.4051,PV,KET-10-12_PFC_3.7_A_2.tif,KET-10-12,FR1_KET,KET-10,1.278533,66.533585,151.29659,quad_PV,0.5621422
11,11,KET-10-12_PFC_3.7_A_2.tif,KET-10-12_PFC_3.7_A,0-000-00012_PV,"('0-000-00012_PV', '0-005-00036_cFos', '0-FFF-00009_Npas4', '0-FFF-00001_WFA')",True,True,True,True,231.19,159.37,238.8715,563.5261,PV,KET-10-12_PFC_3.7_A_2.tif,KET-10-12,FR1_KET,KET-10,2.3591182,324.6546,409.4176,quad_PV,1.5211904
20,209,KET-10-12_PFC_3.7_B_2.tif,KET-10-12_PFC_3.7_B,0-000-00000_PV,"('0-000-00000_PV', '0-FFF-00119_cFos', '0-FFF-00099_Npas4', '0-FFF-00009_WFA')",True,True,True,True,151.28,486.3,278.5247,433.416,PV,KET-10-12_PFC_3.7_B_2.tif,KET-10-12,FR1_KET,KET-10,1.5561134,154.8913,239.6543,quad_PV,0.8904351
24,213,KET-10-12_PFC_3.7_B_2.tif,KET-10-12_PFC_3.7_B,0-000-00004_PV,"('0-000-00004_PV', '0-FFF-00108_cFos', '0-FFF-00056_Npas4', '0-FFF-00005_WFA')",True,True,True,True,350.94,285.56,278.5247,610.9244,PV,KET-10-12_PFC_3.7_B_2.tif,KET-10-12,FR1_KET,KET-10,2.19343,332.3997,417.1627,quad_PV,1.5499672
27,216,KET-10-12_PFC_3.7_B_2.tif,KET-10-12_PFC_3.7_B,0-000-00007_PV,"('0-000-00007_PV', '0-005-00089_cFos', '0-FFF-00062_Npas4', '0-FFF-00007_WFA')",True,True,True,True,428.49,366.92,278.5247,567.3934,PV,KET-10-12_PFC_3.7_B_2.tif,KET-10-12,FR1_KET,KET-10,2.0371385,288.86868,373.63168,quad_PV,1.3882278
30,219,KET-10-12_PFC_3.7_B_2.tif,KET-10-12_PFC_3.7_B,0-000-00010_PV,"('0-000-00010_PV', '0-005-00059_cFos', '0-FFF-00006_Npas4', '0-FFF-00002_WFA')",True,True,True,True,353.74,79.09,278.5247,484.429,PV,KET-10-12_PFC_3.7_B_2.tif,KET-10-12,FR1_KET,KET-10,1.7392677,205.9043,290.6673,quad_PV,1.0799738
41,448,KET-10-12_PFC_3.9_C_2.tif,KET-10-12_PFC_3.9_C,0-000-00005_PV,"('0-000-00005_PV', '0-005-00004_cFos', '0-FFF-00047_Npas4', '0-FFF-00003_WFA')",True,True,True,True,324.31,410.72,261.3885,612.4325,PV,KET-10-12_PFC_3.9_C_2.tif,KET-10-12,FR1_KET,KET-10,2.342997,351.044,435.807,quad_PV,1.6192402
43,450,KET-10-12_PFC_3.9_C_2.tif,KET-10-12_PFC_3.9_C,0-000-00007_PV,"('0-000-00007_PV', '0-FFF-00065_cFos', '0-FFF-00058_Npas4', '0-FFF-00004_WFA')",True,True,True,True,179.39,394.28,261.3885,493.5749,PV,KET-10-12_PFC_3.9_C_2.tif,KET-10-12,FR1_KET,KET-10,1.8882809,232.1864,316.9494,quad_PV,1.177625
56,653,KET-10-12_PFC_3.9_D_2.tif,KET-10-12_PFC_3.9_D,0-000-00007_PV,"('0-000-00007_PV', '0-005-00001_cFos', '0-FFF-00032_Npas4', '0-FFF-00004_WFA')",True,True,True,True,384.29,98.98,257.3722,659.3281,PV,KET-10-12_PFC_3.9_D_2.tif,KET-10-12,FR1_KET,KET-10,2.561769,401.95593,486.71893,quad_PV,1.8084033
69,851,KET-10-12_PFC_4.0_E_2.tif,KET-10-12_PFC_4.0_E,0-000-00005_PV,"('0-000-00005_PV', '0-FFF-00081_cFos', '0-FFF-00033_Npas4', '0-FFF-00002_WFA')",True,True,True,True,294.74,63.24,223.8845,418.3954,PV,KET-10-12_PFC_4.0_E_2.tif,KET-10-12,FR1_KET,KET-10,1.8688,194.51088,279.27386,quad_PV,1.0376415
72,854,KET-10-12_PFC_4.0_E_2.tif,KET-10-12_PFC_4.0_E,0-000-00008_PV,"('0-000-00008_PV', '0-005-00017_cFos', '0-FFF-00035_Npas4', '0-FFF-00003_WFA')",True,True,True,True,334.46,88.83,223.8845,333.5218,PV,KET-10-12_PFC_4.0_E_2.tif,KET-10-12,FR1_KET,KET-10,1.4897046,109.63728,194.40028,quad_PV,0.7222939
74,856,KET-10-12_PFC_4.0_E_2.tif,KET-10-12_PFC_4.0_E,0-000-00010_PV,"('0-000-00010_PV', '0-005-00023_cFos', '0-200-00010_Npas4', '0-FFF-00004_WFA')",True,True,True,True,326.96,198.68,223.8845,505.6519,PV,KET-10-12_PFC_4.0_E_2.tif,KET-10-12,FR1_KET,KET-10,2.258539,281.7674,366.5304,quad_PV,1.361843
107,1336,KET-10-14_PFC_3.4_E_2.tif,KET-10-14_PFC_3.4_E,0-000-00014_PV,"('0-000-00014_PV', '0-005-00027_cFos', '0-FFF-00103_Npas4', '0-FFF-00007_WFA')",True,True,True,True,307.87,423.74,301.3893,812.3353,PV,KET-10-14_PFC_3.4_E_2.tif,KET-10-14,VR5_KET,KET-10,2.6953022,510.946,595.709,quad_PV,2.2133555
119,1581,KET-10-14_PFC_3.6_C_2.tif,KET-10-14_PFC_3.6_C,0-000-00000_PV,"('0-000-00000_PV', '0-FFF-00079_cFos', '0-FFF-00108_Npas4', '0-FFF-00002_WFA')",True,True,True,True,197.93,382.83,227.6756,486.7213,PV,KET-10-14_PFC_3.6_C_2.tif,KET-10-14,VR5_KET,KET-10,2.1377842,259.04572,343.80872,quad_PV,1.2774206
121,1583,KET-10-14_PFC_3.6_C_2.tif,KET-10-14_PFC_3.6_C,0-000-00002_PV,"('0-000-00002_PV', '0-FFF-00069_cFos', '0-FFF-00112_Npas4', '0-FFF-00003_WFA')",True,True,True,True,49.83,439.5,227.6756,496.2165,PV,KET-10-14_PFC_3.6_C_2.tif,KET-10-14,VR5_KET,KET-10,2.1794891,268.5409,353.3039,quad_PV,1.3126999
139,1798,KET-10-14_PFC_3.7_A_2.tif,KET-10-14_PFC_3.7_A,0-000-00003_PV,"('0-000-00003_PV', '0-005-00012_cFos', '0-FFF-00069_Npas4', '0-FFF-00009_WFA')",True,True,True,True,160.85,287.91,252.06,363.2427,PV,KET-10-14_PFC_3.7_A_2.tif,KET-10-14,VR5_KET,KET-10,1.4410962,111.18271,195.94571,quad_PV,0.7280359
143,1802,KET-10-14_PFC_3.7_A_2.tif,KET-10-14_PFC_3.7_A,0-000-00007_PV,"('0-000-00007_PV', '0-005-00021_cFos', '0-FFF-00023_Npas4', '0-FFF-00002_WFA')",True,True,True,True,316.37,93.8,252.06,316.2235,PV,KET-10-14_PFC_3.7_A_2.tif,KET-10-14,VR5_KET,KET-10,1.2545565,64.16351,148.92651,quad_PV,0.5533362
144,1803,KET-10-14_PFC_3.7_A_2.tif,KET-10-14_PFC_3.7_A,0-000-00008_PV,"('0-000-00008_PV', '0-005-00014_cFos', '0-FFF-00059_Npas4', '0-FFF-00004_WFA')",True,True,True,True,157.13,230.93,252.06,379.339,PV,KET-10-14_PFC_3.7_A_2.tif,KET-10-14,VR5_KET,KET-10,1.5049552,127.27899,212.04199,quad_PV,0.7878416
147,1806,KET-10-14_PFC_3.7_A_2.tif,KET-10-14_PFC_3.7_A,0-000-00011_PV,"('0-000-00011_PV', '0-FFF-00064_cFos', '0-FFF-00014_Npas4', '0-FFF-00001_WFA')",True,True,True,True,138.46,89.2,252.06,523.0399,PV,KET-10-14_PFC_3.7_A_2.tif,KET-10-14,VR5_KET,KET-10,2.075061,270.97992,355.74292,quad_PV,1.3217622
150,1809,KET-10-14_PFC_3.7_A_2.tif,KET-10-14_PFC_3.7_A,0-000-00014_PV,"('0-000-00014_PV', '0-005-00019_cFos', '0-FFF-00030_Npas4', '0-FFF-00005_WFA')",True,True,True,True,368.06,197.7,252.06,448.0521,PV,KET-10-14_PFC_3.7_A_2.tif,KET-10-14,VR5_KET,KET-10,1.7775613,195.9921,280.7551,quad_PV,1.0431451
153,1998,KET-10-14_PFC_3.7_B_2.tif,KET-10-14_PFC_3.7_B,0-000-00000_PV,"('0-000-00000_PV', '0-FFF-00096_cFos', '0-FFF-00043_Npas4', '0-FFF-00002_WFA')",True,True,True,True,360.03,175.95,275.771,442.3202,PV,KET-10-14_PFC_3.7_B_2.tif,KET-10-14,VR5_KET,KET-10,1.6039402,166.5492,251.3122,quad_PV,0.93375
180,2441,KET-10-1_PFC_3.7_B_2.tif,KET-10-1_PFC_3.7_B,0-000-00002_PV,"('0-000-00002_PV', '0-FFF-00053_cFos', '0-FFF-00029_Npas4', '0-FFF-00004_WFA')",True,True,True,True,389.64,211.18,41.3074,52.9095,PV,KET-10-1_PFC_3.7_B_2.tif,KET-10-1,FR1_SAL,KET-10,1.2808722,11.6021,96.3651,quad_PV,0.35804433
183,2444,KET-10-1_PFC_3.7_B_2.tif,KET-10-1_PFC_3.7_B,0-FFF-00005_PV,"('0-FFF-00005_PV', '0-005-00019_cFos', '0-FFF-00045_Npas4', '0-FFF-00005_WFA')",True,True,True,True,148.85,342.88,41.3074,40.8717,PV,KET-10-1_PFC_3.7_B_2.tif,KET-10-1,FR1_SAL,KET-10,0.98945224,-0.43569946,84.3273,quad_PV,0.31331792
185,2590,KET-10-1_PFC_3.7_C_2.tif,KET-10-1_PFC_3.7_C,0-000-00000_PV,"('0-000-00000_PV', '0-005-00014_cFos', '0-FFF-00045_Npas4', '0-FFF-00004_WFA')",True,True,True,True,271.74,420.46,55.8578,105.0398,PV,KET-10-1_PFC_3.7_C_2.tif,KET-10-1,FR1_SAL,KET-10,1.8804859,49.182003,133.945,quad_PV,0.49767244
186,2591,KET-10-1_PFC_3.7_C_2.tif,KET-10-1_PFC_3.7_C,0-000-00001_PV,"('0-000-00001_PV', '0-005-00025_cFos', '0-FFF-00046_Npas4', '0-FFF-00003_WFA')",True,True,True,True,249.06,369.74,55.8578,99.6229,PV,KET-10-1_PFC_3.7_C_2.tif,KET-10-1,FR1_SAL,KET-10,1.7835093,43.765102,128.5281,quad_PV,0.47754595
192,2712,KET-10-1_PFC_3.8_E_2.tif,KET-10-1_PFC_3.8_E,0-000-00001_PV,"('0-000-00001_PV', '0-005-00002_cFos', '0-FFF-00031_Npas4', '0-FFF-00002_WFA')",True,True,True,True,148.98,152.2,119.2881,554.9353,PV,KET-10-1_PFC_3.8_E_2.tif,KET-10-1,FR1_SAL,KET-10,4.652059,435.64722,520.4102,quad_PV,1.9335833
193,2713,KET-10-1_PFC_3.8_E_2.tif,KET-10-1_PFC_3.8_E,0-000-00002_PV,"('0-000-00002_PV', '0-005-00024_cFos', '0-FFF-00043_Npas4', '0-FFF-00001_WFA')",True,True,True,True,7.88,351.61,119.2881,420.2028,PV,KET-10-1_PFC_3.8_E_2.tif,KET-10-1,FR1_SAL,KET-10,3.5225875,300.91467,385.67767,quad_PV,1.4329847
194,2714,KET-10-1_PFC_3.8_E_2.tif,KET-10-1_PFC_3.8_E,0-000-00003_PV,"('0-000-00003_PV', '0-FFF-00047_cFos', '0-FFF-00045_Npas4', '0-FFF-00003_WFA')",True,True,True,True,173.14,340.61,119.2881,371.2447,PV,KET-10-1_PFC_3.8_E_2.tif,KET-10-1,FR1_SAL,KET-10,3.1121686,251.95659,336.7196,quad_PV,1.2510811
205,2853,KET-10-1_PFC_4.0_A_2.tif,KET-10-1_PFC_4.0_A,0-000-00001_PV,"('0-000-00001_PV', '0-FFF-00058_cFos', '0-FFF-00046_Npas4', '0-FFF-00002_WFA')",True,True,True,True,433.4,269.19,295.0137,766.2478,PV,KET-10-1_PFC_4.0_A_2.tif,KET-10-1,FR1_SAL,KET-10,2.5973296,471.2341,555.9971,quad_PV,2.0658062
250,3245,KET-10-2_PFC_3.5_B_2.tif,KET-10-2_PFC_3.5_B,0-000-00009_PV,"('0-000-00009_PV', '0-005-00020_cFos', '0-FFF-00047_Npas4', '0-FFF-00003_WFA')",True,True,True,True,341.89,189.86,393.744,936.8475,PV,KET-10-2_PFC_3.5_B_2.tif,KET-10-2,VR5_SAL,KET-10,2.3793316,543.1035,627.8665,quad_PV,2.3328369
264,3687,KET-10-2_PFC_3.9_C_2.tif,KET-10-2_PFC_3.9_C,0-000-00000_PV,"('0-000-00000_PV', '0-005-00034_cFos', '0-FFF-00035_Npas4', '0-FFF-00001_WFA')",True,True,True,True,178.15,146.16,304.8033,594.659,PV,KET-10-2_PFC_3.9_C_2.tif,KET-10-2,VR5_SAL,KET-10,1.9509598,289.85568,374.61868,quad_PV,1.391895
267,3690,KET-10-2_PFC_3.9_C_2.tif,KET-10-2_PFC_3.9_C,0-000-00003_PV,"('0-000-00003_PV', '0-FFF-00068_cFos', '0-FFF-00040_Npas4', '0-FFF-00006_WFA')",True,True,True,True,206.55,17.49,304.8033,415.0585,PV,KET-10-2_PFC_3.9_C_2.tif,KET-10-2,VR5_SAL,KET-10,1.3617257,110.25519,195.01819,quad_PV,0.7245897
268,3691,KET-10-2_PFC_3.9_C_2.tif,KET-10-2_PFC_3.9_C,0-000-00004_PV,"('0-000-00004_PV', '0-FFF-00086_cFos', '0-FFF-00095_Npas4', '0-FFF-00007_WFA')",True,True,True,True,202.45,305.2,304.8033,537.8972,PV,KET-10-2_PFC_3.9_C_2.tif,KET-10-2,VR5_SAL,KET-10,1.7647355,233.0939,317.8569,quad_PV,1.1809968
272,3695,KET-10-2_PFC_3.9_C_2.tif,KET-10-2_PFC_3.9_C,0-000-00008_PV,"('0-000-00008_PV', '0-FFF-00069_cFos', '0-FFF-00038_Npas4', '0-FFF-00005_WFA')",True,True,True,True,185.62,57.09,304.8033,710.0558,PV,KET-10-2_PFC_3.9_C_2.tif,KET-10-2,VR5_SAL,KET-10,2.329554,405.25247,490.01547,quad_PV,1.8206515
282,3909,KET-10-2_PFC_4.0_E_2.tif,KET-10-2_PFC_4.0_E,0-000-00002_PV,"('0-000-00002_PV', '0-005-00019_cFos', '0-FFF-00087_Npas4', '0-FFF-00005_WFA')",True,True,True,True,306.0,498.27,441.9829,529.5207,PV,KET-10-2_PFC_4.0_E_2.tif,KET-10-2,VR5_SAL,KET-10,1.1980569,87.53778,172.30078,quad_PV,0.6401832
299,4030,KET-10-3_PFC_3.5_C_2.tif,KET-10-3_PFC_3.5_C,0-000-00010_PV,"('0-000-00010_PV', '0-005-00052_cFos', '0-200-00013_Npas4', '0-FFF-00005_WFA')",True,True,True,True,26.84,92.63,228.5245,556.9165,PV,KET-10-3_PFC_3.5_C_2.tif,KET-10-3,VR5_SAL,KET-10,2.43701,328.392,413.155,quad_PV,1.5350766
331,4679,KET-10-3_PFC_3.8_B_2.tif,KET-10-3_PFC_3.8_B,0-000-00000_PV,"('0-000-00000_PV', '0-005-00017_cFos', '0-FFF-00018_Npas4', '0-FFF-00009_WFA')",True,True,True,True,148.89,32.75,201.4506,193.0412,PV,KET-10-3_PFC_3.8_B_2.tif,KET-10-3,VR5_SAL,KET-10,0.9582557,-8.409409,76.35359,quad_PV,0.28369164
336,4684,KET-10-3_PFC_3.8_B_2.tif,KET-10-3_PFC_3.8_B,0-000-00006_PV,"('0-000-00006_PV', '0-005-00057_cFos', '0-FFF-00051_Npas4', '0-FFF-00003_WFA')",True,True,True,True,329.96,397.15,201.4506,464.2615,PV,KET-10-3_PFC_3.8_B_2.tif,KET-10-3,VR5_SAL,KET-10,2.3045921,262.8109,347.5739,quad_PV,1.2914102
345,4857,KET-10-3_PFC_4.0_A_2.tif,KET-10-3_PFC_4.0_A,0-000-00005_PV,"('0-000-00005_PV', '0-005-00042_cFos', '0-FFF-00029_Npas4', '0-FFF-00009_WFA')",True,True,True,True,114.21,260.65,151.5047,393.0916,PV,KET-10-3_PFC_4.0_A_2.tif,KET-10-3,VR5_SAL,KET-10,2.5945835,241.58691,326.3499,quad_PV,1.2125525
356,5014,KET-10-4_PFC_3.5_C_2.tif,KET-10-4_PFC_3.5_C,0-000-00004_PV,"('0-000-00004_PV', '0-005-00028_cFos', '0-FFF-00053_Npas4', '0-FFF-00003_WFA')",True,True,True,True,209.46,410.0,162.4756,222.1877,PV,KET-10-4_PFC_3.5_C_2.tif,KET-10-4,VR5_SAL,KET-10,1.3675143,59.712097,144.4751,quad_PV,0.536797
361,5019,KET-10-4_PFC_3.5_C_2.tif,KET-10-4_PFC_3.5_C,0-000-00011_PV,"('0-000-00011_PV', '0-005-00002_cFos', '0-FFF-00033_Npas4', '0-FFF-00004_WFA')",True,True,True,True,56.16,243.79,162.4756,422.8509,PV,KET-10-4_PFC_3.5_C_2.tif,KET-10-4,VR5_SAL,KET-10,2.60255,260.3753,345.1383,quad_PV,1.2823608
369,5155,KET-10-4_PFC_3.7_D_2.tif,KET-10-4_PFC_3.7_D,0-000-00001_PV,"('0-000-00001_PV', '0-005-00030_cFos', '0-FFF-00060_Npas4', '0-FFF-00003_WFA')",True,True,True,True,25.92,352.55,143.1543,321.0238,PV,KET-10-4_PFC_3.7_D_2.tif,KET-10-4,VR5_SAL,KET-10,2.242502,177.8695,262.6325,quad_PV,0.9758106
384,5311,KET-10-4_PFC_3.8_B_2.tif,KET-10-4_PFC_3.8_B,0-000-00006_PV,"('0-000-00006_PV', '0-005-00008_cFos', '0-FFF-00053_Npas4', '0-FFF-00002_WFA')",True,True,True,True,78.15,158.62,215.27,494.4503,PV,KET-10-4_PFC_3.8_B_2.tif,KET-10-4,VR5_SAL,KET-10,2.2968843,279.1803,363.9433,quad_PV,1.3522307
393,5320,KET-10-4_PFC_3.8_B_2.tif,KET-10-4_PFC_3.8_B,0-000-00015_PV,"('0-000-00015_PV', '0-005-00051_cFos', '0-FFF-00055_Npas4', '0-FFF-00003_WFA')",True,True,True,True,13.61,126.51,215.27,600.3909,PV,KET-10-4_PFC_3.8_B_2.tif,KET-10-4,VR5_SAL,KET-10,2.7890134,385.1209,469.8839,quad_PV,1.7458528
400,5479,KET-10-4_PFC_3.8_E_2.tif,KET-10-4_PFC_3.8_E,0-000-00000_PV,"('0-000-00000_PV', '0-005-00003_cFos', '0-200-00021_Npas4', '0-001-00004_WFA')",True,True,True,True,71.32,82.34,193.3472,539.485,PV,KET-10-4_PFC_3.8_E_2.tif,KET-10-4,VR5_SAL,KET-10,2.7902396,346.1378,430.9008,quad_PV,1.601011
404,5483,KET-10-4_PFC_3.8_E_2.tif,KET-10-4_PFC_3.8_E,0-000-00004_PV,"('0-000-00004_PV', '0-FFF-00058_cFos', '0-FFF-00070_Npas4', '0-FFF-00005_WFA')",True,True,True,True,39.58,343.24,193.3472,512.1456,PV,KET-10-4_PFC_3.8_E_2.tif,KET-10-4,VR5_SAL,KET-10,2.6488392,318.79843,403.56143,quad_PV,1.4994317
406,5485,KET-10-4_PFC_3.8_E_2.tif,KET-10-4_PFC_3.8_E,0-000-00007_PV,"('0-000-00007_PV', '0-005-00005_cFos', '0-FFF-00119_Npas4', '0-001-00002_WFA')",True,True,True,True,159.77,313.27,193.3472,719.2741,PV,KET-10-4_PFC_3.8_E_2.tif,KET-10-4,VR5_SAL,KET-10,3.7201166,525.9269,610.6899,quad_PV,2.2690172
424,5685,KET-10-4_PFC_4.1_A_2.tif,KET-10-4_PFC_4.1_A,0-000-00002_PV,"('0-000-00002_PV', '0-005-00028_cFos', '0-FFF-00072_Npas4', '0-FFF-00005_WFA')",True,True,True,True,294.35,229.84,204.0467,499.4028,PV,KET-10-4_PFC_4.1_A_2.tif,KET-10-4,VR5_SAL,KET-10,2.4474926,295.35608,380.11908,quad_PV,1.4123317
430,5691,KET-10-4_PFC_4.1_A_2.tif,KET-10-4_PFC_4.1_A,0-000-00008_PV,"('0-000-00008_PV', '0-005-00001_cFos', '0-200-00013_Npas4', '0-001-00003_WFA')",True,True,True,True,342.99,304.78,204.0467,426.4005,PV,KET-10-4_PFC_4.1_A_2.tif,KET-10-4,VR5_SAL,KET-10,2.0897202,222.3538,307.11682,quad_PV,1.141092
438,5699,KET-10-4_PFC_4.1_A_2.tif,KET-10-4_PFC_4.1_A,0-FFF-00016_PV,"('0-FFF-00016_PV', '0-005-00011_cFos', '0-FFF-00029_Npas4', '0-FFF-00007_WFA')",True,True,True,True,22.73,53.9,204.0467,258.4905,PV,KET-10-4_PFC_4.1_A_2.tif,KET-10-4,VR5_SAL,KET-10,1.2668203,54.4438,139.2068,quad_PV,0.51722264
469,6123,KET-10-5_PFC_3.5_D_2.tif,KET-10-5_PFC_3.5_D,0-000-00014_PV,"('0-000-00014_PV', '0-005-00045_cFos', '0-FFF-00010_Npas4', '0-FFF-00002_WFA')",True,True,True,True,126.84,39.81,256.7989,479.2338,PV,KET-10-5_PFC_3.5_D_2.tif,KET-10-5,FR1_SAL,KET-10,1.8661833,222.4349,307.1979,quad_PV,1.1413933
470,6124,KET-10-5_PFC_3.5_D_2.tif,KET-10-5_PFC_3.5_D,0-000-00015_PV,"('0-000-00015_PV', '0-FFF-00074_cFos', '0-FFF-00121_Npas4', '0-FFF-00005_WFA')",True,True,True,True,312.66,434.57,256.7989,331.2219,PV,KET-10-5_PFC_3.5_D_2.tif,KET-10-5,FR1_SAL,KET-10,1.2898104,74.423004,159.186,quad_PV,0.5914553
481,6351,KET-10-5_PFC_3.5_E_2.tif,KET-10-5_PFC_3.5_E,0-000-00008_PV,"('0-000-00008_PV', '0-005-00038_cFos', '0-FFF-00089_Npas4', '0-FFF-00005_WFA')",True,True,True,True,484.98,354.4,247.6979,529.1697,PV,KET-10-5_PFC_3.5_E_2.tif,KET-10-5,FR1_SAL,KET-10,2.136351,281.47177,366.23477,quad_PV,1.3607446
486,6557,KET-10-5_PFC_3.9_A_2.tif,KET-10-5_PFC_3.9_A,0-000-00002_PV,"('0-000-00002_PV', '0-FFF-00065_cFos', '0-FFF-00047_Npas4', '0-FFF-00002_WFA')",True,True,True,True,105.66,167.62,207.6234,523.585,PV,KET-10-5_PFC_3.9_A_2.tif,KET-10-5,FR1_SAL,KET-10,2.5218017,315.9616,400.7246,quad_PV,1.4888916
487,6558,KET-10-5_PFC_3.9_A_2.tif,KET-10-5_PFC_3.9_A,0-000-00003_PV,"('0-000-00003_PV', '0-005-00045_cFos', '0-200-00000_Npas4', '0-FFF-00004_WFA')",True,True,True,True,263.7,501.88,207.6234,603.9816,PV,KET-10-5_PFC_3.9_A_2.tif,KET-10-5,FR1_SAL,KET-10,2.909025,396.35822,481.12122,quad_PV,1.787605
491,6562,KET-10-5_PFC_3.9_A_2.tif,KET-10-5_PFC_3.9_A,0-000-00011_PV,"('0-000-00011_PV', '0-FFF-00080_cFos', '0-200-00011_Npas4', '0-FFF-00001_WFA')",True,True,True,True,50.55,176.46,207.6234,575.4901,PV,KET-10-5_PFC_3.9_A_2.tif,KET-10-5,FR1_SAL,KET-10,2.771798,367.8667,452.6297,quad_PV,1.6817448
496,6720,KET-10-5_PFC_3.9_B_2.tif,KET-10-5_PFC_3.9_B,0-000-00001_PV,"('0-000-00001_PV', '0-005-00022_cFos', '0-FFF-00019_Npas4', '0-FFF-00005_WFA')",True,True,True,True,466.09,73.7,250.2814,384.5429,PV,KET-10-5_PFC_3.9_B_2.tif,KET-10-5,FR1_SAL,KET-10,1.5364422,134.2615,219.0245,quad_PV,0.81378514
505,6913,KET-8-2_PFC_3.5_E_2.tif,KET-8-2_PFC_3.5_E,0-000-00006_PV,"('0-000-00006_PV', '0-005-00001_cFos', '0-FFF-00026_Npas4', '0-FFF-00006_WFA')",True,True,True,True,457.83,40.16,153.6843,498.2995,PV,KET-8-2_PFC_3.5_E_2.tif,KET-8-2,FR1_SAL,KET-8,3.242358,344.6152,429.3782,quad_PV,1.595354
508,6916,KET-8-2_PFC_3.5_E_2.tif,KET-8-2_PFC_3.5_E,0-000-00009_PV,"('0-000-00009_PV', '0-005-00022_cFos', '0-FFF-00081_Npas4', '0-FFF-00002_WFA')",True,True,True,True,220.44,286.6,153.6843,418.1125,PV,KET-8-2_PFC_3.5_E_2.tif,KET-8-2,FR1_SAL,KET-8,2.7205935,264.4282,349.1912,quad_PV,1.2974192
511,7080,KET-8-2_PFC_3.6_D_2.tif,KET-8-2_PFC_3.6_D,0-000-00001_PV,"('0-000-00001_PV', '0-FFF-00038_cFos', '0-FFF-00027_Npas4', '0-FFF-00001_WFA')",True,True,True,True,309.76,260.43,146.3913,558.8028,PV,KET-8-2_PFC_3.6_D_2.tif,KET-8-2,FR1_SAL,KET-8,3.8171859,412.4115,497.1745,quad_PV,1.8472509
550,7467,KET-8-2_PFC_3.7_C_2.tif,KET-8-2_PFC_3.7_C,0-000-00009_PV,"('0-000-00009_PV', '0-0-00023_cFos', '0-FFF-00048_Npas4', '0-FFF-00001_WFA')",True,True,True,True,172.21,322.65,196.649,431.3332,PV,KET-8-2_PFC_3.7_C_2.tif,KET-8-2,FR1_SAL,KET-8,2.1934166,234.68419,319.4472,quad_PV,1.1869055
554,7471,KET-8-2_PFC_3.7_C_2.tif,KET-8-2_PFC_3.7_C,0-000-00013_PV,"('0-000-00013_PV', '0-0-00037_cFos', '0-FFF-00067_Npas4', '0-FFF-00005_WFA')",True,True,True,True,372.39,38.12,196.649,390.6303,PV,KET-8-2_PFC_3.7_C_2.tif,KET-8-2,FR1_SAL,KET-8,1.9864342,193.98131,278.74432,quad_PV,1.035674
559,7709,KET-8-2_PFC_4.0_A_2.tif,KET-8-2_PFC_4.0_A,0-000-00001_PV,"('0-000-00001_PV', '0-005-00024_cFos', '0-FFF-00052_Npas4', '0-FFF-00004_WFA')",True,True,True,True,263.72,241.54,221.3137,505.5859,PV,KET-8-2_PFC_4.0_A_2.tif,KET-8-2,FR1_SAL,KET-8,2.2844763,284.27222,369.03522,quad_PV,1.3711497
569,7719,KET-8-2_PFC_4.0_A_2.tif,KET-8-2_PFC_4.0_A,0-FFF-00014_PV,"('0-FFF-00014_PV', '0-005-00027_cFos', '0-FFF-00076_Npas4', '0-FFF-00003_WFA')",True,True,True,True,324.54,219.38,221.3137,472.1286,PV,KET-8-2_PFC_4.0_A_2.tif,KET-8-2,FR1_SAL,KET-8,2.1333003,250.8149,335.57788,quad_PV,1.246839
579,7901,KET-8-7_PFC_3.5_D_2.tif,KET-8-7_PFC_3.5_D,0-000-00008_PV,"('0-000-00008_PV', '0-005-00028_cFos', '0-FFF-00071_Npas4', '0-FFF-00005_WFA')",True,True,True,True,355.17,395.77,182.8129,177.9407,PV,KET-8-7_PFC_3.5_D_2.tif,KET-8-7,VR5_KET,KET-8,0.97334874,-4.8721924,79.89081,quad_PV,0.29683414
605,8094,KET-8-7_PFC_3.7_C_2.tif,KET-8-7_PFC_3.7_C,0-000-00003_PV,"('0-000-00003_PV', '0-FFF-00088_cFos', '0-FFF-00028_Npas4', '0-FFF-00004_WFA')",True,True,True,True,372.46,78.71,170.5,201.0585,PV,KET-8-7_PFC_3.7_C_2.tif,KET-8-7,VR5_KET,KET-8,1.1792288,30.558502,115.3215,quad_PV,0.42847684
606,8095,KET-8-7_PFC_3.7_C_2.tif,KET-8-7_PFC_3.7_C,0-000-00004_PV,"('0-000-00004_PV', '0-005-00012_cFos', '0-FFF-00069_Npas4', '0-FFF-00008_WFA')",True,True,True,True,326.11,321.73,170.5,376.7365,PV,KET-8-7_PFC_3.7_C_2.tif,KET-8-7,VR5_KET,KET-8,2.2095983,206.23651,290.9995,quad_PV,1.0812081
610,8099,KET-8-7_PFC_3.7_C_2.tif,KET-8-7_PFC_3.7_C,0-000-00008_PV,"('0-000-00008_PV', '0-005-00024_cFos', '0-FFF-00088_Npas4', '0-FFF-00010_WFA')",True,True,True,True,428.22,444.75,170.5,409.9917,PV,KET-8-7_PFC_3.7_C_2.tif,KET-8-7,VR5_KET,KET-8,2.4046433,239.4917,324.2547,quad_PV,1.2047677
616,8105,KET-8-7_PFC_3.7_C_2.tif,KET-8-7_PFC_3.7_C,0-000-00014_PV,"('0-000-00014_PV', '0-005-00035_cFos', '0-200-00002_Npas4', '0-FFF-00005_WFA')",True,True,True,True,412.11,161.1,170.5,746.6438,PV,KET-8-7_PFC_3.7_C_2.tif,KET-8-7,VR5_KET,KET-8,4.3791423,576.1438,660.9068,quad_PV,2.4555979
622,8298,KET-8-7_PFC_4.0_A_2.tif,KET-8-7_PFC_4.0_A,0-000-00003_PV,"('0-000-00003_PV', '0-FFF-00049_cFos', '0-FFF-00126_Npas4', '0-FFF-00009_WFA')",True,True,True,True,461.01,250.98,221.0161,262.3828,PV,KET-8-7_PFC_4.0_A_2.tif,KET-8-7,VR5_KET,KET-8,1.1871661,41.366714,126.129715,quad_PV,0.46863472
625,8301,KET-8-7_PFC_4.0_A_2.tif,KET-8-7_PFC_4.0_A,0-000-00006_PV,"('0-000-00006_PV', '0-005-00005_cFos', '0-FFF-00120_Npas4', '0-FFF-00006_WFA')",True,True,True,True,252.54,398.48,221.0161,411.9963,PV,KET-8-7_PFC_4.0_A_2.tif,KET-8-7,VR5_KET,KET-8,1.8641009,190.98021,275.74323,quad_PV,1.0245235
632,8308,KET-8-7_PFC_4.0_A_2.tif,KET-8-7_PFC_4.0_A,0-000-00013_PV,"('0-000-00013_PV', '0-FFF-00041_cFos', '0-FFF-00010_Npas4', '0-FFF-00002_WFA')",True,True,True,True,17.45,108.97,221.0161,499.9936,PV,KET-8-7_PFC_4.0_A_2.tif,KET-8-7,VR5_KET,KET-8,2.2622497,278.97748,363.74048,quad_PV,1.351477
640,8506,KET-8-7_PFC_4.0_B_2.tif,KET-8-7_PFC_4.0_B,0-000-00001_PV,"('0-000-00001_PV', '0-FFF-00035_cFos', '0-FFF-00054_Npas4', '0-FFF-00004_WFA')",True,True,True,True,227.1,321.75,143.4169,233.8504,PV,KET-8-7_PFC_4.0_B_2.tif,KET-8-7,VR5_KET,KET-8,1.6305637,90.4335,175.1965,quad_PV,0.65094227
663,8674,KET-9-1_PFC_3.6_A_2.tif,KET-9-1_PFC_3.6_A,0-000-00003_PV,"('0-000-00003_PV', '0-FFF-00037_cFos', '0-FFF-00022_Npas4', '0-FFF-00001_WFA')",True,True,True,True,28.61,157.69,261.9719,463.1984,PV,KET-9-1_PFC_3.6_A_2.tif,KET-9-1,FR1_KET,KET-9,1.7681224,201.2265,285.9895,quad_PV,1.0625935
666,8677,KET-9-1_PFC_3.6_A_2.tif,KET-9-1_PFC_3.6_A,0-000-00006_PV,"('0-000-00006_PV', '0-FFF-00030_cFos', '0-200-00002_Npas4', '0-FFF-00004_WFA')",True,True,True,True,380.28,462.32,261.9719,443.3075,PV,KET-9-1_PFC_3.6_A_2.tif,KET-9-1,FR1_KET,KET-9,1.6921948,181.3356,266.0986,quad_PV,0.9886889
670,8681,KET-9-1_PFC_3.6_A_2.tif,KET-9-1_PFC_3.6_A,0-000-00010_PV,"('0-000-00010_PV', '0-FFF-00015_cFos', '0-FFF-00069_Npas4', '0-FFF-00006_WFA')",True,True,True,True,156.28,4.64,261.9719,758.5188,PV,KET-9-1_PFC_3.6_A_2.tif,KET-9-1,FR1_KET,KET-9,2.8954206,496.5469,581.30994,quad_PV,2.159856
671,8826,KET-9-1_PFC_3.6_D_2.tif,KET-9-1_PFC_3.6_D,0-000-00000_PV,"('0-000-00000_PV', '0-FFF-00038_cFos', '0-FFF-00012_Npas4', '0-FFF-00006_WFA')",True,True,True,True,135.23,31.46,124.0568,314.6428,PV,KET-9-1_PFC_3.6_D_2.tif,KET-9-1,FR1_KET,KET-9,2.5362802,190.586,275.349,quad_PV,1.0230587
674,8829,KET-9-1_PFC_3.6_D_2.tif,KET-9-1_PFC_3.6_D,0-000-00003_PV,"('0-000-00003_PV', '0-FFF-00001_cFos', '0-200-00006_Npas4', '0-FFF-00007_WFA')",True,True,True,True,204.0,101.83,124.0568,244.9675,PV,KET-9-1_PFC_3.6_D_2.tif,KET-9-1,FR1_KET,KET-9,1.9746398,120.9107,205.6737,quad_PV,0.7641803
687,9018,KET-9-1_PFC_3.7_C_2.tif,KET-9-1_PFC_3.7_C,0-000-00001_PV,"('0-000-00001_PV', '0-FFF-00010_cFos', '0-FFF-00020_Npas4', '0-FFF-00002_WFA')",True,True,True,True,205.87,260.82,102.4559,159.4107,PV,KET-9-1_PFC_3.7_C_2.tif,KET-9-1,FR1_KET,KET-9,1.5558958,56.954803,141.7178,quad_PV,0.52655226
689,9020,KET-9-1_PFC_3.7_C_2.tif,KET-9-1_PFC_3.7_C,0-000-00003_PV,"('0-000-00003_PV', '0-FFF-00001_cFos', '0-FFF-00001_Npas4', '0-FFF-00001_WFA')",True,True,True,True,46.53,71.71,102.4559,154.5741,PV,KET-9-1_PFC_3.7_C_2.tif,KET-9-1,FR1_KET,KET-9,1.508689,52.118195,136.8812,quad_PV,0.5085818
702,9078,KET-9-2_PFC_3.5_E_2.tif,KET-9-2_PFC_3.5_E,0-000-00000_PV,"('0-000-00000_PV', '0-005-00008_cFos', '0-FFF-00040_Npas4', '0-FFF-00012_WFA')",True,True,True,True,72.36,308.8,216.162,241.6576,PV,KET-9-2_PFC_3.5_E_2.tif,KET-9-2,FR1_SAL,KET-9,1.1179466,25.49559,110.25859,quad_PV,0.40966558
703,9079,KET-9-2_PFC_3.5_E_2.tif,KET-9-2_PFC_3.5_E,0-000-00001_PV,"('0-000-00001_PV', '0-005-00012_cFos', '0-FFF-00047_Npas4', '0-FFF-00014_WFA')",True,True,True,True,432.14,384.17,216.162,478.2923,PV,KET-9-2_PFC_3.5_E_2.tif,KET-9-2,FR1_SAL,KET-9,2.2126567,262.1303,346.8933,quad_PV,1.2888814
706,9082,KET-9-2_PFC_3.5_E_2.tif,KET-9-2_PFC_3.5_E,0-000-00004_PV,"('0-000-00004_PV', '0-FFF-00035_cFos', '0-FFF-00014_Npas4', '0-FFF-00009_WFA')",True,True,True,True,477.56,151.61,216.162,406.9957,PV,KET-9-2_PFC_3.5_E_2.tif,KET-9-2,FR1_SAL,KET-9,1.8828272,190.8337,275.59668,quad_PV,1.023979
712,9088,KET-9-2_PFC_3.5_E_2.tif,KET-9-2_PFC_3.5_E,0-FFF-00011_PV,"('0-FFF-00011_PV', '0-005-00006_cFos', '0-FFF-00005_Npas4', '0-FFF-00002_WFA')",True,True,True,True,47.53,9.74,216.162,309.9589,PV,KET-9-2_PFC_3.5_E_2.tif,KET-9-2,FR1_SAL,KET-9,1.4339194,93.79689,178.55989,quad_PV,0.6634389
716,9247,KET-9-2_PFC_3.7_A_2.tif,KET-9-2_PFC_3.7_A,0-000-00003_PV,"('0-000-00003_PV', '0-FFF-00006_cFos', '0-FFF-00051_Npas4', '0-FFF-00004_WFA')",True,True,True,True,278.11,396.71,202.4613,285.6001,PV,KET-9-2_PFC_3.7_A_2.tif,KET-9-2,FR1_SAL,KET-9,1.4106404,83.138794,167.9018,quad_PV,0.6238388
719,9250,KET-9-2_PFC_3.7_A_2.tif,KET-9-2_PFC_3.7_A,0-000-00007_PV,"('0-000-00007_PV', '0-FFF-00001_cFos', '0-FFF-00035_Npas4', '0-FFF-00002_WFA')",True,True,True,True,340.02,229.81,202.4613,346.0341,PV,KET-9-2_PFC_3.7_A_2.tif,KET-9-2,FR1_SAL,KET-9,1.709137,143.57278,228.33578,quad_PV,0.84838116
722,9253,KET-9-2_PFC_3.7_A_2.tif,KET-9-2_PFC_3.7_A,0-000-00010_PV,"('0-000-00010_PV', '0-FFF-00005_cFos', '0-200-00014_Npas4', '0-FFF-00008_WFA')",True,True,True,True,498.13,156.13,202.4613,274.1047,PV,KET-9-2_PFC_3.7_A_2.tif,KET-9-2,FR1_SAL,KET-9,1.3538622,71.6434,156.4064,quad_PV,0.5811277
728,9339,KET-9-2_PFC_3.7_C_2.tif,KET-9-2_PFC_3.7_C,0-000-00001_PV,"('0-000-00001_PV', '0-005-00003_cFos', '0-FFF-00054_Npas4', '0-FFF-00004_WFA')",True,True,True,True,365.98,501.98,104.1046,248.0019,PV,KET-9-2_PFC_3.7_C_2.tif,KET-9-2,FR1_SAL,KET-9,2.3822377,143.89731,228.66031,quad_PV,0.84958696
733,9344,KET-9-2_PFC_3.7_C_2.tif,KET-9-2_PFC_3.7_C,0-000-00006_PV,"('0-000-00006_PV', '0-005-00001_cFos', '0-FFF-00040_Npas4', '0-FFF-00002_WFA')",True,True,True,True,161.46,344.56,104.1046,217.6462,PV,KET-9-2_PFC_3.7_C_2.tif,KET-9-2,FR1_SAL,KET-9,2.0906491,113.541595,198.3046,quad_PV,0.7368004
737,9421,KET-9-2_PFC_3.7_D_2.tif,KET-9-2_PFC_3.7_D,0-000-00000_PV,"('0-000-00000_PV', '0-005-00004_cFos', '0-200-00003_Npas4', '0-FFF-00006_WFA')",True,True,True,True,332.99,167.74,192.1722,420.4754,PV,KET-9-2_PFC_3.7_D_2.tif,KET-9-2,FR1_SAL,KET-9,2.1880138,228.3032,313.06622,quad_PV,1.1631969
745,9429,KET-9-2_PFC_3.7_D_2.tif,KET-9-2_PFC_3.7_D,0-000-00009_PV,"('0-000-00009_PV', '0-005-00010_cFos', '0-FFF-00006_Npas4', '0-FFF-00005_WFA')",True,True,True,True,259.7,32.53,192.1722,309.3504,PV,KET-9-2_PFC_3.7_D_2.tif,KET-9-2,FR1_SAL,KET-9,1.6097564,117.17821,201.94121,quad_PV,0.7503122
753,9510,KET-9-2_PFC_3.9_B_2.tif,KET-9-2_PFC_3.9_B,0-000-00000_PV,"('0-000-00000_PV', '0-005-00007_cFos', '0-FFF-00042_Npas4', '0-FFF-00007_WFA')",True,True,True,True,177.11,366.65,135.4751,299.6418,PV,KET-9-2_PFC_3.9_B_2.tif,KET-9-2,FR1_SAL,KET-9,2.211785,164.16672,248.92972,quad_PV,0.9248979
754,9511,KET-9-2_PFC_3.9_B_2.tif,KET-9-2_PFC_3.9_B,0-000-00001_PV,"('0-000-00001_PV', '0-005-00010_cFos', '0-FFF-00021_Npas4', '0-FFF-00001_WFA')",True,True,True,True,166.15,165.61,135.4751,187.47,PV,KET-9-2_PFC_3.9_B_2.tif,KET-9-2,FR1_SAL,KET-9,1.3837968,51.994904,136.7579,quad_PV,0.50812376
756,9513,KET-9-2_PFC_3.9_B_2.tif,KET-9-2_PFC_3.9_B,0-000-00003_PV,"('0-000-00003_PV', '0-005-00008_cFos', '0-FFF-00050_Npas4', '0-FFF-00002_WFA')",True,True,True,True,332.5,351.59,135.4751,215.8194,PV,KET-9-2_PFC_3.9_B_2.tif,KET-9-2,FR1_SAL,KET-9,1.5930558,80.3443,165.1073,quad_PV,0.6134559
767,9585,KET-9-4_PFC_3.5_E_2.tif,KET-9-4_PFC_3.5_E,0-000-00001_PV,"('0-000-00001_PV', '0-005-00024_cFos', '0-200-00002_Npas4', '0-FFF-00001_WFA')",True,True,True,True,32.56,100.28,156.2425,604.223,PV,KET-9-4_PFC_3.5_E_2.tif,KET-9-4,FR1_SAL,KET-9,3.8672132,447.98053,532.7435,quad_PV,1.9794075
773,9739,KET-9-4_PFC_3.7_C_2.tif,KET-9-4_PFC_3.7_C,0-000-00001_PV,"('0-000-00001_PV', '0-FFF-00036_cFos', '0-FFF-00025_Npas4', '0-FFF-00003_WFA')",True,True,True,True,377.24,130.8,103.6817,232.7804,PV,KET-9-4_PFC_3.7_C_2.tif,KET-9-4,FR1_SAL,KET-9,2.2451444,129.0987,213.8617,quad_PV,0.79460275
774,9740,KET-9-4_PFC_3.7_C_2.tif,KET-9-4_PFC_3.7_C,0-000-00002_PV,"('0-000-00002_PV', '0-FFF-00050_cFos', '0-FFF-00010_Npas4', '0-FFF-00001_WFA')",True,True,True,True,202.22,120.35,103.6817,176.7625,PV,KET-9-4_PFC_3.7_C_2.tif,KET-9-4,FR1_SAL,KET-9,1.7048572,73.080795,157.8438,quad_PV,0.58646834
781,9890,KET-9-4_PFC_3.7_D_2.tif,KET-9-4_PFC_3.7_D,0-000-00004_PV,"('0-000-00004_PV', '0-005-00002_cFos', '0-200-00000_Npas4', '0-FFF-00005_WFA')",True,True,True,True,387.93,343.49,94.7429,327.522,PV,KET-9-4_PFC_3.7_D_2.tif,KET-9-4,FR1_SAL,KET-9,3.4569557,232.77911,317.5421,quad_PV,1.1798271
788,10013,KET-9-4_PFC_4.0_A_2.tif,KET-9-4_PFC_4.0_A,0-000-00005_PV,"('0-000-00005_PV', '0-005-00004_cFos', '0-FFF-00016_Npas4', '0-FFF-00001_WFA')",True,True,True,True,242.77,159.23,96.4527,148.3185,PV,KET-9-4_PFC_4.0_A_2.tif,KET-9-4,FR1_SAL,KET-9,1.537733,51.8658,136.6288,quad_PV,0.50764406
793,10157,KET-9-4_PFC_4.0_B_2.tif,KET-9-4_PFC_4.0_B,0-000-00000_PV,"('0-000-00000_PV', '0-005-00010_cFos', '0-FFF-00008_Npas4', '0-FFF-00002_WFA')",True,True,True,True,139.83,45.83,100.7306,166.5965,PV,KET-9-4_PFC_4.0_B_2.tif,KET-9-4,FR1_SAL,KET-9,1.6538818,65.8659,150.6289,quad_PV,0.55966145
797,10161,KET-9-4_PFC_4.0_B_2.tif,KET-9-4_PFC_4.0_B,0-000-00004_PV,"('0-000-00004_PV', '0-FFF-00043_cFos', '0-FFF-00017_Npas4', '0-FFF-00004_WFA')",True,True,True,True,477.13,54.11,100.7306,296.5438,PV,KET-9-4_PFC_4.0_B_2.tif,KET-9-4,FR1_SAL,KET-9,2.9439297,195.8132,280.5762,quad_PV,1.0424803
804,10295,KET-9-5_PFC_3.5_B_2.tif,KET-9-5_PFC_3.5_B,0-000-00002_PV,"('0-000-00002_PV', '0-FFF-00038_cFos', '0-FFF-00018_Npas4', '0-FFF-00002_WFA')",True,True,True,True,259.39,502.61,64.0044,190.4215,PV,KET-9-5_PFC_3.5_B_2.tif,KET-9-5,FR1_SAL,KET-9,2.9751313,126.41709,211.18008,quad_PV,0.78463924
810,10387,KET-9-5_PFC_3.5_C_2.tif,KET-9-5_PFC_3.5_C,0-000-00006_PV,"('0-000-00006_PV', '0-FFF-00043_cFos', '0-FFF-00047_Npas4', '0-FFF-00005_WFA')",True,True,True,True,200.78,362.09,95.1013,142.5381,PV,KET-9-5_PFC_3.5_C_2.tif,KET-9-5,FR1_SAL,KET-9,1.4988028,47.4368,132.1998,quad_PV,0.4911881
819,10489,KET-9-5_PFC_3.5_D_2.tif,KET-9-5_PFC_3.5_D,0-000-00000_PV,"('0-000-00000_PV', '0-FFF-00071_cFos', '0-FFF-00017_Npas4', '0-FFF-00007_WFA')",True,True,True,True,498.37,111.01,188.5259,303.6773,PV,KET-9-5_PFC_3.5_D_2.tif,KET-9-5,FR1_SAL,KET-9,1.610799,115.15141,199.91441,quad_PV,0.74278164
822,10492,KET-9-5_PFC_3.5_D_2.tif,KET-9-5_PFC_3.5_D,0-000-00003_PV,"('0-000-00003_PV', '0-005-00000_cFos', '0-FFF-00042_Npas4', '0-FFF-00001_WFA')",True,True,True,True,435.55,388.51,188.5259,484.3424,PV,KET-9-5_PFC_3.5_D_2.tif,KET-9-5,FR1_SAL,KET-9,2.5691028,295.81653,380.57953,quad_PV,1.4140426
823,10493,KET-9-5_PFC_3.5_D_2.tif,KET-9-5_PFC_3.5_D,0-000-00004_PV,"('0-000-00004_PV', '0-005-00016_cFos', '0-200-00006_Npas4', '0-FFF-00008_WFA')",True,True,True,True,24.37,120.09,188.5259,785.0215,PV,KET-9-5_PFC_3.5_D_2.tif,KET-9-5,FR1_SAL,KET-9,4.163998,596.4956,681.2586,quad_PV,2.5312152
825,10669,KET-9-5_PFC_3.5_E_2.tif,KET-9-5_PFC_3.5_E,0-000-00001_PV,"('0-000-00001_PV', '0-005-00014_cFos', '0-200-00011_Npas4', '0-FFF-00002_WFA')",True,True,True,True,422.35,9.25,121.4777,426.8021,PV,KET-9-5_PFC_3.5_E_2.tif,KET-9-5,FR1_SAL,KET-9,3.5134194,305.3244,390.0874,quad_PV,1.4493691
826,10670,KET-9-5_PFC_3.5_E_2.tif,KET-9-5_PFC_3.5_E,0-FFF-00002_PV,"('0-FFF-00002_PV', '0-005-00030_cFos', '0-FFF-00018_Npas4', '0-FFF-00001_WFA')",True,True,True,True,365.26,8.73,121.4777,121.4484,PV,KET-9-5_PFC_3.5_E_2.tif,KET-9-5,FR1_SAL,KET-9,0.99975884,-0.029296875,84.7337,quad_PV,0.31482792
841,11023,KET-9-6_PFC_3.6_E_2.tif,KET-9-6_PFC_3.6_E,0-000-00004_PV,"('0-000-00004_PV', '0-005-00017_cFos', '0-FFF-00063_Npas4', '0-FFF-00003_WFA')",True,True,True,True,213.58,223.28,98.1571,410.6263,PV,KET-9-6_PFC_3.6_E_2.tif,KET-9-6,FR1_SAL,KET-9,4.183358,312.4692,397.2322,quad_PV,1.4759156
845,11224,KET-9-6_PFC_3.8_B_2.tif,KET-9-6_PFC_3.8_B,0-000-00001_PV,"('0-000-00001_PV', '0-005-00017_cFos', '0-FFF-00102_Npas4', '0-FFF-00002_WFA')",True,True,True,True,347.48,448.69,141.0914,280.7021,PV,KET-9-6_PFC_3.8_B_2.tif,KET-9-6,FR1_SAL,KET-9,1.9895053,139.61069,224.37369,quad_PV,0.83366
846,11225,KET-9-6_PFC_3.8_B_2.tif,KET-9-6_PFC_3.8_B,0-000-00002_PV,"('0-000-00002_PV', '0-005-00007_cFos', '0-200-00008_Npas4', '0-FFF-00003_WFA')",True,True,True,True,118.05,148.3,141.0914,334.6114,PV,KET-9-6_PFC_3.8_B_2.tif,KET-9-6,FR1_SAL,KET-9,2.371593,193.51999,278.283,quad_PV,1.03396
847,11226,KET-9-6_PFC_3.8_B_2.tif,KET-9-6_PFC_3.8_B,0-FFF-00003_PV,"('0-FFF-00003_PV', '0-FFF-00090_cFos', '0-FFF-00052_Npas4', '0-FFF-00004_WFA')",True,True,True,True,207.23,205.13,141.0914,122.9573,PV,KET-9-6_PFC_3.8_B_2.tif,KET-9-6,FR1_SAL,KET-9,0.87147266,-18.134102,66.6289,quad_PV,0.24755955
854,11233,KET-9-6_PFC_3.8_B_2.tif,KET-9-6_PFC_3.8_B,0-FFF-00011_PV,"('0-FFF-00011_PV', '0-005-00031_cFos', '0-FFF-00025_Npas4', '0-FFF-00006_WFA')",True,True,True,True,351.7,8.11,141.0914,116.7034,PV,KET-9-6_PFC_3.8_B_2.tif,KET-9-6,FR1_SAL,KET-9,0.8271475,-24.388,60.375,quad_PV,0.2243232
855,11445,KET-9-6_PFC_3.8_C_2.tif,KET-9-6_PFC_3.8_C,0-000-00000_PV,"('0-000-00000_PV', '0-FFF-00075_cFos', '0-FFF-00053_Npas4', '0-FFF-00003_WFA')",True,True,True,True,83.86,178.75,116.127,208.2772,PV,KET-9-6_PFC_3.8_C_2.tif,KET-9-6,FR1_SAL,KET-9,1.7935296,92.15021,176.91321,quad_PV,0.6573207
856,11446,KET-9-6_PFC_3.8_C_2.tif,KET-9-6_PFC_3.8_C,0-000-00001_PV,"('0-000-00001_PV', '0-005-00011_cFos', '0-FFF-00081_Npas4', '0-FFF-00005_WFA')",True,True,True,True,278.78,502.2,116.127,194.0487,PV,KET-9-6_PFC_3.8_C_2.tif,KET-9-6,FR1_SAL,KET-9,1.6710042,77.92171,162.68471,quad_PV,0.60445476
865,11642,KET-9-6_PFC_3.8_D_2.tif,KET-9-6_PFC_3.8_D,0-FFF-00003_PV,"('0-FFF-00003_PV', '0-FFF-00069_cFos', '0-200-00011_Npas4', '0-FFF-00003_WFA')",True,True,True,True,392.74,8.09,126.8189,105.8764,PV,KET-9-6_PFC_3.8_D_2.tif,KET-9-6,FR1_SAL,KET-9,0.83486295,-20.942497,63.820503,quad_PV,0.23712496
867,11808,KET-9-6_PFC_4.0_A_2.tif,KET-9-6_PFC_4.0_A,0-000-00001_PV,"('0-000-00001_PV', '0-005-00044_cFos', '0-FFF-00093_Npas4', '0-FFF-00004_WFA')",True,True,True,True,280.09,363.97,183.1683,582.0012,PV,KET-9-6_PFC_4.0_A_2.tif,KET-9-6,FR1_SAL,KET-9,3.1774123,398.83292,483.59592,quad_PV,1.7967998
868,11809,KET-9-6_PFC_4.0_A_2.tif,KET-9-6_PFC_4.0_A,0-000-00002_PV,"('0-000-00002_PV', '0-005-00058_cFos', '0-FFF-00034_Npas4', '0-FFF-00007_WFA')",True,True,True,True,46.59,215.47,183.1683,299.9381,PV,KET-9-6_PFC_4.0_A_2.tif,KET-9-6,FR1_SAL,KET-9,1.6375,116.769806,201.5328,quad_PV,0.7487948
872,16168,PE-12-1_PFC_3.3_D_2.tif,PE-12-1_PFC_3.3_D,0-000-00001_PV,"('0-000-00001_PV', '0-FFF-00052_cFos', '0-FFF-00021_Npas4', '0-FFF-00007_WFA')",True,True,True,True,422.16,79.92,179.7343,394.5472,PV,PE-12-1_PFC_3.3_D_2.tif,PE-12-1,FR1_KET,PE-12,2.1951692,214.81291,299.57593,quad_PV,1.1130738
887,16537,PE-12-1_PFC_3.5_C_2.tif,PE-12-1_PFC_3.5_C,0-000-00002_PV,"('0-000-00002_PV', '0-FFF-00075_cFos', '0-FFF-00062_Npas4', '0-FFF-00006_WFA')",True,True,True,True,121.03,209.2,244.0528,558.7055,PV,PE-12-1_PFC_3.5_C_2.tif,PE-12-1,FR1_KET,PE-12,2.2892814,314.6527,399.4157,quad_PV,1.4840283
888,16538,PE-12-1_PFC_3.5_C_2.tif,PE-12-1_PFC_3.5_C,0-000-00003_PV,"('0-000-00003_PV', '0-FFF-00102_cFos', '0-FFF-00037_Npas4', '0-FFF-00001_WFA')",True,True,True,True,498.04,124.12,244.0528,632.5554,PV,PE-12-1_PFC_3.5_C_2.tif,PE-12-1,FR1_KET,PE-12,2.5918794,388.50262,473.26562,quad_PV,1.7584176
891,16541,PE-12-1_PFC_3.5_C_2.tif,PE-12-1_PFC_3.5_C,0-000-00009_PV,"('0-000-00009_PV', '0-005-00010_cFos', '0-FFF-00054_Npas4', '0-FFF-00002_WFA')",True,True,True,True,396.14,438.32,244.0528,572.3687,PV,PE-12-1_PFC_3.5_C_2.tif,PE-12-1,FR1_KET,PE-12,2.3452659,328.31592,413.07892,quad_PV,1.534794
892,16542,PE-12-1_PFC_3.5_C_2.tif,PE-12-1_PFC_3.5_C,0-000-00010_PV,"('0-000-00010_PV', '0-FFF-00104_cFos', '0-FFF-00051_Npas4', '0-FFF-00003_WFA')",True,True,True,True,415.2,460.7,244.0528,499.1371,PV,PE-12-1_PFC_3.5_C_2.tif,PE-12-1,FR1_KET,PE-12,2.0452013,255.08429,339.8473,quad_PV,1.262702
893,16543,PE-12-1_PFC_3.5_C_2.tif,PE-12-1_PFC_3.5_C,0-000-00011_PV,"('0-000-00011_PV', '0-FFF-00093_cFos', '0-FFF-00047_Npas4', '0-FFF-00009_WFA')",True,True,True,True,380.76,349.28,244.0528,531.2228,PV,PE-12-1_PFC_3.5_C_2.tif,PE-12-1,FR1_KET,PE-12,2.1766715,287.16998,371.93298,quad_PV,1.3819163
908,17212,PE-12-2_PFC_3.5_E_2.tif,PE-12-2_PFC_3.5_E,0-000-00002_PV,"('0-000-00002_PV', '0-FFF-00050_cFos', '0-FFF-00015_Npas4', '0-FFF-00006_WFA')",True,True,True,True,464.76,43.48,178.8555,382.5669,PV,PE-12-2_PFC_3.5_E_2.tif,PE-12-2,FR1_KET,PE-12,2.138972,203.7114,288.4744,quad_PV,1.0718261
910,17214,PE-12-2_PFC_3.5_E_2.tif,PE-12-2_PFC_3.5_E,0-000-00004_PV,"('0-000-00004_PV', '0-005-00029_cFos', '0-FFF-00062_Npas4', '0-FFF-00003_WFA')",True,True,True,True,229.8,472.88,178.8555,466.0869,PV,PE-12-2_PFC_3.5_E_2.tif,PE-12-2,FR1_KET,PE-12,2.6059413,287.2314,371.99442,quad_PV,1.3821446
912,17216,PE-12-2_PFC_3.5_E_2.tif,PE-12-2_PFC_3.5_E,0-000-00006_PV,"('0-000-00006_PV', '0-005-00001_cFos', '0-200-00001_Npas4', '0-FFF-00004_WFA')",True,True,True,True,439.43,445.98,178.8555,251.2088,PV,PE-12-2_PFC_3.5_E_2.tif,PE-12-2,FR1_KET,PE-12,1.4045349,72.3533,157.1163,quad_PV,0.5837653
916,17361,PE-12-2_PFC_3.6_C_2.tif,PE-12-2_PFC_3.6_C,0-000-00000_PV,"('0-000-00000_PV', '0-005-00022_cFos', '0-FFF-00015_Npas4', '0-FFF-00003_WFA')",True,True,True,True,287.85,313.83,155.8976,306.8765,PV,PE-12-2_PFC_3.6_C_2.tif,PE-12-2,FR1_KET,PE-12,1.9684491,150.9789,235.7419,quad_PV,0.8758986
923,17525,PE-12-2_PFC_3.6_D_2.tif,PE-12-2_PFC_3.6_D,0-000-00000_PV,"('0-000-00000_PV', '0-005-00026_cFos', '0-FFF-00019_Npas4', '0-FFF-00001_WFA')",True,True,True,True,154.11,114.83,157.6394,296.5049,PV,PE-12-2_PFC_3.6_D_2.tif,PE-12-2,FR1_KET,PE-12,1.8809061,138.86551,223.62851,quad_PV,0.8308913
933,17684,PE-12-2_PFC_3.7_A_2.tif,PE-12-2_PFC_3.7_A,0-000-00002_PV,"('0-000-00002_PV', '0-FFF-00050_cFos', '0-FFF-00067_Npas4', '0-FFF-00001_WFA')",True,True,True,True,11.88,429.75,203.6307,299.7729,PV,PE-12-2_PFC_3.7_A_2.tif,PE-12-2,FR1_KET,PE-12,1.47214,96.14218,180.90518,quad_PV,0.6721529
935,17686,PE-12-2_PFC_3.7_A_2.tif,PE-12-2_PFC_3.7_A,0-000-00005_PV,"('0-000-00005_PV', '0-FFF-00044_cFos', '0-FFF-00045_Npas4', '0-FFF-00005_WFA')",True,True,True,True,197.22,329.97,203.6307,476.0818,PV,PE-12-2_PFC_3.7_A_2.tif,PE-12-2,FR1_KET,PE-12,2.3379667,272.45108,357.21408,quad_PV,1.3272283
943,17839,PE-12-7_PFC_3.5_E_2.tif,PE-12-7_PFC_3.5_E,0-000-00001_PV,"('0-000-00001_PV', '0-005-00015_cFos', '0-FFF-00056_Npas4', '0-FFF-00006_WFA')",True,True,True,True,141.8,463.51,216.9688,320.4151,PV,PE-12-7_PFC_3.5_E_2.tif,PE-12-7,FR1_KET,PE-12,1.4767797,103.446304,188.2093,quad_PV,0.69929135
945,17841,PE-12-7_PFC_3.5_E_2.tif,PE-12-7_PFC_3.5_E,0-000-00004_PV,"('0-000-00004_PV', '0-FFF-00075_cFos', '0-FFF-00053_Npas4', '0-FFF-00005_WFA')",True,True,True,True,134.31,424.8,216.9688,337.616,PV,PE-12-7_PFC_3.5_E_2.tif,PE-12-7,FR1_KET,PE-12,1.5560578,120.6472,205.4102,quad_PV,0.76320124
947,17843,PE-12-7_PFC_3.5_E_2.tif,PE-12-7_PFC_3.5_E,0-000-00006_PV,"('0-000-00006_PV', '0-005-00051_cFos', '0-200-00000_Npas4', '0-FFF-00003_WFA')",True,True,True,True,315.58,226.69,216.9688,350.2287,PV,PE-12-7_PFC_3.5_E_2.tif,PE-12-7,FR1_KET,PE-12,1.6141893,133.2599,218.0229,quad_PV,0.8100637
955,18031,PE-12-7_PFC_3.6_B_2.tif,PE-12-7_PFC_3.6_B,0-000-00003_PV,"('0-000-00003_PV', '0-005-00044_cFos', '0-200-00000_Npas4', '0-001-00002_WFA')",True,True,True,True,326.6,502.4,200.0782,364.2137,PV,PE-12-7_PFC_3.6_B_2.tif,PE-12-7,FR1_KET,PE-12,1.8203568,164.13551,248.89851,quad_PV,0.924782
962,18038,PE-12-7_PFC_3.6_B_2.tif,PE-12-7_PFC_3.6_B,0-000-00011_PV,"('0-000-00011_PV', '0-005-00027_cFos', '0-FFF-00093_Npas4', '0-FFF-00015_WFA')",True,True,True,True,154.01,447.16,200.0782,315.9485,PV,PE-12-7_PFC_3.6_B_2.tif,PE-12-7,FR1_KET,PE-12,1.5791249,115.870285,200.63329,quad_PV,0.7454526
965,18211,PE-12-7_PFC_3.6_D_2.tif,PE-12-7_PFC_3.6_D,0-000-00000_PV,"('0-000-00000_PV', '0-005-00028_cFos', '0-FFF-00059_Npas4', '0-FFF-00007_WFA')",True,True,True,True,349.21,329.03,137.3821,239.8329,PV,PE-12-7_PFC_3.6_D_2.tif,PE-12-7,FR1_KET,PE-12,1.7457362,102.450806,187.2138,quad_PV,0.6955925
966,18212,PE-12-7_PFC_3.6_D_2.tif,PE-12-7_PFC_3.6_D,0-000-00001_PV,"('0-000-00001_PV', '0-005-00039_cFos', '0-FFF-00054_Npas4', '0-FFF-00001_WFA')",True,True,True,True,420.19,281.01,137.3821,156.3541,PV,PE-12-7_PFC_3.6_D_2.tif,PE-12-7,FR1_KET,PE-12,1.1380966,18.972,103.735,quad_PV,0.3854272
969,18215,PE-12-7_PFC_3.6_D_2.tif,PE-12-7_PFC_3.6_D,0-000-00004_PV,"('0-000-00004_PV', '0-005-00010_cFos', '0-FFF-00060_Npas4', '0-FFF-00006_WFA')",True,True,True,True,323.29,271.91,137.3821,238.0686,PV,PE-12-7_PFC_3.6_D_2.tif,PE-12-7,FR1_KET,PE-12,1.732894,100.68651,185.44951,quad_PV,0.6890373
977,18413,PE-12-7_PFC_3.7_A_2.tif,PE-12-7_PFC_3.7_A,0-000-00001_PV,"('0-000-00001_PV', '0-FFF-00065_cFos', '0-FFF-00075_Npas4', '0-FFF-00008_WFA')",True,True,True,True,81.12,492.16,187.2918,239.1842,PV,PE-12-7_PFC_3.7_A_2.tif,PE-12-7,FR1_KET,PE-12,1.2770672,51.89241,136.65541,quad_PV,0.50774294
982,18418,PE-12-7_PFC_3.7_A_2.tif,PE-12-7_PFC_3.7_A,0-000-00006_PV,"('0-000-00006_PV', '0-005-00024_cFos', '0-FFF-00039_Npas4', '0-FFF-00002_WFA')",True,True,True,True,123.62,196.69,187.2918,394.4849,PV,PE-12-7_PFC_3.7_A_2.tif,PE-12-7,FR1_KET,PE-12,2.1062584,207.1931,291.95612,quad_PV,1.0847625
983,18419,PE-12-7_PFC_3.7_A_2.tif,PE-12-7_PFC_3.7_A,0-000-00007_PV,"('0-000-00007_PV', '0-FFF-00059_cFos', '0-FFF-00007_Npas4', '0-FFF-00006_WFA')",True,True,True,True,143.58,56.88,187.2918,475.7738,PV,PE-12-7_PFC_3.7_A_2.tif,PE-12-7,FR1_KET,PE-12,2.540281,288.482,373.245,quad_PV,1.3867911
988,18563,PE-12-7_PFC_3.7_C_2.tif,PE-12-7_PFC_3.7_C,0-000-00003_PV,"('0-000-00003_PV', '0-FFF-00067_cFos', '0-FFF-00037_Npas4', '0-FFF-00007_WFA')",True,True,True,True,486.72,238.59,162.3288,173.3871,PV,PE-12-7_PFC_3.7_C_2.tif,PE-12-7,FR1_KET,PE-12,1.0681229,11.058304,95.821304,quad_PV,0.35602388
995,18714,PE-13-11_PFC_3.3_C_2.tif,PE-13-11_PFC_3.3_C,0-000-00003_PV,"('0-000-00003_PV', '0-FFF-00015_cFos', '0-FFF-00031_Npas4', '0-FFF-00008_WFA')",True,True,True,True,112.05,91.2,160.9161,409.5096,PV,PE-13-11_PFC_3.3_C_2.tif,PE-13-11,VR5_SAL,PE-13,2.544864,248.5935,333.3565,quad_PV,1.2385855
1006,18898,PE-13-11_PFC_3.5_E_2.tif,PE-13-11_PFC_3.5_E,0-000-00002_PV,"('0-000-00002_PV', '0-FFF-00005_cFos', '0-FFF-00029_Npas4', '0-FFF-00003_WFA')",True,True,True,True,297.0,256.49,138.1146,426.346,PV,PE-13-11_PFC_3.5_E_2.tif,PE-13-11,VR5_SAL,PE-13,3.0869005,288.2314,372.99442,quad_PV,1.3858601
1024,19180,PE-13-1_PFC_3.5_C_2.tif,PE-13-1_PFC_3.5_C,0-000-00001_PV,"('0-000-00001_PV', '0-FFF-00071_cFos', '0-FFF-00019_Npas4', '0-FFF-00007_WFA')",True,True,True,True,89.84,172.94,243.5388,485.2349,PV,PE-13-1_PFC_3.5_C_2.tif,PE-13-1,VR5_SAL,PE-13,1.9924335,241.69609,326.4591,quad_PV,1.2129582
1030,19186,PE-13-1_PFC_3.5_C_2.tif,PE-13-1_PFC_3.5_C,0-000-00007_PV,"('0-000-00007_PV', '0-FFF-00062_cFos', '0-FFF-00028_Npas4', '0-FFF-00001_WFA')",True,True,True,True,265.67,288.71,243.5388,738.6216,PV,PE-13-1_PFC_3.5_C_2.tif,PE-13-1,VR5_SAL,PE-13,3.0328703,495.08276,579.84576,quad_PV,2.1544158
1052,19537,PE-13-1_PFC_3.7_B_2.tif,PE-13-1_PFC_3.7_B,0-000-00000_PV,"('0-000-00000_PV', '0-FFF-00010_cFos', '0-FFF-00045_Npas4', '0-FFF-00014_WFA')",True,True,True,True,349.3,370.49,255.8228,334.8121,PV,PE-13-1_PFC_3.7_B_2.tif,PE-13-1,VR5_SAL,PE-13,1.3087656,78.9893,163.7523,quad_PV,0.6084214
1062,19547,PE-13-1_PFC_3.7_B_2.tif,PE-13-1_PFC_3.7_B,0-000-00010_PV,"('0-000-00010_PV', '0-FFF-00011_cFos', '0-FFF-00067_Npas4', '0-FFF-00013_WFA')",True,True,True,True,242.86,464.21,255.8228,298.9478,PV,PE-13-1_PFC_3.7_B_2.tif,PE-13-1,VR5_SAL,PE-13,1.1685737,43.125015,127.888016,quad_PV,0.4751677
1065,19550,PE-13-1_PFC_3.7_B_2.tif,PE-13-1_PFC_3.7_B,0-000-00013_PV,"('0-000-00013_PV', '0-FFF-00017_cFos', '0-200-00010_Npas4', '0-FFF-00010_WFA')",True,True,True,True,412.12,160.24,255.8228,422.9257,PV,PE-13-1_PFC_3.7_B_2.tif,PE-13-1,VR5_SAL,PE-13,1.6531978,167.10289,251.86589,quad_PV,0.9358072
1069,19690,PE-13-1_PFC_3.7_D_2.tif,PE-13-1_PFC_3.7_D,0-000-00001_PV,"('0-000-00001_PV', '0-FFF-00048_cFos', '0-FFF-00061_Npas4', '0-FFF-00008_WFA')",True,True,True,True,367.61,361.41,250.4376,465.3591,PV,PE-13-1_PFC_3.7_D_2.tif,PE-13-1,VR5_SAL,PE-13,1.8581837,214.9215,299.6845,quad_PV,1.1134772
1070,19691,PE-13-1_PFC_3.7_D_2.tif,PE-13-1_PFC_3.7_D,0-000-00003_PV,"('0-000-00003_PV', '0-005-00014_cFos', '0-FFF-00030_Npas4', '0-001-00004_WFA')",True,True,True,True,502.53,22.11,250.4376,426.529,PV,PE-13-1_PFC_3.7_D_2.tif,PE-13-1,VR5_SAL,PE-13,1.7031348,176.09138,260.85437,quad_PV,0.96920395
1084,19851,PE-13-1_PFC_3.9_A_2.tif,PE-13-1_PFC_3.9_A,0-000-00002_PV,"('0-000-00002_PV', '0-FFF-00008_cFos', '0-FFF-00044_Npas4', '0-FFF-00006_WFA')",True,True,True,True,204.64,301.02,264.3458,427.0311,PV,PE-13-1_PFC_3.9_A_2.tif,PE-13-1,VR5_SAL,PE-13,1.6154261,162.6853,247.4483,quad_PV,0.9193937
1104,20401,PE-13-2_PFC_3.5_E_2.tif,PE-13-2_PFC_3.5_E,0-000-00000_PV,"('0-000-00000_PV', '0-FFF-00055_cFos', '0-FFF-00064_Npas4', '0-FFF-00006_WFA')",True,True,True,True,381.77,427.28,169.7855,493.3967,PV,PE-13-2_PFC_3.5_E_2.tif,PE-13-2,VR5_KET,PE-13,2.9060001,323.6112,408.3742,quad_PV,1.5173136
1112,20746,PE-13-3_PFC_3.3_E_2.tif,PE-13-3_PFC_3.3_E,0-000-00001_PV,"('0-000-00001_PV', '0-FFF-00024_cFos', '0-FFF-00035_Npas4', '0-FFF-00003_WFA')",True,True,True,True,100.52,365.51,135.6964,208.106,PV,PE-13-3_PFC_3.3_E_2.tif,PE-13-3,VR5_KET,PE-13,1.5336148,72.40961,157.1726,quad_PV,0.58397454
1115,20749,PE-13-3_PFC_3.3_E_2.tif,PE-13-3_PFC_3.3_E,0-000-00005_PV,"('0-000-00005_PV', '0-FFF-00023_cFos', '0-FFF-00045_Npas4', '0-FFF-00002_WFA')",True,True,True,True,319.18,261.22,135.6964,533.4822,PV,PE-13-3_PFC_3.3_E_2.tif,PE-13-3,VR5_KET,PE-13,3.9314396,397.78577,482.54877,quad_PV,1.792909
1134,20983,PE-13-3_PFC_3.5_D_2.tif,PE-13-3_PFC_3.5_D,0-000-00004_PV,"('0-000-00004_PV', '0-FFF-00031_cFos', '0-FFF-00081_Npas4', '0-FFF-00004_WFA')",True,True,True,True,217.65,165.98,126.3107,341.6975,PV,PE-13-3_PFC_3.5_D_2.tif,PE-13-3,VR5_KET,PE-13,2.7052143,215.38681,300.1498,quad_PV,1.1152061
1140,21089,PE-13-3_PFC_3.7_A_2.tif,PE-13-3_PFC_3.7_A,0-000-00001_PV,"('0-000-00001_PV', '0-FFF-00048_cFos', '0-FFF-00099_Npas4', '0-FFF-00007_WFA')",True,True,True,True,427.08,382.26,212.1364,349.7486,PV,PE-13-3_PFC_3.7_A_2.tif,PE-13-3,VR5_KET,PE-13,1.6486968,137.6122,222.3752,quad_PV,0.82623464
1155,21285,PE-13-3_PFC_3.7_B_2.tif,PE-13-3_PFC_3.7_B,0-000-00001_PV,"('0-000-00001_PV', '0-FFF-00054_cFos', '0-200-00006_Npas4', '0-FFF-00003_WFA')",True,True,True,True,141.2,91.95,214.9205,279.9923,PV,PE-13-3_PFC_3.7_B_2.tif,PE-13-3,VR5_KET,PE-13,1.3027716,65.07181,149.83481,quad_PV,0.55671096
1159,21289,PE-13-3_PFC_3.7_B_2.tif,PE-13-3_PFC_3.7_B,0-000-00005_PV,"('0-000-00005_PV', '0-FFF-00037_cFos', '0-FFF-00066_Npas4', '0-FFF-00007_WFA')",True,True,True,True,337.21,362.19,214.9205,458.0111,PV,PE-13-3_PFC_3.7_B_2.tif,PE-13-3,VR5_KET,PE-13,2.1310723,243.0906,327.8536,quad_PV,1.2181395
1167,21436,PE-13-6_PFC_3.5_C_2.tif,PE-13-6_PFC_3.5_C,0-000-00000_PV,"('0-000-00000_PV', '0-FFF-00053_cFos', '0-200-00001_Npas4', '0-FFF-00002_WFA')",True,True,True,True,322.26,436.15,163.9615,137.8935,PV,PE-13-6_PFC_3.5_C_2.tif,PE-13-6,VR5_KET,PE-13,0.8410114,-26.068008,58.694992,quad_PV,0.21808113
1185,21709,PE-13-6_PFC_3.7_A_2.tif,PE-13-6_PFC_3.7_A,0-000-00002_PV,"('0-000-00002_PV', '0-FFF-00026_cFos', '0-FFF-00064_Npas4', '0-FFF-00003_WFA')",True,True,True,True,397.78,175.63,265.5259,353.9527,PV,PE-13-6_PFC_3.7_A_2.tif,PE-13-6,VR5_KET,PE-13,1.3330251,88.42679,173.18979,quad_PV,0.6434863
1190,21714,PE-13-6_PFC_3.7_A_2.tif,PE-13-6_PFC_3.7_A,0-000-00007_PV,"('0-000-00007_PV', '0-FFF-00007_cFos', '0-FFF-00032_Npas4', '0-FFF-00008_WFA')",True,True,True,True,230.43,176.16,265.5259,799.6058,PV,PE-13-6_PFC_3.7_A_2.tif,PE-13-6,VR5_KET,PE-13,3.011404,534.07983,618.84283,quad_PV,2.2993095
1192,21716,PE-13-6_PFC_3.7_A_2.tif,PE-13-6_PFC_3.7_A,0-000-00009_PV,"('0-000-00009_PV', '0-FFF-00013_cFos', '0-FFF-00043_Npas4', '0-FFF-00013_WFA')",True,True,True,True,75.53,298.35,265.5259,531.6201,PV,PE-13-6_PFC_3.7_A_2.tif,PE-13-6,VR5_KET,PE-13,2.0021403,266.0942,350.8572,quad_PV,1.3036093
1194,21718,PE-13-6_PFC_3.7_A_2.tif,PE-13-6_PFC_3.7_A,0-000-00011_PV,"('0-000-00011_PV', '0-FFF-00025_cFos', '0-FFF-00068_Npas4', '0-FFF-00006_WFA')",True,True,True,True,432.21,271.15,265.5259,446.5211,PV,PE-13-6_PFC_3.7_A_2.tif,PE-13-6,VR5_KET,PE-13,1.6816479,180.99518,265.75818,quad_PV,0.987424
1202,21870,PE-13-6_PFC_3.7_B_2.tif,PE-13-6_PFC_3.7_B,0-000-00001_PV,"('0-000-00001_PV', '0-FFF-00011_cFos', '0-200-00001_Npas4', '0-FFF-00001_WFA')",True,True,True,True,218.67,121.87,125.7336,467.5348,PV,PE-13-6_PFC_3.7_B_2.tif,PE-13-6,VR5_KET,PE-13,3.7184556,341.8012,426.5642,quad_PV,1.5848986
1203,21967,PE-13-6_PFC_3.7_E_2.tif,PE-13-6_PFC_3.7_E,0-000-00000_PV,"('0-000-00000_PV', '0-FFF-00018_cFos', '0-FFF-00030_Npas4', '0-FFF-00005_WFA')",True,True,True,True,378.61,176.47,275.6203,293.1612,PV,PE-13-6_PFC_3.7_E_2.tif,PE-13-6,VR5_KET,PE-13,1.0636415,17.540894,102.303894,quad_PV,0.38010994
1219,22121,PE-13-9_PFC_3.3_C_2.tif,PE-13-9_PFC_3.3_C,0-000-00003_PV,"('0-000-00003_PV', '0-FFF-00022_cFos', '0-FFF-00060_Npas4', '0-FFF-00006_WFA')",True,True,True,True,191.15,347.48,168.0457,385.329,PV,PE-13-9_PFC_3.3_C_2.tif,PE-13-9,VR5_SAL,PE-13,2.2930014,217.28331,302.04633,quad_PV,1.1222526
1223,22125,PE-13-9_PFC_3.3_C_2.tif,PE-13-9_PFC_3.3_C,0-000-00007_PV,"('0-000-00007_PV', '0-FFF-00014_cFos', '0-FFF-00005_Npas4', '0-FFF-00012_WFA')",True,True,True,True,41.41,62.4,168.0457,198.4575,PV,PE-13-9_PFC_3.3_C_2.tif,PE-13-9,VR5_SAL,PE-13,1.1809734,30.411804,115.174805,quad_PV,0.4279318
1234,22261,PE-13-9_PFC_3.4_D_2.tif,PE-13-9_PFC_3.4_D,0-000-00003_PV,"('0-000-00003_PV', '0-FFF-00028_cFos', '0-FFF-00011_Npas4', '0-FFF-00008_WFA')",True,True,True,True,367.65,21.24,148.4802,264.0728,PV,PE-13-9_PFC_3.4_D_2.tif,PE-13-9,VR5_SAL,PE-13,1.7785053,115.59262,200.35562,quad_PV,0.74442095
1239,22266,PE-13-9_PFC_3.4_D_2.tif,PE-13-9_PFC_3.4_D,0-FFF-00010_PV,"('0-FFF-00010_PV', '0-FFF-00043_cFos', '0-FFF-00060_Npas4', '0-FFF-00001_WFA')",True,True,True,True,212.51,311.44,148.4802,155.8537,PV,PE-13-9_PFC_3.4_D_2.tif,PE-13-9,VR5_SAL,PE-13,1.0496598,7.3735046,92.136505,quad_PV,0.34233302
