,index,filename,image_name,roi_id,true_grouping,dummy_PV,dummy_cFos,dummy_Npas4,dummy_WFA,CoM_x,CoM_y,background,mean_intensity,stain_type,filename,rat_n,treatment,group_name,snr,mean-background,adjusted_mean-background,coloc_stain_type,norm_adjusted_mean-background
7,7,KET-10-12_PFC_3.7_A_2.tif,KET-10-12_PFC_3.7_A,0-000-00008_PV,"('0-000-00008_PV', '0-005-00017_cFos', '0-FFF-00062_Npas4', '0-FFF-00002_WFA')",True,True,True,True,172.96,310.28,238.8715,305.4051,PV,KET-10-12_PFC_3.7_A_2.tif,KET-10-12,FR1_KET,KET-10,1.278533,66.533585,151.29659,quad_PV,0.58435374
11,11,KET-10-12_PFC_3.7_A_2.tif,KET-10-12_PFC_3.7_A,0-000-00012_PV,"('0-000-00012_PV', '0-005-00036_cFos', '0-FFF-00009_Npas4', '0-FFF-00001_WFA')",True,True,True,True,231.19,159.37,238.8715,563.5261,PV,KET-10-12_PFC_3.7_A_2.tif,KET-10-12,FR1_KET,KET-10,2.3591182,324.6546,409.4176,quad_PV,1.5812962
20,209,KET-10-12_PFC_3.7_B_2.tif,KET-10-12_PFC_3.7_B,0-000-00000_PV,"('0-000-00000_PV', '0-FFF-00119_cFos', '0-FFF-00099_Npas4', '0-FFF-00009_WFA')",True,True,True,True,151.28,486.3,278.5247,433.416,PV,KET-10-12_PFC_3.7_B_2.tif,KET-10-12,FR1_KET,KET-10,1.5561134,154.8913,239.6543,quad_PV,0.9256183
24,213,KET-10-12_PFC_3.7_B_2.tif,KET-10-12_PFC_3.7_B,0-000-00004_PV,"('0-000-00004_PV', '0-FFF-00108_cFos', '0-FFF-00056_Npas4', '0-FFF-00005_WFA')",True,True,True,True,350.94,285.56,278.5247,610.9244,PV,KET-10-12_PFC_3.7_B_2.tif,KET-10-12,FR1_KET,KET-10,2.19343,332.3997,417.1627,quad_PV,1.6112101
26,215,KET-10-12_PFC_3.7_B_2.tif,KET-10-12_PFC_3.7_B,0-000-00006_PV,"('0-000-00006_PV', '0-005-00014_cFos', '0-FFF-00004_WFA')",True,True,False,True,307.44,317.17,278.5247,497.9645,PV,KET-10-12_PFC_3.7_B_2.tif,KET-10-12,FR1_KET,KET-10,1.7878649,219.43982,304.20282,"PV_coloc_w_cFos,WFA",1.1749245
27,216,KET-10-12_PFC_3.7_B_2.tif,KET-10-12_PFC_3.7_B,0-000-00007_PV,"('0-000-00007_PV', '0-005-00089_cFos', '0-FFF-00062_Npas4', '0-FFF-00007_WFA')",True,True,True,True,428.49,366.92,278.5247,567.3934,PV,KET-10-12_PFC_3.7_B_2.tif,KET-10-12,FR1_KET,KET-10,2.0371385,288.86868,373.63168,quad_PV,1.4430801
30,219,KET-10-12_PFC_3.7_B_2.tif,KET-10-12_PFC_3.7_B,0-000-00010_PV,"('0-000-00010_PV', '0-005-00059_cFos', '0-FFF-00006_Npas4', '0-FFF-00002_WFA')",True,True,True,True,353.74,79.09,278.5247,484.429,PV,KET-10-12_PFC_3.7_B_2.tif,KET-10-12,FR1_KET,KET-10,1.7392677,205.9043,290.6673,quad_PV,1.1226461
38,445,KET-10-12_PFC_3.9_C_2.tif,KET-10-12_PFC_3.9_C,0-000-00002_PV,"('0-000-00002_PV', '0-FFF-00070_cFos', '0-FFF-00001_WFA')",True,True,False,True,312.36,299.64,261.3885,380.1923,PV,KET-10-12_PFC_3.9_C_2.tif,KET-10-12,FR1_KET,KET-10,1.4545105,118.8038,203.5668,"PV_coloc_w_cFos,WFA",0.78623736
41,448,KET-10-12_PFC_3.9_C_2.tif,KET-10-12_PFC_3.9_C,0-000-00005_PV,"('0-000-00005_PV', '0-005-00004_cFos', '0-FFF-00047_Npas4', '0-FFF-00003_WFA')",True,True,True,True,324.31,410.72,261.3885,612.4325,PV,KET-10-12_PFC_3.9_C_2.tif,KET-10-12,FR1_KET,KET-10,2.342997,351.044,435.807,quad_PV,1.6832201
43,450,KET-10-12_PFC_3.9_C_2.tif,KET-10-12_PFC_3.9_C,0-000-00007_PV,"('0-000-00007_PV', '0-FFF-00065_cFos', '0-FFF-00058_Npas4', '0-FFF-00004_WFA')",True,True,True,True,179.39,394.28,261.3885,493.5749,PV,KET-10-12_PFC_3.9_C_2.tif,KET-10-12,FR1_KET,KET-10,1.8882809,232.1864,316.9494,quad_PV,1.2241557
56,653,KET-10-12_PFC_3.9_D_2.tif,KET-10-12_PFC_3.9_D,0-000-00007_PV,"('0-000-00007_PV', '0-005-00001_cFos', '0-FFF-00032_Npas4', '0-FFF-00004_WFA')",True,True,True,True,384.29,98.98,257.3722,659.3281,PV,KET-10-12_PFC_3.9_D_2.tif,KET-10-12,FR1_KET,KET-10,2.561769,401.95593,486.71893,quad_PV,1.8798577
61,658,KET-10-12_PFC_3.9_D_2.tif,KET-10-12_PFC_3.9_D,0-000-00012_PV,"('0-000-00012_PV', '0-005-00035_cFos', '0-FFF-00003_WFA')",True,True,False,True,19.37,295.47,257.3722,484.0226,PV,KET-10-12_PFC_3.9_D_2.tif,KET-10-12,FR1_KET,KET-10,1.8806329,226.65042,311.41342,"PV_coloc_w_cFos,WFA",1.202774
69,851,KET-10-12_PFC_4.0_E_2.tif,KET-10-12_PFC_4.0_E,0-000-00005_PV,"('0-000-00005_PV', '0-FFF-00081_cFos', '0-FFF-00033_Npas4', '0-FFF-00002_WFA')",True,True,True,True,294.74,63.24,223.8845,418.3954,PV,KET-10-12_PFC_4.0_E_2.tif,KET-10-12,FR1_KET,KET-10,1.8688,194.51088,279.27386,quad_PV,1.0786412
72,854,KET-10-12_PFC_4.0_E_2.tif,KET-10-12_PFC_4.0_E,0-000-00008_PV,"('0-000-00008_PV', '0-005-00017_cFos', '0-FFF-00035_Npas4', '0-FFF-00003_WFA')",True,True,True,True,334.46,88.83,223.8845,333.5218,PV,KET-10-12_PFC_4.0_E_2.tif,KET-10-12,FR1_KET,KET-10,1.4897046,109.63728,194.40028,quad_PV,0.75083345
74,856,KET-10-12_PFC_4.0_E_2.tif,KET-10-12_PFC_4.0_E,0-000-00010_PV,"('0-000-00010_PV', '0-005-00023_cFos', '0-200-00010_Npas4', '0-FFF-00004_WFA')",True,True,True,True,326.96,198.68,223.8845,505.6519,PV,KET-10-12_PFC_4.0_E_2.tif,KET-10-12,FR1_KET,KET-10,2.258539,281.7674,366.5304,quad_PV,1.4156526
76,858,KET-10-12_PFC_4.0_E_2.tif,KET-10-12_PFC_4.0_E,0-000-00012_PV,"('0-000-00012_PV', '0-FFF-00073_cFos', '0-FFF-00001_WFA')",True,True,False,True,50.95,43.19,223.8845,373.6422,PV,KET-10-12_PFC_4.0_E_2.tif,KET-10-12,FR1_KET,KET-10,1.6689061,149.7577,234.5207,"PV_coloc_w_cFos,WFA",0.9057908
77,859,KET-10-12_PFC_4.0_E_2.tif,KET-10-12_PFC_4.0_E,0-000-00013_PV,"('0-000-00013_PV', '0-005-00034_cFos', '0-FFF-00005_WFA')",True,True,False,True,428.51,108.27,223.8845,248.5709,PV,KET-10-12_PFC_4.0_E_2.tif,KET-10-12,FR1_KET,KET-10,1.110264,24.686401,109.4494,"PV_coloc_w_cFos,WFA",0.4227271
80,862,KET-10-12_PFC_4.0_E_2.tif,KET-10-12_PFC_4.0_E,0-000-00016_PV,"('0-000-00016_PV', '0-FFF-00100_cFos', '0-FFF-00006_WFA')",True,True,False,True,401.88,318.05,223.8845,275.7287,PV,KET-10-12_PFC_4.0_E_2.tif,KET-10-12,FR1_KET,KET-10,1.2315667,51.844193,136.6072,"PV_coloc_w_cFos,WFA",0.5276188
88,1069,KET-10-14_PFC_3.4_D_2.tif,KET-10-14_PFC_3.4_D,0-000-00005_PV,"('0-000-00005_PV', '0-FFF-00120_cFos', '0-FFF-00002_WFA')",True,True,False,True,21.3,282.59,331.5114,843.0583,PV,KET-10-14_PFC_3.4_D_2.tif,KET-10-14,VR5_KET,KET-10,2.5430746,511.54688,596.3099,"PV_coloc_w_cFos,WFA",2.3031313
98,1327,KET-10-14_PFC_3.4_E_2.tif,KET-10-14_PFC_3.4_E,0-000-00005_PV,"('0-000-00005_PV', '0-FFF-00085_cFos', '0-FFF-00005_WFA')",True,True,False,True,79.45,232.13,301.3893,698.6,PV,KET-10-14_PFC_3.4_E_2.tif,KET-10-14,VR5_KET,KET-10,2.3179321,397.21066,481.97366,"PV_coloc_w_cFos,WFA",1.86153
99,1328,KET-10-14_PFC_3.4_E_2.tif,KET-10-14_PFC_3.4_E,0-000-00006_PV,"('0-000-00006_PV', '0-005-00009_cFos', '0-FFF-00004_WFA')",True,True,False,True,430.33,165.75,301.3893,885.3732,PV,KET-10-14_PFC_3.4_E_2.tif,KET-10-14,VR5_KET,KET-10,2.9376397,583.9839,668.7469,"PV_coloc_w_cFos,WFA",2.5829053
101,1330,KET-10-14_PFC_3.4_E_2.tif,KET-10-14_PFC_3.4_E,0-000-00008_PV,"('0-000-00008_PV', '0-FFF-00090_cFos', '0-FFF-00008_WFA')",True,True,False,True,370.34,392.22,301.3893,807.3754,PV,KET-10-14_PFC_3.4_E_2.tif,KET-10-14,VR5_KET,KET-10,2.6788456,505.9861,590.74915,"PV_coloc_w_cFos,WFA",2.2816541
107,1336,KET-10-14_PFC_3.4_E_2.tif,KET-10-14_PFC_3.4_E,0-000-00014_PV,"('0-000-00014_PV', '0-005-00027_cFos', '0-FFF-00103_Npas4', '0-FFF-00007_WFA')",True,True,True,True,307.87,423.74,301.3893,812.3353,PV,KET-10-14_PFC_3.4_E_2.tif,KET-10-14,VR5_KET,KET-10,2.6953022,510.946,595.709,quad_PV,2.3008106
113,1342,KET-10-14_PFC_3.4_E_2.tif,KET-10-14_PFC_3.4_E,0-000-00021_PV,"('0-000-00021_PV', '0-005-00055_cFos', '0-FFF-00011_WFA')",True,True,False,True,347.87,506.9,301.3893,1002.9323,PV,KET-10-14_PFC_3.4_E_2.tif,KET-10-14,VR5_KET,KET-10,3.327697,701.54297,786.30597,"PV_coloc_w_cFos,WFA",3.0369544
119,1581,KET-10-14_PFC_3.6_C_2.tif,KET-10-14_PFC_3.6_C,0-000-00000_PV,"('0-000-00000_PV', '0-FFF-00079_cFos', '0-FFF-00108_Npas4', '0-FFF-00002_WFA')",True,True,True,True,197.93,382.83,227.6756,486.7213,PV,KET-10-14_PFC_3.6_C_2.tif,KET-10-14,VR5_KET,KET-10,2.1377842,259.04572,343.80872,quad_PV,1.3278946
121,1583,KET-10-14_PFC_3.6_C_2.tif,KET-10-14_PFC_3.6_C,0-000-00002_PV,"('0-000-00002_PV', '0-FFF-00069_cFos', '0-FFF-00112_Npas4', '0-FFF-00003_WFA')",True,True,True,True,49.83,439.5,227.6756,496.2165,PV,KET-10-14_PFC_3.6_C_2.tif,KET-10-14,VR5_KET,KET-10,2.1794891,268.5409,353.3039,quad_PV,1.3645679
136,1795,KET-10-14_PFC_3.7_A_2.tif,KET-10-14_PFC_3.7_A,0-000-00000_PV,"('0-000-00000_PV', '0-FFF-00052_cFos', '0-FFF-00006_WFA')",True,True,False,True,488.73,413.65,252.06,432.4517,PV,KET-10-14_PFC_3.7_A_2.tif,KET-10-14,VR5_KET,KET-10,1.7156696,180.3917,265.1547,"PV_coloc_w_cFos,WFA",1.0241086
139,1798,KET-10-14_PFC_3.7_A_2.tif,KET-10-14_PFC_3.7_A,0-000-00003_PV,"('0-000-00003_PV', '0-005-00012_cFos', '0-FFF-00069_Npas4', '0-FFF-00009_WFA')",True,True,True,True,160.85,287.91,252.06,363.2427,PV,KET-10-14_PFC_3.7_A_2.tif,KET-10-14,VR5_KET,KET-10,1.4410962,111.18271,195.94571,quad_PV,0.7568024
143,1802,KET-10-14_PFC_3.7_A_2.tif,KET-10-14_PFC_3.7_A,0-000-00007_PV,"('0-000-00007_PV', '0-005-00021_cFos', '0-FFF-00023_Npas4', '0-FFF-00002_WFA')",True,True,True,True,316.37,93.8,252.06,316.2235,PV,KET-10-14_PFC_3.7_A_2.tif,KET-10-14,VR5_KET,KET-10,1.2545565,64.16351,148.92651,quad_PV,0.57519984
144,1803,KET-10-14_PFC_3.7_A_2.tif,KET-10-14_PFC_3.7_A,0-000-00008_PV,"('0-000-00008_PV', '0-005-00014_cFos', '0-FFF-00059_Npas4', '0-FFF-00004_WFA')",True,True,True,True,157.13,230.93,252.06,379.339,PV,KET-10-14_PFC_3.7_A_2.tif,KET-10-14,VR5_KET,KET-10,1.5049552,127.27899,212.04199,quad_PV,0.81897116
147,1806,KET-10-14_PFC_3.7_A_2.tif,KET-10-14_PFC_3.7_A,0-000-00011_PV,"('0-000-00011_PV', '0-FFF-00064_cFos', '0-FFF-00014_Npas4', '0-FFF-00001_WFA')",True,True,True,True,138.46,89.2,252.06,523.0399,PV,KET-10-14_PFC_3.7_A_2.tif,KET-10-14,VR5_KET,KET-10,2.075061,270.97992,355.74292,quad_PV,1.3739882
150,1809,KET-10-14_PFC_3.7_A_2.tif,KET-10-14_PFC_3.7_A,0-000-00014_PV,"('0-000-00014_PV', '0-005-00019_cFos', '0-FFF-00030_Npas4', '0-FFF-00005_WFA')",True,True,True,True,368.06,197.7,252.06,448.0521,PV,KET-10-14_PFC_3.7_A_2.tif,KET-10-14,VR5_KET,KET-10,1.7775613,195.9921,280.7551,quad_PV,1.0843621
153,1998,KET-10-14_PFC_3.7_B_2.tif,KET-10-14_PFC_3.7_B,0-000-00000_PV,"('0-000-00000_PV', '0-FFF-00096_cFos', '0-FFF-00043_Npas4', '0-FFF-00002_WFA')",True,True,True,True,360.03,175.95,275.771,442.3202,PV,KET-10-14_PFC_3.7_B_2.tif,KET-10-14,VR5_KET,KET-10,1.6039402,166.5492,251.3122,quad_PV,0.97064465
156,2001,KET-10-14_PFC_3.7_B_2.tif,KET-10-14_PFC_3.7_B,0-000-00004_PV,"('0-000-00004_PV', '0-005-00064_cFos', '0-FFF-00001_WFA')",True,True,False,True,337.93,18.31,275.771,482.1526,PV,KET-10-14_PFC_3.7_B_2.tif,KET-10-14,VR5_KET,KET-10,1.7483803,206.38159,291.1446,"PV_coloc_w_cFos,WFA",1.1244895
158,2003,KET-10-14_PFC_3.7_B_2.tif,KET-10-14_PFC_3.7_B,0-000-00006_PV,"('0-000-00006_PV', '0-005-00029_cFos', '0-FFF-00003_WFA')",True,True,False,True,427.42,336.67,275.771,695.912,PV,KET-10-14_PFC_3.7_B_2.tif,KET-10-14,VR5_KET,KET-10,2.523514,420.141,504.904,"PV_coloc_w_cFos,WFA",1.9500939
180,2441,KET-10-1_PFC_3.7_B_2.tif,KET-10-1_PFC_3.7_B,0-000-00002_PV,"('0-000-00002_PV', '0-FFF-00053_cFos', '0-FFF-00029_Npas4', '0-FFF-00004_WFA')",True,True,True,True,389.64,211.18,41.3074,52.9095,PV,KET-10-1_PFC_3.7_B_2.tif,KET-10-1,FR1_SAL,KET-10,1.2808722,11.6021,96.3651,quad_PV,0.37219152
182,2443,KET-10-1_PFC_3.7_B_2.tif,KET-10-1_PFC_3.7_B,0-FFF-00004_PV,"('0-FFF-00004_PV', '0-005-00013_cFos', '0-FFF-00002_WFA')",True,True,False,True,338.57,287.55,41.3074,41.9194,PV,KET-10-1_PFC_3.7_B_2.tif,KET-10-1,FR1_SAL,KET-10,1.0148157,0.6119995,85.375,"PV_coloc_w_cFos,WFA",0.3297444
183,2444,KET-10-1_PFC_3.7_B_2.tif,KET-10-1_PFC_3.7_B,0-FFF-00005_PV,"('0-FFF-00005_PV', '0-005-00019_cFos', '0-FFF-00045_Npas4', '0-FFF-00005_WFA')",True,True,True,True,148.85,342.88,41.3074,40.8717,PV,KET-10-1_PFC_3.7_B_2.tif,KET-10-1,FR1_SAL,KET-10,0.98945224,-0.43569946,84.3273,quad_PV,0.32569787
185,2590,KET-10-1_PFC_3.7_C_2.tif,KET-10-1_PFC_3.7_C,0-000-00000_PV,"('0-000-00000_PV', '0-005-00014_cFos', '0-FFF-00045_Npas4', '0-FFF-00004_WFA')",True,True,True,True,271.74,420.46,55.8578,105.0398,PV,KET-10-1_PFC_3.7_C_2.tif,KET-10-1,FR1_SAL,KET-10,1.8804859,49.182003,133.945,quad_PV,0.51733667
186,2591,KET-10-1_PFC_3.7_C_2.tif,KET-10-1_PFC_3.7_C,0-000-00001_PV,"('0-000-00001_PV', '0-005-00025_cFos', '0-FFF-00046_Npas4', '0-FFF-00003_WFA')",True,True,True,True,249.06,369.74,55.8578,99.6229,PV,KET-10-1_PFC_3.7_C_2.tif,KET-10-1,FR1_SAL,KET-10,1.7835093,43.765102,128.5281,quad_PV,0.49641493
192,2712,KET-10-1_PFC_3.8_E_2.tif,KET-10-1_PFC_3.8_E,0-000-00001_PV,"('0-000-00001_PV', '0-005-00002_cFos', '0-FFF-00031_Npas4', '0-FFF-00002_WFA')",True,True,True,True,148.98,152.2,119.2881,554.9353,PV,KET-10-1_PFC_3.8_E_2.tif,KET-10-1,FR1_SAL,KET-10,4.652059,435.64722,520.4102,quad_PV,2.0099838
193,2713,KET-10-1_PFC_3.8_E_2.tif,KET-10-1_PFC_3.8_E,0-000-00002_PV,"('0-000-00002_PV', '0-005-00024_cFos', '0-FFF-00043_Npas4', '0-FFF-00001_WFA')",True,True,True,True,7.88,351.61,119.2881,420.2028,PV,KET-10-1_PFC_3.8_E_2.tif,KET-10-1,FR1_SAL,KET-10,3.5225875,300.91467,385.67767,quad_PV,1.4896053
194,2714,KET-10-1_PFC_3.8_E_2.tif,KET-10-1_PFC_3.8_E,0-000-00003_PV,"('0-000-00003_PV', '0-FFF-00047_cFos', '0-FFF-00045_Npas4', '0-FFF-00003_WFA')",True,True,True,True,173.14,340.61,119.2881,371.2447,PV,KET-10-1_PFC_3.8_E_2.tif,KET-10-1,FR1_SAL,KET-10,3.1121686,251.95659,336.7196,quad_PV,1.3005142
205,2853,KET-10-1_PFC_4.0_A_2.tif,KET-10-1_PFC_4.0_A,0-000-00001_PV,"('0-000-00001_PV', '0-FFF-00058_cFos', '0-FFF-00046_Npas4', '0-FFF-00002_WFA')",True,True,True,True,433.4,269.19,295.0137,766.2478,PV,KET-10-1_PFC_4.0_A_2.tif,KET-10-1,FR1_SAL,KET-10,2.5973296,471.2341,555.9971,quad_PV,2.147431
208,2856,KET-10-1_PFC_4.0_A_2.tif,KET-10-1_PFC_4.0_A,0-000-00004_PV,"('0-000-00004_PV', '0-005-00046_cFos', '0-FFF-00004_WFA')",True,True,False,True,337.16,44.78,295.0137,436.7243,PV,KET-10-1_PFC_4.0_A_2.tif,KET-10-1,FR1_SAL,KET-10,1.4803526,141.7106,226.4736,"PV_coloc_w_cFos,WFA",0.87471044
212,2860,KET-10-1_PFC_4.0_A_2.tif,KET-10-1_PFC_4.0_A,0-000-00008_PV,"('0-000-00008_PV', '0-005-00022_cFos', '0-FFF-00006_WFA')",True,True,False,True,441.37,90.06,295.0137,565.4132,PV,KET-10-1_PFC_4.0_A_2.tif,KET-10-1,FR1_SAL,KET-10,1.9165659,270.3995,355.1625,"PV_coloc_w_cFos,WFA",1.3717464
214,2862,KET-10-1_PFC_4.0_A_2.tif,KET-10-1_PFC_4.0_A,0-000-00010_PV,"('0-000-00010_PV', '0-005-00007_cFos', '0-FFF-00003_WFA')",True,True,False,True,285.81,451.15,295.0137,680.5623,PV,KET-10-1_PFC_4.0_A_2.tif,KET-10-1,FR1_SAL,KET-10,2.3068838,385.5486,470.3116,"PV_coloc_w_cFos,WFA",1.8164876
242,3237,KET-10-2_PFC_3.5_B_2.tif,KET-10-2_PFC_3.5_B,0-000-00001_PV,"('0-000-00001_PV', '0-005-00054_cFos', '0-FFF-00002_WFA')",True,True,False,True,39.05,177.17,393.744,630.9615,PV,KET-10-2_PFC_3.5_B_2.tif,KET-10-2,VR5_SAL,KET-10,1.6024663,237.2175,321.9805,"PV_coloc_w_cFos,WFA",1.2435874
248,3243,KET-10-2_PFC_3.5_B_2.tif,KET-10-2_PFC_3.5_B,0-000-00007_PV,"('0-000-00007_PV', '0-005-00027_cFos', '0-FFF-00005_WFA')",True,True,False,True,355.19,470.25,393.744,775.6059,PV,KET-10-2_PFC_3.5_B_2.tif,KET-10-2,VR5_SAL,KET-10,1.9698229,381.8619,466.6249,"PV_coloc_w_cFos,WFA",1.8022484
249,3244,KET-10-2_PFC_3.5_B_2.tif,KET-10-2_PFC_3.5_B,0-000-00008_PV,"('0-000-00008_PV', '0-FFF-00094_cFos', '0-FFF-00004_WFA')",True,True,False,True,422.26,393.88,393.744,746.3021,PV,KET-10-2_PFC_3.5_B_2.tif,KET-10-2,VR5_SAL,KET-10,1.8953995,352.55814,437.32114,"PV_coloc_w_cFos,WFA",1.6890682
250,3245,KET-10-2_PFC_3.5_B_2.tif,KET-10-2_PFC_3.5_B,0-000-00009_PV,"('0-000-00009_PV', '0-005-00020_cFos', '0-FFF-00047_Npas4', '0-FFF-00003_WFA')",True,True,True,True,341.89,189.86,393.744,936.8475,PV,KET-10-2_PFC_3.5_B_2.tif,KET-10-2,VR5_SAL,KET-10,2.3793316,543.1035,627.8665,quad_PV,2.4250128
264,3687,KET-10-2_PFC_3.9_C_2.tif,KET-10-2_PFC_3.9_C,0-000-00000_PV,"('0-000-00000_PV', '0-005-00034_cFos', '0-FFF-00035_Npas4', '0-FFF-00001_WFA')",True,True,True,True,178.15,146.16,304.8033,594.659,PV,KET-10-2_PFC_3.9_C_2.tif,KET-10-2,VR5_SAL,KET-10,1.9509598,289.85568,374.61868,quad_PV,1.4468921
267,3690,KET-10-2_PFC_3.9_C_2.tif,KET-10-2_PFC_3.9_C,0-000-00003_PV,"('0-000-00003_PV', '0-FFF-00068_cFos', '0-FFF-00040_Npas4', '0-FFF-00006_WFA')",True,True,True,True,206.55,17.49,304.8033,415.0585,PV,KET-10-2_PFC_3.9_C_2.tif,KET-10-2,VR5_SAL,KET-10,1.3617257,110.25519,195.01819,quad_PV,0.75321996
268,3691,KET-10-2_PFC_3.9_C_2.tif,KET-10-2_PFC_3.9_C,0-000-00004_PV,"('0-000-00004_PV', '0-FFF-00086_cFos', '0-FFF-00095_Npas4', '0-FFF-00007_WFA')",True,True,True,True,202.45,305.2,304.8033,537.8972,PV,KET-10-2_PFC_3.9_C_2.tif,KET-10-2,VR5_SAL,KET-10,1.7647355,233.0939,317.8569,quad_PV,1.2276608
272,3695,KET-10-2_PFC_3.9_C_2.tif,KET-10-2_PFC_3.9_C,0-000-00008_PV,"('0-000-00008_PV', '0-FFF-00069_cFos', '0-FFF-00038_Npas4', '0-FFF-00005_WFA')",True,True,True,True,185.62,57.09,304.8033,710.0558,PV,KET-10-2_PFC_3.9_C_2.tif,KET-10-2,VR5_SAL,KET-10,2.329554,405.25247,490.01547,quad_PV,1.8925898
282,3909,KET-10-2_PFC_4.0_E_2.tif,KET-10-2_PFC_4.0_E,0-000-00002_PV,"('0-000-00002_PV', '0-005-00019_cFos', '0-FFF-00087_Npas4', '0-FFF-00005_WFA')",True,True,True,True,306.0,498.27,441.9829,529.5207,PV,KET-10-2_PFC_4.0_E_2.tif,KET-10-2,VR5_SAL,KET-10,1.1980569,87.53778,172.30078,quad_PV,0.6654784
289,4020,KET-10-3_PFC_3.5_C_2.tif,KET-10-3_PFC_3.5_C,0-000-00000_PV,"('0-000-00000_PV', '0-005-00034_cFos', '0-FFF-00001_WFA')",True,True,False,True,415.2,218.95,228.5245,263.1636,PV,KET-10-3_PFC_3.5_C_2.tif,KET-10-3,VR5_SAL,KET-10,1.1515772,34.6391,119.4021,"PV_coloc_w_cFos,WFA",0.46116748
296,4027,KET-10-3_PFC_3.5_C_2.tif,KET-10-3_PFC_3.5_C,0-000-00007_PV,"('0-000-00007_PV', '0-005-00008_cFos', '0-FFF-00003_WFA')",True,True,False,True,466.69,310.11,228.5245,245.7594,PV,KET-10-3_PFC_3.5_C_2.tif,KET-10-3,VR5_SAL,KET-10,1.0754181,17.234894,101.997894,"PV_coloc_w_cFos,WFA",0.39394712
299,4030,KET-10-3_PFC_3.5_C_2.tif,KET-10-3_PFC_3.5_C,0-000-00010_PV,"('0-000-00010_PV', '0-005-00052_cFos', '0-200-00013_Npas4', '0-FFF-00005_WFA')",True,True,True,True,26.84,92.63,228.5245,556.9165,PV,KET-10-3_PFC_3.5_C_2.tif,KET-10-3,VR5_SAL,KET-10,2.43701,328.392,413.155,quad_PV,1.5957311
305,4036,KET-10-3_PFC_3.5_C_2.tif,KET-10-3_PFC_3.5_C,0-000-00016_PV,"('0-000-00016_PV', '0-005-00063_cFos', '0-FFF-00006_WFA')",True,True,False,True,4.77,268.11,228.5245,602.4365,PV,KET-10-3_PFC_3.5_C_2.tif,KET-10-3,VR5_SAL,KET-10,2.636201,373.91202,458.67502,"PV_coloc_w_cFos,WFA",1.7715434
312,4233,KET-10-3_PFC_3.7_D_2.tif,KET-10-3_PFC_3.7_D,0-000-00001_PV,"('0-000-00001_PV', '0-005-00037_cFos', '0-FFF-00001_WFA')",True,True,False,True,202.32,73.09,219.8125,505.8224,PV,KET-10-3_PFC_3.7_D_2.tif,KET-10-3,VR5_SAL,KET-10,2.301154,286.0099,370.7729,"PV_coloc_w_cFos,WFA",1.4320384
331,4679,KET-10-3_PFC_3.8_B_2.tif,KET-10-3_PFC_3.8_B,0-000-00000_PV,"('0-000-00000_PV', '0-005-00017_cFos', '0-FFF-00018_Npas4', '0-FFF-00009_WFA')",True,True,True,True,148.89,32.75,201.4506,193.0412,PV,KET-10-3_PFC_3.8_B_2.tif,KET-10-3,VR5_SAL,KET-10,0.9582557,-8.409409,76.35359,quad_PV,0.29490095
336,4684,KET-10-3_PFC_3.8_B_2.tif,KET-10-3_PFC_3.8_B,0-000-00006_PV,"('0-000-00006_PV', '0-005-00057_cFos', '0-FFF-00051_Npas4', '0-FFF-00003_WFA')",True,True,True,True,329.96,397.15,201.4506,464.2615,PV,KET-10-3_PFC_3.8_B_2.tif,KET-10-3,VR5_SAL,KET-10,2.3045921,262.8109,347.5739,quad_PV,1.3424369
341,4853,KET-10-3_PFC_4.0_A_2.tif,KET-10-3_PFC_4.0_A,0-000-00001_PV,"('0-000-00001_PV', '0-FFF-00052_cFos', '0-FFF-00002_WFA')",True,True,False,True,439.71,155.57,151.5047,310.42,PV,KET-10-3_PFC_4.0_A_2.tif,KET-10-3,VR5_SAL,KET-10,2.0489135,158.91531,243.67831,"PV_coloc_w_cFos,WFA",0.9411603
345,4857,KET-10-3_PFC_4.0_A_2.tif,KET-10-3_PFC_4.0_A,0-000-00005_PV,"('0-000-00005_PV', '0-005-00042_cFos', '0-FFF-00029_Npas4', '0-FFF-00009_WFA')",True,True,True,True,114.21,260.65,151.5047,393.0916,PV,KET-10-3_PFC_4.0_A_2.tif,KET-10-3,VR5_SAL,KET-10,2.5945835,241.58691,326.3499,quad_PV,1.2604634
354,5012,KET-10-4_PFC_3.5_C_2.tif,KET-10-4_PFC_3.5_C,0-000-00002_PV,"('0-000-00002_PV', '0-005-00014_cFos', '0-FFF-00001_WFA')",True,True,False,True,353.38,216.08,162.4756,417.8101,PV,KET-10-4_PFC_3.5_C_2.tif,KET-10-4,VR5_SAL,KET-10,2.571525,255.33449,340.09747,"PV_coloc_w_cFos,WFA",1.3135606
356,5014,KET-10-4_PFC_3.5_C_2.tif,KET-10-4_PFC_3.5_C,0-000-00004_PV,"('0-000-00004_PV', '0-005-00028_cFos', '0-FFF-00053_Npas4', '0-FFF-00003_WFA')",True,True,True,True,209.46,410.0,162.4756,222.1877,PV,KET-10-4_PFC_3.5_C_2.tif,KET-10-4,VR5_SAL,KET-10,1.3675143,59.712097,144.4751,quad_PV,0.55800706
361,5019,KET-10-4_PFC_3.5_C_2.tif,KET-10-4_PFC_3.5_C,0-000-00011_PV,"('0-000-00011_PV', '0-005-00002_cFos', '0-FFF-00033_Npas4', '0-FFF-00004_WFA')",True,True,True,True,56.16,243.79,162.4756,422.8509,PV,KET-10-4_PFC_3.5_C_2.tif,KET-10-4,VR5_SAL,KET-10,2.60255,260.3753,345.1383,quad_PV,1.3330299
368,5154,KET-10-4_PFC_3.7_D_2.tif,KET-10-4_PFC_3.7_D,0-000-00000_PV,"('0-000-00000_PV', '0-FFF-00043_cFos', '0-FFF-00002_WFA')",True,True,False,True,310.2,210.96,143.1543,213.2619,PV,KET-10-4_PFC_3.7_D_2.tif,KET-10-4,VR5_SAL,KET-10,1.4897345,70.107605,154.8706,"PV_coloc_w_cFos,WFA",0.5981577
369,5155,KET-10-4_PFC_3.7_D_2.tif,KET-10-4_PFC_3.7_D,0-000-00001_PV,"('0-000-00001_PV', '0-005-00030_cFos', '0-FFF-00060_Npas4', '0-FFF-00003_WFA')",True,True,True,True,25.92,352.55,143.1543,321.0238,PV,KET-10-4_PFC_3.7_D_2.tif,KET-10-4,VR5_SAL,KET-10,2.242502,177.8695,262.6325,quad_PV,1.0143672
379,5306,KET-10-4_PFC_3.8_B_2.tif,KET-10-4_PFC_3.8_B,0-000-00001_PV,"('0-000-00001_PV', '0-005-00023_cFos', '0-FFF-00005_WFA')",True,True,False,True,349.1,225.92,215.27,504.3268,PV,KET-10-4_PFC_3.8_B_2.tif,KET-10-4,VR5_SAL,KET-10,2.342764,289.05682,373.81982,"PV_coloc_w_cFos,WFA",1.4438066
384,5311,KET-10-4_PFC_3.8_B_2.tif,KET-10-4_PFC_3.8_B,0-000-00006_PV,"('0-000-00006_PV', '0-005-00008_cFos', '0-FFF-00053_Npas4', '0-FFF-00002_WFA')",True,True,True,True,78.15,158.62,215.27,494.4503,PV,KET-10-4_PFC_3.8_B_2.tif,KET-10-4,VR5_SAL,KET-10,2.2968843,279.1803,363.9433,quad_PV,1.4056605
393,5320,KET-10-4_PFC_3.8_B_2.tif,KET-10-4_PFC_3.8_B,0-000-00015_PV,"('0-000-00015_PV', '0-005-00051_cFos', '0-FFF-00055_Npas4', '0-FFF-00003_WFA')",True,True,True,True,13.61,126.51,215.27,600.3909,PV,KET-10-4_PFC_3.8_B_2.tif,KET-10-4,VR5_SAL,KET-10,2.7890134,385.1209,469.8839,quad_PV,1.8148355
400,5479,KET-10-4_PFC_3.8_E_2.tif,KET-10-4_PFC_3.8_E,0-000-00000_PV,"('0-000-00000_PV', '0-005-00003_cFos', '0-200-00021_Npas4', '0-001-00004_WFA')",True,True,True,True,71.32,82.34,193.3472,539.485,PV,KET-10-4_PFC_3.8_E_2.tif,KET-10-4,VR5_SAL,KET-10,2.7902396,346.1378,430.9008,quad_PV,1.6642709
404,5483,KET-10-4_PFC_3.8_E_2.tif,KET-10-4_PFC_3.8_E,0-000-00004_PV,"('0-000-00004_PV', '0-FFF-00058_cFos', '0-FFF-00070_Npas4', '0-FFF-00005_WFA')",True,True,True,True,39.58,343.24,193.3472,512.1456,PV,KET-10-4_PFC_3.8_E_2.tif,KET-10-4,VR5_SAL,KET-10,2.6488392,318.79843,403.56143,quad_PV,1.5586779
406,5485,KET-10-4_PFC_3.8_E_2.tif,KET-10-4_PFC_3.8_E,0-000-00007_PV,"('0-000-00007_PV', '0-005-00005_cFos', '0-FFF-00119_Npas4', '0-001-00002_WFA')",True,True,True,True,159.77,313.27,193.3472,719.2741,PV,KET-10-4_PFC_3.8_E_2.tif,KET-10-4,VR5_SAL,KET-10,3.7201166,525.9269,610.6899,quad_PV,2.3586714
424,5685,KET-10-4_PFC_4.1_A_2.tif,KET-10-4_PFC_4.1_A,0-000-00002_PV,"('0-000-00002_PV', '0-005-00028_cFos', '0-FFF-00072_Npas4', '0-FFF-00005_WFA')",True,True,True,True,294.35,229.84,204.0467,499.4028,PV,KET-10-4_PFC_4.1_A_2.tif,KET-10-4,VR5_SAL,KET-10,2.4474926,295.35608,380.11908,quad_PV,1.4681363
427,5688,KET-10-4_PFC_4.1_A_2.tif,KET-10-4_PFC_4.1_A,0-000-00005_PV,"('0-000-00005_PV', '0-005-00005_cFos', '0-FFF-00004_WFA')",True,True,False,True,82.94,200.14,204.0467,361.9276,PV,KET-10-4_PFC_4.1_A_2.tif,KET-10-4,VR5_SAL,KET-10,1.7737489,157.8809,242.6439,"PV_coloc_w_cFos,WFA",0.9371651
430,5691,KET-10-4_PFC_4.1_A_2.tif,KET-10-4_PFC_4.1_A,0-000-00008_PV,"('0-000-00008_PV', '0-005-00001_cFos', '0-200-00013_Npas4', '0-001-00003_WFA')",True,True,True,True,342.99,304.78,204.0467,426.4005,PV,KET-10-4_PFC_4.1_A_2.tif,KET-10-4,VR5_SAL,KET-10,2.0897202,222.3538,307.11682,quad_PV,1.1861793
438,5699,KET-10-4_PFC_4.1_A_2.tif,KET-10-4_PFC_4.1_A,0-FFF-00016_PV,"('0-FFF-00016_PV', '0-005-00011_cFos', '0-FFF-00029_Npas4', '0-FFF-00007_WFA')",True,True,True,True,22.73,53.9,204.0467,258.4905,PV,KET-10-4_PFC_4.1_A_2.tif,KET-10-4,VR5_SAL,KET-10,1.2668203,54.4438,139.2068,quad_PV,0.5376593
443,5890,KET-10-5_PFC_3.3_C_2.tif,KET-10-5_PFC_3.3_C,0-000-00002_PV,"('0-000-00002_PV', '0-005-00025_cFos', '0-FFF-00008_WFA')",True,True,False,True,283.11,71.08,277.4254,408.3988,PV,KET-10-5_PFC_3.3_C_2.tif,KET-10-5,FR1_SAL,KET-10,1.4721031,130.97339,215.73639,"PV_coloc_w_cFos,WFA",0.83324003
444,5891,KET-10-5_PFC_3.3_C_2.tif,KET-10-5_PFC_3.3_C,0-000-00003_PV,"('0-000-00003_PV', '0-005-00067_cFos', '0-FFF-00001_WFA')",True,True,False,True,18.13,196.24,277.4254,422.1974,PV,KET-10-5_PFC_3.3_C_2.tif,KET-10-5,FR1_SAL,KET-10,1.521841,144.77197,229.53497,"PV_coloc_w_cFos,WFA",0.8865344
465,6119,KET-10-5_PFC_3.5_D_2.tif,KET-10-5_PFC_3.5_D,0-000-00010_PV,"('0-000-00010_PV', '0-FFF-00077_cFos', '0-FFF-00006_WFA')",True,True,False,True,364.79,440.18,256.7989,288.5416,PV,KET-10-5_PFC_3.5_D_2.tif,KET-10-5,FR1_SAL,KET-10,1.1236092,31.742706,116.50571,"PV_coloc_w_cFos,WFA",0.44998074
469,6123,KET-10-5_PFC_3.5_D_2.tif,KET-10-5_PFC_3.5_D,0-000-00014_PV,"('0-000-00014_PV', '0-005-00045_cFos', '0-FFF-00010_Npas4', '0-FFF-00002_WFA')",True,True,True,True,126.84,39.81,256.7989,479.2338,PV,KET-10-5_PFC_3.5_D_2.tif,KET-10-5,FR1_SAL,KET-10,1.8661833,222.4349,307.1979,quad_PV,1.1864924
470,6124,KET-10-5_PFC_3.5_D_2.tif,KET-10-5_PFC_3.5_D,0-000-00015_PV,"('0-000-00015_PV', '0-FFF-00074_cFos', '0-FFF-00121_Npas4', '0-FFF-00005_WFA')",True,True,True,True,312.66,434.57,256.7989,331.2219,PV,KET-10-5_PFC_3.5_D_2.tif,KET-10-5,FR1_SAL,KET-10,1.2898104,74.423004,159.186,quad_PV,0.6148251
479,6349,KET-10-5_PFC_3.5_E_2.tif,KET-10-5_PFC_3.5_E,0-000-00006_PV,"('0-000-00006_PV', '0-FFF-00052_cFos', '0-FFF-00001_WFA')",True,True,False,True,359.35,53.46,247.6979,532.5409,PV,KET-10-5_PFC_3.5_E_2.tif,KET-10-5,FR1_SAL,KET-10,2.1499612,284.843,369.606,"PV_coloc_w_cFos,WFA",1.4275316
481,6351,KET-10-5_PFC_3.5_E_2.tif,KET-10-5_PFC_3.5_E,0-000-00008_PV,"('0-000-00008_PV', '0-005-00038_cFos', '0-FFF-00089_Npas4', '0-FFF-00005_WFA')",True,True,True,True,484.98,354.4,247.6979,529.1697,PV,KET-10-5_PFC_3.5_E_2.tif,KET-10-5,FR1_SAL,KET-10,2.136351,281.47177,366.23477,quad_PV,1.4145108
486,6557,KET-10-5_PFC_3.9_A_2.tif,KET-10-5_PFC_3.9_A,0-000-00002_PV,"('0-000-00002_PV', '0-FFF-00065_cFos', '0-FFF-00047_Npas4', '0-FFF-00002_WFA')",True,True,True,True,105.66,167.62,207.6234,523.585,PV,KET-10-5_PFC_3.9_A_2.tif,KET-10-5,FR1_SAL,KET-10,2.5218017,315.9616,400.7246,quad_PV,1.5477211
487,6558,KET-10-5_PFC_3.9_A_2.tif,KET-10-5_PFC_3.9_A,0-000-00003_PV,"('0-000-00003_PV', '0-005-00045_cFos', '0-200-00000_Npas4', '0-FFF-00004_WFA')",True,True,True,True,263.7,501.88,207.6234,603.9816,PV,KET-10-5_PFC_3.9_A_2.tif,KET-10-5,FR1_SAL,KET-10,2.909025,396.35822,481.12122,quad_PV,1.8582375
491,6562,KET-10-5_PFC_3.9_A_2.tif,KET-10-5_PFC_3.9_A,0-000-00011_PV,"('0-000-00011_PV', '0-FFF-00080_cFos', '0-200-00011_Npas4', '0-FFF-00001_WFA')",True,True,True,True,50.55,176.46,207.6234,575.4901,PV,KET-10-5_PFC_3.9_A_2.tif,KET-10-5,FR1_SAL,KET-10,2.771798,367.8667,452.6297,quad_PV,1.7481946
496,6720,KET-10-5_PFC_3.9_B_2.tif,KET-10-5_PFC_3.9_B,0-000-00001_PV,"('0-000-00001_PV', '0-005-00022_cFos', '0-FFF-00019_Npas4', '0-FFF-00005_WFA')",True,True,True,True,466.09,73.7,250.2814,384.5429,PV,KET-10-5_PFC_3.9_B_2.tif,KET-10-5,FR1_SAL,KET-10,1.5364422,134.2615,219.0245,quad_PV,0.84593976
505,6913,KET-8-2_PFC_3.5_E_2.tif,KET-8-2_PFC_3.5_E,0-000-00006_PV,"('0-000-00006_PV', '0-005-00001_cFos', '0-FFF-00026_Npas4', '0-FFF-00006_WFA')",True,True,True,True,457.83,40.16,153.6843,498.2995,PV,KET-8-2_PFC_3.5_E_2.tif,KET-8-2,FR1_SAL,KET-8,3.242358,344.6152,429.3782,quad_PV,1.6583902
507,6915,KET-8-2_PFC_3.5_E_2.tif,KET-8-2_PFC_3.5_E,0-000-00008_PV,"('0-000-00008_PV', '0-FFF-00067_cFos', '0-FFF-00005_WFA')",True,True,False,True,287.83,125.61,153.6843,292.4494,PV,KET-8-2_PFC_3.5_E_2.tif,KET-8-2,FR1_SAL,KET-8,1.9029231,138.7651,223.5281,"PV_coloc_w_cFos,WFA",0.863334
508,6916,KET-8-2_PFC_3.5_E_2.tif,KET-8-2_PFC_3.5_E,0-000-00009_PV,"('0-000-00009_PV', '0-005-00022_cFos', '0-FFF-00081_Npas4', '0-FFF-00002_WFA')",True,True,True,True,220.44,286.6,153.6843,418.1125,PV,KET-8-2_PFC_3.5_E_2.tif,KET-8-2,FR1_SAL,KET-8,2.7205935,264.4282,349.1912,quad_PV,1.3486834
511,7080,KET-8-2_PFC_3.6_D_2.tif,KET-8-2_PFC_3.6_D,0-000-00001_PV,"('0-000-00001_PV', '0-FFF-00038_cFos', '0-FFF-00027_Npas4', '0-FFF-00001_WFA')",True,True,True,True,309.76,260.43,146.3913,558.8028,PV,KET-8-2_PFC_3.6_D_2.tif,KET-8-2,FR1_SAL,KET-8,3.8171859,412.4115,497.1745,quad_PV,1.9202402
512,7081,KET-8-2_PFC_3.6_D_2.tif,KET-8-2_PFC_3.6_D,0-000-00002_PV,"('0-000-00002_PV', '0-FFF-00065_cFos', '0-FFF-00002_WFA')",True,True,False,True,362.87,501.48,146.3913,391.2762,PV,KET-8-2_PFC_3.6_D_2.tif,KET-8-2,FR1_SAL,KET-8,2.6728106,244.88492,329.64792,"PV_coloc_w_cFos,WFA",1.2732012
534,7238,KET-8-2_PFC_3.7_B_2.tif,KET-8-2_PFC_3.7_B,0-000-00014_PV,"('0-000-00014_PV', '0-005-00054_cFos', '0-FFF-00001_WFA')",True,True,False,True,168.13,361.0,203.0358,553.3915,PV,KET-8-2_PFC_3.7_B_2.tif,KET-8-2,FR1_SAL,KET-8,2.7255857,350.35568,435.11868,"PV_coloc_w_cFos,WFA",1.6805617
550,7467,KET-8-2_PFC_3.7_C_2.tif,KET-8-2_PFC_3.7_C,0-000-00009_PV,"('0-000-00009_PV', '0-0-00023_cFos', '0-FFF-00048_Npas4', '0-FFF-00001_WFA')",True,True,True,True,172.21,322.65,196.649,431.3332,PV,KET-8-2_PFC_3.7_C_2.tif,KET-8-2,FR1_SAL,KET-8,2.1934166,234.68419,319.4472,quad_PV,1.2338029
551,7468,KET-8-2_PFC_3.7_C_2.tif,KET-8-2_PFC_3.7_C,0-000-00010_PV,"('0-000-00010_PV', '0-0-00074_cFos', '0-FFF-00009_WFA')",True,True,False,True,404.52,265.48,196.649,345.6293,PV,KET-8-2_PFC_3.7_C_2.tif,KET-8-2,FR1_SAL,KET-8,1.757595,148.9803,233.7433,"PV_coloc_w_cFos,WFA",0.9027882
554,7471,KET-8-2_PFC_3.7_C_2.tif,KET-8-2_PFC_3.7_C,0-000-00013_PV,"('0-000-00013_PV', '0-0-00037_cFos', '0-FFF-00067_Npas4', '0-FFF-00005_WFA')",True,True,True,True,372.39,38.12,196.649,390.6303,PV,KET-8-2_PFC_3.7_C_2.tif,KET-8-2,FR1_SAL,KET-8,1.9864342,193.98131,278.74432,quad_PV,1.076596
559,7709,KET-8-2_PFC_4.0_A_2.tif,KET-8-2_PFC_4.0_A,0-000-00001_PV,"('0-000-00001_PV', '0-005-00024_cFos', '0-FFF-00052_Npas4', '0-FFF-00004_WFA')",True,True,True,True,263.72,241.54,221.3137,505.5859,PV,KET-8-2_PFC_4.0_A_2.tif,KET-8-2,FR1_SAL,KET-8,2.2844763,284.27222,369.03522,quad_PV,1.4253271
564,7714,KET-8-2_PFC_4.0_A_2.tif,KET-8-2_PFC_4.0_A,0-000-00008_PV,"('0-000-00008_PV', '0-005-00031_cFos', '0-FFF-00001_WFA')",True,True,False,True,422.61,7.11,221.3137,287.4299,PV,KET-8-2_PFC_4.0_A_2.tif,KET-8-2,FR1_SAL,KET-8,1.2987442,66.116196,150.8792,"PV_coloc_w_cFos,WFA",0.5827417
569,7719,KET-8-2_PFC_4.0_A_2.tif,KET-8-2_PFC_4.0_A,0-FFF-00014_PV,"('0-FFF-00014_PV', '0-005-00027_cFos', '0-FFF-00076_Npas4', '0-FFF-00003_WFA')",True,True,True,True,324.54,219.38,221.3137,472.1286,PV,KET-8-2_PFC_4.0_A_2.tif,KET-8-2,FR1_SAL,KET-8,2.1333003,250.8149,335.57788,quad_PV,1.2961046
576,7898,KET-8-7_PFC_3.5_D_2.tif,KET-8-7_PFC_3.5_D,0-000-00005_PV,"('0-000-00005_PV', '0-FFF-00092_cFos', '0-FFF-00002_WFA')",True,True,False,True,20.66,183.54,182.8129,412.1499,PV,KET-8-7_PFC_3.5_D_2.tif,KET-8-7,VR5_KET,KET-8,2.2544904,229.337,314.1,"PV_coloc_w_cFos,WFA",1.2131504
579,7901,KET-8-7_PFC_3.5_D_2.tif,KET-8-7_PFC_3.5_D,0-000-00008_PV,"('0-000-00008_PV', '0-005-00028_cFos', '0-FFF-00071_Npas4', '0-FFF-00005_WFA')",True,True,True,True,355.17,395.77,182.8129,177.9407,PV,KET-8-7_PFC_3.5_D_2.tif,KET-8-7,VR5_KET,KET-8,0.97334874,-4.8721924,79.89081,quad_PV,0.3085628
594,7916,KET-8-7_PFC_3.5_D_2.tif,KET-8-7_PFC_3.5_D,0-FFF-00030_PV,"('0-FFF-00030_PV', '0-FFF-00072_cFos', '0-FFF-00004_WFA')",True,True,False,True,338.43,332.14,182.8129,157.6864,PV,KET-8-7_PFC_3.5_D_2.tif,KET-8-7,VR5_KET,KET-8,0.8625562,-25.126495,59.636505,"PV_coloc_w_cFos,WFA",0.23033445
604,8093,KET-8-7_PFC_3.7_C_2.tif,KET-8-7_PFC_3.7_C,0-000-00002_PV,"('0-000-00002_PV', '0-005-00036_cFos', '0-FFF-00007_WFA')",True,True,False,True,158.72,367.49,170.5,302.1182,PV,KET-8-7_PFC_3.7_C_2.tif,KET-8-7,VR5_KET,KET-8,1.7719542,131.6182,216.3812,"PV_coloc_w_cFos,WFA",0.83573043
605,8094,KET-8-7_PFC_3.7_C_2.tif,KET-8-7_PFC_3.7_C,0-000-00003_PV,"('0-000-00003_PV', '0-FFF-00088_cFos', '0-FFF-00028_Npas4', '0-FFF-00004_WFA')",True,True,True,True,372.46,78.71,170.5,201.0585,PV,KET-8-7_PFC_3.7_C_2.tif,KET-8-7,VR5_KET,KET-8,1.1792288,30.558502,115.3215,quad_PV,0.44540697
606,8095,KET-8-7_PFC_3.7_C_2.tif,KET-8-7_PFC_3.7_C,0-000-00004_PV,"('0-000-00004_PV', '0-005-00012_cFos', '0-FFF-00069_Npas4', '0-FFF-00008_WFA')",True,True,True,True,326.11,321.73,170.5,376.7365,PV,KET-8-7_PFC_3.7_C_2.tif,KET-8-7,VR5_KET,KET-8,2.2095983,206.23651,290.9995,quad_PV,1.1239293
610,8099,KET-8-7_PFC_3.7_C_2.tif,KET-8-7_PFC_3.7_C,0-000-00008_PV,"('0-000-00008_PV', '0-005-00024_cFos', '0-FFF-00088_Npas4', '0-FFF-00010_WFA')",True,True,True,True,428.22,444.75,170.5,409.9917,PV,KET-8-7_PFC_3.7_C_2.tif,KET-8-7,VR5_KET,KET-8,2.4046433,239.4917,324.2547,quad_PV,1.252371
616,8105,KET-8-7_PFC_3.7_C_2.tif,KET-8-7_PFC_3.7_C,0-000-00014_PV,"('0-000-00014_PV', '0-005-00035_cFos', '0-200-00002_Npas4', '0-FFF-00005_WFA')",True,True,True,True,412.11,161.1,170.5,746.6438,PV,KET-8-7_PFC_3.7_C_2.tif,KET-8-7,VR5_KET,KET-8,4.3791423,576.1438,660.9068,quad_PV,2.5526245
617,8106,KET-8-7_PFC_3.7_C_2.tif,KET-8-7_PFC_3.7_C,0-FFF-00015_PV,"('0-FFF-00015_PV', '0-FFF-00070_cFos', '0-FFF-00009_WFA')",True,True,False,True,366.41,355.63,170.5,170.618,PV,KET-8-7_PFC_3.7_C_2.tif,KET-8-7,VR5_KET,KET-8,1.000692,0.117996216,84.881,"PV_coloc_w_cFos,WFA",0.32783642
621,8297,KET-8-7_PFC_4.0_A_2.tif,KET-8-7_PFC_4.0_A,0-000-00002_PV,"('0-000-00002_PV', '0-FFF-00047_cFos', '0-FFF-00008_WFA')",True,True,False,True,452.61,220.78,221.0161,299.9254,PV,KET-8-7_PFC_4.0_A_2.tif,KET-8-7,VR5_KET,KET-8,1.3570297,78.90932,163.67232,"PV_coloc_w_cFos,WFA",0.6321526
622,8298,KET-8-7_PFC_4.0_A_2.tif,KET-8-7_PFC_4.0_A,0-000-00003_PV,"('0-000-00003_PV', '0-FFF-00049_cFos', '0-FFF-00126_Npas4', '0-FFF-00009_WFA')",True,True,True,True,461.01,250.98,221.0161,262.3828,PV,KET-8-7_PFC_4.0_A_2.tif,KET-8-7,VR5_KET,KET-8,1.1871661,41.366714,126.129715,quad_PV,0.4871516
625,8301,KET-8-7_PFC_4.0_A_2.tif,KET-8-7_PFC_4.0_A,0-000-00006_PV,"('0-000-00006_PV', '0-005-00005_cFos', '0-FFF-00120_Npas4', '0-FFF-00006_WFA')",True,True,True,True,252.54,398.48,221.0161,411.9963,PV,KET-8-7_PFC_4.0_A_2.tif,KET-8-7,VR5_KET,KET-8,1.8641009,190.98021,275.74323,quad_PV,1.0650048
626,8302,KET-8-7_PFC_4.0_A_2.tif,KET-8-7_PFC_4.0_A,0-000-00007_PV,"('0-000-00007_PV', '0-005-00017_cFos', '0-FFF-00004_WFA')",True,True,False,True,94.86,369.31,221.0161,372.3405,PV,KET-8-7_PFC_4.0_A_2.tif,KET-8-7,VR5_KET,KET-8,1.684676,151.32442,236.08742,"PV_coloc_w_cFos,WFA",0.9118419
630,8306,KET-8-7_PFC_4.0_A_2.tif,KET-8-7_PFC_4.0_A,0-000-00011_PV,"('0-000-00011_PV', '0-FFF-00064_cFos', '0-FFF-00005_WFA')",True,True,False,True,149.21,467.4,221.0161,366.6468,PV,KET-8-7_PFC_4.0_A_2.tif,KET-8-7,VR5_KET,KET-8,1.6589144,145.63069,230.39369,"PV_coloc_w_cFos,WFA",0.88985103
632,8308,KET-8-7_PFC_4.0_A_2.tif,KET-8-7_PFC_4.0_A,0-000-00013_PV,"('0-000-00013_PV', '0-FFF-00041_cFos', '0-FFF-00010_Npas4', '0-FFF-00002_WFA')",True,True,True,True,17.45,108.97,221.0161,499.9936,PV,KET-8-7_PFC_4.0_A_2.tif,KET-8-7,VR5_KET,KET-8,2.2622497,278.97748,363.74048,quad_PV,1.4048772
639,8505,KET-8-7_PFC_4.0_B_2.tif,KET-8-7_PFC_4.0_B,0-000-00000_PV,"('0-000-00000_PV', '0-FFF-00055_cFos', '0-FFF-00002_WFA')",True,True,False,True,26.34,262.31,143.4169,215.7293,PV,KET-8-7_PFC_4.0_B_2.tif,KET-8-7,VR5_KET,KET-8,1.5042111,72.31239,157.0754,"PV_coloc_w_cFos,WFA",0.6066733
640,8506,KET-8-7_PFC_4.0_B_2.tif,KET-8-7_PFC_4.0_B,0-000-00001_PV,"('0-000-00001_PV', '0-FFF-00035_cFos', '0-FFF-00054_Npas4', '0-FFF-00004_WFA')",True,True,True,True,227.1,321.75,143.4169,233.8504,PV,KET-8-7_PFC_4.0_B_2.tif,KET-8-7,VR5_KET,KET-8,1.6305637,90.4335,175.1965,quad_PV,0.67666256
659,8525,KET-8-7_PFC_4.0_B_2.tif,KET-8-7_PFC_4.0_B,0-FFF-00031_PV,"('0-FFF-00031_PV', '0-FFF-00019_cFos', '0-FFF-00007_WFA')",True,True,False,True,501.3,181.54,143.4169,118.0337,PV,KET-8-7_PFC_4.0_B_2.tif,KET-8-7,VR5_KET,KET-8,0.8230111,-25.383202,59.3798,"PV_coloc_w_cFos,WFA",0.22934297
663,8674,KET-9-1_PFC_3.6_A_2.tif,KET-9-1_PFC_3.6_A,0-000-00003_PV,"('0-000-00003_PV', '0-FFF-00037_cFos', '0-FFF-00022_Npas4', '0-FFF-00001_WFA')",True,True,True,True,28.61,157.69,261.9719,463.1984,PV,KET-9-1_PFC_3.6_A_2.tif,KET-9-1,FR1_KET,KET-9,1.7681224,201.2265,285.9895,quad_PV,1.1045791
666,8677,KET-9-1_PFC_3.6_A_2.tif,KET-9-1_PFC_3.6_A,0-000-00006_PV,"('0-000-00006_PV', '0-FFF-00030_cFos', '0-200-00002_Npas4', '0-FFF-00004_WFA')",True,True,True,True,380.28,462.32,261.9719,443.3075,PV,KET-9-1_PFC_3.6_A_2.tif,KET-9-1,FR1_KET,KET-9,1.6921948,181.3356,266.0986,quad_PV,1.0277543
670,8681,KET-9-1_PFC_3.6_A_2.tif,KET-9-1_PFC_3.6_A,0-000-00010_PV,"('0-000-00010_PV', '0-FFF-00015_cFos', '0-FFF-00069_Npas4', '0-FFF-00006_WFA')",True,True,True,True,156.28,4.64,261.9719,758.5188,PV,KET-9-1_PFC_3.6_A_2.tif,KET-9-1,FR1_KET,KET-9,2.8954206,496.5469,581.30994,quad_PV,2.245197
671,8826,KET-9-1_PFC_3.6_D_2.tif,KET-9-1_PFC_3.6_D,0-000-00000_PV,"('0-000-00000_PV', '0-FFF-00038_cFos', '0-FFF-00012_Npas4', '0-FFF-00006_WFA')",True,True,True,True,135.23,31.46,124.0568,314.6428,PV,KET-9-1_PFC_3.6_D_2.tif,KET-9-1,FR1_KET,KET-9,2.5362802,190.586,275.349,quad_PV,1.0634822
674,8829,KET-9-1_PFC_3.6_D_2.tif,KET-9-1_PFC_3.6_D,0-000-00003_PV,"('0-000-00003_PV', '0-FFF-00001_cFos', '0-200-00006_Npas4', '0-FFF-00007_WFA')",True,True,True,True,204.0,101.83,124.0568,244.9675,PV,KET-9-1_PFC_3.6_D_2.tif,KET-9-1,FR1_KET,KET-9,1.9746398,120.9107,205.6737,quad_PV,0.7943749
683,8943,KET-9-1_PFC_3.7_B_2.tif,KET-9-1_PFC_3.7_B,0-000-00004_PV,"('0-000-00004_PV', '0-FFF-00024_cFos', '0-FFF-00005_WFA')",True,True,False,True,123.52,253.9,105.425,256.0063,PV,KET-9-1_PFC_3.7_B_2.tif,KET-9-1,FR1_KET,KET-9,2.4283261,150.58128,235.34428,"PV_coloc_w_cFos,WFA",0.9089717
687,9018,KET-9-1_PFC_3.7_C_2.tif,KET-9-1_PFC_3.7_C,0-000-00001_PV,"('0-000-00001_PV', '0-FFF-00010_cFos', '0-FFF-00020_Npas4', '0-FFF-00002_WFA')",True,True,True,True,205.87,260.82,102.4559,159.4107,PV,KET-9-1_PFC_3.7_C_2.tif,KET-9-1,FR1_KET,KET-9,1.5558958,56.954803,141.7178,quad_PV,0.54735756
689,9020,KET-9-1_PFC_3.7_C_2.tif,KET-9-1_PFC_3.7_C,0-000-00003_PV,"('0-000-00003_PV', '0-FFF-00001_cFos', '0-FFF-00001_Npas4', '0-FFF-00001_WFA')",True,True,True,True,46.53,71.71,102.4559,154.5741,PV,KET-9-1_PFC_3.7_C_2.tif,KET-9-1,FR1_KET,KET-9,1.508689,52.118195,136.8812,quad_PV,0.5286771
702,9078,KET-9-2_PFC_3.5_E_2.tif,KET-9-2_PFC_3.5_E,0-000-00000_PV,"('0-000-00000_PV', '0-005-00008_cFos', '0-FFF-00040_Npas4', '0-FFF-00012_WFA')",True,True,True,True,72.36,308.8,216.162,241.6576,PV,KET-9-2_PFC_3.5_E_2.tif,KET-9-2,FR1_SAL,KET-9,1.1179466,25.49559,110.25859,quad_PV,0.42585245
703,9079,KET-9-2_PFC_3.5_E_2.tif,KET-9-2_PFC_3.5_E,0-000-00001_PV,"('0-000-00001_PV', '0-005-00012_cFos', '0-FFF-00047_Npas4', '0-FFF-00014_WFA')",True,True,True,True,432.14,384.17,216.162,478.2923,PV,KET-9-2_PFC_3.5_E_2.tif,KET-9-2,FR1_SAL,KET-9,2.2126567,262.1303,346.8933,quad_PV,1.3398082
706,9082,KET-9-2_PFC_3.5_E_2.tif,KET-9-2_PFC_3.5_E,0-000-00004_PV,"('0-000-00004_PV', '0-FFF-00035_cFos', '0-FFF-00014_Npas4', '0-FFF-00009_WFA')",True,True,True,True,477.56,151.61,216.162,406.9957,PV,KET-9-2_PFC_3.5_E_2.tif,KET-9-2,FR1_SAL,KET-9,1.8828272,190.8337,275.59668,quad_PV,1.0644388
712,9088,KET-9-2_PFC_3.5_E_2.tif,KET-9-2_PFC_3.5_E,0-FFF-00011_PV,"('0-FFF-00011_PV', '0-005-00006_cFos', '0-FFF-00005_Npas4', '0-FFF-00002_WFA')",True,True,True,True,47.53,9.74,216.162,309.9589,PV,KET-9-2_PFC_3.5_E_2.tif,KET-9-2,FR1_SAL,KET-9,1.4339194,93.79689,178.55989,quad_PV,0.689653
716,9247,KET-9-2_PFC_3.7_A_2.tif,KET-9-2_PFC_3.7_A,0-000-00003_PV,"('0-000-00003_PV', '0-FFF-00006_cFos', '0-FFF-00051_Npas4', '0-FFF-00004_WFA')",True,True,True,True,278.11,396.71,202.4613,285.6001,PV,KET-9-2_PFC_3.7_A_2.tif,KET-9-2,FR1_SAL,KET-9,1.4106404,83.138794,167.9018,quad_PV,0.64848816
719,9250,KET-9-2_PFC_3.7_A_2.tif,KET-9-2_PFC_3.7_A,0-000-00007_PV,"('0-000-00007_PV', '0-FFF-00001_cFos', '0-FFF-00035_Npas4', '0-FFF-00002_WFA')",True,True,True,True,340.02,229.81,202.4613,346.0341,PV,KET-9-2_PFC_3.7_A_2.tif,KET-9-2,FR1_SAL,KET-9,1.709137,143.57278,228.33578,quad_PV,0.88190275
722,9253,KET-9-2_PFC_3.7_A_2.tif,KET-9-2_PFC_3.7_A,0-000-00010_PV,"('0-000-00010_PV', '0-FFF-00005_cFos', '0-200-00014_Npas4', '0-FFF-00008_WFA')",True,True,True,True,498.13,156.13,202.4613,274.1047,PV,KET-9-2_PFC_3.7_A_2.tif,KET-9-2,FR1_SAL,KET-9,1.3538622,71.6434,156.4064,quad_PV,0.60408944
728,9339,KET-9-2_PFC_3.7_C_2.tif,KET-9-2_PFC_3.7_C,0-000-00001_PV,"('0-000-00001_PV', '0-005-00003_cFos', '0-FFF-00054_Npas4', '0-FFF-00004_WFA')",True,True,True,True,365.98,501.98,104.1046,248.0019,PV,KET-9-2_PFC_3.7_C_2.tif,KET-9-2,FR1_SAL,KET-9,2.3822377,143.89731,228.66031,quad_PV,0.8831562
733,9344,KET-9-2_PFC_3.7_C_2.tif,KET-9-2_PFC_3.7_C,0-000-00006_PV,"('0-000-00006_PV', '0-005-00001_cFos', '0-FFF-00040_Npas4', '0-FFF-00002_WFA')",True,True,True,True,161.46,344.56,104.1046,217.6462,PV,KET-9-2_PFC_3.7_C_2.tif,KET-9-2,FR1_SAL,KET-9,2.0906491,113.541595,198.3046,quad_PV,0.76591307
737,9421,KET-9-2_PFC_3.7_D_2.tif,KET-9-2_PFC_3.7_D,0-000-00000_PV,"('0-000-00000_PV', '0-005-00004_cFos', '0-200-00003_Npas4', '0-FFF-00006_WFA')",True,True,True,True,332.99,167.74,192.1722,420.4754,PV,KET-9-2_PFC_3.7_D_2.tif,KET-9-2,FR1_SAL,KET-9,2.1880138,228.3032,313.06622,quad_PV,1.2091577
738,9422,KET-9-2_PFC_3.7_D_2.tif,KET-9-2_PFC_3.7_D,0-000-00001_PV,"('0-000-00001_PV', '0-FFF-00030_cFos', '0-FFF-00004_WFA')",True,True,False,True,29.92,180.12,192.1722,277.1694,PV,KET-9-2_PFC_3.7_D_2.tif,KET-9-2,FR1_SAL,KET-9,1.4422971,84.99721,169.76021,"PV_coloc_w_cFos,WFA",0.65566593
742,9426,KET-9-2_PFC_3.7_D_2.tif,KET-9-2_PFC_3.7_D,0-000-00006_PV,"('0-000-00006_PV', '0-005-00002_cFos', '0-FFF-00003_WFA')",True,True,False,True,173.25,305.61,192.1722,300.4447,PV,KET-9-2_PFC_3.7_D_2.tif,KET-9-2,FR1_SAL,KET-9,1.563414,108.27251,193.0355,"PV_coloc_w_cFos,WFA",0.74556226
743,9427,KET-9-2_PFC_3.7_D_2.tif,KET-9-2_PFC_3.7_D,0-000-00007_PV,"('0-000-00007_PV', '0-FFF-00036_cFos', '0-FFF-00001_WFA')",True,True,False,True,263.84,429.53,192.1722,273.6021,PV,KET-9-2_PFC_3.7_D_2.tif,KET-9-2,FR1_SAL,KET-9,1.4237341,81.42992,166.19292,"PV_coloc_w_cFos,WFA",0.64188796
745,9429,KET-9-2_PFC_3.7_D_2.tif,KET-9-2_PFC_3.7_D,0-000-00009_PV,"('0-000-00009_PV', '0-005-00010_cFos', '0-FFF-00006_Npas4', '0-FFF-00005_WFA')",True,True,True,True,259.7,32.53,192.1722,309.3504,PV,KET-9-2_PFC_3.7_D_2.tif,KET-9-2,FR1_SAL,KET-9,1.6097564,117.17821,201.94121,quad_PV,0.7799588
753,9510,KET-9-2_PFC_3.9_B_2.tif,KET-9-2_PFC_3.9_B,0-000-00000_PV,"('0-000-00000_PV', '0-005-00007_cFos', '0-FFF-00042_Npas4', '0-FFF-00007_WFA')",True,True,True,True,177.11,366.65,135.4751,299.6418,PV,KET-9-2_PFC_3.9_B_2.tif,KET-9-2,FR1_SAL,KET-9,2.211785,164.16672,248.92972,quad_PV,0.9614428
754,9511,KET-9-2_PFC_3.9_B_2.tif,KET-9-2_PFC_3.9_B,0-000-00001_PV,"('0-000-00001_PV', '0-005-00010_cFos', '0-FFF-00021_Npas4', '0-FFF-00001_WFA')",True,True,True,True,166.15,165.61,135.4751,187.47,PV,KET-9-2_PFC_3.9_B_2.tif,KET-9-2,FR1_SAL,KET-9,1.3837968,51.994904,136.7579,quad_PV,0.5282009
756,9513,KET-9-2_PFC_3.9_B_2.tif,KET-9-2_PFC_3.9_B,0-000-00003_PV,"('0-000-00003_PV', '0-005-00008_cFos', '0-FFF-00050_Npas4', '0-FFF-00002_WFA')",True,True,True,True,332.5,351.59,135.4751,215.8194,PV,KET-9-2_PFC_3.9_B_2.tif,KET-9-2,FR1_SAL,KET-9,1.5930558,80.3443,165.1073,quad_PV,0.63769495
767,9585,KET-9-4_PFC_3.5_E_2.tif,KET-9-4_PFC_3.5_E,0-000-00001_PV,"('0-000-00001_PV', '0-005-00024_cFos', '0-200-00002_Npas4', '0-FFF-00001_WFA')",True,True,True,True,32.56,100.28,156.2425,604.223,PV,KET-9-4_PFC_3.5_E_2.tif,KET-9-4,FR1_SAL,KET-9,3.8672132,447.98053,532.7435,quad_PV,2.0576186
773,9739,KET-9-4_PFC_3.7_C_2.tif,KET-9-4_PFC_3.7_C,0-000-00001_PV,"('0-000-00001_PV', '0-FFF-00036_cFos', '0-FFF-00025_Npas4', '0-FFF-00003_WFA')",True,True,True,True,377.24,130.8,103.6817,232.7804,PV,KET-9-4_PFC_3.7_C_2.tif,KET-9-4,FR1_SAL,KET-9,2.2451444,129.0987,213.8617,quad_PV,0.8259994
774,9740,KET-9-4_PFC_3.7_C_2.tif,KET-9-4_PFC_3.7_C,0-000-00002_PV,"('0-000-00002_PV', '0-FFF-00050_cFos', '0-FFF-00010_Npas4', '0-FFF-00001_WFA')",True,True,True,True,202.22,120.35,103.6817,176.7625,PV,KET-9-4_PFC_3.7_C_2.tif,KET-9-4,FR1_SAL,KET-9,1.7048572,73.080795,157.8438,quad_PV,0.6096411
781,9890,KET-9-4_PFC_3.7_D_2.tif,KET-9-4_PFC_3.7_D,0-000-00004_PV,"('0-000-00004_PV', '0-005-00002_cFos', '0-200-00000_Npas4', '0-FFF-00005_WFA')",True,True,True,True,387.93,343.49,94.7429,327.522,PV,KET-9-4_PFC_3.7_D_2.tif,KET-9-4,FR1_SAL,KET-9,3.4569557,232.77911,317.5421,quad_PV,1.226445
788,10013,KET-9-4_PFC_4.0_A_2.tif,KET-9-4_PFC_4.0_A,0-000-00005_PV,"('0-000-00005_PV', '0-005-00004_cFos', '0-FFF-00016_Npas4', '0-FFF-00001_WFA')",True,True,True,True,242.77,159.23,96.4527,148.3185,PV,KET-9-4_PFC_4.0_A_2.tif,KET-9-4,FR1_SAL,KET-9,1.537733,51.8658,136.6288,quad_PV,0.5277023
791,10016,KET-9-4_PFC_4.0_A_2.tif,KET-9-4_PFC_4.0_A,0-FFF-00009_PV,"('0-FFF-00009_PV', '0-FFF-00028_cFos', '0-FFF-00004_WFA')",True,True,False,True,450.99,202.8,96.4527,84.1747,PV,KET-9-4_PFC_4.0_A_2.tif,KET-9-4,FR1_SAL,KET-9,0.87270445,-12.278,72.485,"PV_coloc_w_cFos,WFA",0.2799593
793,10157,KET-9-4_PFC_4.0_B_2.tif,KET-9-4_PFC_4.0_B,0-000-00000_PV,"('0-000-00000_PV', '0-005-00010_cFos', '0-FFF-00008_Npas4', '0-FFF-00002_WFA')",True,True,True,True,139.83,45.83,100.7306,166.5965,PV,KET-9-4_PFC_4.0_B_2.tif,KET-9-4,FR1_SAL,KET-9,1.6538818,65.8659,150.6289,quad_PV,0.58177495
797,10161,KET-9-4_PFC_4.0_B_2.tif,KET-9-4_PFC_4.0_B,0-000-00004_PV,"('0-000-00004_PV', '0-FFF-00043_cFos', '0-FFF-00017_Npas4', '0-FFF-00004_WFA')",True,True,True,True,477.13,54.11,100.7306,296.5438,PV,KET-9-4_PFC_4.0_B_2.tif,KET-9-4,FR1_SAL,KET-9,2.9439297,195.8132,280.5762,quad_PV,1.0836712
804,10295,KET-9-5_PFC_3.5_B_2.tif,KET-9-5_PFC_3.5_B,0-000-00002_PV,"('0-000-00002_PV', '0-FFF-00038_cFos', '0-FFF-00018_Npas4', '0-FFF-00002_WFA')",True,True,True,True,259.39,502.61,64.0044,190.4215,PV,KET-9-5_PFC_3.5_B_2.tif,KET-9-5,FR1_SAL,KET-9,2.9751313,126.41709,211.18008,quad_PV,0.8156422
810,10387,KET-9-5_PFC_3.5_C_2.tif,KET-9-5_PFC_3.5_C,0-000-00006_PV,"('0-000-00006_PV', '0-FFF-00043_cFos', '0-FFF-00047_Npas4', '0-FFF-00005_WFA')",True,True,True,True,200.78,362.09,95.1013,142.5381,PV,KET-9-5_PFC_3.5_C_2.tif,KET-9-5,FR1_SAL,KET-9,1.4988028,47.4368,132.1998,quad_PV,0.5105961
818,10395,KET-9-5_PFC_3.5_C_2.tif,KET-9-5_PFC_3.5_C,0-FFF-00015_PV,"('0-FFF-00015_PV', '0-005-00004_cFos', '0-FFF-00004_WFA')",True,True,False,True,471.37,97.58,95.1013,82.101,PV,KET-9-5_PFC_3.5_C_2.tif,KET-9-5,FR1_SAL,KET-9,0.86330044,-13.000305,71.762695,"PV_coloc_w_cFos,WFA",0.27716953
819,10489,KET-9-5_PFC_3.5_D_2.tif,KET-9-5_PFC_3.5_D,0-000-00000_PV,"('0-000-00000_PV', '0-FFF-00071_cFos', '0-FFF-00017_Npas4', '0-FFF-00007_WFA')",True,True,True,True,498.37,111.01,188.5259,303.6773,PV,KET-9-5_PFC_3.5_D_2.tif,KET-9-5,FR1_SAL,KET-9,1.610799,115.15141,199.91441,quad_PV,0.7721307
821,10491,KET-9-5_PFC_3.5_D_2.tif,KET-9-5_PFC_3.5_D,0-000-00002_PV,"('0-000-00002_PV', '0-FFF-00072_cFos', '0-FFF-00006_WFA')",True,True,False,True,475.35,70.09,188.5259,294.4266,PV,KET-9-5_PFC_3.5_D_2.tif,KET-9-5,FR1_SAL,KET-9,1.5617303,105.90071,190.66371,"PV_coloc_w_cFos,WFA",0.7364017
822,10492,KET-9-5_PFC_3.5_D_2.tif,KET-9-5_PFC_3.5_D,0-000-00003_PV,"('0-000-00003_PV', '0-005-00000_cFos', '0-FFF-00042_Npas4', '0-FFF-00001_WFA')",True,True,True,True,435.55,388.51,188.5259,484.3424,PV,KET-9-5_PFC_3.5_D_2.tif,KET-9-5,FR1_SAL,KET-9,2.5691028,295.81653,380.57953,quad_PV,1.4699147
823,10493,KET-9-5_PFC_3.5_D_2.tif,KET-9-5_PFC_3.5_D,0-000-00004_PV,"('0-000-00004_PV', '0-005-00016_cFos', '0-200-00006_Npas4', '0-FFF-00008_WFA')",True,True,True,True,24.37,120.09,188.5259,785.0215,PV,KET-9-5_PFC_3.5_D_2.tif,KET-9-5,FR1_SAL,KET-9,4.163998,596.4956,681.2586,quad_PV,2.6312294
825,10669,KET-9-5_PFC_3.5_E_2.tif,KET-9-5_PFC_3.5_E,0-000-00001_PV,"('0-000-00001_PV', '0-005-00014_cFos', '0-200-00011_Npas4', '0-FFF-00002_WFA')",True,True,True,True,422.35,9.25,121.4777,426.8021,PV,KET-9-5_PFC_3.5_E_2.tif,KET-9-5,FR1_SAL,KET-9,3.5134194,305.3244,390.0874,quad_PV,1.5066371
826,10670,KET-9-5_PFC_3.5_E_2.tif,KET-9-5_PFC_3.5_E,0-FFF-00002_PV,"('0-FFF-00002_PV', '0-005-00030_cFos', '0-FFF-00018_Npas4', '0-FFF-00001_WFA')",True,True,True,True,365.26,8.73,121.4777,121.4484,PV,KET-9-5_PFC_3.5_E_2.tif,KET-9-5,FR1_SAL,KET-9,0.99975884,-0.029296875,84.7337,quad_PV,0.32726753
841,11023,KET-9-6_PFC_3.6_E_2.tif,KET-9-6_PFC_3.6_E,0-000-00004_PV,"('0-000-00004_PV', '0-005-00017_cFos', '0-FFF-00063_Npas4', '0-FFF-00003_WFA')",True,True,True,True,213.58,223.28,98.1571,410.6263,PV,KET-9-6_PFC_3.6_E_2.tif,KET-9-6,FR1_SAL,KET-9,4.183358,312.4692,397.2322,quad_PV,1.5342325
845,11224,KET-9-6_PFC_3.8_B_2.tif,KET-9-6_PFC_3.8_B,0-000-00001_PV,"('0-000-00001_PV', '0-005-00017_cFos', '0-FFF-00102_Npas4', '0-FFF-00002_WFA')",True,True,True,True,347.48,448.69,141.0914,280.7021,PV,KET-9-6_PFC_3.8_B_2.tif,KET-9-6,FR1_SAL,KET-9,1.9895053,139.61069,224.37369,quad_PV,0.8665999
846,11225,KET-9-6_PFC_3.8_B_2.tif,KET-9-6_PFC_3.8_B,0-000-00002_PV,"('0-000-00002_PV', '0-005-00007_cFos', '0-200-00008_Npas4', '0-FFF-00003_WFA')",True,True,True,True,118.05,148.3,141.0914,334.6114,PV,KET-9-6_PFC_3.8_B_2.tif,KET-9-6,FR1_SAL,KET-9,2.371593,193.51999,278.283,quad_PV,1.0748142
847,11226,KET-9-6_PFC_3.8_B_2.tif,KET-9-6_PFC_3.8_B,0-FFF-00003_PV,"('0-FFF-00003_PV', '0-FFF-00090_cFos', '0-FFF-00052_Npas4', '0-FFF-00004_WFA')",True,True,True,True,207.23,205.13,141.0914,122.9573,PV,KET-9-6_PFC_3.8_B_2.tif,KET-9-6,FR1_SAL,KET-9,0.87147266,-18.134102,66.6289,quad_PV,0.2573412
854,11233,KET-9-6_PFC_3.8_B_2.tif,KET-9-6_PFC_3.8_B,0-FFF-00011_PV,"('0-FFF-00011_PV', '0-005-00031_cFos', '0-FFF-00025_Npas4', '0-FFF-00006_WFA')",True,True,True,True,351.7,8.11,141.0914,116.7034,PV,KET-9-6_PFC_3.8_B_2.tif,KET-9-6,FR1_SAL,KET-9,0.8271475,-24.388,60.375,quad_PV,0.23318675
855,11445,KET-9-6_PFC_3.8_C_2.tif,KET-9-6_PFC_3.8_C,0-000-00000_PV,"('0-000-00000_PV', '0-FFF-00075_cFos', '0-FFF-00053_Npas4', '0-FFF-00003_WFA')",True,True,True,True,83.86,178.75,116.127,208.2772,PV,KET-9-6_PFC_3.8_C_2.tif,KET-9-6,FR1_SAL,KET-9,1.7935296,92.15021,176.91321,quad_PV,0.683293
856,11446,KET-9-6_PFC_3.8_C_2.tif,KET-9-6_PFC_3.8_C,0-000-00001_PV,"('0-000-00001_PV', '0-005-00011_cFos', '0-FFF-00081_Npas4', '0-FFF-00005_WFA')",True,True,True,True,278.78,502.2,116.127,194.0487,PV,KET-9-6_PFC_3.8_C_2.tif,KET-9-6,FR1_SAL,KET-9,1.6710042,77.92171,162.68471,quad_PV,0.62833816
865,11642,KET-9-6_PFC_3.8_D_2.tif,KET-9-6_PFC_3.8_D,0-FFF-00003_PV,"('0-FFF-00003_PV', '0-FFF-00069_cFos', '0-200-00011_Npas4', '0-FFF-00003_WFA')",True,True,True,True,392.74,8.09,126.8189,105.8764,PV,KET-9-6_PFC_3.8_D_2.tif,KET-9-6,FR1_SAL,KET-9,0.83486295,-20.942497,63.820503,quad_PV,0.24649434
867,11808,KET-9-6_PFC_4.0_A_2.tif,KET-9-6_PFC_4.0_A,0-000-00001_PV,"('0-000-00001_PV', '0-005-00044_cFos', '0-FFF-00093_Npas4', '0-FFF-00004_WFA')",True,True,True,True,280.09,363.97,183.1683,582.0012,PV,KET-9-6_PFC_4.0_A_2.tif,KET-9-6,FR1_SAL,KET-9,3.1774123,398.83292,483.59592,quad_PV,1.8677956
868,11809,KET-9-6_PFC_4.0_A_2.tif,KET-9-6_PFC_4.0_A,0-000-00002_PV,"('0-000-00002_PV', '0-005-00058_cFos', '0-FFF-00034_Npas4', '0-FFF-00007_WFA')",True,True,True,True,46.59,215.47,183.1683,299.9381,PV,KET-9-6_PFC_4.0_A_2.tif,KET-9-6,FR1_SAL,KET-9,1.6375,116.769806,201.5328,quad_PV,0.7783814
872,16168,PE-12-1_PFC_3.3_D_2.tif,PE-12-1_PFC_3.3_D,0-000-00001_PV,"('0-000-00001_PV', '0-FFF-00052_cFos', '0-FFF-00021_Npas4', '0-FFF-00007_WFA')",True,True,True,True,422.16,79.92,179.7343,394.5472,PV,PE-12-1_PFC_3.3_D_2.tif,PE-12-1,FR1_KET,PE-12,2.1951692,214.81291,299.57593,quad_PV,1.157054
879,16318,PE-12-1_PFC_3.4_E_2.tif,PE-12-1_PFC_3.4_E,0-000-00002_PV,"('0-000-00002_PV', '0-005-00040_cFos', '0-FFF-00006_WFA')",True,True,False,True,167.54,154.21,192.3058,295.9258,PV,PE-12-1_PFC_3.4_E_2.tif,PE-12-1,FR1_KET,PE-12,1.5388293,103.62001,188.38301,"PV_coloc_w_cFos,WFA",0.7275929
885,16535,PE-12-1_PFC_3.5_C_2.tif,PE-12-1_PFC_3.5_C,0-000-00000_PV,"('0-000-00000_PV', '0-FFF-00096_cFos', '0-FFF-00005_WFA')",True,True,False,True,223.98,493.7,244.0528,323.9333,PV,PE-12-1_PFC_3.5_C_2.tif,PE-12-1,FR1_KET,PE-12,1.3273083,79.88049,164.6435,"PV_coloc_w_cFos,WFA",0.6359036
886,16536,PE-12-1_PFC_3.5_C_2.tif,PE-12-1_PFC_3.5_C,0-000-00001_PV,"('0-000-00001_PV', '0-FFF-00072_cFos', '0-FFF-00007_WFA')",True,True,False,True,205.92,168.44,244.0528,397.3982,PV,PE-12-1_PFC_3.5_C_2.tif,PE-12-1,FR1_KET,PE-12,1.6283288,153.3454,238.1084,"PV_coloc_w_cFos,WFA",0.9196476
887,16537,PE-12-1_PFC_3.5_C_2.tif,PE-12-1_PFC_3.5_C,0-000-00002_PV,"('0-000-00002_PV', '0-FFF-00075_cFos', '0-FFF-00062_Npas4', '0-FFF-00006_WFA')",True,True,True,True,121.03,209.2,244.0528,558.7055,PV,PE-12-1_PFC_3.5_C_2.tif,PE-12-1,FR1_KET,PE-12,2.2892814,314.6527,399.4157,quad_PV,1.5426658
888,16538,PE-12-1_PFC_3.5_C_2.tif,PE-12-1_PFC_3.5_C,0-000-00003_PV,"('0-000-00003_PV', '0-FFF-00102_cFos', '0-FFF-00037_Npas4', '0-FFF-00001_WFA')",True,True,True,True,498.04,124.12,244.0528,632.5554,PV,PE-12-1_PFC_3.5_C_2.tif,PE-12-1,FR1_KET,PE-12,2.5918794,388.50262,473.26562,quad_PV,1.8278968
891,16541,PE-12-1_PFC_3.5_C_2.tif,PE-12-1_PFC_3.5_C,0-000-00009_PV,"('0-000-00009_PV', '0-005-00010_cFos', '0-FFF-00054_Npas4', '0-FFF-00002_WFA')",True,True,True,True,396.14,438.32,244.0528,572.3687,PV,PE-12-1_PFC_3.5_C_2.tif,PE-12-1,FR1_KET,PE-12,2.3452659,328.31592,413.07892,quad_PV,1.5954373
892,16542,PE-12-1_PFC_3.5_C_2.tif,PE-12-1_PFC_3.5_C,0-000-00010_PV,"('0-000-00010_PV', '0-FFF-00104_cFos', '0-FFF-00051_Npas4', '0-FFF-00003_WFA')",True,True,True,True,415.2,460.7,244.0528,499.1371,PV,PE-12-1_PFC_3.5_C_2.tif,PE-12-1,FR1_KET,PE-12,2.0452013,255.08429,339.8473,quad_PV,1.3125943
893,16543,PE-12-1_PFC_3.5_C_2.tif,PE-12-1_PFC_3.5_C,0-000-00011_PV,"('0-000-00011_PV', '0-FFF-00093_cFos', '0-FFF-00047_Npas4', '0-FFF-00009_WFA')",True,True,True,True,380.76,349.28,244.0528,531.2228,PV,PE-12-1_PFC_3.5_C_2.tif,PE-12-1,FR1_KET,PE-12,2.1766715,287.16998,371.93298,quad_PV,1.4365191
894,16544,PE-12-1_PFC_3.5_C_2.tif,PE-12-1_PFC_3.5_C,0-000-00012_PV,"('0-000-00012_PV', '0-FFF-00088_cFos', '0-FFF-00008_WFA')",True,True,False,True,417.68,60.31,244.0528,315.222,PV,PE-12-1_PFC_3.5_C_2.tif,PE-12-1,FR1_KET,PE-12,1.2916139,71.16919,155.93219,"PV_coloc_w_cFos,WFA",0.6022579
901,17063,PE-12-2_PFC_3.4_B_2.tif,PE-12-2_PFC_3.4_B,0-000-00001_PV,"('0-000-00001_PV', '0-FFF-00054_cFos', '0-FFF-00003_WFA')",True,True,False,True,80.73,165.49,169.3702,262.9104,PV,PE-12-2_PFC_3.4_B_2.tif,PE-12-2,FR1_KET,PE-12,1.5522826,93.54021,178.3032,"PV_coloc_w_cFos,WFA",0.68866163
908,17212,PE-12-2_PFC_3.5_E_2.tif,PE-12-2_PFC_3.5_E,0-000-00002_PV,"('0-000-00002_PV', '0-FFF-00050_cFos', '0-FFF-00015_Npas4', '0-FFF-00006_WFA')",True,True,True,True,464.76,43.48,178.8555,382.5669,PV,PE-12-2_PFC_3.5_E_2.tif,PE-12-2,FR1_KET,PE-12,2.138972,203.7114,288.4744,quad_PV,1.1141765
910,17214,PE-12-2_PFC_3.5_E_2.tif,PE-12-2_PFC_3.5_E,0-000-00004_PV,"('0-000-00004_PV', '0-005-00029_cFos', '0-FFF-00062_Npas4', '0-FFF-00003_WFA')",True,True,True,True,229.8,472.88,178.8555,466.0869,PV,PE-12-2_PFC_3.5_E_2.tif,PE-12-2,FR1_KET,PE-12,2.6059413,287.2314,371.99442,quad_PV,1.4367564
912,17216,PE-12-2_PFC_3.5_E_2.tif,PE-12-2_PFC_3.5_E,0-000-00006_PV,"('0-000-00006_PV', '0-005-00001_cFos', '0-200-00001_Npas4', '0-FFF-00004_WFA')",True,True,True,True,439.43,445.98,178.8555,251.2088,PV,PE-12-2_PFC_3.5_E_2.tif,PE-12-2,FR1_KET,PE-12,1.4045349,72.3533,157.1163,quad_PV,0.6068313
916,17361,PE-12-2_PFC_3.6_C_2.tif,PE-12-2_PFC_3.6_C,0-000-00000_PV,"('0-000-00000_PV', '0-005-00022_cFos', '0-FFF-00015_Npas4', '0-FFF-00003_WFA')",True,True,True,True,287.85,313.83,155.8976,306.8765,PV,PE-12-2_PFC_3.6_C_2.tif,PE-12-2,FR1_KET,PE-12,1.9684491,150.9789,235.7419,quad_PV,0.91050744
923,17525,PE-12-2_PFC_3.6_D_2.tif,PE-12-2_PFC_3.6_D,0-000-00000_PV,"('0-000-00000_PV', '0-005-00026_cFos', '0-FFF-00019_Npas4', '0-FFF-00001_WFA')",True,True,True,True,154.11,114.83,157.6394,296.5049,PV,PE-12-2_PFC_3.6_D_2.tif,PE-12-2,FR1_KET,PE-12,1.8809061,138.86551,223.62851,quad_PV,0.8637218
927,17529,PE-12-2_PFC_3.6_D_2.tif,PE-12-2_PFC_3.6_D,0-000-00004_PV,"('0-000-00004_PV', '0-FFF-00066_cFos', '0-FFF-00004_WFA')",True,True,False,True,366.87,185.22,157.6394,253.6025,PV,PE-12-2_PFC_3.6_D_2.tif,PE-12-2,FR1_KET,PE-12,1.6087507,95.96309,180.72609,"PV_coloc_w_cFos,WFA",0.6980195
933,17684,PE-12-2_PFC_3.7_A_2.tif,PE-12-2_PFC_3.7_A,0-000-00002_PV,"('0-000-00002_PV', '0-FFF-00050_cFos', '0-FFF-00067_Npas4', '0-FFF-00001_WFA')",True,True,True,True,11.88,429.75,203.6307,299.7729,PV,PE-12-2_PFC_3.7_A_2.tif,PE-12-2,FR1_KET,PE-12,1.47214,96.14218,180.90518,quad_PV,0.6987112
935,17686,PE-12-2_PFC_3.7_A_2.tif,PE-12-2_PFC_3.7_A,0-000-00005_PV,"('0-000-00005_PV', '0-FFF-00044_cFos', '0-FFF-00045_Npas4', '0-FFF-00005_WFA')",True,True,True,True,197.22,329.97,203.6307,476.0818,PV,PE-12-2_PFC_3.7_A_2.tif,PE-12-2,FR1_KET,PE-12,2.3379667,272.45108,357.21408,quad_PV,1.3796703
943,17839,PE-12-7_PFC_3.5_E_2.tif,PE-12-7_PFC_3.5_E,0-000-00001_PV,"('0-000-00001_PV', '0-005-00015_cFos', '0-FFF-00056_Npas4', '0-FFF-00006_WFA')",True,True,True,True,141.8,463.51,216.9688,320.4151,PV,PE-12-7_PFC_3.5_E_2.tif,PE-12-7,FR1_KET,PE-12,1.4767797,103.446304,188.2093,quad_PV,0.726922
945,17841,PE-12-7_PFC_3.5_E_2.tif,PE-12-7_PFC_3.5_E,0-000-00004_PV,"('0-000-00004_PV', '0-FFF-00075_cFos', '0-FFF-00053_Npas4', '0-FFF-00005_WFA')",True,True,True,True,134.31,424.8,216.9688,337.616,PV,PE-12-7_PFC_3.5_E_2.tif,PE-12-7,FR1_KET,PE-12,1.5560578,120.6472,205.4102,quad_PV,0.79335713
947,17843,PE-12-7_PFC_3.5_E_2.tif,PE-12-7_PFC_3.5_E,0-000-00006_PV,"('0-000-00006_PV', '0-005-00051_cFos', '0-200-00000_Npas4', '0-FFF-00003_WFA')",True,True,True,True,315.58,226.69,216.9688,350.2287,PV,PE-12-7_PFC_3.5_E_2.tif,PE-12-7,FR1_KET,PE-12,1.6141893,133.2599,218.0229,quad_PV,0.84207124
948,17844,PE-12-7_PFC_3.5_E_2.tif,PE-12-7_PFC_3.5_E,0-000-00007_PV,"('0-000-00007_PV', '0-005-00004_cFos', '0-FFF-00009_WFA')",True,True,False,True,53.47,202.81,216.9688,411.5853,PV,PE-12-7_PFC_3.5_E_2.tif,PE-12-7,FR1_KET,PE-12,1.8969792,194.6165,279.37952,"PV_coloc_w_cFos,WFA",1.0790492
955,18031,PE-12-7_PFC_3.6_B_2.tif,PE-12-7_PFC_3.6_B,0-000-00003_PV,"('0-000-00003_PV', '0-005-00044_cFos', '0-200-00000_Npas4', '0-001-00002_WFA')",True,True,True,True,326.6,502.4,200.0782,364.2137,PV,PE-12-7_PFC_3.6_B_2.tif,PE-12-7,FR1_KET,PE-12,1.8203568,164.13551,248.89851,quad_PV,0.9613223
961,18037,PE-12-7_PFC_3.6_B_2.tif,PE-12-7_PFC_3.6_B,0-000-00010_PV,"('0-000-00010_PV', '0-FFF-00060_cFos', '0-FFF-00009_WFA')",True,True,False,True,379.48,103.71,200.0782,295.5858,PV,PE-12-7_PFC_3.6_B_2.tif,PE-12-7,FR1_KET,PE-12,1.4773513,95.50758,180.27058,"PV_coloc_w_cFos,WFA",0.6962602
962,18038,PE-12-7_PFC_3.6_B_2.tif,PE-12-7_PFC_3.6_B,0-000-00011_PV,"('0-000-00011_PV', '0-005-00027_cFos', '0-FFF-00093_Npas4', '0-FFF-00015_WFA')",True,True,True,True,154.01,447.16,200.0782,315.9485,PV,PE-12-7_PFC_3.6_B_2.tif,PE-12-7,FR1_KET,PE-12,1.5791249,115.870285,200.63329,quad_PV,0.77490723
963,18039,PE-12-7_PFC_3.6_B_2.tif,PE-12-7_PFC_3.6_B,0-000-00014_PV,"('0-000-00014_PV', '0-005-00030_cFos', '0-FFF-00013_WFA')",True,True,False,True,54.73,28.32,200.0782,256.9462,PV,PE-12-7_PFC_3.6_B_2.tif,PE-12-7,FR1_KET,PE-12,1.2842288,56.867996,141.631,"PV_coloc_w_cFos,WFA",0.5470223
964,18040,PE-12-7_PFC_3.6_B_2.tif,PE-12-7_PFC_3.6_B,0-FFF-00015_PV,"('0-FFF-00015_PV', '0-FFF-00058_cFos', '0-001-00004_WFA')",True,True,False,True,268.85,26.08,200.0782,195.0837,PV,PE-12-7_PFC_3.6_B_2.tif,PE-12-7,FR1_KET,PE-12,0.9750372,-4.994507,79.76849,"PV_coloc_w_cFos,WFA",0.30809036
965,18211,PE-12-7_PFC_3.6_D_2.tif,PE-12-7_PFC_3.6_D,0-000-00000_PV,"('0-000-00000_PV', '0-005-00028_cFos', '0-FFF-00059_Npas4', '0-FFF-00007_WFA')",True,True,True,True,349.21,329.03,137.3821,239.8329,PV,PE-12-7_PFC_3.6_D_2.tif,PE-12-7,FR1_KET,PE-12,1.7457362,102.450806,187.2138,quad_PV,0.72307706
966,18212,PE-12-7_PFC_3.6_D_2.tif,PE-12-7_PFC_3.6_D,0-000-00001_PV,"('0-000-00001_PV', '0-005-00039_cFos', '0-FFF-00054_Npas4', '0-FFF-00001_WFA')",True,True,True,True,420.19,281.01,137.3821,156.3541,PV,PE-12-7_PFC_3.6_D_2.tif,PE-12-7,FR1_KET,PE-12,1.1380966,18.972,103.735,quad_PV,0.40065634
967,18213,PE-12-7_PFC_3.6_D_2.tif,PE-12-7_PFC_3.6_D,0-000-00002_PV,"('0-000-00002_PV', '0-005-00060_cFos', '0-FFF-00004_WFA')",True,True,False,True,131.65,307.64,137.3821,363.4981,PV,PE-12-7_PFC_3.6_D_2.tif,PE-12-7,FR1_KET,PE-12,2.6458914,226.11601,310.87903,"PV_coloc_w_cFos,WFA",1.20071
969,18215,PE-12-7_PFC_3.6_D_2.tif,PE-12-7_PFC_3.6_D,0-000-00004_PV,"('0-000-00004_PV', '0-005-00010_cFos', '0-FFF-00060_Npas4', '0-FFF-00006_WFA')",True,True,True,True,323.29,271.91,137.3821,238.0686,PV,PE-12-7_PFC_3.6_D_2.tif,PE-12-7,FR1_KET,PE-12,1.732894,100.68651,185.44951,quad_PV,0.7162628
977,18413,PE-12-7_PFC_3.7_A_2.tif,PE-12-7_PFC_3.7_A,0-000-00001_PV,"('0-000-00001_PV', '0-FFF-00065_cFos', '0-FFF-00075_Npas4', '0-FFF-00008_WFA')",True,True,True,True,81.12,492.16,187.2918,239.1842,PV,PE-12-7_PFC_3.7_A_2.tif,PE-12-7,FR1_KET,PE-12,1.2770672,51.89241,136.65541,quad_PV,0.52780503
978,18414,PE-12-7_PFC_3.7_A_2.tif,PE-12-7_PFC_3.7_A,0-000-00002_PV,"('0-000-00002_PV', '0-005-00020_cFos', '0-FFF-00004_WFA')",True,True,False,True,179.06,292.09,187.2918,176.6263,PV,PE-12-7_PFC_3.7_A_2.tif,PE-12-7,FR1_KET,PE-12,0.94305414,-10.665497,74.0975,"PV_coloc_w_cFos,WFA",0.28618726
982,18418,PE-12-7_PFC_3.7_A_2.tif,PE-12-7_PFC_3.7_A,0-000-00006_PV,"('0-000-00006_PV', '0-005-00024_cFos', '0-FFF-00039_Npas4', '0-FFF-00002_WFA')",True,True,True,True,123.62,196.69,187.2918,394.4849,PV,PE-12-7_PFC_3.7_A_2.tif,PE-12-7,FR1_KET,PE-12,2.1062584,207.1931,291.95612,quad_PV,1.1276239
983,18419,PE-12-7_PFC_3.7_A_2.tif,PE-12-7_PFC_3.7_A,0-000-00007_PV,"('0-000-00007_PV', '0-FFF-00059_cFos', '0-FFF-00007_Npas4', '0-FFF-00006_WFA')",True,True,True,True,143.58,56.88,187.2918,475.7738,PV,PE-12-7_PFC_3.7_A_2.tif,PE-12-7,FR1_KET,PE-12,2.540281,288.482,373.245,quad_PV,1.4415865
988,18563,PE-12-7_PFC_3.7_C_2.tif,PE-12-7_PFC_3.7_C,0-000-00003_PV,"('0-000-00003_PV', '0-FFF-00067_cFos', '0-FFF-00037_Npas4', '0-FFF-00007_WFA')",True,True,True,True,486.72,238.59,162.3288,173.3871,PV,PE-12-7_PFC_3.7_C_2.tif,PE-12-7,FR1_KET,PE-12,1.0681229,11.058304,95.821304,quad_PV,0.37009123
995,18714,PE-13-11_PFC_3.3_C_2.tif,PE-13-11_PFC_3.3_C,0-000-00003_PV,"('0-000-00003_PV', '0-FFF-00015_cFos', '0-FFF-00031_Npas4', '0-FFF-00008_WFA')",True,True,True,True,112.05,91.2,160.9161,409.5096,PV,PE-13-11_PFC_3.3_C_2.tif,PE-13-11,VR5_SAL,PE-13,2.544864,248.5935,333.3565,quad_PV,1.2875249
997,18782,PE-13-11_PFC_3.5_D_2.tif,PE-13-11_PFC_3.5_D,0-000-00001_PV,"('0-000-00001_PV', '0-FFF-00038_cFos', '0-001-00000_WFA')",True,True,False,True,394.3,431.69,266.1655,1018.4278,PV,PE-13-11_PFC_3.5_D_2.tif,PE-13-11,VR5_SAL,PE-13,3.8262954,752.2623,837.0253,"PV_coloc_w_cFos,WFA",3.2328482
1000,18785,PE-13-11_PFC_3.5_D_2.tif,PE-13-11_PFC_3.5_D,0-000-00007_PV,"('0-000-00007_PV', '0-FFF-00046_cFos', '0-001-00007_WFA')",True,True,False,True,311.84,3.76,266.1655,920.1046,PV,PE-13-11_PFC_3.5_D_2.tif,PE-13-11,VR5_SAL,PE-13,3.4568892,653.9391,738.7021,"PV_coloc_w_cFos,WFA",2.8530939
1001,18786,PE-13-11_PFC_3.5_D_2.tif,PE-13-11_PFC_3.5_D,0-FFF-00008_PV,"('0-FFF-00008_PV', '0-FFF-00048_cFos', '0-FFF-00015_WFA')",True,True,False,True,260.92,104.29,266.1655,262.1629,PV,PE-13-11_PFC_3.5_D_2.tif,PE-13-11,VR5_SAL,PE-13,0.984962,-4.002594,80.76041,"PV_coloc_w_cFos,WFA",0.31192142
1006,18898,PE-13-11_PFC_3.5_E_2.tif,PE-13-11_PFC_3.5_E,0-000-00002_PV,"('0-000-00002_PV', '0-FFF-00005_cFos', '0-FFF-00029_Npas4', '0-FFF-00003_WFA')",True,True,True,True,297.0,256.49,138.1146,426.346,PV,PE-13-11_PFC_3.5_E_2.tif,PE-13-11,VR5_SAL,PE-13,3.0869005,288.2314,372.99442,quad_PV,1.4406186
1008,18968,PE-13-11_PFC_3.7_A_2.tif,PE-13-11_PFC_3.7_A,0-000-00000_PV,"('0-000-00000_PV', '0-FFF-00019_cFos', '0-FFF-00003_WFA')",True,True,False,True,396.14,289.51,120.588,383.5799,PV,PE-13-11_PFC_3.7_A_2.tif,PE-13-11,VR5_SAL,PE-13,3.1809127,262.99188,347.75488,"PV_coloc_w_cFos,WFA",1.3431358
1024,19180,PE-13-1_PFC_3.5_C_2.tif,PE-13-1_PFC_3.5_C,0-000-00001_PV,"('0-000-00001_PV', '0-FFF-00071_cFos', '0-FFF-00019_Npas4', '0-FFF-00007_WFA')",True,True,True,True,89.84,172.94,243.5388,485.2349,PV,PE-13-1_PFC_3.5_C_2.tif,PE-13-1,VR5_SAL,PE-13,1.9924335,241.69609,326.4591,quad_PV,1.2608851
1027,19183,PE-13-1_PFC_3.5_C_2.tif,PE-13-1_PFC_3.5_C,0-000-00004_PV,"('0-000-00004_PV', '0-FFF-00049_cFos', '0-FFF-00009_WFA')",True,True,False,True,12.79,162.17,243.5388,429.7222,PV,PE-13-1_PFC_3.5_C_2.tif,PE-13-1,VR5_SAL,PE-13,1.7644917,186.1834,270.9464,"PV_coloc_w_cFos,WFA",1.046478
1028,19184,PE-13-1_PFC_3.5_C_2.tif,PE-13-1_PFC_3.5_C,0-000-00005_PV,"('0-000-00005_PV', '0-005-00010_cFos', '0-FFF-00005_WFA')",True,True,False,True,177.64,424.01,243.5388,417.4503,PV,PE-13-1_PFC_3.5_C_2.tif,PE-13-1,VR5_SAL,PE-13,1.7141018,173.91148,258.6745,"PV_coloc_w_cFos,WFA",0.9990802
1030,19186,PE-13-1_PFC_3.5_C_2.tif,PE-13-1_PFC_3.5_C,0-000-00007_PV,"('0-000-00007_PV', '0-FFF-00062_cFos', '0-FFF-00028_Npas4', '0-FFF-00001_WFA')",True,True,True,True,265.67,288.71,243.5388,738.6216,PV,PE-13-1_PFC_3.5_C_2.tif,PE-13-1,VR5_SAL,PE-13,3.0328703,495.08276,579.84576,quad_PV,2.239542
1049,19351,PE-13-1_PFC_3.6_E_2.tif,PE-13-1_PFC_3.6_E,0-000-00012_PV,"('0-000-00012_PV', '0-FFF-00029_cFos', '0-FFF-00008_WFA')",True,True,False,True,374.69,458.63,313.8435,578.5297,PV,PE-13-1_PFC_3.6_E_2.tif,PE-13-1,VR5_SAL,PE-13,1.8433701,264.68622,349.44922,"PV_coloc_w_cFos,WFA",1.34968
1052,19537,PE-13-1_PFC_3.7_B_2.tif,PE-13-1_PFC_3.7_B,0-000-00000_PV,"('0-000-00000_PV', '0-FFF-00010_cFos', '0-FFF-00045_Npas4', '0-FFF-00014_WFA')",True,True,True,True,349.3,370.49,255.8228,334.8121,PV,PE-13-1_PFC_3.7_B_2.tif,PE-13-1,VR5_SAL,PE-13,1.3087656,78.9893,163.7523,quad_PV,0.63246155
1055,19540,PE-13-1_PFC_3.7_B_2.tif,PE-13-1_PFC_3.7_B,0-000-00003_PV,"('0-000-00003_PV', '0-FFF-00014_cFos', '0-FFF-00006_WFA')",True,True,False,True,19.56,185.74,255.8228,374.3448,PV,PE-13-1_PFC_3.7_B_2.tif,PE-13-1,VR5_SAL,PE-13,1.4632972,118.52199,203.28499,"PV_coloc_w_cFos,WFA",0.7851489
1056,19541,PE-13-1_PFC_3.7_B_2.tif,PE-13-1_PFC_3.7_B,0-000-00004_PV,"('0-000-00004_PV', '0-FFF-00005_cFos', '0-001-00003_WFA')",True,True,False,True,38.18,140.78,255.8228,326.3522,PV,PE-13-1_PFC_3.7_B_2.tif,PE-13-1,VR5_SAL,PE-13,1.2756963,70.5294,155.2924,"PV_coloc_w_cFos,WFA",0.5997868
1058,19543,PE-13-1_PFC_3.7_B_2.tif,PE-13-1_PFC_3.7_B,0-000-00006_PV,"('0-000-00006_PV', '0-FFF-00007_cFos', '0-FFF-00004_WFA')",True,True,False,True,245.72,11.95,255.8228,608.9669,PV,PE-13-1_PFC_3.7_B_2.tif,PE-13-1,VR5_SAL,PE-13,2.3804247,353.1441,437.9071,"PV_coloc_w_cFos,WFA",1.6913314
1062,19547,PE-13-1_PFC_3.7_B_2.tif,PE-13-1_PFC_3.7_B,0-000-00010_PV,"('0-000-00010_PV', '0-FFF-00011_cFos', '0-FFF-00067_Npas4', '0-FFF-00013_WFA')",True,True,True,True,242.86,464.21,255.8228,298.9478,PV,PE-13-1_PFC_3.7_B_2.tif,PE-13-1,VR5_SAL,PE-13,1.1685737,43.125015,127.888016,quad_PV,0.49394268
1064,19549,PE-13-1_PFC_3.7_B_2.tif,PE-13-1_PFC_3.7_B,0-000-00012_PV,"('0-000-00012_PV', '0-FFF-00009_cFos', '0-FFF-00017_WFA')",True,True,False,True,446.03,110.41,255.8228,289.4162,PV,PE-13-1_PFC_3.7_B_2.tif,PE-13-1,VR5_SAL,PE-13,1.1313151,33.5934,118.3564,"PV_coloc_w_cFos,WFA",0.45712867
1065,19550,PE-13-1_PFC_3.7_B_2.tif,PE-13-1_PFC_3.7_B,0-000-00013_PV,"('0-000-00013_PV', '0-FFF-00017_cFos', '0-200-00010_Npas4', '0-FFF-00010_WFA')",True,True,True,True,412.12,160.24,255.8228,422.9257,PV,PE-13-1_PFC_3.7_B_2.tif,PE-13-1,VR5_SAL,PE-13,1.6531978,167.10289,251.86589,quad_PV,0.9727832
1069,19690,PE-13-1_PFC_3.7_D_2.tif,PE-13-1_PFC_3.7_D,0-000-00001_PV,"('0-000-00001_PV', '0-FFF-00048_cFos', '0-FFF-00061_Npas4', '0-FFF-00008_WFA')",True,True,True,True,367.61,361.41,250.4376,465.3591,PV,PE-13-1_PFC_3.7_D_2.tif,PE-13-1,VR5_SAL,PE-13,1.8581837,214.9215,299.6845,quad_PV,1.1574733
1070,19691,PE-13-1_PFC_3.7_D_2.tif,PE-13-1_PFC_3.7_D,0-000-00003_PV,"('0-000-00003_PV', '0-005-00014_cFos', '0-FFF-00030_Npas4', '0-001-00004_WFA')",True,True,True,True,502.53,22.11,250.4376,426.529,PV,PE-13-1_PFC_3.7_D_2.tif,PE-13-1,VR5_SAL,PE-13,1.7031348,176.09138,260.85437,quad_PV,1.0074995
1084,19851,PE-13-1_PFC_3.9_A_2.tif,PE-13-1_PFC_3.9_A,0-000-00002_PV,"('0-000-00002_PV', '0-FFF-00008_cFos', '0-FFF-00044_Npas4', '0-FFF-00006_WFA')",True,True,True,True,204.64,301.02,264.3458,427.0311,PV,PE-13-1_PFC_3.9_A_2.tif,PE-13-1,VR5_SAL,PE-13,1.6154261,162.6853,247.4483,quad_PV,0.95572114
1088,19855,PE-13-1_PFC_3.9_A_2.tif,PE-13-1_PFC_3.9_A,0-000-00007_PV,"('0-000-00007_PV', '0-FFF-00016_cFos', '0-FFF-00003_WFA')",True,True,False,True,448.85,361.33,264.3458,246.1429,PV,PE-13-1_PFC_3.9_A_2.tif,PE-13-1,VR5_SAL,PE-13,0.9311398,-18.202896,66.560104,"PV_coloc_w_cFos,WFA",0.25707552
1092,19990,PE-13-2_PFC_3.3_C_2.tif,PE-13-2_PFC_3.3_C,0-000-00000_PV,"('0-000-00000_PV', '0-FFF-00046_cFos', '0-FFF-00004_WFA')",True,True,False,True,377.31,240.38,166.7403,226.9496,PV,PE-13-2_PFC_3.3_C_2.tif,PE-13-2,VR5_KET,PE-13,1.3610963,60.209305,144.9723,"PV_coloc_w_cFos,WFA",0.55992746
1095,19993,PE-13-2_PFC_3.3_C_2.tif,PE-13-2_PFC_3.3_C,0-000-00003_PV,"('0-000-00003_PV', '0-FFF-00075_cFos', '0-FFF-00007_WFA')",True,True,False,True,356.04,97.07,166.7403,158.9441,PV,PE-13-2_PFC_3.3_C_2.tif,PE-13-2,VR5_KET,PE-13,0.95324355,-7.7961884,76.96681,"PV_coloc_w_cFos,WFA",0.2972694
1104,20401,PE-13-2_PFC_3.5_E_2.tif,PE-13-2_PFC_3.5_E,0-000-00000_PV,"('0-000-00000_PV', '0-FFF-00055_cFos', '0-FFF-00064_Npas4', '0-FFF-00006_WFA')",True,True,True,True,381.77,427.28,169.7855,493.3967,PV,PE-13-2_PFC_3.5_E_2.tif,PE-13-2,VR5_KET,PE-13,2.9060001,323.6112,408.3742,quad_PV,1.5772663
1112,20746,PE-13-3_PFC_3.3_E_2.tif,PE-13-3_PFC_3.3_E,0-000-00001_PV,"('0-000-00001_PV', '0-FFF-00024_cFos', '0-FFF-00035_Npas4', '0-FFF-00003_WFA')",True,True,True,True,100.52,365.51,135.6964,208.106,PV,PE-13-3_PFC_3.3_E_2.tif,PE-13-3,VR5_KET,PE-13,1.5336148,72.40961,157.1726,quad_PV,0.60704875
1113,20747,PE-13-3_PFC_3.3_E_2.tif,PE-13-3_PFC_3.3_E,0-000-00002_PV,"('0-000-00002_PV', '0-FFF-00003_cFos', '0-FFF-00005_WFA')",True,True,False,True,152.26,308.54,135.6964,471.9857,PV,PE-13-3_PFC_3.3_E_2.tif,PE-13-3,VR5_KET,PE-13,3.478248,336.2893,421.0523,"PV_coloc_w_cFos,WFA",1.626233
1115,20749,PE-13-3_PFC_3.3_E_2.tif,PE-13-3_PFC_3.3_E,0-000-00005_PV,"('0-000-00005_PV', '0-FFF-00023_cFos', '0-FFF-00045_Npas4', '0-FFF-00002_WFA')",True,True,True,True,319.18,261.22,135.6964,533.4822,PV,PE-13-3_PFC_3.3_E_2.tif,PE-13-3,VR5_KET,PE-13,3.9314396,397.78577,482.54877,quad_PV,1.8637512
1134,20983,PE-13-3_PFC_3.5_D_2.tif,PE-13-3_PFC_3.5_D,0-000-00004_PV,"('0-000-00004_PV', '0-FFF-00031_cFos', '0-FFF-00081_Npas4', '0-FFF-00004_WFA')",True,True,True,True,217.65,165.98,126.3107,341.6975,PV,PE-13-3_PFC_3.5_D_2.tif,PE-13-3,VR5_KET,PE-13,2.7052143,215.38681,300.1498,quad_PV,1.1592705
1140,21089,PE-13-3_PFC_3.7_A_2.tif,PE-13-3_PFC_3.7_A,0-000-00001_PV,"('0-000-00001_PV', '0-FFF-00048_cFos', '0-FFF-00099_Npas4', '0-FFF-00007_WFA')",True,True,True,True,427.08,382.26,212.1364,349.7486,PV,PE-13-3_PFC_3.7_A_2.tif,PE-13-3,VR5_KET,PE-13,1.6486968,137.6122,222.3752,quad_PV,0.8588811
1142,21091,PE-13-3_PFC_3.7_A_2.tif,PE-13-3_PFC_3.7_A,0-000-00003_PV,"('0-000-00003_PV', '0-FFF-00019_cFos', '0-FFF-00001_WFA')",True,True,False,True,85.44,72.23,212.1364,360.8099,PV,PE-13-3_PFC_3.7_A_2.tif,PE-13-3,VR5_KET,PE-13,1.7008392,148.67351,233.43651,"PV_coloc_w_cFos,WFA",0.9016033
1143,21092,PE-13-3_PFC_3.7_A_2.tif,PE-13-3_PFC_3.7_A,0-000-00004_PV,"('0-000-00004_PV', '0-FFF-00042_cFos', '0-FFF-00004_WFA')",True,True,False,True,338.11,142.07,212.1364,403.7906,PV,PE-13-3_PFC_3.7_A_2.tif,PE-13-3,VR5_KET,PE-13,1.903448,191.65419,276.41718,"PV_coloc_w_cFos,WFA",1.0676078
1144,21093,PE-13-3_PFC_3.7_A_2.tif,PE-13-3_PFC_3.7_A,0-000-00005_PV,"('0-000-00005_PV', '0-FFF-00027_cFos', '0-FFF-00011_WFA')",True,True,False,True,23.29,237.79,212.1364,416.865,PV,PE-13-3_PFC_3.7_A_2.tif,PE-13-3,VR5_KET,PE-13,1.96508,204.72859,289.49158,"PV_coloc_w_cFos,WFA",1.1181052
1151,21100,PE-13-3_PFC_3.7_A_2.tif,PE-13-3_PFC_3.7_A,0-000-00015_PV,"('0-000-00015_PV', '0-FFF-00044_cFos', '0-FFF-00003_WFA')",True,True,False,True,337.45,83.78,212.1364,508.9618,PV,PE-13-3_PFC_3.7_A_2.tif,PE-13-3,VR5_KET,PE-13,2.3992195,296.82538,381.58838,"PV_coloc_w_cFos,WFA",1.4738113
1155,21285,PE-13-3_PFC_3.7_B_2.tif,PE-13-3_PFC_3.7_B,0-000-00001_PV,"('0-000-00001_PV', '0-FFF-00054_cFos', '0-200-00006_Npas4', '0-FFF-00003_WFA')",True,True,True,True,141.2,91.95,214.9205,279.9923,PV,PE-13-3_PFC_3.7_B_2.tif,PE-13-3,VR5_KET,PE-13,1.3027716,65.07181,149.83481,quad_PV,0.57870793
1159,21289,PE-13-3_PFC_3.7_B_2.tif,PE-13-3_PFC_3.7_B,0-000-00005_PV,"('0-000-00005_PV', '0-FFF-00037_cFos', '0-FFF-00066_Npas4', '0-FFF-00007_WFA')",True,True,True,True,337.21,362.19,214.9205,458.0111,PV,PE-13-3_PFC_3.7_B_2.tif,PE-13-3,VR5_KET,PE-13,2.1310723,243.0906,327.8536,quad_PV,1.2662711
1167,21436,PE-13-6_PFC_3.5_C_2.tif,PE-13-6_PFC_3.5_C,0-000-00000_PV,"('0-000-00000_PV', '0-FFF-00053_cFos', '0-200-00001_Npas4', '0-FFF-00002_WFA')",True,True,True,True,322.26,436.15,163.9615,137.8935,PV,PE-13-6_PFC_3.5_C_2.tif,PE-13-6,VR5_KET,PE-13,0.8410114,-26.068008,58.694992,quad_PV,0.22669804
1177,21539,PE-13-6_PFC_3.6_D_2.tif,PE-13-6_PFC_3.6_D,0-000-00010_PV,"('0-000-00010_PV', '0-FFF-00010_cFos', '0-FFF-00004_WFA')",True,True,False,True,169.54,61.83,260.7877,545.5429,PV,PE-13-6_PFC_3.6_D_2.tif,PE-13-6,VR5_KET,PE-13,2.0919044,284.75522,369.51822,"PV_coloc_w_cFos,WFA",1.4271926
1185,21709,PE-13-6_PFC_3.7_A_2.tif,PE-13-6_PFC_3.7_A,0-000-00002_PV,"('0-000-00002_PV', '0-FFF-00026_cFos', '0-FFF-00064_Npas4', '0-FFF-00003_WFA')",True,True,True,True,397.78,175.63,265.5259,353.9527,PV,PE-13-6_PFC_3.7_A_2.tif,PE-13-6,VR5_KET,PE-13,1.3330251,88.42679,173.18979,quad_PV,0.668912
1187,21711,PE-13-6_PFC_3.7_A_2.tif,PE-13-6_PFC_3.7_A,0-000-00004_PV,"('0-000-00004_PV', '0-FFF-00036_cFos', '0-FFF-00002_WFA')",True,True,False,True,452.1,62.84,265.5259,455.2932,PV,PE-13-6_PFC_3.7_A_2.tif,PE-13-6,VR5_KET,PE-13,1.7146847,189.7673,274.5303,"PV_coloc_w_cFos,WFA",1.0603201
1190,21714,PE-13-6_PFC_3.7_A_2.tif,PE-13-6_PFC_3.7_A,0-000-00007_PV,"('0-000-00007_PV', '0-FFF-00007_cFos', '0-FFF-00032_Npas4', '0-FFF-00008_WFA')",True,True,True,True,230.43,176.16,265.5259,799.6058,PV,PE-13-6_PFC_3.7_A_2.tif,PE-13-6,VR5_KET,PE-13,3.011404,534.07983,618.84283,quad_PV,2.3901606
1191,21715,PE-13-6_PFC_3.7_A_2.tif,PE-13-6_PFC_3.7_A,0-000-00008_PV,"('0-000-00008_PV', '0-FFF-00004_cFos', '0-FFF-00001_WFA')",True,True,False,True,126.83,208.38,265.5259,639.4464,PV,PE-13-6_PFC_3.7_A_2.tif,PE-13-6,VR5_KET,PE-13,2.408226,373.9205,458.6835,"PV_coloc_w_cFos,WFA",1.7715762
1192,21716,PE-13-6_PFC_3.7_A_2.tif,PE-13-6_PFC_3.7_A,0-000-00009_PV,"('0-000-00009_PV', '0-FFF-00013_cFos', '0-FFF-00043_Npas4', '0-FFF-00013_WFA')",True,True,True,True,75.53,298.35,265.5259,531.6201,PV,PE-13-6_PFC_3.7_A_2.tif,PE-13-6,VR5_KET,PE-13,2.0021403,266.0942,350.8572,quad_PV,1.355118
1194,21718,PE-13-6_PFC_3.7_A_2.tif,PE-13-6_PFC_3.7_A,0-000-00011_PV,"('0-000-00011_PV', '0-FFF-00025_cFos', '0-FFF-00068_Npas4', '0-FFF-00006_WFA')",True,True,True,True,432.21,271.15,265.5259,446.5211,PV,PE-13-6_PFC_3.7_A_2.tif,PE-13-6,VR5_KET,PE-13,1.6816479,180.99518,265.75818,quad_PV,1.0264395
1202,21870,PE-13-6_PFC_3.7_B_2.tif,PE-13-6_PFC_3.7_B,0-000-00001_PV,"('0-000-00001_PV', '0-FFF-00011_cFos', '0-200-00001_Npas4', '0-FFF-00001_WFA')",True,True,True,True,218.67,121.87,125.7336,467.5348,PV,PE-13-6_PFC_3.7_B_2.tif,PE-13-6,VR5_KET,PE-13,3.7184556,341.8012,426.5642,quad_PV,1.6475216
1203,21967,PE-13-6_PFC_3.7_E_2.tif,PE-13-6_PFC_3.7_E,0-000-00000_PV,"('0-000-00000_PV', '0-FFF-00018_cFos', '0-FFF-00030_Npas4', '0-FFF-00005_WFA')",True,True,True,True,378.61,176.47,275.6203,293.1612,PV,PE-13-6_PFC_3.7_E_2.tif,PE-13-6,VR5_KET,PE-13,1.0636415,17.540894,102.303894,quad_PV,0.39512897
1204,21968,PE-13-6_PFC_3.7_E_2.tif,PE-13-6_PFC_3.7_E,0-000-00001_PV,"('0-000-00001_PV', '0-FFF-00014_cFos', '0-FFF-00007_WFA')",True,True,False,True,443.98,415.79,275.6203,382.1793,PV,PE-13-6_PFC_3.7_E_2.tif,PE-13-6,VR5_KET,PE-13,1.3866152,106.55899,191.32199,"PV_coloc_w_cFos,WFA",0.7389441
1210,21974,PE-13-6_PFC_3.7_E_2.tif,PE-13-6_PFC_3.7_E,0-000-00007_PV,"('0-000-00007_PV', '0-FFF-00028_cFos', '0-FFF-00001_WFA')",True,True,False,True,76.46,186.06,275.6203,425.2123,PV,PE-13-6_PFC_3.7_E_2.tif,PE-13-6,VR5_KET,PE-13,1.5427467,149.59201,234.35501,"PV_coloc_w_cFos,WFA",0.90515083
1216,22118,PE-13-9_PFC_3.3_C_2.tif,PE-13-9_PFC_3.3_C,0-000-00000_PV,"('0-000-00000_PV', '0-FFF-00028_cFos', '0-FFF-00011_WFA')",True,True,False,True,427.23,494.97,168.0457,435.9561,PV,PE-13-9_PFC_3.3_C_2.tif,PE-13-9,VR5_SAL,PE-13,2.594271,267.9104,352.6734,"PV_coloc_w_cFos,WFA",1.3621327
1219,22121,PE-13-9_PFC_3.3_C_2.tif,PE-13-9_PFC_3.3_C,0-000-00003_PV,"('0-000-00003_PV', '0-FFF-00022_cFos', '0-FFF-00060_Npas4', '0-FFF-00006_WFA')",True,True,True,True,191.15,347.48,168.0457,385.329,PV,PE-13-9_PFC_3.3_C_2.tif,PE-13-9,VR5_SAL,PE-13,2.2930014,217.28331,302.04633,quad_PV,1.1665955
1222,22124,PE-13-9_PFC_3.3_C_2.tif,PE-13-9_PFC_3.3_C,0-000-00006_PV,"('0-000-00006_PV', '0-FFF-00032_cFos', '0-FFF-00010_WFA')",True,True,False,True,97.39,455.2,168.0457,430.0333,PV,PE-13-9_PFC_3.3_C_2.tif,PE-13-9,VR5_SAL,PE-13,2.5590258,261.9876,346.7506,"PV_coloc_w_cFos,WFA",1.3392571
1223,22125,PE-13-9_PFC_3.3_C_2.tif,PE-13-9_PFC_3.3_C,0-000-00007_PV,"('0-000-00007_PV', '0-FFF-00014_cFos', '0-FFF-00005_Npas4', '0-FFF-00012_WFA')",True,True,True,True,41.41,62.4,168.0457,198.4575,PV,PE-13-9_PFC_3.3_C_2.tif,PE-13-9,VR5_SAL,PE-13,1.1809734,30.411804,115.174805,quad_PV,0.44484037
1231,22258,PE-13-9_PFC_3.4_D_2.tif,PE-13-9_PFC_3.4_D,0-000-00000_PV,"('0-000-00000_PV', '0-FFF-00002_cFos', '0-FFF-00002_WFA')",True,True,False,True,195.2,209.47,148.4802,224.4174,PV,PE-13-9_PFC_3.4_D_2.tif,PE-13-9,VR5_SAL,PE-13,1.5114299,75.93721,160.70021,"PV_coloc_w_cFos,WFA",0.6206734
1234,22261,PE-13-9_PFC_3.4_D_2.tif,PE-13-9_PFC_3.4_D,0-000-00003_PV,"('0-000-00003_PV', '0-FFF-00028_cFos', '0-FFF-00011_Npas4', '0-FFF-00008_WFA')",True,True,True,True,367.65,21.24,148.4802,264.0728,PV,PE-13-9_PFC_3.4_D_2.tif,PE-13-9,VR5_SAL,PE-13,1.7785053,115.59262,200.35562,quad_PV,0.77383476
1236,22263,PE-13-9_PFC_3.4_D_2.tif,PE-13-9_PFC_3.4_D,0-000-00005_PV,"('0-000-00005_PV', '0-FFF-00056_cFos', '0-FFF-00007_WFA')",True,True,False,True,176.95,101.01,148.4802,188.222,PV,PE-13-9_PFC_3.4_D_2.tif,PE-13-9,VR5_SAL,PE-13,1.2676573,39.741806,124.50481,"PV_coloc_w_cFos,WFA",0.4808757
1239,22266,PE-13-9_PFC_3.4_D_2.tif,PE-13-9_PFC_3.4_D,0-FFF-00010_PV,"('0-FFF-00010_PV', '0-FFF-00043_cFos', '0-FFF-00060_Npas4', '0-FFF-00001_WFA')",True,True,True,True,212.51,311.44,148.4802,155.8537,PV,PE-13-9_PFC_3.4_D_2.tif,PE-13-9,VR5_SAL,PE-13,1.0496598,7.3735046,92.136505,quad_PV,0.3558594
1242,22390,PE-13-9_PFC_3.5_E_2.tif,PE-13-9_PFC_3.5_E,0-000-00001_PV,"('0-000-00001_PV', '0-FFF-00034_cFos', '0-FFF-00005_WFA')",True,True,False,True,500.42,255.17,164.5722,263.2908,PV,PE-13-9_PFC_3.5_E_2.tif,PE-13-9,VR5_SAL,PE-13,1.5998497,98.7186,183.4816,"PV_coloc_w_cFos,WFA",0.70866215
1245,22393,PE-13-9_PFC_3.5_E_2.tif,PE-13-9_PFC_3.5_E,0-000-00004_PV,"('0-000-00004_PV', '0-FFF-00054_cFos', '0-FFF-00004_WFA')",True,True,False,True,236.36,503.07,164.5722,497.7087,PV,PE-13-9_PFC_3.5_E_2.tif,PE-13-9,VR5_SAL,PE-13,3.0242574,333.1365,417.8995,"PV_coloc_w_cFos,WFA",1.6140559
1249,22397,PE-13-9_PFC_3.5_E_2.tif,PE-13-9_PFC_3.5_E,0-FFF-00011_PV,"('0-FFF-00011_PV', '0-FFF-00008_cFos', '0-FFF-00002_WFA')",True,True,False,True,155.91,125.55,164.5722,174.7375,PV,PE-13-9_PFC_3.5_E_2.tif,PE-13-9,VR5_SAL,PE-13,1.061768,10.165298,94.9283,"PV_coloc_w_cFos,WFA",0.36664218
