,index,filename,image_name,roi_id,true_grouping,dummy_PV,dummy_cFos,dummy_Npas4,dummy_WFA,CoM_x,CoM_y,background,mean_intensity,stain_type,filename,rat_n,treatment,group_name,snr,mean-background,adjusted_mean-background,coloc_stain_type,norm_adjusted_mean-background
7,131,KET-10-12_PFC_3.7_A_4.tif,KET-10-12_PFC_3.7_A,0-FFF-00009_Npas4,"('0-000-00012_PV', '0-005-00036_cFos', '0-FFF-00009_Npas4', '0-FFF-00001_WFA')",True,True,True,True,227.09,161.41,573.9955,517.5275,Npas4,KET-10-12_PFC_3.7_A_4.tif,KET-10-12,FR1_KET,KET-10,0.901623,-56.467957,106.18439,quad_Npas4,0.7852758
39,163,KET-10-12_PFC_3.7_A_4.tif,KET-10-12_PFC_3.7_A,0-FFF-00041_Npas4,"('0-000-00005_PV', '0-FFF-00041_Npas4', '0-FFF-00006_WFA')",True,False,True,True,36.62,458.4,573.9955,471.7593,Npas4,KET-10-12_PFC_3.7_A_4.tif,KET-10-12,FR1_KET,KET-10,0.8218868,-102.236176,60.41617,"Npas4_coloc_w_PV,WFA",0.44680163
42,166,KET-10-12_PFC_3.7_A_4.tif,KET-10-12_PFC_3.7_A,0-FFF-00044_Npas4,"('0-000-00002_PV', '0-FFF-00044_Npas4', '0-FFF-00005_WFA')",True,False,True,True,154.15,476.33,573.9955,524.3108,Npas4,KET-10-12_PFC_3.7_A_4.tif,KET-10-12,FR1_KET,KET-10,0.91344064,-49.684692,112.96765,"Npas4_coloc_w_PV,WFA",0.83544075
43,167,KET-10-12_PFC_3.7_A_4.tif,KET-10-12_PFC_3.7_A,0-FFF-00045_Npas4,"('0-000-00000_PV', '0-FFF-00045_Npas4', '0-FFF-00004_WFA')",True,False,True,True,299.44,422.83,573.9955,544.4831,Npas4,KET-10-12_PFC_3.7_A_4.tif,KET-10-12,FR1_KET,KET-10,0.94858426,-29.51239,133.13995,"Npas4_coloc_w_PV,WFA",0.98462296
56,180,KET-10-12_PFC_3.7_A_4.tif,KET-10-12_PFC_3.7_A,0-FFF-00062_Npas4,"('0-000-00008_PV', '0-005-00017_cFos', '0-FFF-00062_Npas4', '0-FFF-00002_WFA')",True,True,True,True,170.95,312.57,573.9955,503.089,Npas4,KET-10-12_PFC_3.7_A_4.tif,KET-10-12,FR1_KET,KET-10,0.87646854,-70.906494,91.74585,quad_Npas4,0.6784971
73,197,KET-10-12_PFC_3.7_A_4.tif,KET-10-12_PFC_3.7_A,0-FFF-00082_Npas4,"('0-000-00003_PV', '0-FFF-00082_Npas4', '0-FFF-00003_WFA')",True,False,True,True,306.85,306.78,573.9955,485.9018,Npas4,KET-10-12_PFC_3.7_A_4.tif,KET-10-12,FR1_KET,KET-10,0.8465255,-88.09369,74.558655,"Npas4_coloc_w_PV,WFA",0.55139095
84,351,KET-10-12_PFC_3.7_B_4.tif,KET-10-12_PFC_3.7_B,0-FFF-00006_Npas4,"('0-000-00010_PV', '0-005-00059_cFos', '0-FFF-00006_Npas4', '0-FFF-00002_WFA')",True,True,True,True,354.26,78.17,591.0376,493.504,Npas4,KET-10-12_PFC_3.7_B_4.tif,KET-10-12,FR1_KET,KET-10,0.834979,-97.5336,65.118744,quad_Npas4,0.48157904
103,370,KET-10-12_PFC_3.7_B_4.tif,KET-10-12_PFC_3.7_B,0-FFF-00029_Npas4,"('0-000-00001_PV', '0-FFF-00029_Npas4', '0-FFF-00008_WFA')",True,False,True,True,305.49,492.3,591.0376,582.2947,Npas4,KET-10-12_PFC_3.7_B_4.tif,KET-10-12,FR1_KET,KET-10,0.9852075,-8.74292,153.90942,"Npas4_coloc_w_PV,WFA",1.1382215
129,396,KET-10-12_PFC_3.7_B_4.tif,KET-10-12_PFC_3.7_B,0-FFF-00056_Npas4,"('0-000-00004_PV', '0-FFF-00108_cFos', '0-FFF-00056_Npas4', '0-FFF-00005_WFA')",True,True,True,True,348.34,284.66,591.0376,509.6399,Npas4,KET-10-12_PFC_3.7_B_4.tif,KET-10-12,FR1_KET,KET-10,0.86228,-81.397705,81.25464,quad_Npas4,0.6009104
135,402,KET-10-12_PFC_3.7_B_4.tif,KET-10-12_PFC_3.7_B,0-FFF-00062_Npas4,"('0-000-00007_PV', '0-005-00089_cFos', '0-FFF-00062_Npas4', '0-FFF-00007_WFA')",True,True,True,True,429.88,365.95,591.0376,586.1046,Npas4,KET-10-12_PFC_3.7_B_4.tif,KET-10-12,FR1_KET,KET-10,0.9916537,-4.9329834,157.71936,quad_Npas4,1.1663975
165,432,KET-10-12_PFC_3.7_B_4.tif,KET-10-12_PFC_3.7_B,0-FFF-00099_Npas4,"('0-000-00000_PV', '0-FFF-00119_cFos', '0-FFF-00099_Npas4', '0-FFF-00009_WFA')",True,True,True,True,146.83,485.75,591.0376,507.1195,Npas4,KET-10-12_PFC_3.7_B_4.tif,KET-10-12,FR1_KET,KET-10,0.85801566,-83.91809,78.73425,quad_Npas4,0.58227116
203,596,KET-10-12_PFC_3.9_C_4.tif,KET-10-12_PFC_3.9_C,0-FFF-00047_Npas4,"('0-000-00005_PV', '0-005-00004_cFos', '0-FFF-00047_Npas4', '0-FFF-00003_WFA')",True,True,True,True,321.76,410.47,576.1409,526.2519,Npas4,KET-10-12_PFC_3.9_C_4.tif,KET-10-12,FR1_KET,KET-10,0.9134083,-49.889038,112.763306,quad_Npas4,0.83392954
213,606,KET-10-12_PFC_3.9_C_4.tif,KET-10-12_PFC_3.9_C,0-FFF-00058_Npas4,"('0-000-00007_PV', '0-FFF-00065_cFos', '0-FFF-00058_Npas4', '0-FFF-00004_WFA')",True,True,True,True,177.51,393.14,576.1409,478.043,Npas4,KET-10-12_PFC_3.9_C_4.tif,KET-10-12,FR1_KET,KET-10,0.8297328,-98.09793,64.55441,quad_Npas4,0.47740558
275,793,KET-10-12_PFC_3.9_D_4.tif,KET-10-12_PFC_3.9_D,0-FFF-00032_Npas4,"('0-000-00007_PV', '0-005-00001_cFos', '0-FFF-00032_Npas4', '0-FFF-00004_WFA')",True,True,True,True,385.91,101.81,589.3517,549.0688,Npas4,KET-10-12_PFC_3.9_D_4.tif,KET-10-12,FR1_KET,KET-10,0.9316488,-40.282898,122.369446,quad_Npas4,0.90497077
278,796,KET-10-12_PFC_3.9_D_4.tif,KET-10-12_PFC_3.9_D,0-FFF-00037_Npas4,"('0-000-00005_PV', '0-FFF-00037_Npas4', '0-FFF-00001_WFA')",True,False,True,True,240.16,28.48,589.3517,548.0061,Npas4,KET-10-12_PFC_3.9_D_4.tif,KET-10-12,FR1_KET,KET-10,0.92984563,-41.34558,121.30676,"Npas4_coloc_w_PV,WFA",0.89711183
329,983,KET-10-12_PFC_4.0_E_4.tif,KET-10-12_PFC_4.0_E,0-200-00010_Npas4,"('0-000-00010_PV', '0-005-00023_cFos', '0-200-00010_Npas4', '0-FFF-00004_WFA')",True,True,True,True,325.12,198.07,668.8222,594.3338,Npas4,KET-10-12_PFC_4.0_E_4.tif,KET-10-12,FR1_KET,KET-10,0.88862747,-74.4884,88.16394,quad_Npas4,0.65200746
347,1001,KET-10-12_PFC_4.0_E_4.tif,KET-10-12_PFC_4.0_E,0-FFF-00033_Npas4,"('0-000-00005_PV', '0-FFF-00081_cFos', '0-FFF-00033_Npas4', '0-FFF-00002_WFA')",True,True,True,True,298.59,65.19,668.8222,567.6166,Npas4,KET-10-12_PFC_4.0_E_4.tif,KET-10-12,FR1_KET,KET-10,0.8486808,-101.20563,61.446716,quad_Npas4,0.45442295
349,1003,KET-10-12_PFC_4.0_E_4.tif,KET-10-12_PFC_4.0_E,0-FFF-00035_Npas4,"('0-000-00008_PV', '0-005-00017_cFos', '0-FFF-00035_Npas4', '0-FFF-00003_WFA')",True,True,True,True,328.18,87.77,668.8222,537.2282,Npas4,KET-10-12_PFC_4.0_E_4.tif,KET-10-12,FR1_KET,KET-10,0.8032452,-131.594,31.05835,quad_Npas4,0.22968887
573,1495,KET-10-14_PFC_3.4_E_4.tif,KET-10-14_PFC_3.4_E,0-FFF-00048_Npas4,"('0-000-00009_PV', '0-FFF-00048_Npas4', '0-FFF-00002_WFA')",True,False,True,True,292.73,106.11,437.6261,388.952,Npas4,KET-10-14_PFC_3.4_E_4.tif,KET-10-14,VR5_KET,KET-10,0.88877696,-48.674103,113.97824,"Npas4_coloc_w_PV,WFA",0.84291446
627,1549,KET-10-14_PFC_3.4_E_4.tif,KET-10-14_PFC_3.4_E,0-FFF-00103_Npas4,"('0-000-00014_PV', '0-005-00027_cFos', '0-FFF-00103_Npas4', '0-FFF-00007_WFA')",True,True,True,True,318.72,425.34,437.6261,420.2748,Npas4,KET-10-14_PFC_3.4_E_4.tif,KET-10-14,VR5_KET,KET-10,0.96035135,-17.351288,145.30106,quad_Npas4,1.0745592
639,1561,KET-10-14_PFC_3.4_E_4.tif,KET-10-14_PFC_3.4_E,0-FFF-00115_Npas4,"('0-000-00013_PV', '0-FFF-00115_Npas4', '0-FFF-00006_WFA')",True,False,True,True,198.01,379.94,437.6261,374.0194,Npas4,KET-10-14_PFC_3.4_E_4.tif,KET-10-14,VR5_KET,KET-10,0.85465515,-63.60669,99.045654,"Npas4_coloc_w_PV,WFA",0.7324821
748,1785,KET-10-14_PFC_3.6_C_4.tif,KET-10-14_PFC_3.6_C,0-FFF-00108_Npas4,"('0-000-00000_PV', '0-FFF-00079_cFos', '0-FFF-00108_Npas4', '0-FFF-00002_WFA')",True,True,True,True,202.69,381.67,433.5348,366.3081,Npas4,KET-10-14_PFC_3.6_C_4.tif,KET-10-14,VR5_KET,KET-10,0.84493357,-67.226685,95.42566,quad_Npas4,0.70571077
751,1788,KET-10-14_PFC_3.6_C_4.tif,KET-10-14_PFC_3.6_C,0-FFF-00112_Npas4,"('0-000-00002_PV', '0-FFF-00069_cFos', '0-FFF-00112_Npas4', '0-FFF-00003_WFA')",True,True,True,True,53.06,442.91,433.5348,426.2647,Npas4,KET-10-14_PFC_3.6_C_4.tif,KET-10-14,VR5_KET,KET-10,0.9832307,-7.2700806,155.38226,quad_Npas4,1.1491137
765,1894,KET-10-14_PFC_3.7_A_4.tif,KET-10-14_PFC_3.7_A,0-FFF-00014_Npas4,"('0-000-00011_PV', '0-FFF-00064_cFos', '0-FFF-00014_Npas4', '0-FFF-00001_WFA')",True,True,True,True,136.08,91.44,535.6554,523.9281,Npas4,KET-10-14_PFC_3.7_A_4.tif,KET-10-14,VR5_KET,KET-10,0.9781066,-11.727295,150.92505,quad_Npas4,1.1161509
774,1903,KET-10-14_PFC_3.7_A_4.tif,KET-10-14_PFC_3.7_A,0-FFF-00023_Npas4,"('0-000-00007_PV', '0-005-00021_cFos', '0-FFF-00023_Npas4', '0-FFF-00002_WFA')",True,True,True,True,317.45,96.96,535.6554,510.0743,Npas4,KET-10-14_PFC_3.7_A_4.tif,KET-10-14,VR5_KET,KET-10,0.9522434,-25.581085,137.07126,quad_Npas4,1.0136966
781,1910,KET-10-14_PFC_3.7_A_4.tif,KET-10-14_PFC_3.7_A,0-FFF-00030_Npas4,"('0-000-00014_PV', '0-005-00019_cFos', '0-FFF-00030_Npas4', '0-FFF-00005_WFA')",True,True,True,True,368.37,198.3,535.6554,499.6446,Npas4,KET-10-14_PFC_3.7_A_4.tif,KET-10-14,VR5_KET,KET-10,0.93277246,-36.010803,126.64154,quad_Npas4,0.9365646
810,1939,KET-10-14_PFC_3.7_A_4.tif,KET-10-14_PFC_3.7_A,0-FFF-00059_Npas4,"('0-000-00008_PV', '0-005-00014_cFos', '0-FFF-00059_Npas4', '0-FFF-00004_WFA')",True,True,True,True,156.94,237.46,535.6554,490.4681,Npas4,KET-10-14_PFC_3.7_A_4.tif,KET-10-14,VR5_KET,KET-10,0.9156411,-45.187286,117.46506,quad_Npas4,0.86870086
811,1940,KET-10-14_PFC_3.7_A_4.tif,KET-10-14_PFC_3.7_A,0-FFF-00060_Npas4,"('0-000-00002_PV', '0-FFF-00060_Npas4', '0-FFF-00004_WFA')",True,False,True,True,136.98,242.96,535.6554,503.1604,Npas4,KET-10-14_PFC_3.7_A_4.tif,KET-10-14,VR5_KET,KET-10,0.939336,-32.494995,130.15735,"Npas4_coloc_w_PV,WFA",0.9625654
820,1949,KET-10-14_PFC_3.7_A_4.tif,KET-10-14_PFC_3.7_A,0-FFF-00069_Npas4,"('0-000-00003_PV', '0-005-00012_cFos', '0-FFF-00069_Npas4', '0-FFF-00009_WFA')",True,True,True,True,162.69,291.59,535.6554,454.6848,Npas4,KET-10-14_PFC_3.7_A_4.tif,KET-10-14,VR5_KET,KET-10,0.84883827,-80.97058,81.68176,quad_Npas4,0.6040692
903,2171,KET-10-14_PFC_3.7_B_4.tif,KET-10-14_PFC_3.7_B,0-FFF-00043_Npas4,"('0-000-00000_PV', '0-FFF-00096_cFos', '0-FFF-00043_Npas4', '0-FFF-00002_WFA')",True,True,True,True,357.77,180.99,402.3281,365.0469,Npas4,KET-10-14_PFC_3.7_B_4.tif,KET-10-14,VR5_KET,KET-10,0.90733635,-37.28119,125.371155,quad_Npas4,0.9271696
1093,2521,KET-10-1_PFC_3.7_B_4.tif,KET-10-1_PFC_3.7_B,0-FFF-00029_Npas4,"('0-000-00002_PV', '0-FFF-00053_cFos', '0-FFF-00029_Npas4', '0-FFF-00004_WFA')",True,True,True,True,387.43,205.1,282.1105,276.7939,Npas4,KET-10-1_PFC_3.7_B_4.tif,KET-10-1,FR1_SAL,KET-10,0.9811542,-5.3165894,157.33575,quad_Npas4,1.1635605
1109,2537,KET-10-1_PFC_3.7_B_4.tif,KET-10-1_PFC_3.7_B,0-FFF-00045_Npas4,"('0-FFF-00005_PV', '0-005-00019_cFos', '0-FFF-00045_Npas4', '0-FFF-00005_WFA')",True,True,True,True,149.31,341.5,282.1105,267.954,Npas4,KET-10-1_PFC_3.7_B_4.tif,KET-10-1,FR1_SAL,KET-10,0.9498193,-14.156494,148.49585,quad_Npas4,1.0981859
1114,2542,KET-10-1_PFC_3.7_B_4.tif,KET-10-1_PFC_3.7_B,0-FFF-00050_Npas4,"('0-000-00000_PV', '0-FFF-00050_Npas4', '0-FFF-00003_WFA')",True,False,True,True,339.6,334.52,282.1105,298.1377,Npas4,KET-10-1_PFC_3.7_B_4.tif,KET-10-1,FR1_SAL,KET-10,1.0568117,16.027191,178.67953,"Npas4_coloc_w_PV,WFA",1.3214064
1194,2687,KET-10-1_PFC_3.7_C_4.tif,KET-10-1_PFC_3.7_C,0-FFF-00045_Npas4,"('0-000-00000_PV', '0-005-00014_cFos', '0-FFF-00045_Npas4', '0-FFF-00004_WFA')",True,True,True,True,270.21,416.8,307.1851,262.3282,Npas4,KET-10-1_PFC_3.7_C_4.tif,KET-10-1,FR1_SAL,KET-10,0.85397434,-44.856903,117.79544,quad_Npas4,0.8711442
1195,2688,KET-10-1_PFC_3.7_C_4.tif,KET-10-1_PFC_3.7_C,0-FFF-00046_Npas4,"('0-000-00001_PV', '0-005-00025_cFos', '0-FFF-00046_Npas4', '0-FFF-00003_WFA')",True,True,True,True,244.5,372.53,307.1851,259.1946,Npas4,KET-10-1_PFC_3.7_C_4.tif,KET-10-1,FR1_SAL,KET-10,0.8437734,-47.99048,114.661865,quad_Npas4,0.8479701
1243,2813,KET-10-1_PFC_3.8_E_4.tif,KET-10-1_PFC_3.8_E,0-FFF-00031_Npas4,"('0-000-00001_PV', '0-005-00002_cFos', '0-FFF-00031_Npas4', '0-FFF-00002_WFA')",True,True,True,True,150.21,152.0,395.8352,402.1886,Npas4,KET-10-1_PFC_3.8_E_4.tif,KET-10-1,FR1_SAL,KET-10,1.0160506,6.3533936,169.00574,quad_Npas4,1.2498647
1255,2825,KET-10-1_PFC_3.8_E_4.tif,KET-10-1_PFC_3.8_E,0-FFF-00043_Npas4,"('0-000-00002_PV', '0-005-00024_cFos', '0-FFF-00043_Npas4', '0-FFF-00001_WFA')",True,True,True,True,9.84,347.09,395.8352,411.168,Npas4,KET-10-1_PFC_3.8_E_4.tif,KET-10-1,FR1_SAL,KET-10,1.0387353,15.332794,177.98514,quad_Npas4,1.316271
1257,2827,KET-10-1_PFC_3.8_E_4.tif,KET-10-1_PFC_3.8_E,0-FFF-00045_Npas4,"('0-000-00003_PV', '0-FFF-00047_cFos', '0-FFF-00045_Npas4', '0-FFF-00003_WFA')",True,True,True,True,175.03,339.42,395.8352,522.2216,Npas4,KET-10-1_PFC_3.8_E_4.tif,KET-10-1,FR1_SAL,KET-10,1.3192905,126.38641,289.03876,quad_Npas4,2.1375568
1297,2956,KET-10-1_PFC_4.0_A_4.tif,KET-10-1_PFC_4.0_A,0-FFF-00034_Npas4,"('0-000-00011_PV', '0-FFF-00034_Npas4', '0-FFF-00005_WFA')",True,False,True,True,328.47,100.3,716.027,640.5013,Npas4,KET-10-1_PFC_4.0_A_4.tif,KET-10-1,FR1_SAL,KET-10,0.8945212,-75.525696,87.12665,"Npas4_coloc_w_PV,WFA",0.6443363
1302,2961,KET-10-1_PFC_4.0_A_4.tif,KET-10-1_PFC_4.0_A,0-FFF-00042_Npas4,"('0-000-00006_PV', '0-FFF-00042_Npas4', '0-FFF-00001_WFA')",True,False,True,True,246.38,187.63,716.027,626.4303,Npas4,KET-10-1_PFC_4.0_A_4.tif,KET-10-1,FR1_SAL,KET-10,0.8748697,-89.59668,73.055664,"Npas4_coloc_w_PV,WFA",0.54027575
1306,2965,KET-10-1_PFC_4.0_A_4.tif,KET-10-1_PFC_4.0_A,0-FFF-00046_Npas4,"('0-000-00001_PV', '0-FFF-00058_cFos', '0-FFF-00046_Npas4', '0-FFF-00002_WFA')",True,True,True,True,435.35,266.54,716.027,587.358,Npas4,KET-10-1_PFC_4.0_A_4.tif,KET-10-1,FR1_SAL,KET-10,0.8203015,-128.669,33.983337,quad_Npas4,0.2513203
1477,3403,KET-10-2_PFC_3.5_B_4.tif,KET-10-2_PFC_3.5_B,0-FFF-00047_Npas4,"('0-000-00009_PV', '0-005-00020_cFos', '0-FFF-00047_Npas4', '0-FFF-00003_WFA')",True,True,True,True,340.23,194.06,473.4068,466.4731,Npas4,KET-10-2_PFC_3.5_B_4.tif,KET-10-2,VR5_SAL,KET-10,0.98535365,-6.9336853,155.71866,quad_Npas4,1.1516014
1679,3823,KET-10-2_PFC_3.9_C_4.tif,KET-10-2_PFC_3.9_C,0-FFF-00035_Npas4,"('0-000-00000_PV', '0-005-00034_cFos', '0-FFF-00035_Npas4', '0-FFF-00001_WFA')",True,True,True,True,178.71,145.31,516.835,432.8782,Npas4,KET-10-2_PFC_3.9_C_4.tif,KET-10-2,VR5_SAL,KET-10,0.8375559,-83.95682,78.695526,quad_Npas4,0.58198476
1682,3826,KET-10-2_PFC_3.9_C_4.tif,KET-10-2_PFC_3.9_C,0-FFF-00038_Npas4,"('0-000-00008_PV', '0-FFF-00069_cFos', '0-FFF-00038_Npas4', '0-FFF-00005_WFA')",True,True,True,True,184.12,57.02,516.835,430.574,Npas4,KET-10-2_PFC_3.9_C_4.tif,KET-10-2,VR5_SAL,KET-10,0.8330976,-86.26102,76.39133,quad_Npas4,0.56494427
1684,3828,KET-10-2_PFC_3.9_C_4.tif,KET-10-2_PFC_3.9_C,0-FFF-00040_Npas4,"('0-000-00003_PV', '0-FFF-00068_cFos', '0-FFF-00040_Npas4', '0-FFF-00006_WFA')",True,True,True,True,210.42,19.16,516.835,456.6785,Npas4,KET-10-2_PFC_3.9_C_4.tif,KET-10-2,VR5_SAL,KET-10,0.88360596,-60.156525,102.49582,quad_Npas4,0.7579974
1693,3837,KET-10-2_PFC_3.9_C_4.tif,KET-10-2_PFC_3.9_C,0-FFF-00049_Npas4,"('0-000-00010_PV', '0-FFF-00049_Npas4', '0-FFF-00002_WFA')",True,False,True,True,289.46,120.97,516.835,498.7772,Npas4,KET-10-2_PFC_3.9_C_4.tif,KET-10-2,VR5_SAL,KET-10,0.9650608,-18.05783,144.59451,"Npas4_coloc_w_PV,WFA",1.069334
1737,3881,KET-10-2_PFC_3.9_C_4.tif,KET-10-2_PFC_3.9_C,0-FFF-00095_Npas4,"('0-000-00004_PV', '0-FFF-00086_cFos', '0-FFF-00095_Npas4', '0-FFF-00007_WFA')",True,True,True,True,203.0,304.85,516.835,485.8389,Npas4,KET-10-2_PFC_3.9_C_4.tif,KET-10-2,VR5_SAL,KET-10,0.94002706,-30.996124,131.65622,quad_Npas4,0.97365016
1789,4001,KET-10-2_PFC_4.0_E_4.tif,KET-10-2_PFC_4.0_E,0-FFF-00069_Npas4,"('0-FFF-00008_PV', '0-FFF-00069_Npas4', '0-FFF-00004_WFA')",True,False,True,True,349.45,361.75,832.4937,1029.3189,Npas4,KET-10-2_PFC_4.0_E_4.tif,KET-10-2,VR5_SAL,KET-10,1.2364284,196.82513,359.47748,"Npas4_coloc_w_PV,WFA",2.6584792
1801,4013,KET-10-2_PFC_4.0_E_4.tif,KET-10-2_PFC_4.0_E,0-FFF-00087_Npas4,"('0-000-00002_PV', '0-005-00019_cFos', '0-FFF-00087_Npas4', '0-FFF-00005_WFA')",True,True,True,True,305.86,497.54,832.4937,820.8231,Npas4,KET-10-2_PFC_4.0_E_4.tif,KET-10-2,VR5_SAL,KET-10,0.98598117,-11.670593,150.98175,quad_Npas4,1.1165701
1815,4143,KET-10-3_PFC_3.5_C_4.tif,KET-10-3_PFC_3.5_C,0-200-00013_Npas4,"('0-000-00010_PV', '0-005-00052_cFos', '0-200-00013_Npas4', '0-FFF-00005_WFA')",True,True,True,True,27.64,92.02,527.366,491.5609,Npas4,KET-10-3_PFC_3.5_C_4.tif,KET-10-3,VR5_SAL,KET-10,0.9321058,-35.805115,126.84723,quad_Npas4,0.9380858
1932,4395,KET-10-3_PFC_3.7_D_4.tif,KET-10-3_PFC_3.7_D,0-FFF-00038_Npas4,"('0-000-00005_PV', '0-FFF-00038_Npas4', '0-FFF-00002_WFA')",True,False,True,True,209.48,181.38,494.221,404.0934,Npas4,KET-10-3_PFC_3.7_D_4.tif,KET-10-3,VR5_SAL,KET-10,0.8176371,-90.127594,72.52475,"Npas4_coloc_w_PV,WFA",0.5363494
2094,4795,KET-10-3_PFC_3.8_B_4.tif,KET-10-3_PFC_3.8_B,0-FFF-00018_Npas4,"('0-000-00000_PV', '0-005-00017_cFos', '0-FFF-00018_Npas4', '0-FFF-00009_WFA')",True,True,True,True,153.47,30.95,555.7579,455.751,Npas4,KET-10-3_PFC_3.8_B_4.tif,KET-10-3,VR5_SAL,KET-10,0.82005316,-100.00687,62.645477,quad_Npas4,0.46328825
2116,4817,KET-10-3_PFC_3.8_B_4.tif,KET-10-3_PFC_3.8_B,0-FFF-00051_Npas4,"('0-000-00006_PV', '0-005-00057_cFos', '0-FFF-00051_Npas4', '0-FFF-00003_WFA')",True,True,True,True,324.83,400.6,555.7579,468.3653,Npas4,KET-10-3_PFC_3.8_B_4.tif,KET-10-3,VR5_SAL,KET-10,0.8427506,-87.39258,75.259766,quad_Npas4,0.55657595
2156,4952,KET-10-3_PFC_4.0_A_4.tif,KET-10-3_PFC_4.0_A,0-FFF-00022_Npas4,"('0-000-00007_PV', '0-FFF-00022_Npas4', '0-FFF-00001_WFA')",True,False,True,True,367.96,61.63,549.5933,476.2137,Npas4,KET-10-3_PFC_4.0_A_4.tif,KET-10-3,VR5_SAL,KET-10,0.8664838,-73.37961,89.272736,"Npas4_coloc_w_PV,WFA",0.66020745
2160,4956,KET-10-3_PFC_4.0_A_4.tif,KET-10-3_PFC_4.0_A,0-FFF-00029_Npas4,"('0-000-00005_PV', '0-005-00042_cFos', '0-FFF-00029_Npas4', '0-FFF-00009_WFA')",True,True,True,True,114.95,261.46,549.5933,530.8798,Npas4,KET-10-3_PFC_4.0_A_4.tif,KET-10-3,VR5_SAL,KET-10,0.96595025,-18.713501,143.93884,quad_Npas4,1.0644851
2167,4963,KET-10-3_PFC_4.0_A_4.tif,KET-10-3_PFC_4.0_A,0-FFF-00040_Npas4,"('0-000-00002_PV', '0-FFF-00040_Npas4', '0-FFF-00004_WFA')",True,False,True,True,373.78,262.75,549.5933,447.6338,Npas4,KET-10-3_PFC_4.0_A_4.tif,KET-10-3,VR5_SAL,KET-10,0.81448185,-101.95953,60.69281,"Npas4_coloc_w_PV,WFA",0.4488475
2204,5089,KET-10-4_PFC_3.5_C_4.tif,KET-10-4_PFC_3.5_C,0-200-00001_Npas4,"('0-000-00001_PV', '0-200-00001_Npas4', '0-FFF-00002_WFA')",True,False,True,True,164.39,308.39,541.3023,497.778,Npas4,KET-10-4_PFC_3.5_C_4.tif,KET-10-4,VR5_SAL,KET-10,0.9195934,-43.524292,119.12805,"Npas4_coloc_w_PV,WFA",0.8809994
2228,5113,KET-10-4_PFC_3.5_C_4.tif,KET-10-4_PFC_3.5_C,0-FFF-00033_Npas4,"('0-000-00011_PV', '0-005-00002_cFos', '0-FFF-00033_Npas4', '0-FFF-00004_WFA')",True,True,True,True,52.7,243.39,541.3023,529.5105,Npas4,KET-10-4_PFC_3.5_C_4.tif,KET-10-4,VR5_SAL,KET-10,0.9782159,-11.791809,150.86053,quad_Npas4,1.1156738
2247,5132,KET-10-4_PFC_3.5_C_4.tif,KET-10-4_PFC_3.5_C,0-FFF-00053_Npas4,"('0-000-00004_PV', '0-005-00028_cFos', '0-FFF-00053_Npas4', '0-FFF-00003_WFA')",True,True,True,True,215.97,411.28,541.3023,499.9813,Npas4,KET-10-4_PFC_3.5_C_4.tif,KET-10-4,VR5_SAL,KET-10,0.9236637,-41.321014,121.33133,quad_Npas4,0.8972935
2313,5275,KET-10-4_PFC_3.7_D_4.tif,KET-10-4_PFC_3.7_D,0-FFF-00060_Npas4,"('0-000-00001_PV', '0-005-00030_cFos', '0-FFF-00060_Npas4', '0-FFF-00003_WFA')",True,True,True,True,30.25,353.47,459.8068,447.4961,Npas4,KET-10-4_PFC_3.7_D_4.tif,KET-10-4,VR5_SAL,KET-10,0.97322637,-12.310699,150.34164,quad_Npas4,1.1118363
2341,5402,KET-10-4_PFC_3.8_B_4.tif,KET-10-4_PFC_3.8_B,0-FFF-00003_Npas4,"('0-000-00008_PV', '0-FFF-00003_Npas4', '0-FFF-00001_WFA')",True,False,True,True,111.98,66.18,590.1365,479.9536,Npas4,KET-10-4_PFC_3.8_B_4.tif,KET-10-4,VR5_SAL,KET-10,0.81329256,-110.18286,52.469482,"Npas4_coloc_w_PV,WFA",0.3880327
2350,5411,KET-10-4_PFC_3.8_B_4.tif,KET-10-4_PFC_3.8_B,0-FFF-00014_Npas4,"('0-000-00018_PV', '0-FFF-00014_Npas4', '0-FFF-00004_WFA')",True,False,True,True,348.38,113.67,590.1365,590.2992,Npas4,KET-10-4_PFC_3.8_B_4.tif,KET-10-4,VR5_SAL,KET-10,1.0002757,0.16271973,162.81506,"Npas4_coloc_w_PV,WFA",1.2040823
2364,5425,KET-10-4_PFC_3.8_B_4.tif,KET-10-4_PFC_3.8_B,0-FFF-00032_Npas4,"('0-000-00007_PV', '0-FFF-00032_Npas4', '0-FFF-00007_WFA')",True,False,True,True,370.08,471.98,590.1365,495.5589,Npas4,KET-10-4_PFC_3.8_B_4.tif,KET-10-4,VR5_SAL,KET-10,0.8397361,-94.577576,68.07477,"Npas4_coloc_w_PV,WFA",0.50344
2385,5446,KET-10-4_PFC_3.8_B_4.tif,KET-10-4_PFC_3.8_B,0-FFF-00053_Npas4,"('0-000-00006_PV', '0-005-00008_cFos', '0-FFF-00053_Npas4', '0-FFF-00002_WFA')",True,True,True,True,78.32,159.35,590.1365,505.2477,Npas4,KET-10-4_PFC_3.8_B_4.tif,KET-10-4,VR5_SAL,KET-10,0.856154,-84.88876,77.76358,quad_Npas4,0.5750926
2386,5447,KET-10-4_PFC_3.8_B_4.tif,KET-10-4_PFC_3.8_B,0-FFF-00055_Npas4,"('0-000-00015_PV', '0-005-00051_cFos', '0-FFF-00055_Npas4', '0-FFF-00003_WFA')",True,True,True,True,15.65,124.44,590.1365,533.3876,Npas4,KET-10-4_PFC_3.8_B_4.tif,KET-10-4,VR5_SAL,KET-10,0.9038377,-56.7489,105.90344,quad_Npas4,0.7831981
2429,5582,KET-10-4_PFC_3.8_E_4.tif,KET-10-4_PFC_3.8_E,0-200-00021_Npas4,"('0-000-00000_PV', '0-005-00003_cFos', '0-200-00021_Npas4', '0-001-00004_WFA')",True,True,True,True,68.73,81.85,545.811,479.9944,Npas4,KET-10-4_PFC_3.8_E_4.tif,KET-10-4,VR5_SAL,KET-10,0.87941504,-65.81659,96.835754,quad_Npas4,0.71613896
2477,5630,KET-10-4_PFC_3.8_E_4.tif,KET-10-4_PFC_3.8_E,0-FFF-00070_Npas4,"('0-000-00004_PV', '0-FFF-00058_cFos', '0-FFF-00070_Npas4', '0-FFF-00005_WFA')",True,True,True,True,37.45,344.73,545.811,622.8218,Npas4,KET-10-4_PFC_3.8_E_4.tif,KET-10-4,VR5_SAL,KET-10,1.1410943,77.0108,239.66315,quad_Npas4,1.7724044
2521,5674,KET-10-4_PFC_3.8_E_4.tif,KET-10-4_PFC_3.8_E,0-FFF-00119_Npas4,"('0-000-00007_PV', '0-005-00005_cFos', '0-FFF-00119_Npas4', '0-001-00002_WFA')",True,True,True,True,160.99,313.69,545.811,536.3811,Npas4,KET-10-4_PFC_3.8_E_4.tif,KET-10-4,VR5_SAL,KET-10,0.9827232,-9.429871,153.22247,quad_Npas4,1.1331412
2532,5778,KET-10-4_PFC_4.1_A_4.tif,KET-10-4_PFC_4.1_A,0-200-00013_Npas4,"('0-000-00008_PV', '0-005-00001_cFos', '0-200-00013_Npas4', '0-001-00003_WFA')",True,True,True,True,342.16,305.23,678.2619,726.6835,Npas4,KET-10-4_PFC_4.1_A_4.tif,KET-10-4,VR5_SAL,KET-10,1.0713906,48.42157,211.07391,quad_Npas4,1.5609757
2543,5789,KET-10-4_PFC_4.1_A_4.tif,KET-10-4_PFC_4.1_A,0-FFF-00029_Npas4,"('0-FFF-00016_PV', '0-005-00011_cFos', '0-FFF-00029_Npas4', '0-FFF-00007_WFA')",True,True,True,True,22.66,50.24,678.2619,558.9349,Npas4,KET-10-4_PFC_4.1_A_4.tif,KET-10-4,VR5_SAL,KET-10,0.8240694,-119.32703,43.325317,quad_Npas4,0.320408
2553,5799,KET-10-4_PFC_4.1_A_4.tif,KET-10-4_PFC_4.1_A,0-FFF-00039_Npas4,"('0-000-00003_PV', '0-FFF-00039_Npas4', '0-FFF-00006_WFA')",True,False,True,True,322.6,98.27,678.2619,677.4024,Npas4,KET-10-4_PFC_4.1_A_4.tif,KET-10-4,VR5_SAL,KET-10,0.9987328,-0.8594971,161.79285,"Npas4_coloc_w_PV,WFA",1.1965225
2583,5829,KET-10-4_PFC_4.1_A_4.tif,KET-10-4_PFC_4.1_A,0-FFF-00072_Npas4,"('0-000-00002_PV', '0-005-00028_cFos', '0-FFF-00072_Npas4', '0-FFF-00005_WFA')",True,True,True,True,296.7,230.32,678.2619,594.3656,Npas4,KET-10-4_PFC_4.1_A_4.tif,KET-10-4,VR5_SAL,KET-10,0.87630695,-83.8963,78.75604,quad_Npas4,0.58243227
2663,6023,KET-10-5_PFC_3.3_C_4.tif,KET-10-5_PFC_3.3_C,0-FFF-00027_Npas4,"('0-000-00002_PV', '0-005-00025_cFos', '0-FFF-00027_Npas4', '0-FFF-00008_WFA')",True,True,True,True,277.89,67.9,468.8535,411.9502,Npas4,KET-10-5_PFC_3.3_C_4.tif,KET-10-5,FR1_SAL,KET-10,0.8786331,-56.90329,105.749054,quad_Npas4,0.7820564
2734,6094,KET-10-5_PFC_3.3_C_4.tif,KET-10-5_PFC_3.3_C,0-FFF-00102_Npas4,"('0-000-00014_PV', '0-FFF-00102_Npas4', '0-FFF-00003_WFA')",True,False,True,True,162.32,489.06,468.8535,397.6134,Npas4,KET-10-5_PFC_3.3_C_4.tif,KET-10-5,FR1_SAL,KET-10,0.8480547,-71.24008,91.41226,"Npas4_coloc_w_PV,WFA",0.6760301
2746,6245,KET-10-5_PFC_3.5_D_4.tif,KET-10-5_PFC_3.5_D,0-FFF-00010_Npas4,"('0-000-00014_PV', '0-005-00045_cFos', '0-FFF-00010_Npas4', '0-FFF-00002_WFA')",True,True,True,True,124.53,40.12,501.8894,463.3719,Npas4,KET-10-5_PFC_3.5_D_4.tif,KET-10-5,FR1_SAL,KET-10,0.92325497,-38.517517,124.13483,quad_Npas4,0.91802645
2749,6248,KET-10-5_PFC_3.5_D_4.tif,KET-10-5_PFC_3.5_D,0-FFF-00014_Npas4,"('0-000-00013_PV', '0-FFF-00014_Npas4', '0-FFF-00001_WFA')",True,False,True,True,51.55,118.58,501.8894,436.2215,Npas4,KET-10-5_PFC_3.5_D_4.tif,KET-10-5,FR1_SAL,KET-10,0.8691586,-65.66791,96.984436,"Npas4_coloc_w_PV,WFA",0.71723855
2819,6318,KET-10-5_PFC_3.5_D_4.tif,KET-10-5_PFC_3.5_D,0-FFF-00113_Npas4,"('0-000-00006_PV', '0-FFF-00113_Npas4', '0-FFF-00004_WFA')",True,False,True,True,474.51,342.38,501.8894,473.3763,Npas4,KET-10-5_PFC_3.5_D_4.tif,KET-10-5,FR1_SAL,KET-10,0.9431885,-28.513092,134.13925,"Npas4_coloc_w_PV,WFA",0.99201316
2826,6325,KET-10-5_PFC_3.5_D_4.tif,KET-10-5_PFC_3.5_D,0-FFF-00121_Npas4,"('0-000-00015_PV', '0-FFF-00074_cFos', '0-FFF-00121_Npas4', '0-FFF-00005_WFA')",True,True,True,True,310.94,435.9,501.8894,427.5447,Npas4,KET-10-5_PFC_3.5_D_4.tif,KET-10-5,FR1_SAL,KET-10,0.85187036,-74.344696,88.30765,quad_Npas4,0.6530702
2889,6489,KET-10-5_PFC_3.5_E_4.tif,KET-10-5_PFC_3.5_E,0-FFF-00054_Npas4,"('0-000-00005_PV', '0-FFF-00054_Npas4', '0-FFF-00002_WFA')",True,False,True,True,359.21,304.67,436.2149,435.8646,Npas4,KET-10-5_PFC_3.5_E_4.tif,KET-10-5,FR1_SAL,KET-10,0.99919695,-0.35031128,162.30203,"Npas4_coloc_w_PV,WFA",1.2002882
2924,6524,KET-10-5_PFC_3.5_E_4.tif,KET-10-5_PFC_3.5_E,0-FFF-00089_Npas4,"('0-000-00008_PV', '0-005-00038_cFos', '0-FFF-00089_Npas4', '0-FFF-00005_WFA')",True,True,True,True,484.68,356.2,436.2149,383.6384,Npas4,KET-10-5_PFC_3.5_E_4.tif,KET-10-5,FR1_SAL,KET-10,0.87947106,-52.576508,110.075836,quad_Npas4,0.81405467
2950,6646,KET-10-5_PFC_3.9_A_4.tif,KET-10-5_PFC_3.9_A,0-200-00000_Npas4,"('0-000-00003_PV', '0-005-00045_cFos', '0-200-00000_Npas4', '0-FFF-00004_WFA')",True,True,True,True,262.86,503.17,462.8602,506.8259,Npas4,KET-10-5_PFC_3.9_A_4.tif,KET-10-5,FR1_SAL,KET-10,1.094987,43.9657,206.61804,quad_Npas4,1.5280226
2958,6654,KET-10-5_PFC_3.9_A_4.tif,KET-10-5_PFC_3.9_A,0-200-00011_Npas4,"('0-000-00011_PV', '0-FFF-00080_cFos', '0-200-00011_Npas4', '0-FFF-00001_WFA')",True,True,True,True,53.58,176.91,462.8602,472.3052,Npas4,KET-10-5_PFC_3.9_A_4.tif,KET-10-5,FR1_SAL,KET-10,1.0204058,9.445007,172.09735,quad_Npas4,1.2727284
2991,6687,KET-10-5_PFC_3.9_A_4.tif,KET-10-5_PFC_3.9_A,0-FFF-00047_Npas4,"('0-000-00002_PV', '0-FFF-00065_cFos', '0-FFF-00047_Npas4', '0-FFF-00002_WFA')",True,True,True,True,107.55,166.3,462.8602,413.0434,Npas4,KET-10-5_PFC_3.9_A_4.tif,KET-10-5,FR1_SAL,KET-10,0.89237183,-49.816803,112.83554,quad_Npas4,0.8344638
3036,6827,KET-10-5_PFC_3.9_B_4.tif,KET-10-5_PFC_3.9_B,0-FFF-00019_Npas4,"('0-000-00001_PV', '0-005-00022_cFos', '0-FFF-00019_Npas4', '0-FFF-00005_WFA')",True,True,True,True,462.07,76.0,485.796,447.3251,Npas4,KET-10-5_PFC_3.9_B_4.tif,KET-10-5,FR1_SAL,KET-10,0.92080855,-38.470886,124.18146,quad_Npas4,0.9183713
3047,6838,KET-10-5_PFC_3.9_B_4.tif,KET-10-5_PFC_3.9_B,0-FFF-00033_Npas4,"('0-000-00000_PV', '0-FFF-00033_Npas4', '0-FFF-00001_WFA')",True,False,True,True,153.59,132.35,485.796,419.3075,Npas4,KET-10-5_PFC_3.9_B_4.tif,KET-10-5,FR1_SAL,KET-10,0.8631349,-66.488495,96.16385,"Npas4_coloc_w_PV,WFA",0.71116996
3133,7017,KET-8-2_PFC_3.5_E_4.tif,KET-8-2_PFC_3.5_E,0-FFF-00026_Npas4,"('0-000-00006_PV', '0-005-00001_cFos', '0-FFF-00026_Npas4', '0-FFF-00006_WFA')",True,True,True,True,452.85,42.03,428.3388,359.8202,Npas4,KET-8-2_PFC_3.5_E_4.tif,KET-8-2,FR1_SAL,KET-8,0.8400364,-68.518616,94.13373,quad_Npas4,0.6961564
3151,7035,KET-8-2_PFC_3.5_E_4.tif,KET-8-2_PFC_3.5_E,0-FFF-00047_Npas4,"('0-000-00004_PV', '0-FFF-00047_Npas4', '0-FFF-00004_WFA')",True,False,True,True,311.82,174.39,428.3388,365.2964,Npas4,KET-8-2_PFC_3.5_E_4.tif,KET-8-2,FR1_SAL,KET-8,0.8528211,-63.04242,99.609924,"Npas4_coloc_w_PV,WFA",0.73665506
3185,7069,KET-8-2_PFC_3.5_E_4.tif,KET-8-2_PFC_3.5_E,0-FFF-00081_Npas4,"('0-000-00009_PV', '0-005-00022_cFos', '0-FFF-00081_Npas4', '0-FFF-00002_WFA')",True,True,True,True,217.69,287.3,428.3388,401.8898,Npas4,KET-8-2_PFC_3.5_E_4.tif,KET-8-2,FR1_SAL,KET-8,0.93825215,-26.449005,136.20334,quad_Npas4,1.007278
3215,7182,KET-8-2_PFC_3.6_D_4.tif,KET-8-2_PFC_3.6_D,0-FFF-00027_Npas4,"('0-000-00001_PV', '0-FFF-00038_cFos', '0-FFF-00027_Npas4', '0-FFF-00001_WFA')",True,True,True,True,306.75,258.1,422.7593,466.3866,Npas4,KET-8-2_PFC_3.6_D_4.tif,KET-8-2,FR1_SAL,KET-8,1.1031965,43.62729,206.27963,quad_Npas4,1.52552
3272,7346,KET-8-2_PFC_3.7_B_4.tif,KET-8-2_PFC_3.7_B,0-FFF-00016_Npas4,"('0-000-00004_PV', '0-FFF-00016_Npas4', '0-FFF-00005_WFA')",True,False,True,True,90.71,157.34,456.4246,396.8641,Npas4,KET-8-2_PFC_3.7_B_4.tif,KET-8-2,FR1_SAL,KET-8,0.8695064,-59.560486,103.09186,"Npas4_coloc_w_PV,WFA",0.76240534
3421,7615,KET-8-2_PFC_3.7_C_4.tif,KET-8-2_PFC_3.7_C,0-FFF-00048_Npas4,"('0-000-00009_PV', '0-0-00023_cFos', '0-FFF-00048_Npas4', '0-FFF-00001_WFA')",True,True,True,True,178.42,320.4,497.3106,441.013,Npas4,KET-8-2_PFC_3.7_C_4.tif,KET-8-2,FR1_SAL,KET-8,0.8867959,-56.297607,106.35474,quad_Npas4,0.7865356
3431,7625,KET-8-2_PFC_3.7_C_4.tif,KET-8-2_PFC_3.7_C,0-FFF-00058_Npas4,"('0-000-00015_PV', '0-FFF-00058_Npas4', '0-FFF-00007_WFA')",True,False,True,True,272.99,121.9,497.3106,437.3577,Npas4,KET-8-2_PFC_3.7_C_4.tif,KET-8-2,FR1_SAL,KET-8,0.87944573,-59.95291,102.69943,"Npas4_coloc_w_PV,WFA",0.7595032
3440,7634,KET-8-2_PFC_3.7_C_4.tif,KET-8-2_PFC_3.7_C,0-FFF-00067_Npas4,"('0-000-00013_PV', '0-0-00037_cFos', '0-FFF-00067_Npas4', '0-FFF-00005_WFA')",True,True,True,True,372.42,38.87,497.3106,457.0345,Npas4,KET-8-2_PFC_3.7_C_4.tif,KET-8-2,FR1_SAL,KET-8,0.9190121,-40.276123,122.37622,quad_Npas4,0.9050209
3445,7639,KET-8-2_PFC_3.7_C_4.tif,KET-8-2_PFC_3.7_C,0-FFF-00072_Npas4,"('0-000-00001_PV', '0-FFF-00072_Npas4', '0-FFF-00006_WFA')",True,False,True,True,441.98,30.41,497.3106,403.9647,Npas4,KET-8-2_PFC_3.7_C_4.tif,KET-8-2,FR1_SAL,KET-8,0.81229854,-93.34592,69.30643,"Npas4_coloc_w_PV,WFA",0.5125486
3487,7681,KET-8-2_PFC_3.7_C_4.tif,KET-8-2_PFC_3.7_C,0-FFF-00114_Npas4,"('0-000-00002_PV', '0-FFF-00114_Npas4', '0-FFF-00003_WFA')",True,False,True,True,152.09,495.03,497.3106,441.1833,Npas4,KET-8-2_PFC_3.7_C_4.tif,KET-8-2,FR1_SAL,KET-8,0.8871383,-56.12732,106.525024,"Npas4_coloc_w_PV,WFA",0.78779495
3550,7836,KET-8-2_PFC_4.0_A_4.tif,KET-8-2_PFC_4.0_A,0-FFF-00052_Npas4,"('0-000-00001_PV', '0-005-00024_cFos', '0-FFF-00052_Npas4', '0-FFF-00004_WFA')",True,True,True,True,262.25,242.14,606.2476,612.6639,Npas4,KET-8-2_PFC_4.0_A_4.tif,KET-8-2,FR1_SAL,KET-8,1.0105835,6.41626,169.0686,quad_Npas4,1.2503296
3569,7855,KET-8-2_PFC_4.0_A_4.tif,KET-8-2_PFC_4.0_A,0-FFF-00076_Npas4,"('0-FFF-00014_PV', '0-005-00027_cFos', '0-FFF-00076_Npas4', '0-FFF-00003_WFA')",True,True,True,True,331.3,217.5,606.2476,566.0762,Npas4,KET-8-2_PFC_4.0_A_4.tif,KET-8-2,FR1_SAL,KET-8,0.9337376,-40.171448,122.480896,quad_Npas4,0.905795
3580,7866,KET-8-2_PFC_4.0_A_4.tif,KET-8-2_PFC_4.0_A,0-FFF-00090_Npas4,"('0-000-00007_PV', '0-FFF-00090_Npas4', '0-FFF-00005_WFA')",True,False,True,True,369.3,333.31,606.2476,536.6978,Npas4,KET-8-2_PFC_4.0_A_4.tif,KET-8-2,FR1_SAL,KET-8,0.8852782,-69.549805,93.10254,"Npas4_coloc_w_PV,WFA",0.6885303
3672,8070,KET-8-7_PFC_3.5_D_4.tif,KET-8-7_PFC_3.5_D,0-FFF-00071_Npas4,"('0-000-00008_PV', '0-005-00028_cFos', '0-FFF-00071_Npas4', '0-FFF-00005_WFA')",True,True,True,True,357.74,394.87,470.8577,430.0328,Npas4,KET-8-7_PFC_3.5_D_4.tif,KET-8-7,VR5_KET,KET-8,0.91329676,-40.82489,121.82745,quad_Npas4,0.90096253
3691,8195,KET-8-7_PFC_3.7_C_4.tif,KET-8-7_PFC_3.7_C,0-200-00002_Npas4,"('0-000-00014_PV', '0-005-00035_cFos', '0-200-00002_Npas4', '0-FFF-00005_WFA')",True,True,True,True,411.73,160.91,450.8419,551.2455,Npas4,KET-8-7_PFC_3.7_C_4.tif,KET-8-7,VR5_KET,KET-8,1.2227025,100.403595,263.05594,quad_Npas4,1.9454035
3712,8216,KET-8-7_PFC_3.7_C_4.tif,KET-8-7_PFC_3.7_C,0-FFF-00028_Npas4,"('0-000-00003_PV', '0-FFF-00088_cFos', '0-FFF-00028_Npas4', '0-FFF-00004_WFA')",True,True,True,True,363.87,76.93,450.8419,384.6259,Npas4,KET-8-7_PFC_3.7_C_4.tif,KET-8-7,VR5_KET,KET-8,0.8531281,-66.216,96.43634,quad_Npas4,0.71318513
3753,8257,KET-8-7_PFC_3.7_C_4.tif,KET-8-7_PFC_3.7_C,0-FFF-00069_Npas4,"('0-000-00004_PV', '0-005-00012_cFos', '0-FFF-00069_Npas4', '0-FFF-00008_WFA')",True,True,True,True,322.69,321.45,450.8419,399.4174,Npas4,KET-8-7_PFC_3.7_C_4.tif,KET-8-7,VR5_KET,KET-8,0.88593674,-51.4245,111.227844,quad_Npas4,0.8225742
3772,8276,KET-8-7_PFC_3.7_C_4.tif,KET-8-7_PFC_3.7_C,0-FFF-00088_Npas4,"('0-000-00008_PV', '0-005-00024_cFos', '0-FFF-00088_Npas4', '0-FFF-00010_WFA')",True,True,True,True,429.76,440.65,450.8419,388.3855,Npas4,KET-8-7_PFC_3.7_C_4.tif,KET-8-7,VR5_KET,KET-8,0.8614672,-62.45639,100.19595,quad_Npas4,0.74098897
3784,8384,KET-8-7_PFC_4.0_A_4.tif,KET-8-7_PFC_4.0_A,0-FFF-00010_Npas4,"('0-000-00013_PV', '0-FFF-00041_cFos', '0-FFF-00010_Npas4', '0-FFF-00002_WFA')",True,True,True,True,9.68,113.14,549.4353,453.5806,Npas4,KET-8-7_PFC_4.0_A_4.tif,KET-8-7,VR5_KET,KET-8,0.8255396,-95.854706,66.79764,quad_Npas4,0.49399513
3887,8487,KET-8-7_PFC_4.0_A_4.tif,KET-8-7_PFC_4.0_A,0-FFF-00120_Npas4,"('0-000-00006_PV', '0-005-00005_cFos', '0-FFF-00120_Npas4', '0-FFF-00006_WFA')",True,True,True,True,250.84,396.86,549.4353,486.7762,Npas4,KET-8-7_PFC_4.0_A_4.tif,KET-8-7,VR5_KET,KET-8,0.8859573,-62.65909,99.993256,quad_Npas4,0.73949
3893,8493,KET-8-7_PFC_4.0_A_4.tif,KET-8-7_PFC_4.0_A,0-FFF-00126_Npas4,"('0-000-00003_PV', '0-FFF-00049_cFos', '0-FFF-00126_Npas4', '0-FFF-00009_WFA')",True,True,True,True,457.06,250.58,549.4353,459.7584,Npas4,KET-8-7_PFC_4.0_A_4.tif,KET-8-7,VR5_KET,KET-8,0.83678347,-89.67691,72.97543,quad_Npas4,0.5396824
3941,8629,KET-8-7_PFC_4.0_B_4.tif,KET-8-7_PFC_4.0_B,0-FFF-00054_Npas4,"('0-000-00001_PV', '0-FFF-00035_cFos', '0-FFF-00054_Npas4', '0-FFF-00004_WFA')",True,True,True,True,230.4,322.18,514.8323,555.3401,Npas4,KET-8-7_PFC_4.0_B_4.tif,KET-8-7,VR5_KET,KET-8,1.0786816,40.507812,203.16016,quad_Npas4,1.5024502
3978,8754,KET-9-1_PFC_3.6_A_4.tif,KET-9-1_PFC_3.6_A,0-200-00002_Npas4,"('0-000-00006_PV', '0-FFF-00030_cFos', '0-200-00002_Npas4', '0-FFF-00004_WFA')",True,True,True,True,379.18,459.5,356.2833,354.481,Npas4,KET-9-1_PFC_3.6_A_4.tif,KET-9-1,FR1_KET,KET-9,0.99494135,-1.8023071,160.85004,quad_Npas4,1.18955
3995,8771,KET-9-1_PFC_3.6_A_4.tif,KET-9-1_PFC_3.6_A,0-FFF-00019_Npas4,"('0-000-00009_PV', '0-FFF-00019_Npas4', '0-FFF-00005_WFA')",True,False,True,True,309.36,7.84,356.2833,325.8827,Npas4,KET-9-1_PFC_3.6_A_4.tif,KET-9-1,FR1_KET,KET-9,0.914673,-30.400604,132.25174,"Npas4_coloc_w_PV,WFA",0.9780543
3998,8774,KET-9-1_PFC_3.6_A_4.tif,KET-9-1_PFC_3.6_A,0-FFF-00022_Npas4,"('0-000-00003_PV', '0-FFF-00037_cFos', '0-FFF-00022_Npas4', '0-FFF-00001_WFA')",True,True,True,True,30.24,161.12,356.2833,354.0017,Npas4,KET-9-1_PFC_3.6_A_4.tif,KET-9-1,FR1_KET,KET-9,0.99359614,-2.2815857,160.37076,quad_Npas4,1.1860056
4040,8816,KET-9-1_PFC_3.6_A_4.tif,KET-9-1_PFC_3.6_A,0-FFF-00069_Npas4,"('0-000-00010_PV', '0-FFF-00015_cFos', '0-FFF-00069_Npas4', '0-FFF-00006_WFA')",True,True,True,True,157.9,3.36,356.2833,396.1317,Npas4,KET-9-1_PFC_3.6_A_4.tif,KET-9-1,FR1_KET,KET-9,1.1118448,39.84842,202.50076,quad_Npas4,1.4975737
4047,8885,KET-9-1_PFC_3.6_D_4.tif,KET-9-1_PFC_3.6_D,0-200-00006_Npas4,"('0-000-00003_PV', '0-FFF-00001_cFos', '0-200-00006_Npas4', '0-FFF-00007_WFA')",True,True,True,True,205.34,109.39,431.2289,422.9399,Npas4,KET-9-1_PFC_3.6_D_4.tif,KET-9-1,FR1_KET,KET-9,0.98077816,-8.289001,154.36334,quad_Npas4,1.1415784
4053,8891,KET-9-1_PFC_3.6_D_4.tif,KET-9-1_PFC_3.6_D,0-FFF-00012_Npas4,"('0-000-00000_PV', '0-FFF-00038_cFos', '0-FFF-00012_Npas4', '0-FFF-00006_WFA')",True,True,True,True,132.38,27.43,431.2289,396.8223,Npas4,KET-9-1_PFC_3.6_D_4.tif,KET-9-1,FR1_KET,KET-9,0.9202126,-34.406616,128.24573,quad_Npas4,0.9484282
4069,8907,KET-9-1_PFC_3.6_D_4.tif,KET-9-1_PFC_3.6_D,0-FFF-00031_Npas4,"('0-000-00004_PV', '0-FFF-00031_Npas4', '0-FFF-00003_WFA')",True,False,True,True,121.32,304.88,431.2289,431.6637,Npas4,KET-9-1_PFC_3.6_D_4.tif,KET-9-1,FR1_KET,KET-9,1.0010083,0.43478394,163.08713,"Npas4_coloc_w_PV,WFA",1.2060943
4086,8924,KET-9-1_PFC_3.6_D_4.tif,KET-9-1_PFC_3.6_D,0-FFF-00049_Npas4,"('0-000-00001_PV', '0-FFF-00049_Npas4', '0-FFF-00002_WFA')",True,False,True,True,121.02,406.95,431.2289,417.2102,Npas4,KET-9-1_PFC_3.6_D_4.tif,KET-9-1,FR1_KET,KET-9,0.96749127,-14.018707,148.63364,"Npas4_coloc_w_PV,WFA",1.0992049
4121,9010,KET-9-1_PFC_3.7_B_4.tif,KET-9-1_PFC_3.7_B,0-FFF-00028_Npas4,"('0-000-00001_PV', '0-FFF-00028_Npas4', '0-FFF-00001_WFA')",True,False,True,True,400.54,249.12,276.2572,245.6184,Npas4,KET-9-1_PFC_3.7_B_4.tif,KET-9-1,FR1_KET,KET-9,0.88909316,-30.63881,132.01353,"Npas4_coloc_w_PV,WFA",0.97629267
4123,9052,KET-9-1_PFC_3.7_C_4.tif,KET-9-1_PFC_3.7_C,0-FFF-00001_Npas4,"('0-000-00003_PV', '0-FFF-00001_cFos', '0-FFF-00001_Npas4', '0-FFF-00001_WFA')",True,True,True,True,48.11,73.22,383.9264,358.2901,Npas4,KET-9-1_PFC_3.7_C_4.tif,KET-9-1,FR1_KET,KET-9,0.93322605,-25.636292,137.01605,quad_Npas4,1.0132883
4138,9067,KET-9-1_PFC_3.7_C_4.tif,KET-9-1_PFC_3.7_C,0-FFF-00020_Npas4,"('0-000-00001_PV', '0-FFF-00010_cFos', '0-FFF-00020_Npas4', '0-FFF-00002_WFA')",True,True,True,True,209.08,266.29,383.9264,311.3083,Npas4,KET-9-1_PFC_3.7_C_4.tif,KET-9-1,FR1_KET,KET-9,0.8108541,-72.6181,90.03424,quad_Npas4,0.6658391
4149,9164,KET-9-2_PFC_3.5_E_4.tif,KET-9-2_PFC_3.5_E,0-FFF-00005_Npas4,"('0-FFF-00011_PV', '0-005-00006_cFos', '0-FFF-00005_Npas4', '0-FFF-00002_WFA')",True,True,True,True,48.04,11.08,347.8994,411.2361,Npas4,KET-9-2_PFC_3.5_E_4.tif,KET-9-2,FR1_SAL,KET-9,1.1820546,63.3367,225.98904,quad_Npas4,1.671279
4150,9165,KET-9-2_PFC_3.5_E_4.tif,KET-9-2_PFC_3.5_E,0-FFF-00006_Npas4,"('0-000-00007_PV', '0-FFF-00006_Npas4', '0-FFF-00003_WFA')",True,False,True,True,71.49,8.11,347.8994,353.8002,Npas4,KET-9-2_PFC_3.5_E_4.tif,KET-9-2,FR1_SAL,KET-9,1.0169612,5.9007874,168.55313,"Npas4_coloc_w_PV,WFA",1.2465175
4152,9167,KET-9-2_PFC_3.5_E_4.tif,KET-9-2_PFC_3.5_E,0-FFF-00008_Npas4,"('0-000-00005_PV', '0-FFF-00008_Npas4', '0-FFF-00006_WFA')",True,False,True,True,148.43,81.99,347.8994,311.2722,Npas4,KET-9-2_PFC_3.5_E_4.tif,KET-9-2,FR1_SAL,KET-9,0.8947189,-36.627228,126.025116,"Npas4_coloc_w_PV,WFA",0.93200594
4158,9173,KET-9-2_PFC_3.5_E_4.tif,KET-9-2_PFC_3.5_E,0-FFF-00014_Npas4,"('0-000-00004_PV', '0-FFF-00035_cFos', '0-FFF-00014_Npas4', '0-FFF-00009_WFA')",True,True,True,True,477.58,151.24,347.8994,350.723,Npas4,KET-9-2_PFC_3.5_E_4.tif,KET-9-2,FR1_SAL,KET-9,1.0081161,2.823578,165.47592,quad_Npas4,1.2237604
4184,9199,KET-9-2_PFC_3.5_E_4.tif,KET-9-2_PFC_3.5_E,0-FFF-00040_Npas4,"('0-000-00000_PV', '0-005-00008_cFos', '0-FFF-00040_Npas4', '0-FFF-00012_WFA')",True,True,True,True,72.03,316.08,347.8994,350.7147,Npas4,KET-9-2_PFC_3.5_E_4.tif,KET-9-2,FR1_SAL,KET-9,1.0080922,2.815277,165.46762,quad_Npas4,1.223699
4191,9206,KET-9-2_PFC_3.5_E_4.tif,KET-9-2_PFC_3.5_E,0-FFF-00047_Npas4,"('0-000-00001_PV', '0-005-00012_cFos', '0-FFF-00047_Npas4', '0-FFF-00014_WFA')",True,True,True,True,434.36,384.78,347.8994,324.1618,Npas4,KET-9-2_PFC_3.5_E_4.tif,KET-9-2,FR1_SAL,KET-9,0.9317688,-23.73761,138.91473,quad_Npas4,1.0273298
4217,9281,KET-9-2_PFC_3.7_A_4.tif,KET-9-2_PFC_3.7_A,0-200-00003_Npas4,"('0-000-00006_PV', '0-200-00003_Npas4', '0-FFF-00011_WFA')",True,False,True,True,348.21,419.21,428.5094,413.7052,Npas4,KET-9-2_PFC_3.7_A_4.tif,KET-9-2,FR1_SAL,KET-9,0.9654519,-14.804199,147.84814,"Npas4_coloc_w_PV,WFA",1.093396
4223,9287,KET-9-2_PFC_3.7_A_4.tif,KET-9-2_PFC_3.7_A,0-200-00014_Npas4,"('0-000-00010_PV', '0-FFF-00005_cFos', '0-200-00014_Npas4', '0-FFF-00008_WFA')",True,True,True,True,499.04,157.94,428.5094,451.0258,Npas4,KET-9-2_PFC_3.7_A_4.tif,KET-9-2,FR1_SAL,KET-9,1.0525458,22.516388,185.16873,quad_Npas4,1.3693964
4233,9297,KET-9-2_PFC_3.7_A_4.tif,KET-9-2_PFC_3.7_A,0-FFF-00027_Npas4,"('0-000-00005_PV', '0-FFF-00027_Npas4', '0-FFF-00001_WFA')",True,False,True,True,242.22,168.22,428.5094,348.1049,Npas4,KET-9-2_PFC_3.7_A_4.tif,KET-9-2,FR1_SAL,KET-9,0.8123623,-80.40451,82.24783,"Npas4_coloc_w_PV,WFA",0.6082555
4234,9298,KET-9-2_PFC_3.7_A_4.tif,KET-9-2_PFC_3.7_A,0-FFF-00031_Npas4,"('0-000-00014_PV', '0-FFF-00031_Npas4', '0-FFF-00007_WFA')",True,False,True,True,505.58,119.58,428.5094,396.3973,Npas4,KET-9-2_PFC_3.7_A_4.tif,KET-9-2,FR1_SAL,KET-9,0.9250609,-32.11209,130.54025,"Npas4_coloc_w_PV,WFA",0.9653972
4236,9300,KET-9-2_PFC_3.7_A_4.tif,KET-9-2_PFC_3.7_A,0-FFF-00035_Npas4,"('0-000-00007_PV', '0-FFF-00001_cFos', '0-FFF-00035_Npas4', '0-FFF-00002_WFA')",True,True,True,True,340.46,228.82,428.5094,529.6178,Npas4,KET-9-2_PFC_3.7_A_4.tif,KET-9-2,FR1_SAL,KET-9,1.2359537,101.1084,263.76074,quad_Npas4,1.9506158
4241,9305,KET-9-2_PFC_3.7_A_4.tif,KET-9-2_PFC_3.7_A,0-FFF-00040_Npas4,"('0-000-00002_PV', '0-FFF-00040_Npas4', '0-FFF-00003_WFA')",True,False,True,True,186.97,352.75,428.5094,384.1234,Npas4,KET-9-2_PFC_3.7_A_4.tif,KET-9-2,FR1_SAL,KET-9,0.8964177,-44.385986,118.26636,"Npas4_coloc_w_PV,WFA",0.8746268
4251,9315,KET-9-2_PFC_3.7_A_4.tif,KET-9-2_PFC_3.7_A,0-FFF-00051_Npas4,"('0-000-00003_PV', '0-FFF-00006_cFos', '0-FFF-00051_Npas4', '0-FFF-00004_WFA')",True,True,True,True,277.27,396.04,428.5094,422.2483,Npas4,KET-9-2_PFC_3.7_A_4.tif,KET-9-2,FR1_SAL,KET-9,0.98538864,-6.2611084,156.39124,quad_Npas4,1.1565754
4253,9317,KET-9-2_PFC_3.7_A_4.tif,KET-9-2_PFC_3.7_A,0-FFF-00055_Npas4,"('0-FFF-00015_PV', '0-FFF-00055_Npas4', '0-FFF-00005_WFA')",True,False,True,True,310.41,441.58,428.5094,343.1747,Npas4,KET-9-2_PFC_3.7_A_4.tif,KET-9-2,FR1_SAL,KET-9,0.8008569,-85.33469,77.31766,"Npas4_coloc_w_PV,WFA",0.57179487
4254,9318,KET-9-2_PFC_3.7_A_4.tif,KET-9-2_PFC_3.7_A,0-FFF-00056_Npas4,"('0-000-00013_PV', '0-FFF-00056_Npas4', '0-FFF-00006_WFA')",True,False,True,True,312.92,479.89,428.5094,371.9515,Npas4,KET-9-2_PFC_3.7_A_4.tif,KET-9-2,FR1_SAL,KET-9,0.8680125,-56.55789,106.09445,"Npas4_coloc_w_PV,WFA",0.78461075
4284,9396,KET-9-2_PFC_3.7_C_4.tif,KET-9-2_PFC_3.7_C,0-FFF-00040_Npas4,"('0-000-00006_PV', '0-005-00001_cFos', '0-FFF-00040_Npas4', '0-FFF-00002_WFA')",True,True,True,True,163.57,346.28,364.9688,342.7628,Npas4,KET-9-2_PFC_3.7_C_4.tif,KET-9-2,FR1_SAL,KET-9,0.93915635,-22.206024,140.44632,quad_Npas4,1.0386565
4297,9409,KET-9-2_PFC_3.7_C_4.tif,KET-9-2_PFC_3.7_C,0-FFF-00054_Npas4,"('0-000-00001_PV', '0-005-00003_cFos', '0-FFF-00054_Npas4', '0-FFF-00004_WFA')",True,True,True,True,367.36,501.03,364.9688,294.071,Npas4,KET-9-2_PFC_3.7_C_4.tif,KET-9-2,FR1_SAL,KET-9,0.80574286,-70.8978,91.75455,quad_Npas4,0.6785614
4303,9472,KET-9-2_PFC_3.7_D_4.tif,KET-9-2_PFC_3.7_D,0-200-00003_Npas4,"('0-000-00000_PV', '0-005-00004_cFos', '0-200-00003_Npas4', '0-FFF-00006_WFA')",True,True,True,True,333.86,168.22,468.6418,499.1798,Npas4,KET-9-2_PFC_3.7_D_4.tif,KET-9-2,FR1_SAL,KET-9,1.0651628,30.537994,193.19034,quad_Npas4,1.4287195
4306,9475,KET-9-2_PFC_3.7_D_4.tif,KET-9-2_PFC_3.7_D,0-FFF-00006_Npas4,"('0-000-00009_PV', '0-005-00010_cFos', '0-FFF-00006_Npas4', '0-FFF-00005_WFA')",True,True,True,True,259.66,33.12,468.6418,399.2438,Npas4,KET-9-2_PFC_3.7_D_4.tif,KET-9-2,FR1_SAL,KET-9,0.85191673,-69.39801,93.25433,quad_Npas4,0.6896529
4345,9554,KET-9-2_PFC_3.9_B_4.tif,KET-9-2_PFC_3.9_B,0-FFF-00021_Npas4,"('0-000-00001_PV', '0-005-00010_cFos', '0-FFF-00021_Npas4', '0-FFF-00001_WFA')",True,True,True,True,166.48,165.52,423.8559,386.2069,Npas4,KET-9-2_PFC_3.9_B_4.tif,KET-9-2,FR1_SAL,KET-9,0.911175,-37.648987,125.00336,quad_Npas4,0.9244496
4352,9561,KET-9-2_PFC_3.9_B_4.tif,KET-9-2_PFC_3.9_B,0-FFF-00042_Npas4,"('0-000-00000_PV', '0-005-00007_cFos', '0-FFF-00042_Npas4', '0-FFF-00007_WFA')",True,True,True,True,180.1,367.69,423.8559,382.8882,Npas4,KET-9-2_PFC_3.9_B_4.tif,KET-9-2,FR1_SAL,KET-9,0.9033453,-40.96768,121.68466,quad_Npas4,0.8999065
4356,9565,KET-9-2_PFC_3.9_B_4.tif,KET-9-2_PFC_3.9_B,0-FFF-00047_Npas4,"('0-000-00009_PV', '0-FFF-00047_Npas4', '0-FFF-00005_WFA')",True,False,True,True,184.68,413.27,423.8559,355.4483,Npas4,KET-9-2_PFC_3.9_B_4.tif,KET-9-2,FR1_SAL,KET-9,0.8386065,-68.40759,94.24475,"Npas4_coloc_w_PV,WFA",0.69697744
4359,9568,KET-9-2_PFC_3.9_B_4.tif,KET-9-2_PFC_3.9_B,0-FFF-00050_Npas4,"('0-000-00003_PV', '0-005-00008_cFos', '0-FFF-00050_Npas4', '0-FFF-00002_WFA')",True,True,True,True,335.36,343.93,423.8559,433.8123,Npas4,KET-9-2_PFC_3.9_B_4.tif,KET-9-2,FR1_SAL,KET-9,1.0234901,9.95639,172.60873,quad_Npas4,1.2765104
4370,9665,KET-9-4_PFC_3.5_E_4.tif,KET-9-4_PFC_3.5_E,0-200-00002_Npas4,"('0-000-00001_PV', '0-005-00024_cFos', '0-200-00002_Npas4', '0-FFF-00001_WFA')",True,True,True,True,35.25,103.48,296.3395,311.7306,Npas4,KET-9-4_PFC_3.5_E_4.tif,KET-9-4,FR1_SAL,KET-9,1.0519373,15.391083,178.04343,quad_Npas4,1.316702
4385,9680,KET-9-4_PFC_3.5_E_4.tif,KET-9-4_PFC_3.5_E,0-FFF-00017_Npas4,"('0-000-00005_PV', '0-FFF-00017_Npas4', '0-FFF-00005_WFA')",True,False,True,True,103.41,165.37,296.3395,286.9832,Npas4,KET-9-4_PFC_3.5_E_4.tif,KET-9-4,FR1_SAL,KET-9,0.968427,-9.356323,153.29602,"Npas4_coloc_w_PV,WFA",1.1336851
4444,9814,KET-9-4_PFC_3.7_C_4.tif,KET-9-4_PFC_3.7_C,0-FFF-00010_Npas4,"('0-000-00002_PV', '0-FFF-00050_cFos', '0-FFF-00010_Npas4', '0-FFF-00001_WFA')",True,True,True,True,201.15,116.74,299.2843,269.3328,Npas4,KET-9-4_PFC_3.7_C_4.tif,KET-9-4,FR1_SAL,KET-9,0.8999229,-29.951508,132.70084,quad_Npas4,0.9813755
4459,9829,KET-9-4_PFC_3.7_C_4.tif,KET-9-4_PFC_3.7_C,0-FFF-00025_Npas4,"('0-000-00001_PV', '0-FFF-00036_cFos', '0-FFF-00025_Npas4', '0-FFF-00003_WFA')",True,True,True,True,376.22,131.07,299.2843,278.2172,Npas4,KET-9-4_PFC_3.7_C_4.tif,KET-9-4,FR1_SAL,KET-9,0.9296084,-21.067108,141.58524,quad_Npas4,1.0470792
4509,9945,KET-9-4_PFC_3.7_D_4.tif,KET-9-4_PFC_3.7_D,0-200-00000_Npas4,"('0-000-00004_PV', '0-005-00002_cFos', '0-200-00000_Npas4', '0-FFF-00005_WFA')",True,True,True,True,389.03,343.51,267.7741,249.4941,Npas4,KET-9-4_PFC_3.7_D_4.tif,KET-9-4,FR1_SAL,KET-9,0.9317334,-18.280014,144.37233,quad_Npas4,1.0676908
4572,10073,KET-9-4_PFC_4.0_A_4.tif,KET-9-4_PFC_4.0_A,0-FFF-00012_Npas4,"('0-000-00002_PV', '0-FFF-00012_Npas4', '0-FFF-00006_WFA')",True,False,True,True,78.22,198.0,272.2215,228.4608,Npas4,KET-9-4_PFC_4.0_A_4.tif,KET-9-4,FR1_SAL,KET-9,0.839246,-43.760696,118.89165,"Npas4_coloc_w_PV,WFA",0.87925106
4576,10077,KET-9-4_PFC_4.0_A_4.tif,KET-9-4_PFC_4.0_A,0-FFF-00016_Npas4,"('0-000-00005_PV', '0-005-00004_cFos', '0-FFF-00016_Npas4', '0-FFF-00001_WFA')",True,True,True,True,244.93,159.77,272.2215,254.8195,Npas4,KET-9-4_PFC_4.0_A_4.tif,KET-9-4,FR1_SAL,KET-9,0.93607414,-17.401993,145.25035,quad_Npas4,1.0741842
4624,10125,KET-9-4_PFC_4.0_A_4.tif,KET-9-4_PFC_4.0_A,0-FFF-00065_Npas4,"('0-000-00004_PV', '0-FFF-00065_Npas4', '0-FFF-00005_WFA')",True,False,True,True,327.8,350.0,272.2215,236.5956,Npas4,KET-9-4_PFC_4.0_A_4.tif,KET-9-4,FR1_SAL,KET-9,0.869129,-35.6259,127.02644,"Npas4_coloc_w_PV,WFA",0.9394111
4654,10227,KET-9-4_PFC_4.0_B_4.tif,KET-9-4_PFC_4.0_B,0-FFF-00008_Npas4,"('0-000-00000_PV', '0-005-00010_cFos', '0-FFF-00008_Npas4', '0-FFF-00002_WFA')",True,True,True,True,140.74,48.77,284.6088,241.3222,Npas4,KET-9-4_PFC_4.0_B_4.tif,KET-9-4,FR1_SAL,KET-9,0.84790844,-43.28659,119.36575,quad_Npas4,0.8827573
4663,10236,KET-9-4_PFC_4.0_B_4.tif,KET-9-4_PFC_4.0_B,0-FFF-00017_Npas4,"('0-000-00004_PV', '0-FFF-00043_cFos', '0-FFF-00017_Npas4', '0-FFF-00004_WFA')",True,True,True,True,474.39,53.22,284.6088,256.1501,Npas4,KET-9-4_PFC_4.0_B_4.tif,KET-9-4,FR1_SAL,KET-9,0.9000076,-28.45871,134.19363,quad_Npas4,0.99241537
4729,10364,KET-9-5_PFC_3.5_B_4.tif,KET-9-5_PFC_3.5_B,0-FFF-00018_Npas4,"('0-000-00002_PV', '0-FFF-00038_cFos', '0-FFF-00018_Npas4', '0-FFF-00002_WFA')",True,True,True,True,257.35,497.21,242.5507,206.7493,Npas4,KET-9-5_PFC_3.5_B_4.tif,KET-9-5,FR1_SAL,KET-9,0.8523962,-35.801407,126.85094,quad_Npas4,0.9381132
4777,10474,KET-9-5_PFC_3.5_C_4.tif,KET-9-5_PFC_3.5_C,0-FFF-00047_Npas4,"('0-000-00006_PV', '0-FFF-00043_cFos', '0-FFF-00047_Npas4', '0-FFF-00005_WFA')",True,True,True,True,205.79,363.91,316.7702,255.5396,Npas4,KET-9-5_PFC_3.5_C_4.tif,KET-9-5,FR1_SAL,KET-9,0.8067034,-61.230606,101.42174,quad_Npas4,0.7500541
4789,10599,KET-9-5_PFC_3.5_D_4.tif,KET-9-5_PFC_3.5_D,0-200-00006_Npas4,"('0-000-00004_PV', '0-005-00016_cFos', '0-200-00006_Npas4', '0-FFF-00008_WFA')",True,True,True,True,23.95,119.23,292.6581,287.1518,Npas4,KET-9-5_PFC_3.5_D_4.tif,KET-9-5,FR1_SAL,KET-9,0.98118514,-5.506317,157.14603,quad_Npas4,1.1621574
4799,10609,KET-9-5_PFC_3.5_D_4.tif,KET-9-5_PFC_3.5_D,0-FFF-00017_Npas4,"('0-000-00000_PV', '0-FFF-00071_cFos', '0-FFF-00017_Npas4', '0-FFF-00007_WFA')",True,True,True,True,495.14,113.12,292.6581,267.9923,Npas4,KET-9-5_PFC_3.5_D_4.tif,KET-9-5,FR1_SAL,KET-9,0.915718,-24.665802,137.98654,quad_Npas4,1.0204654
4824,10634,KET-9-5_PFC_3.5_D_4.tif,KET-9-5_PFC_3.5_D,0-FFF-00042_Npas4,"('0-000-00003_PV', '0-005-00000_cFos', '0-FFF-00042_Npas4', '0-FFF-00001_WFA')",True,True,True,True,435.73,387.91,292.6581,250.3095,Npas4,KET-9-5_PFC_3.5_D_4.tif,KET-9-5,FR1_SAL,KET-9,0.8552966,-42.348618,120.30373,quad_Npas4,0.889694
4857,10779,KET-9-5_PFC_3.5_E_4.tif,KET-9-5_PFC_3.5_E,0-200-00011_Npas4,"('0-000-00001_PV', '0-005-00014_cFos', '0-200-00011_Npas4', '0-FFF-00002_WFA')",True,True,True,True,420.12,11.63,279.9064,305.6272,Npas4,KET-9-5_PFC_3.5_E_4.tif,KET-9-5,FR1_SAL,KET-9,1.0918907,25.720795,188.37314,quad_Npas4,1.3930944
4864,10786,KET-9-5_PFC_3.5_E_4.tif,KET-9-5_PFC_3.5_E,0-FFF-00018_Npas4,"('0-FFF-00002_PV', '0-005-00030_cFos', '0-FFF-00018_Npas4', '0-FFF-00001_WFA')",True,True,True,True,367.89,10.58,279.9064,258.5461,Npas4,KET-9-5_PFC_3.5_E_4.tif,KET-9-5,FR1_SAL,KET-9,0.92368776,-21.36029,141.29205,quad_Npas4,1.044911
5050,11173,KET-9-6_PFC_3.6_E_4.tif,KET-9-6_PFC_3.6_E,0-FFF-00063_Npas4,"('0-000-00004_PV', '0-005-00017_cFos', '0-FFF-00063_Npas4', '0-FFF-00003_WFA')",True,True,True,True,215.95,221.57,314.2453,291.1628,Npas4,KET-9-6_PFC_3.6_E_4.tif,KET-9-6,FR1_SAL,KET-9,0.9265463,-23.082489,139.56985,quad_Npas4,1.0321747
5101,11335,KET-9-6_PFC_3.8_B_4.tif,KET-9-6_PFC_3.8_B,0-200-00008_Npas4,"('0-000-00002_PV', '0-005-00007_cFos', '0-200-00008_Npas4', '0-FFF-00003_WFA')",True,True,True,True,118.53,150.17,362.6659,372.1654,Npas4,KET-9-6_PFC_3.8_B_4.tif,KET-9-6,FR1_SAL,KET-9,1.0261936,9.499512,172.15186,quad_Npas4,1.2731315
5118,11352,KET-9-6_PFC_3.8_B_4.tif,KET-9-6_PFC_3.8_B,0-FFF-00025_Npas4,"('0-FFF-00011_PV', '0-005-00031_cFos', '0-FFF-00025_Npas4', '0-FFF-00006_WFA')",True,True,True,True,348.87,9.09,362.6659,329.08,Npas4,KET-9-6_PFC_3.8_B_4.tif,KET-9-6,FR1_SAL,KET-9,0.9073916,-33.585907,129.06644,quad_Npas4,0.9544977
5144,11378,KET-9-6_PFC_3.8_B_4.tif,KET-9-6_PFC_3.8_B,0-FFF-00052_Npas4,"('0-FFF-00003_PV', '0-FFF-00090_cFos', '0-FFF-00052_Npas4', '0-FFF-00004_WFA')",True,True,True,True,210.92,206.17,362.6659,338.8343,Npas4,KET-9-6_PFC_3.8_B_4.tif,KET-9-6,FR1_SAL,KET-9,0.9342877,-23.831604,138.82074,quad_Npas4,1.0266347
5194,11428,KET-9-6_PFC_3.8_B_4.tif,KET-9-6_PFC_3.8_B,0-FFF-00102_Npas4,"('0-000-00001_PV', '0-005-00017_cFos', '0-FFF-00102_Npas4', '0-FFF-00002_WFA')",True,True,True,True,341.11,451.54,362.6659,339.394,Npas4,KET-9-6_PFC_3.8_B_4.tif,KET-9-6,FR1_SAL,KET-9,0.93583107,-23.271881,139.38046,quad_Npas4,1.030774
5252,11587,KET-9-6_PFC_3.8_C_4.tif,KET-9-6_PFC_3.8_C,0-FFF-00053_Npas4,"('0-000-00000_PV', '0-FFF-00075_cFos', '0-FFF-00053_Npas4', '0-FFF-00003_WFA')",True,True,True,True,84.29,181.33,316.9566,298.8497,Npas4,KET-9-6_PFC_3.8_C_4.tif,KET-9-6,FR1_SAL,KET-9,0.9428726,-18.106903,144.54544,quad_Npas4,1.068971
5279,11614,KET-9-6_PFC_3.8_C_4.tif,KET-9-6_PFC_3.8_C,0-FFF-00081_Npas4,"('0-000-00001_PV', '0-005-00011_cFos', '0-FFF-00081_Npas4', '0-FFF-00005_WFA')",True,True,True,True,277.93,497.14,316.9566,318.8531,Npas4,KET-9-6_PFC_3.8_C_4.tif,KET-9-6,FR1_SAL,KET-9,1.0059835,1.8964844,164.54883,quad_Npas4,1.2169042
5306,11720,KET-9-6_PFC_3.8_D_4.tif,KET-9-6_PFC_3.8_D,0-200-00011_Npas4,"('0-FFF-00003_PV', '0-FFF-00069_cFos', '0-200-00011_Npas4', '0-FFF-00003_WFA')",True,True,True,True,394.28,8.71,307.8936,325.0125,Npas4,KET-9-6_PFC_3.8_D_4.tif,KET-9-6,FR1_SAL,KET-9,1.0556002,17.118927,179.77127,quad_Npas4,1.3294802
5418,11932,KET-9-6_PFC_4.0_A_4.tif,KET-9-6_PFC_4.0_A,0-FFF-00034_Npas4,"('0-000-00002_PV', '0-005-00058_cFos', '0-FFF-00034_Npas4', '0-FFF-00007_WFA')",True,True,True,True,48.79,216.19,502.8445,443.6409,Npas4,KET-9-6_PFC_4.0_A_4.tif,KET-9-6,FR1_SAL,KET-9,0.8822626,-59.203613,103.44873,quad_Npas4,0.76504457
5461,11975,KET-9-6_PFC_4.0_A_4.tif,KET-9-6_PFC_4.0_A,0-FFF-00093_Npas4,"('0-000-00001_PV', '0-005-00044_cFos', '0-FFF-00093_Npas4', '0-FFF-00004_WFA')",True,True,True,True,277.0,363.08,502.8445,431.2141,Npas4,KET-9-6_PFC_4.0_A_4.tif,KET-9-6,FR1_SAL,KET-9,0.8575496,-71.6304,91.02194,quad_Npas4,0.6731435
5490,16269,PE-12-1_PFC_3.3_D_4.tif,PE-12-1_PFC_3.3_D,0-FFF-00021_Npas4,"('0-000-00001_PV', '0-FFF-00052_cFos', '0-FFF-00021_Npas4', '0-FFF-00007_WFA')",True,True,True,True,420.35,81.46,536.4512,434.3812,Npas4,PE-12-1_PFC_3.3_D_4.tif,PE-12-1,FR1_KET,PE-12,0.80973107,-102.06998,60.582367,quad_Npas4,0.44803074
5592,16478,PE-12-1_PFC_3.4_E_4.tif,PE-12-1_PFC_3.4_E,0-FFF-00081_Npas4,"('0-000-00004_PV', '0-FFF-00081_Npas4', '0-FFF-00005_WFA')",True,False,True,True,76.21,255.97,522.3119,437.4617,Npas4,PE-12-1_PFC_3.4_E_4.tif,PE-12-1,FR1_KET,PE-12,0.8375488,-84.85019,77.802155,"Npas4_coloc_w_PV,WFA",0.57537794
5682,16680,PE-12-1_PFC_3.5_C_4.tif,PE-12-1_PFC_3.5_C,0-FFF-00037_Npas4,"('0-000-00003_PV', '0-FFF-00102_cFos', '0-FFF-00037_Npas4', '0-FFF-00001_WFA')",True,True,True,True,494.98,124.41,554.7391,452.1245,Npas4,PE-12-1_PFC_3.5_C_4.tif,PE-12-1,FR1_KET,PE-12,0.81502193,-102.61456,60.03778,quad_Npas4,0.44400328
5690,16688,PE-12-1_PFC_3.5_C_4.tif,PE-12-1_PFC_3.5_C,0-FFF-00047_Npas4,"('0-000-00011_PV', '0-FFF-00093_cFos', '0-FFF-00047_Npas4', '0-FFF-00009_WFA')",True,True,True,True,374.36,354.29,554.7391,554.4786,Npas4,PE-12-1_PFC_3.5_C_4.tif,PE-12-1,FR1_KET,PE-12,0.99953043,-0.26049805,162.39185,quad_Npas4,1.2009524
5694,16692,PE-12-1_PFC_3.5_C_4.tif,PE-12-1_PFC_3.5_C,0-FFF-00051_Npas4,"('0-000-00010_PV', '0-FFF-00104_cFos', '0-FFF-00051_Npas4', '0-FFF-00003_WFA')",True,True,True,True,408.53,461.63,554.7391,542.039,Npas4,PE-12-1_PFC_3.5_C_4.tif,PE-12-1,FR1_KET,PE-12,0.9771062,-12.700073,149.95227,quad_Npas4,1.1089567
5697,16695,PE-12-1_PFC_3.5_C_4.tif,PE-12-1_PFC_3.5_C,0-FFF-00054_Npas4,"('0-000-00009_PV', '0-005-00010_cFos', '0-FFF-00054_Npas4', '0-FFF-00002_WFA')",True,True,True,True,394.41,435.72,554.7391,465.5231,Npas4,PE-12-1_PFC_3.5_C_4.tif,PE-12-1,FR1_KET,PE-12,0.83917487,-89.21597,73.43637,quad_Npas4,0.5430912
5703,16701,PE-12-1_PFC_3.5_C_4.tif,PE-12-1_PFC_3.5_C,0-FFF-00062_Npas4,"('0-000-00002_PV', '0-FFF-00075_cFos', '0-FFF-00062_Npas4', '0-FFF-00006_WFA')",True,True,True,True,121.8,213.15,554.7391,467.3921,Npas4,PE-12-1_PFC_3.5_C_4.tif,PE-12-1,FR1_KET,PE-12,0.842544,-87.346985,75.30536,quad_Npas4,0.55691314
5766,16865,PE-12-1_PFC_3.6_B_4.tif,PE-12-1_PFC_3.6_B,0-FFF-00044_Npas4,"('0-000-00000_PV', '0-FFF-00044_Npas4', '0-FFF-00004_WFA')",True,False,True,True,148.44,377.89,600.3548,535.2032,Npas4,PE-12-1_PFC_3.6_B_4.tif,PE-12-1,FR1_KET,PE-12,0.8914782,-65.15161,97.50073,"Npas4_coloc_w_PV,WFA",0.72105676
5793,16998,PE-12-1_PFC_3.7_A_4.tif,PE-12-1_PFC_3.7_A,0-FFF-00018_Npas4,"('0-000-00000_PV', '0-FFF-00018_Npas4', '0-FFF-00001_WFA')",True,False,True,True,124.41,71.4,505.3815,413.1835,Npas4,PE-12-1_PFC_3.7_A_4.tif,PE-12-1,FR1_KET,PE-12,0.8175675,-92.198,70.454346,"Npas4_coloc_w_PV,WFA",0.52103794
5911,17271,PE-12-2_PFC_3.5_E_4.tif,PE-12-2_PFC_3.5_E,0-200-00001_Npas4,"('0-000-00006_PV', '0-005-00001_cFos', '0-200-00001_Npas4', '0-FFF-00004_WFA')",True,True,True,True,438.99,447.49,508.7305,529.6576,Npas4,PE-12-2_PFC_3.5_E_4.tif,PE-12-2,FR1_KET,PE-12,1.0411359,20.927094,183.57944,quad_Npas4,1.357643
5925,17285,PE-12-2_PFC_3.5_E_4.tif,PE-12-2_PFC_3.5_E,0-FFF-00015_Npas4,"('0-000-00002_PV', '0-FFF-00050_cFos', '0-FFF-00015_Npas4', '0-FFF-00006_WFA')",True,True,True,True,464.21,40.07,508.7305,442.1885,Npas4,PE-12-2_PFC_3.5_E_4.tif,PE-12-2,FR1_KET,PE-12,0.86919993,-66.54199,96.11035,quad_Npas4,0.7107743
5971,17331,PE-12-2_PFC_3.5_E_4.tif,PE-12-2_PFC_3.5_E,0-FFF-00062_Npas4,"('0-000-00004_PV', '0-005-00029_cFos', '0-FFF-00062_Npas4', '0-FFF-00003_WFA')",True,True,True,True,234.15,469.0,508.7305,452.6335,Npas4,PE-12-2_PFC_3.5_E_4.tif,PE-12-2,FR1_KET,PE-12,0.8897314,-56.096985,106.55536,quad_Npas4,0.7880193
5975,17335,PE-12-2_PFC_3.5_E_4.tif,PE-12-2_PFC_3.5_E,0-FFF-00066_Npas4,"('0-000-00005_PV', '0-FFF-00066_Npas4', '0-FFF-00002_WFA')",True,False,True,True,314.95,388.9,508.7305,467.7041,Npas4,PE-12-2_PFC_3.5_E_4.tif,PE-12-2,FR1_KET,PE-12,0.91935533,-41.026398,121.625946,"Npas4_coloc_w_PV,WFA",0.8994723
6008,17477,PE-12-2_PFC_3.6_C_4.tif,PE-12-2_PFC_3.6_C,0-FFF-00015_Npas4,"('0-000-00000_PV', '0-005-00022_cFos', '0-FFF-00015_Npas4', '0-FFF-00003_WFA')",True,True,True,True,286.62,317.18,467.5143,414.1851,Npas4,PE-12-2_PFC_3.6_C_4.tif,PE-12-2,FR1_KET,PE-12,0.8859303,-53.329224,109.32312,quad_Npas4,0.808488
6012,17481,PE-12-2_PFC_3.6_C_4.tif,PE-12-2_PFC_3.6_C,0-FFF-00019_Npas4,"('0-000-00002_PV', '0-FFF-00019_Npas4', '0-FFF-00008_WFA')",True,False,True,True,118.46,361.68,467.5143,504.425,Npas4,PE-12-2_PFC_3.6_C_4.tif,PE-12-2,FR1_KET,PE-12,1.0789509,36.910675,199.56302,"Npas4_coloc_w_PV,WFA",1.475848
6058,17614,PE-12-2_PFC_3.6_D_4.tif,PE-12-2_PFC_3.6_D,0-FFF-00019_Npas4,"('0-000-00000_PV', '0-005-00026_cFos', '0-FFF-00019_Npas4', '0-FFF-00001_WFA')",True,True,True,True,151.69,122.13,572.0286,480.6158,Npas4,PE-12-2_PFC_3.6_D_4.tif,PE-12-2,FR1_KET,PE-12,0.8401954,-91.41281,71.23953,quad_Npas4,0.52684474
6166,17797,PE-12-2_PFC_3.7_A_4.tif,PE-12-2_PFC_3.7_A,0-FFF-00045_Npas4,"('0-000-00005_PV', '0-FFF-00044_cFos', '0-FFF-00045_Npas4', '0-FFF-00005_WFA')",True,True,True,True,185.42,326.43,710.8662,680.672,Npas4,PE-12-2_PFC_3.7_A_4.tif,PE-12-2,FR1_KET,PE-12,0.9575248,-30.194214,132.45813,quad_Npas4,0.97958064
6187,17818,PE-12-2_PFC_3.7_A_4.tif,PE-12-2_PFC_3.7_A,0-FFF-00067_Npas4,"('0-000-00002_PV', '0-FFF-00050_cFos', '0-FFF-00067_Npas4', '0-FFF-00001_WFA')",True,True,True,True,15.59,420.95,710.8662,614.7315,Npas4,PE-12-2_PFC_3.7_A_4.tif,PE-12-2,FR1_KET,PE-12,0.864764,-96.134705,66.51764,quad_Npas4,0.49192443
6197,17931,PE-12-7_PFC_3.5_E_4.tif,PE-12-7_PFC_3.5_E,0-200-00000_Npas4,"('0-000-00006_PV', '0-005-00051_cFos', '0-200-00000_Npas4', '0-FFF-00003_WFA')",True,True,True,True,312.75,226.12,527.6664,479.1816,Npas4,PE-12-7_PFC_3.5_E_4.tif,PE-12-7,FR1_KET,PE-12,0.90811473,-48.48477,114.16757,quad_Npas4,0.84431463
6245,17979,PE-12-7_PFC_3.5_E_4.tif,PE-12-7_PFC_3.5_E,0-FFF-00053_Npas4,"('0-000-00004_PV', '0-FFF-00075_cFos', '0-FFF-00053_Npas4', '0-FFF-00005_WFA')",True,True,True,True,128.8,423.48,527.6664,481.135,Npas4,PE-12-7_PFC_3.5_E_4.tif,PE-12-7,FR1_KET,PE-12,0.91181666,-46.531372,116.12097,quad_Npas4,0.85876083
6248,17982,PE-12-7_PFC_3.5_E_4.tif,PE-12-7_PFC_3.5_E,0-FFF-00056_Npas4,"('0-000-00001_PV', '0-005-00015_cFos', '0-FFF-00056_Npas4', '0-FFF-00006_WFA')",True,True,True,True,144.19,462.82,527.6664,457.1312,Npas4,PE-12-7_PFC_3.5_E_4.tif,PE-12-7,FR1_KET,PE-12,0.86632615,-70.53519,92.11716,quad_Npas4,0.68124306
6285,18115,PE-12-7_PFC_3.6_B_4.tif,PE-12-7_PFC_3.6_B,0-200-00000_Npas4,"('0-000-00003_PV', '0-005-00044_cFos', '0-200-00000_Npas4', '0-001-00002_WFA')",True,True,True,True,327.6,500.94,503.9805,476.9442,Npas4,PE-12-7_PFC_3.6_B_4.tif,PE-12-7,FR1_KET,PE-12,0.9463545,-27.036285,135.61606,quad_Npas4,1.0029348
6364,18194,PE-12-7_PFC_3.6_B_4.tif,PE-12-7_PFC_3.6_B,0-FFF-00093_Npas4,"('0-000-00011_PV', '0-005-00027_cFos', '0-FFF-00093_Npas4', '0-FFF-00015_WFA')",True,True,True,True,149.54,453.72,503.9805,443.0078,Npas4,PE-12-7_PFC_3.6_B_4.tif,PE-12-7,FR1_KET,PE-12,0.8790178,-60.972687,101.67966,quad_Npas4,0.7519615
6413,18349,PE-12-7_PFC_3.6_D_4.tif,PE-12-7_PFC_3.6_D,0-FFF-00054_Npas4,"('0-000-00001_PV', '0-005-00039_cFos', '0-FFF-00054_Npas4', '0-FFF-00001_WFA')",True,True,True,True,419.65,280.33,476.3867,389.0776,Npas4,PE-12-7_PFC_3.6_D_4.tif,PE-12-7,FR1_KET,PE-12,0.81672645,-87.30908,75.34326,quad_Npas4,0.5571934
6416,18352,PE-12-7_PFC_3.6_D_4.tif,PE-12-7_PFC_3.6_D,0-FFF-00059_Npas4,"('0-000-00000_PV', '0-005-00028_cFos', '0-FFF-00059_Npas4', '0-FFF-00007_WFA')",True,True,True,True,346.36,329.81,476.3867,467.3135,Npas4,PE-12-7_PFC_3.6_D_4.tif,PE-12-7,FR1_KET,PE-12,0.9809542,-9.073181,153.57916,quad_Npas4,1.135779
6417,18353,PE-12-7_PFC_3.6_D_4.tif,PE-12-7_PFC_3.6_D,0-FFF-00060_Npas4,"('0-000-00004_PV', '0-005-00010_cFos', '0-FFF-00060_Npas4', '0-FFF-00006_WFA')",True,True,True,True,325.06,270.84,476.3867,424.4778,Npas4,PE-12-7_PFC_3.6_D_4.tif,PE-12-7,FR1_KET,PE-12,0.8910363,-51.908875,110.74347,quad_Npas4,0.8189921
6474,18486,PE-12-7_PFC_3.7_A_4.tif,PE-12-7_PFC_3.7_A,0-FFF-00007_Npas4,"('0-000-00007_PV', '0-FFF-00059_cFos', '0-FFF-00007_Npas4', '0-FFF-00006_WFA')",True,True,True,True,144.02,61.04,551.5506,463.3409,Npas4,PE-12-7_PFC_3.7_A_4.tif,PE-12-7,FR1_KET,PE-12,0.84006965,-88.20969,74.44266,quad_Npas4,0.5505331
6501,18513,PE-12-7_PFC_3.7_A_4.tif,PE-12-7_PFC_3.7_A,0-FFF-00039_Npas4,"('0-000-00006_PV', '0-005-00024_cFos', '0-FFF-00039_Npas4', '0-FFF-00002_WFA')",True,True,True,True,126.98,198.61,551.5506,467.7578,Npas4,PE-12-7_PFC_3.7_A_4.tif,PE-12-7,FR1_KET,PE-12,0.8480778,-83.792786,78.85956,quad_Npas4,0.58319783
6508,18520,PE-12-7_PFC_3.7_A_4.tif,PE-12-7_PFC_3.7_A,0-FFF-00050_Npas4,"('0-000-00000_PV', '0-FFF-00050_Npas4', '0-FFF-00003_WFA')",True,False,True,True,158.39,248.63,551.5506,484.3994,Npas4,PE-12-7_PFC_3.7_A_4.tif,PE-12-7,FR1_KET,PE-12,0.8782502,-67.151184,95.50116,"Npas4_coloc_w_PV,WFA",0.7062691
6526,18538,PE-12-7_PFC_3.7_A_4.tif,PE-12-7_PFC_3.7_A,0-FFF-00075_Npas4,"('0-000-00001_PV', '0-FFF-00065_cFos', '0-FFF-00075_Npas4', '0-FFF-00008_WFA')",True,True,True,True,85.3,489.62,551.5506,460.6395,Npas4,PE-12-7_PFC_3.7_A_4.tif,PE-12-7,FR1_KET,PE-12,0.83517176,-90.9111,71.74124,quad_Npas4,0.53055507
6569,18661,PE-12-7_PFC_3.7_C_4.tif,PE-12-7_PFC_3.7_C,0-FFF-00037_Npas4,"('0-000-00003_PV', '0-FFF-00067_cFos', '0-FFF-00037_Npas4', '0-FFF-00007_WFA')",True,True,True,True,488.93,235.52,518.1119,415.7154,Npas4,PE-12-7_PFC_3.7_C_4.tif,PE-12-7,FR1_KET,PE-12,0.8023661,-102.396484,60.25586,quad_Npas4,0.44561607
6630,18768,PE-13-11_PFC_3.3_C_4.tif,PE-13-11_PFC_3.3_C,0-FFF-00031_Npas4,"('0-000-00003_PV', '0-FFF-00015_cFos', '0-FFF-00031_Npas4', '0-FFF-00008_WFA')",True,True,True,True,111.57,88.55,567.9576,487.8126,Npas4,PE-13-11_PFC_3.3_C_4.tif,PE-13-11,VR5_SAL,PE-13,0.8588891,-80.14499,82.507355,quad_Npas4,0.6101747
6695,18944,PE-13-11_PFC_3.5_E_4.tif,PE-13-11_PFC_3.5_E,0-FFF-00029_Npas4,"('0-000-00002_PV', '0-FFF-00005_cFos', '0-FFF-00029_Npas4', '0-FFF-00003_WFA')",True,True,True,True,299.09,256.1,551.9192,481.2337,Npas4,PE-13-11_PFC_3.5_E_4.tif,PE-13-11,VR5_SAL,PE-13,0.87192786,-70.685486,91.96686,quad_Npas4,0.68013155
6809,19264,PE-13-1_PFC_3.5_C_4.tif,PE-13-1_PFC_3.5_C,0-FFF-00019_Npas4,"('0-000-00001_PV', '0-FFF-00071_cFos', '0-FFF-00019_Npas4', '0-FFF-00007_WFA')",True,True,True,True,90.44,173.87,614.4027,503.5023,Npas4,PE-13-1_PFC_3.5_C_4.tif,PE-13-1,VR5_SAL,PE-13,0.81949884,-110.90042,51.751923,quad_Npas4,0.38272607
6811,19266,PE-13-1_PFC_3.5_C_4.tif,PE-13-1_PFC_3.5_C,0-FFF-00022_Npas4,"('0-000-00002_PV', '0-FFF-00022_Npas4', '0-FFF-00008_WFA')",True,False,True,True,172.59,206.58,614.4027,603.478,Npas4,PE-13-1_PFC_3.5_C_4.tif,PE-13-1,VR5_SAL,PE-13,0.98221904,-10.924683,151.72766,"Npas4_coloc_w_PV,WFA",1.1220865
6816,19271,PE-13-1_PFC_3.5_C_4.tif,PE-13-1_PFC_3.5_C,0-FFF-00028_Npas4,"('0-000-00007_PV', '0-FFF-00062_cFos', '0-FFF-00028_Npas4', '0-FFF-00001_WFA')",True,True,True,True,266.99,288.59,614.4027,545.3456,Npas4,PE-13-1_PFC_3.5_C_4.tif,PE-13-1,VR5_SAL,PE-13,0.8876028,-69.05713,93.595215,quad_Npas4,0.6921739
6904,19454,PE-13-1_PFC_3.6_E_4.tif,PE-13-1_PFC_3.6_E,0-FFF-00039_Npas4,"('0-000-00011_PV', '0-FFF-00039_Npas4', '0-FFF-00006_WFA')",True,False,True,True,280.84,214.86,665.9866,575.5908,Npas4,PE-13-1_PFC_3.6_E_4.tif,PE-13-1,VR5_SAL,PE-13,0.8642679,-90.39575,72.25659,"Npas4_coloc_w_PV,WFA",0.53436625
6918,19468,PE-13-1_PFC_3.6_E_4.tif,PE-13-1_PFC_3.6_E,0-FFF-00054_Npas4,"('0-000-00005_PV', '0-FFF-00054_Npas4', '0-FFF-00003_WFA')",True,False,True,True,12.79,235.4,665.9866,601.6476,Npas4,PE-13-1_PFC_3.6_E_4.tif,PE-13-1,VR5_SAL,PE-13,0.903393,-64.33899,98.313354,"Npas4_coloc_w_PV,WFA",0.7270664
6967,19517,PE-13-1_PFC_3.6_E_4.tif,PE-13-1_PFC_3.6_E,0-FFF-00103_Npas4,"('0-000-00007_PV', '0-FFF-00103_Npas4', '0-FFF-00009_WFA')",True,False,True,True,83.92,490.46,665.9866,564.3859,Npas4,PE-13-1_PFC_3.6_E_4.tif,PE-13-1,VR5_SAL,PE-13,0.8474434,-101.60065,61.051697,"Npas4_coloc_w_PV,WFA",0.4515016
6973,19523,PE-13-1_PFC_3.6_E_4.tif,PE-13-1_PFC_3.6_E,0-FFF-00109_Npas4,"('0-000-00006_PV', '0-FFF-00109_Npas4', '0-FFF-00007_WFA')",True,False,True,True,492.0,121.59,665.9866,549.6862,Npas4,PE-13-1_PFC_3.6_E_4.tif,PE-13-1,VR5_SAL,PE-13,0.8253713,-116.300354,46.35199,"Npas4_coloc_w_PV,WFA",0.3427914
6983,19602,PE-13-1_PFC_3.7_B_4.tif,PE-13-1_PFC_3.7_B,0-200-00010_Npas4,"('0-000-00013_PV', '0-FFF-00017_cFos', '0-200-00010_Npas4', '0-FFF-00010_WFA')",True,True,True,True,412.11,161.22,678.0913,642.2464,Npas4,PE-13-1_PFC_3.7_B_4.tif,PE-13-1,VR5_SAL,PE-13,0.94713855,-35.84491,126.807434,quad_Npas4,0.93779147
7016,19635,PE-13-1_PFC_3.7_B_4.tif,PE-13-1_PFC_3.7_B,0-FFF-00045_Npas4,"('0-000-00000_PV', '0-FFF-00010_cFos', '0-FFF-00045_Npas4', '0-FFF-00014_WFA')",True,True,True,True,347.65,368.26,678.0913,624.9616,Npas4,PE-13-1_PFC_3.7_B_4.tif,PE-13-1,VR5_SAL,PE-13,0.92164814,-53.1297,109.522644,quad_Npas4,0.8099636
7038,19657,PE-13-1_PFC_3.7_B_4.tif,PE-13-1_PFC_3.7_B,0-FFF-00067_Npas4,"('0-000-00010_PV', '0-FFF-00011_cFos', '0-FFF-00067_Npas4', '0-FFF-00013_WFA')",True,True,True,True,245.52,466.1,678.0913,562.6918,Npas4,PE-13-1_PFC_3.7_B_4.tif,PE-13-1,VR5_SAL,PE-13,0.8298171,-115.399536,47.252808,quad_Npas4,0.34945333
7084,19784,PE-13-1_PFC_3.7_D_4.tif,PE-13-1_PFC_3.7_D,0-FFF-00030_Npas4,"('0-000-00003_PV', '0-005-00014_cFos', '0-FFF-00030_Npas4', '0-001-00004_WFA')",True,True,True,True,502.89,22.78,624.4081,543.8667,Npas4,PE-13-1_PFC_3.7_D_4.tif,PE-13-1,VR5_SAL,PE-13,0.8710116,-80.54138,82.11096,quad_Npas4,0.60724324
7087,19787,PE-13-1_PFC_3.7_D_4.tif,PE-13-1_PFC_3.7_D,0-FFF-00033_Npas4,"('0-000-00007_PV', '0-FFF-00033_Npas4', '0-FFF-00007_WFA')",True,False,True,True,435.57,218.47,624.4081,576.0602,Npas4,PE-13-1_PFC_3.7_D_4.tif,PE-13-1,VR5_SAL,PE-13,0.92257005,-48.3479,114.30444,"Npas4_coloc_w_PV,WFA",0.8453269
7114,19814,PE-13-1_PFC_3.7_D_4.tif,PE-13-1_PFC_3.7_D,0-FFF-00061_Npas4,"('0-000-00001_PV', '0-FFF-00048_cFos', '0-FFF-00061_Npas4', '0-FFF-00008_WFA')",True,True,True,True,368.4,363.03,624.4081,611.879,Npas4,PE-13-1_PFC_3.7_D_4.tif,PE-13-1,VR5_SAL,PE-13,0.9799345,-12.529053,150.12329,quad_Npas4,1.1102215
7119,19819,PE-13-1_PFC_3.7_D_4.tif,PE-13-1_PFC_3.7_D,0-FFF-00067_Npas4,"('0-000-00000_PV', '0-FFF-00067_Npas4', '0-001-00001_WFA')",True,False,True,True,492.22,431.0,624.4081,578.0078,Npas4,PE-13-1_PFC_3.7_D_4.tif,PE-13-1,VR5_SAL,PE-13,0.9256892,-46.40027,116.252075,"Npas4_coloc_w_PV,WFA",0.85973036
7138,19891,PE-13-1_PFC_3.9_A_4.tif,PE-13-1_PFC_3.9_A,0-200-00001_Npas4,"('0-000-00000_PV', '0-200-00001_Npas4', '0-FFF-00004_WFA')",True,False,True,True,345.97,459.13,690.172,588.5344,Npas4,PE-13-1_PFC_3.9_A_4.tif,PE-13-1,VR5_SAL,PE-13,0.8527359,-101.63757,61.01477,"Npas4_coloc_w_PV,WFA",0.45122853
7180,19933,PE-13-1_PFC_3.9_A_4.tif,PE-13-1_PFC_3.9_A,0-FFF-00044_Npas4,"('0-000-00002_PV', '0-FFF-00008_cFos', '0-FFF-00044_Npas4', '0-FFF-00006_WFA')",True,True,True,True,203.95,298.13,690.172,679.161,Npas4,PE-13-1_PFC_3.9_A_4.tif,PE-13-1,VR5_SAL,PE-13,0.98404604,-11.010986,151.64136,quad_Npas4,1.1214483
7267,20134,PE-13-2_PFC_3.3_C_4.tif,PE-13-2_PFC_3.3_C,0-FFF-00057_Npas4,"('0-000-00001_PV', '0-FFF-00057_Npas4', '0-FFF-00003_WFA')",True,False,True,True,275.28,228.51,526.0862,466.3876,Npas4,PE-13-2_PFC_3.3_C_4.tif,PE-13-2,VR5_KET,PE-13,0.8865232,-59.698578,102.953766,"Npas4_coloc_w_PV,WFA",0.76138407
7335,20371,PE-13-2_PFC_3.5_B_4.tif,PE-13-2_PFC_3.5_B,0-FFF-00020_Npas4,"('0-000-00000_PV', '0-FFF-00020_Npas4', '0-FFF-00006_WFA')",True,False,True,True,365.24,168.65,581.1244,531.9433,Npas4,PE-13-2_PFC_3.5_B_4.tif,PE-13-2,VR5_KET,PE-13,0.9153691,-49.18109,113.47125,"Npas4_coloc_w_PV,WFA",0.8391651
7405,20544,PE-13-2_PFC_3.5_E_4.tif,PE-13-2_PFC_3.5_E,0-FFF-00064_Npas4,"('0-000-00000_PV', '0-FFF-00055_cFos', '0-FFF-00064_Npas4', '0-FFF-00006_WFA')",True,True,True,True,381.52,428.83,622.9029,523.6696,Npas4,PE-13-2_PFC_3.5_E_4.tif,PE-13-2,VR5_KET,PE-13,0.8406922,-99.23328,63.419067,quad_Npas4,0.46900925
7462,20727,PE-13-2_PFC_3.7_A_4.tif,PE-13-2_PFC_3.7_A,0-FFF-00070_Npas4,"('0-000-00003_PV', '0-FFF-00070_Npas4', '0-FFF-00003_WFA')",True,False,True,True,12.38,333.47,606.5973,542.5716,Npas4,PE-13-2_PFC_3.7_A_4.tif,PE-13-2,VR5_KET,PE-13,0.8944511,-64.025696,98.62665,"Npas4_coloc_w_PV,WFA",0.72938335
7498,20828,PE-13-3_PFC_3.3_E_4.tif,PE-13-3_PFC_3.3_E,0-FFF-00035_Npas4,"('0-000-00001_PV', '0-FFF-00024_cFos', '0-FFF-00035_Npas4', '0-FFF-00003_WFA')",True,True,True,True,99.95,365.12,447.8938,398.6049,Npas4,PE-13-3_PFC_3.3_E_4.tif,PE-13-3,VR5_KET,PE-13,0.88995403,-49.28891,113.363434,quad_Npas4,0.83836776
7503,20833,PE-13-3_PFC_3.3_E_4.tif,PE-13-3_PFC_3.3_E,0-FFF-00045_Npas4,"('0-000-00005_PV', '0-FFF-00023_cFos', '0-FFF-00045_Npas4', '0-FFF-00002_WFA')",True,True,True,True,319.27,261.54,447.8938,365.4256,Npas4,PE-13-3_PFC_3.3_E_4.tif,PE-13-3,VR5_KET,PE-13,0.81587553,-82.4682,80.18414,quad_Npas4,0.5929937
7522,20916,PE-13-3_PFC_3.5_C_4.tif,PE-13-3_PFC_3.5_C,0-FFF-00013_Npas4,"('0-000-00009_PV', '0-FFF-00013_Npas4', '0-FFF-00005_WFA')",True,False,True,True,391.26,69.19,628.9574,536.5303,Npas4,PE-13-3_PFC_3.5_C_4.tif,PE-13-3,VR5_KET,PE-13,0.8530471,-92.427124,70.22522,"Npas4_coloc_w_PV,WFA",0.51934344
7528,20922,PE-13-3_PFC_3.5_C_4.tif,PE-13-3_PFC_3.5_C,0-FFF-00024_Npas4,"('0-000-00003_PV', '0-FFF-00024_Npas4', '0-FFF-00004_WFA')",True,False,True,True,102.86,190.21,628.9574,546.9213,Npas4,PE-13-3_PFC_3.5_C_4.tif,PE-13-3,VR5_KET,PE-13,0.86956817,-82.03607,80.61627,"Npas4_coloc_w_PV,WFA",0.59618944
7545,20939,PE-13-3_PFC_3.5_C_4.tif,PE-13-3_PFC_3.5_C,0-FFF-00053_Npas4,"('0-000-00006_PV', '0-FFF-00053_Npas4', '0-FFF-00008_WFA')",True,False,True,True,379.8,199.31,628.9574,517.7568,Npas4,PE-13-3_PFC_3.5_C_4.tif,PE-13-3,VR5_KET,PE-13,0.8231985,-111.20062,51.45172,"Npas4_coloc_w_PV,WFA",0.38050598
7596,21049,PE-13-3_PFC_3.5_D_4.tif,PE-13-3_PFC_3.5_D,0-FFF-00025_Npas4,"('0-000-00003_PV', '0-FFF-00025_Npas4', '0-FFF-00001_WFA')",True,False,True,True,487.24,200.59,452.7004,367.5245,Npas4,PE-13-3_PFC_3.5_D_4.tif,PE-13-3,VR5_KET,PE-13,0.8118493,-85.1759,77.47644,"Npas4_coloc_w_PV,WFA",0.57296914
7628,21081,PE-13-3_PFC_3.5_D_4.tif,PE-13-3_PFC_3.5_D,0-FFF-00081_Npas4,"('0-000-00004_PV', '0-FFF-00031_cFos', '0-FFF-00081_Npas4', '0-FFF-00004_WFA')",True,True,True,True,220.54,166.2,452.7004,378.1048,Npas4,PE-13-3_PFC_3.5_D_4.tif,PE-13-3,VR5_KET,PE-13,0.8352208,-74.59561,88.05673,quad_Npas4,0.6512146
7658,21196,PE-13-3_PFC_3.7_A_4.tif,PE-13-3_PFC_3.7_A,0-FFF-00032_Npas4,"('0-000-00011_PV', '0-FFF-00032_Npas4', '0-FFF-00014_WFA')",True,False,True,True,452.76,80.26,635.8529,579.6112,Npas4,PE-13-3_PFC_3.7_A_4.tif,PE-13-3,VR5_KET,PE-13,0.9115492,-56.2417,106.410645,"Npas4_coloc_w_PV,WFA",0.7869491
7663,21201,PE-13-3_PFC_3.7_A_4.tif,PE-13-3_PFC_3.7_A,0-FFF-00037_Npas4,"('0-000-00015_PV', '0-FFF-00044_cFos', '0-FFF-00037_Npas4', '0-FFF-00003_WFA')",True,True,True,True,345.18,86.1,635.8529,607.9895,Npas4,PE-13-3_PFC_3.7_A_4.tif,PE-13-3,VR5_KET,PE-13,0.9561795,-27.863403,134.78894,quad_Npas4,0.9968179
7710,21248,PE-13-3_PFC_3.7_A_4.tif,PE-13-3_PFC_3.7_A,0-FFF-00087_Npas4,"('0-000-00006_PV', '0-FFF-00087_Npas4', '0-FFF-00012_WFA')",True,False,True,True,502.34,240.0,635.8529,583.3973,Npas4,PE-13-3_PFC_3.7_A_4.tif,PE-13-3,VR5_KET,PE-13,0.91750354,-52.455627,110.19672,"Npas4_coloc_w_PV,WFA",0.8149486
7719,21257,PE-13-3_PFC_3.7_A_4.tif,PE-13-3_PFC_3.7_A,0-FFF-00099_Npas4,"('0-000-00001_PV', '0-FFF-00048_cFos', '0-FFF-00099_Npas4', '0-FFF-00007_WFA')",True,True,True,True,426.62,382.69,635.8529,549.5825,Npas4,PE-13-3_PFC_3.7_A_4.tif,PE-13-3,VR5_KET,PE-13,0.8643234,-86.270386,76.38196,quad_Npas4,0.564875
7735,21365,PE-13-3_PFC_3.7_B_4.tif,PE-13-3_PFC_3.7_B,0-200-00006_Npas4,"('0-000-00001_PV', '0-FFF-00054_cFos', '0-200-00006_Npas4', '0-FFF-00003_WFA')",True,True,True,True,140.36,94.34,559.1822,468.3306,Npas4,PE-13-3_PFC_3.7_B_4.tif,PE-13-3,VR5_KET,PE-13,0.83752775,-90.85159,71.80075,quad_Npas4,0.53099513
7786,21416,PE-13-3_PFC_3.7_B_4.tif,PE-13-3_PFC_3.7_B,0-FFF-00066_Npas4,"('0-000-00005_PV', '0-FFF-00037_cFos', '0-FFF-00066_Npas4', '0-FFF-00007_WFA')",True,True,True,True,333.14,361.43,559.1822,465.0272,Npas4,PE-13-3_PFC_3.7_B_4.tif,PE-13-3,VR5_KET,PE-13,0.83162016,-94.155,68.497345,quad_Npas4,0.50656515
7800,21491,PE-13-6_PFC_3.5_C_4.tif,PE-13-6_PFC_3.5_C,0-200-00001_Npas4,"('0-000-00000_PV', '0-FFF-00053_cFos', '0-200-00001_Npas4', '0-FFF-00002_WFA')",True,True,True,True,322.16,436.57,563.7008,453.7772,Npas4,PE-13-6_PFC_3.5_C_4.tif,PE-13-6,VR5_KET,PE-13,0.80499655,-109.923615,52.72873,quad_Npas4,0.38994995
7877,21649,PE-13-6_PFC_3.6_D_4.tif,PE-13-6_PFC_3.6_D,0-FFF-00047_Npas4,"('0-000-00009_PV', '0-FFF-00047_Npas4', '0-FFF-00006_WFA')",True,False,True,True,503.84,251.49,582.4452,540.4199,Npas4,PE-13-6_PFC_3.6_D_4.tif,PE-13-6,VR5_KET,PE-13,0.92784685,-42.02527,120.627075,"Npas4_coloc_w_PV,WFA",0.89208525
7916,21688,PE-13-6_PFC_3.6_D_4.tif,PE-13-6_PFC_3.6_D,0-FFF-00086_Npas4,"('0-000-00000_PV', '0-FFF-00086_Npas4', '0-FFF-00005_WFA')",True,False,True,True,293.45,431.59,582.4452,524.3843,Npas4,PE-13-6_PFC_3.6_D_4.tif,PE-13-6,VR5_KET,PE-13,0.9003152,-58.060913,104.59143,"Npas4_coloc_w_PV,WFA",0.77349526
7953,21800,PE-13-6_PFC_3.7_A_4.tif,PE-13-6_PFC_3.7_A,0-FFF-00032_Npas4,"('0-000-00007_PV', '0-FFF-00007_cFos', '0-FFF-00032_Npas4', '0-FFF-00008_WFA')",True,True,True,True,235.8,176.0,605.8306,499.0847,Npas4,PE-13-6_PFC_3.7_A_4.tif,PE-13-6,VR5_KET,PE-13,0.82380235,-106.74594,55.906403,quad_Npas4,0.41345012
7963,21810,PE-13-6_PFC_3.7_A_4.tif,PE-13-6_PFC_3.7_A,0-FFF-00043_Npas4,"('0-000-00009_PV', '0-FFF-00013_cFos', '0-FFF-00043_Npas4', '0-FFF-00013_WFA')",True,True,True,True,77.53,299.72,605.8306,512.1171,Npas4,PE-13-6_PFC_3.7_A_4.tif,PE-13-6,VR5_KET,PE-13,0.845314,-93.7135,68.93884,quad_Npas4,0.5098302
7978,21825,PE-13-6_PFC_3.7_A_4.tif,PE-13-6_PFC_3.7_A,0-FFF-00064_Npas4,"('0-000-00002_PV', '0-FFF-00026_cFos', '0-FFF-00064_Npas4', '0-FFF-00003_WFA')",True,True,True,True,400.31,177.81,605.8306,537.8343,Npas4,PE-13-6_PFC_3.7_A_4.tif,PE-13-6,VR5_KET,PE-13,0.88776344,-67.99634,94.656006,quad_Npas4,0.7000189
7981,21828,PE-13-6_PFC_3.7_A_4.tif,PE-13-6_PFC_3.7_A,0-FFF-00068_Npas4,"('0-000-00011_PV', '0-FFF-00025_cFos', '0-FFF-00068_Npas4', '0-FFF-00006_WFA')",True,True,True,True,431.83,270.46,605.8306,488.0598,Npas4,PE-13-6_PFC_3.7_A_4.tif,PE-13-6,VR5_KET,PE-13,0.8056044,-117.77081,44.88153,quad_Npas4,0.33191678
8011,21930,PE-13-6_PFC_3.7_B_4.tif,PE-13-6_PFC_3.7_B,0-200-00001_Npas4,"('0-000-00001_PV', '0-FFF-00011_cFos', '0-200-00001_Npas4', '0-FFF-00001_WFA')",True,True,True,True,215.48,122.9,496.6199,434.3598,Npas4,PE-13-6_PFC_3.7_B_4.tif,PE-13-6,VR5_KET,PE-13,0.8746323,-62.2601,100.39224,quad_Npas4,0.7424406
8060,22045,PE-13-6_PFC_3.7_E_4.tif,PE-13-6_PFC_3.7_E,0-FFF-00030_Npas4,"('0-000-00000_PV', '0-FFF-00018_cFos', '0-FFF-00030_Npas4', '0-FFF-00005_WFA')",True,True,True,True,377.17,178.74,658.2427,590.6721,Npas4,PE-13-6_PFC_3.7_E_4.tif,PE-13-6,VR5_KET,PE-13,0.89734703,-67.57056,95.08179,quad_Npas4,0.7031677
8071,22056,PE-13-6_PFC_3.7_E_4.tif,PE-13-6_PFC_3.7_E,0-FFF-00041_Npas4,"('0-000-00006_PV', '0-FFF-00041_Npas4', '0-FFF-00003_WFA')",True,False,True,True,223.63,228.17,658.2427,603.3246,Npas4,PE-13-6_PFC_3.7_E_4.tif,PE-13-6,VR5_KET,PE-13,0.91656864,-54.91809,107.73425,"Npas4_coloc_w_PV,WFA",0.79673773
8099,22084,PE-13-6_PFC_3.7_E_4.tif,PE-13-6_PFC_3.7_E,0-FFF-00071_Npas4,"('0-000-00005_PV', '0-FFF-00071_Npas4', '0-FFF-00006_WFA')",True,False,True,True,370.38,361.61,658.2427,564.9699,Npas4,PE-13-6_PFC_3.7_E_4.tif,PE-13-6,VR5_KET,PE-13,0.8583003,-93.272766,69.37958,"Npas4_coloc_w_PV,WFA",0.5130896
8126,22179,PE-13-9_PFC_3.3_C_4.tif,PE-13-9_PFC_3.3_C,0-FFF-00005_Npas4,"('0-000-00007_PV', '0-FFF-00014_cFos', '0-FFF-00005_Npas4', '0-FFF-00012_WFA')",True,True,True,True,45.4,65.34,510.5312,442.831,Npas4,PE-13-9_PFC_3.3_C_4.tif,PE-13-9,VR5_SAL,PE-13,0.86739266,-67.700195,94.95215,quad_Npas4,0.70220894
8173,22226,PE-13-9_PFC_3.3_C_4.tif,PE-13-9_PFC_3.3_C,0-FFF-00057_Npas4,"('0-000-00004_PV', '0-FFF-00057_Npas4', '0-FFF-00004_WFA')",True,False,True,True,132.92,307.69,510.5312,436.1995,Npas4,PE-13-9_PFC_3.3_C_4.tif,PE-13-9,VR5_SAL,PE-13,0.8544032,-74.331696,88.32065,"Npas4_coloc_w_PV,WFA",0.65316635
8175,22228,PE-13-9_PFC_3.3_C_4.tif,PE-13-9_PFC_3.3_C,0-FFF-00060_Npas4,"('0-000-00003_PV', '0-FFF-00022_cFos', '0-FFF-00060_Npas4', '0-FFF-00006_WFA')",True,True,True,True,189.68,352.68,510.5312,432.8886,Npas4,PE-13-9_PFC_3.3_C_4.tif,PE-13-9,VR5_SAL,PE-13,0.84791803,-77.64258,85.009766,quad_Npas4,0.62868106
8202,22340,PE-13-9_PFC_3.4_D_4.tif,PE-13-9_PFC_3.4_D,0-FFF-00011_Npas4,"('0-000-00003_PV', '0-FFF-00028_cFos', '0-FFF-00011_Npas4', '0-FFF-00008_WFA')",True,True,True,True,365.21,21.85,628.8377,544.3529,Npas4,PE-13-9_PFC_3.4_D_4.tif,PE-13-9,VR5_SAL,PE-13,0.8656493,-84.4848,78.16754,quad_Npas4,0.5780801
8235,22373,PE-13-9_PFC_3.4_D_4.tif,PE-13-9_PFC_3.4_D,0-FFF-00060_Npas4,"('0-FFF-00010_PV', '0-FFF-00043_cFos', '0-FFF-00060_Npas4', '0-FFF-00001_WFA')",True,True,True,True,213.59,312.35,628.8377,520.5518,Npas4,PE-13-9_PFC_3.4_D_4.tif,PE-13-9,VR5_SAL,PE-13,0.8277999,-108.28589,54.366455,quad_Npas4,0.40206158
8348,22628,PE-13-9_PFC_4.0_A_4.tif,PE-13-9_PFC_4.0_A,0-FFF-00061_Npas4,"('0-000-00000_PV', '0-FFF-00061_Npas4', '0-FFF-00004_WFA')",True,False,True,True,243.11,285.52,536.16,447.899,Npas4,PE-13-9_PFC_4.0_A_4.tif,PE-13-9,VR5_SAL,PE-13,0.8353831,-88.26099,74.39136,"Npas4_coloc_w_PV,WFA",0.55015373
8391,22713,PE-13-9_PFC_4.0_B_4.tif,PE-13-9_PFC_4.0_B,0-FFF-00002_Npas4,"('0-000-00000_PV', '0-FFF-00002_Npas4', '0-FFF-00012_WFA')",True,False,True,True,212.24,44.1,565.0037,466.6045,Npas4,PE-13-9_PFC_4.0_B_4.tif,PE-13-9,VR5_SAL,PE-13,0.8258432,-98.39923,64.25311,"Npas4_coloc_w_PV,WFA",0.47517735
8428,22750,PE-13-9_PFC_4.0_B_4.tif,PE-13-9_PFC_4.0_B,0-FFF-00039_Npas4,"('0-000-00001_PV', '0-FFF-00039_Npas4', '0-FFF-00001_WFA')",True,False,True,True,300.54,226.46,565.0037,492.2621,Npas4,PE-13-9_PFC_4.0_B_4.tif,PE-13-9,VR5_SAL,PE-13,0.87125456,-72.74164,89.910706,"Npas4_coloc_w_PV,WFA",0.66492546
