,index,filename,image_name,roi_id,true_grouping,dummy_PV,dummy_cFos,dummy_Npas4,dummy_WFA,CoM_x,CoM_y,background,mean_intensity,stain_type,filename,rat_n,treatment,group_name,snr,mean-background,adjusted_mean-background,coloc_stain_type,norm_adjusted_mean-background
0,203,KET-10-12_PFC_3.7_A_5.tif,KET-10-12_PFC_3.7_A,0-FFF-00001_WFA,"('0-000-00012_PV', '0-005-00036_cFos', '0-FFF-00009_Npas4', '0-FFF-00001_WFA')",True,True,True,True,229.25,163.76,115.7134,107.1459,WFA,KET-10-12_PFC_3.7_A_5.tif,KET-10-12,FR1_KET,KET-10,0.9259593,-8.567505,8.807594,quad_WFA,0.2597926
1,204,KET-10-12_PFC_3.7_A_5.tif,KET-10-12_PFC_3.7_A,0-FFF-00002_WFA,"('0-000-00008_PV', '0-005-00017_cFos', '0-FFF-00062_Npas4', '0-FFF-00002_WFA')",True,True,True,True,172.04,315.17,115.7134,126.9843,WFA,KET-10-12_PFC_3.7_A_5.tif,KET-10-12,FR1_KET,KET-10,1.0974035,11.270897,28.645996,quad_WFA,0.8449546
7,435,KET-10-12_PFC_3.7_B_5.tif,KET-10-12_PFC_3.7_B,0-FFF-00002_WFA,"('0-000-00010_PV', '0-005-00059_cFos', '0-FFF-00006_Npas4', '0-FFF-00002_WFA')",True,True,True,True,355.12,80.95,122.6643,125.2753,WFA,KET-10-12_PFC_3.7_B_5.tif,KET-10-12,FR1_KET,KET-10,1.0212858,2.611,19.9861,quad_WFA,0.58951855
8,436,KET-10-12_PFC_3.7_B_5.tif,KET-10-12_PFC_3.7_B,0-FFF-00003_WFA,"('0-005-00056_cFos', '0-FFF-00083_Npas4', '0-FFF-00003_WFA')",False,True,True,True,163.72,317.49,122.6643,109.1759,WFA,KET-10-12_PFC_3.7_B_5.tif,KET-10-12,FR1_KET,KET-10,0.89003813,-13.488396,3.8867035,"WFA_coloc_w_cFos,Npas4",0.11464387
10,438,KET-10-12_PFC_3.7_B_5.tif,KET-10-12_PFC_3.7_B,0-FFF-00005_WFA,"('0-000-00004_PV', '0-FFF-00108_cFos', '0-FFF-00056_Npas4', '0-FFF-00005_WFA')",True,True,True,True,365.57,279.02,122.6643,132.5129,WFA,KET-10-12_PFC_3.7_B_5.tif,KET-10-12,FR1_KET,KET-10,1.080289,9.848595,27.223694,quad_WFA,0.80300176
12,440,KET-10-12_PFC_3.7_B_5.tif,KET-10-12_PFC_3.7_B,0-FFF-00007_WFA,"('0-000-00007_PV', '0-005-00089_cFos', '0-FFF-00062_Npas4', '0-FFF-00007_WFA')",True,True,True,True,428.08,367.17,122.6643,125.0151,WFA,KET-10-12_PFC_3.7_B_5.tif,KET-10-12,FR1_KET,KET-10,1.0191644,2.3507996,19.725899,quad_WFA,0.58184355
14,442,KET-10-12_PFC_3.7_B_5.tif,KET-10-12_PFC_3.7_B,0-FFF-00009_WFA,"('0-000-00000_PV', '0-FFF-00119_cFos', '0-FFF-00099_Npas4', '0-FFF-00009_WFA')",True,True,True,True,153.83,483.91,122.6643,164.3943,WFA,KET-10-12_PFC_3.7_B_5.tif,KET-10-12,FR1_KET,KET-10,1.3401968,41.730003,59.105103,quad_WFA,1.7433895
17,643,KET-10-12_PFC_3.9_C_5.tif,KET-10-12_PFC_3.9_C,0-FFF-00003_WFA,"('0-000-00005_PV', '0-005-00004_cFos', '0-FFF-00047_Npas4', '0-FFF-00003_WFA')",True,True,True,True,322.8,409.84,116.5215,124.0156,WFA,KET-10-12_PFC_3.9_C_5.tif,KET-10-12,FR1_KET,KET-10,1.0643152,7.4941025,24.869202,quad_WFA,0.73355263
18,644,KET-10-12_PFC_3.9_C_5.tif,KET-10-12_PFC_3.9_C,0-FFF-00004_WFA,"('0-000-00007_PV', '0-FFF-00065_cFos', '0-FFF-00058_Npas4', '0-FFF-00004_WFA')",True,True,True,True,179.9,391.8,116.5215,105.3705,WFA,KET-10-12_PFC_3.9_C_5.tif,KET-10-12,FR1_KET,KET-10,0.9043009,-11.151001,6.224098,quad_WFA,0.18358867
23,845,KET-10-12_PFC_3.9_D_5.tif,KET-10-12_PFC_3.9_D,0-FFF-00004_WFA,"('0-000-00007_PV', '0-005-00001_cFos', '0-FFF-00032_Npas4', '0-FFF-00004_WFA')",True,True,True,True,385.11,95.04,112.1747,101.5668,WFA,KET-10-12_PFC_3.9_D_5.tif,KET-10-12,FR1_KET,KET-10,0.90543413,-10.607895,6.7672043,quad_WFA,0.19960836
25,1058,KET-10-12_PFC_4.0_E_5.tif,KET-10-12_PFC_4.0_E,0-FFF-00002_WFA,"('0-000-00005_PV', '0-FFF-00081_cFos', '0-FFF-00033_Npas4', '0-FFF-00002_WFA')",True,True,True,True,289.59,66.58,123.6606,118.5894,WFA,KET-10-12_PFC_4.0_E_5.tif,KET-10-12,FR1_KET,KET-10,0.958991,-5.0711975,12.303902,quad_WFA,0.36292118
26,1059,KET-10-12_PFC_4.0_E_5.tif,KET-10-12_PFC_4.0_E,0-FFF-00003_WFA,"('0-000-00008_PV', '0-005-00017_cFos', '0-FFF-00035_Npas4', '0-FFF-00003_WFA')",True,True,True,True,326.26,85.6,123.6606,130.9338,WFA,KET-10-12_PFC_4.0_E_5.tif,KET-10-12,FR1_KET,KET-10,1.0588158,7.2732086,24.648308,quad_WFA,0.7270371
27,1060,KET-10-12_PFC_4.0_E_5.tif,KET-10-12_PFC_4.0_E,0-FFF-00004_WFA,"('0-000-00010_PV', '0-005-00023_cFos', '0-200-00010_Npas4', '0-FFF-00004_WFA')",True,True,True,True,324.21,200.26,123.6606,117.6434,WFA,KET-10-12_PFC_4.0_E_5.tif,KET-10-12,FR1_KET,KET-10,0.95134103,-6.0171967,11.357903,quad_WFA,0.33501756
34,1320,KET-10-14_PFC_3.4_D_5.tif,KET-10-14_PFC_3.4_D,0-FFF-00003_WFA,"('0-005-00038_cFos', '0-FFF-00117_Npas4', '0-FFF-00003_WFA')",False,True,True,True,30.82,488.58,104.2869,93.9866,WFA,KET-10-14_PFC_3.4_D_5.tif,KET-10-14,VR5_KET,KET-10,0.9012311,-10.300301,7.0747986,"WFA_coloc_w_cFos,Npas4",0.2086813
38,1572,KET-10-14_PFC_3.4_E_5.tif,KET-10-14_PFC_3.4_E,0-FFF-00003_WFA,"('0-005-00036_cFos', '0-FFF-00049_Npas4', '0-FFF-00003_WFA')",False,True,True,True,280.54,84.52,124.9281,120.675,WFA,KET-10-14_PFC_3.4_E_5.tif,KET-10-14,VR5_KET,KET-10,0.9659556,-4.2530975,13.122002,"WFA_coloc_w_cFos,Npas4",0.3870522
42,1576,KET-10-14_PFC_3.4_E_5.tif,KET-10-14_PFC_3.4_E,0-FFF-00007_WFA,"('0-000-00014_PV', '0-005-00027_cFos', '0-FFF-00103_Npas4', '0-FFF-00007_WFA')",True,True,True,True,308.72,410.68,124.9281,141.4072,WFA,KET-10-14_PFC_3.4_E_5.tif,KET-10-14,VR5_KET,KET-10,1.1319087,16.479095,33.854195,quad_WFA,0.99857783
48,1791,KET-10-14_PFC_3.6_C_5.tif,KET-10-14_PFC_3.6_C,0-FFF-00002_WFA,"('0-000-00000_PV', '0-FFF-00079_cFos', '0-FFF-00108_Npas4', '0-FFF-00002_WFA')",True,True,True,True,200.11,383.7,112.9728,136.4311,WFA,KET-10-14_PFC_3.6_C_5.tif,KET-10-14,VR5_KET,KET-10,1.2076457,23.458305,40.833405,quad_WFA,1.2044396
49,1792,KET-10-14_PFC_3.6_C_5.tif,KET-10-14_PFC_3.6_C,0-FFF-00003_WFA,"('0-000-00002_PV', '0-FFF-00069_cFos', '0-FFF-00112_Npas4', '0-FFF-00003_WFA')",True,True,True,True,52.29,438.46,112.9728,136.2568,WFA,KET-10-14_PFC_3.6_C_5.tif,KET-10-14,VR5_KET,KET-10,1.2061027,23.284004,40.659103,quad_WFA,1.1992984
52,1989,KET-10-14_PFC_3.7_A_5.tif,KET-10-14_PFC_3.7_A,0-FFF-00001_WFA,"('0-000-00011_PV', '0-FFF-00064_cFos', '0-FFF-00014_Npas4', '0-FFF-00001_WFA')",True,True,True,True,149.37,90.8,129.7479,123.7201,WFA,KET-10-14_PFC_3.7_A_5.tif,KET-10-14,VR5_KET,KET-10,0.95354223,-6.027794,11.347305,quad_WFA,0.334705
53,1990,KET-10-14_PFC_3.7_A_5.tif,KET-10-14_PFC_3.7_A,0-FFF-00002_WFA,"('0-000-00007_PV', '0-005-00021_cFos', '0-FFF-00023_Npas4', '0-FFF-00002_WFA')",True,True,True,True,320.39,95.41,129.7479,122.6068,WFA,KET-10-14_PFC_3.7_A_5.tif,KET-10-14,VR5_KET,KET-10,0.9449617,-7.141098,10.234001,quad_WFA,0.3018665
56,1993,KET-10-14_PFC_3.7_A_5.tif,KET-10-14_PFC_3.7_A,0-FFF-00005_WFA,"('0-000-00014_PV', '0-005-00019_cFos', '0-FFF-00030_Npas4', '0-FFF-00005_WFA')",True,True,True,True,369.72,199.8,129.7479,119.4874,WFA,KET-10-14_PFC_3.7_A_5.tif,KET-10-14,VR5_KET,KET-10,0.9209197,-10.260498,7.114601,quad_WFA,0.20985533
60,1997,KET-10-14_PFC_3.7_A_5.tif,KET-10-14_PFC_3.7_A,0-FFF-00009_WFA,"('0-000-00003_PV', '0-005-00012_cFos', '0-FFF-00069_Npas4', '0-FFF-00009_WFA')",True,True,True,True,159.7,289.31,129.7479,118.9449,WFA,KET-10-14_PFC_3.7_A_5.tif,KET-10-14,VR5_KET,KET-10,0.91673857,-10.802994,6.5721054,quad_WFA,0.19385365
62,2230,KET-10-14_PFC_3.7_B_5.tif,KET-10-14_PFC_3.7_B,0-FFF-00002_WFA,"('0-000-00000_PV', '0-FFF-00096_cFos', '0-FFF-00043_Npas4', '0-FFF-00002_WFA')",True,True,True,True,361.1,178.44,103.5741,97.8115,WFA,KET-10-14_PFC_3.7_B_5.tif,KET-10-14,VR5_KET,KET-10,0.9443626,-5.762596,11.612503,quad_WFA,0.3425274
81,2585,KET-10-1_PFC_3.7_B_5.tif,KET-10-1_PFC_3.7_B,0-FFF-00004_WFA,"('0-000-00002_PV', '0-FFF-00053_cFos', '0-FFF-00029_Npas4', '0-FFF-00004_WFA')",True,True,True,True,378.71,225.51,80.5902,75.9423,WFA,KET-10-1_PFC_3.7_B_5.tif,KET-10-1,FR1_SAL,KET-10,0.94232666,-4.6479034,12.727196,quad_WFA,0.37540683
82,2586,KET-10-1_PFC_3.7_B_5.tif,KET-10-1_PFC_3.7_B,0-FFF-00005_WFA,"('0-FFF-00005_PV', '0-005-00019_cFos', '0-FFF-00045_Npas4', '0-FFF-00005_WFA')",True,True,True,True,145.63,348.17,80.5902,76.6576,WFA,KET-10-1_PFC_3.7_B_5.tif,KET-10-1,FR1_SAL,KET-10,0.95120245,-3.932602,13.442497,quad_WFA,0.39650568
88,2708,KET-10-1_PFC_3.7_C_5.tif,KET-10-1_PFC_3.7_C,0-FFF-00003_WFA,"('0-000-00001_PV', '0-005-00025_cFos', '0-FFF-00046_Npas4', '0-FFF-00003_WFA')",True,True,True,True,246.21,373.54,69.4637,75.9102,WFA,KET-10-1_PFC_3.7_C_5.tif,KET-10-1,FR1_SAL,KET-10,1.092804,6.4465027,23.821602,quad_WFA,0.7026522
89,2709,KET-10-1_PFC_3.7_C_5.tif,KET-10-1_PFC_3.7_C,0-FFF-00004_WFA,"('0-000-00000_PV', '0-005-00014_cFos', '0-FFF-00045_Npas4', '0-FFF-00004_WFA')",True,True,True,True,269.61,416.78,69.4637,71.1713,WFA,KET-10-1_PFC_3.7_C_5.tif,KET-10-1,FR1_SAL,KET-10,1.0245826,1.7076035,19.082703,quad_WFA,0.5628716
91,2848,KET-10-1_PFC_3.8_E_5.tif,KET-10-1_PFC_3.8_E,0-FFF-00001_WFA,"('0-000-00002_PV', '0-005-00024_cFos', '0-FFF-00043_Npas4', '0-FFF-00001_WFA')",True,True,True,True,11.67,346.06,94.5593,129.4013,WFA,KET-10-1_PFC_3.8_E_5.tif,KET-10-1,FR1_SAL,KET-10,1.3684672,34.842003,52.217102,quad_WFA,1.5402181
92,2849,KET-10-1_PFC_3.8_E_5.tif,KET-10-1_PFC_3.8_E,0-FFF-00002_WFA,"('0-000-00001_PV', '0-005-00002_cFos', '0-FFF-00031_Npas4', '0-FFF-00002_WFA')",True,True,True,True,149.63,153.35,94.5593,90.5532,WFA,KET-10-1_PFC_3.8_E_5.tif,KET-10-1,FR1_SAL,KET-10,0.957634,-4.0061035,13.368996,quad_WFA,0.39433762
93,2850,KET-10-1_PFC_3.8_E_5.tif,KET-10-1_PFC_3.8_E,0-FFF-00003_WFA,"('0-000-00003_PV', '0-FFF-00047_cFos', '0-FFF-00045_Npas4', '0-FFF-00003_WFA')",True,True,True,True,170.82,341.51,94.5593,102.4141,WFA,KET-10-1_PFC_3.8_E_5.tif,KET-10-1,FR1_SAL,KET-10,1.0830674,7.8547974,25.229897,quad_WFA,0.7441919
97,3002,KET-10-1_PFC_4.0_A_5.tif,KET-10-1_PFC_4.0_A,0-FFF-00002_WFA,"('0-000-00001_PV', '0-FFF-00058_cFos', '0-FFF-00046_Npas4', '0-FFF-00002_WFA')",True,True,True,True,434.45,272.08,133.1002,133.7097,WFA,KET-10-1_PFC_4.0_A_5.tif,KET-10-1,FR1_SAL,KET-10,1.0045792,0.6094971,17.984596,quad_WFA,0.5304814
111,3472,KET-10-2_PFC_3.5_B_5.tif,KET-10-2_PFC_3.5_B,0-FFF-00003_WFA,"('0-000-00009_PV', '0-005-00020_cFos', '0-FFF-00047_Npas4', '0-FFF-00003_WFA')",True,True,True,True,341.65,191.37,101.3371,98.1185,WFA,KET-10-2_PFC_3.5_B_5.tif,KET-10-2,VR5_SAL,KET-10,0.9682387,-3.2185974,14.156502,quad_WFA,0.41756624
115,3682,KET-10-2_PFC_3.7_D_5.tif,KET-10-2_PFC_3.7_D,0-FFF-00001_WFA,"('0-005-00018_cFos', '0-FFF-00037_Npas4', '0-FFF-00001_WFA')",False,True,True,True,368.8,63.84,113.8397,195.4859,WFA,KET-10-2_PFC_3.7_D_5.tif,KET-10-2,VR5_SAL,KET-10,1.7172033,81.6462,99.0213,"WFA_coloc_w_cFos,Npas4",2.9207747
118,3685,KET-10-2_PFC_3.7_D_5.tif,KET-10-2_PFC_3.7_D,0-FFF-00004_WFA,"('0-005-00032_cFos', '0-200-00018_Npas4', '0-FFF-00004_WFA')",False,True,True,True,58.15,202.91,113.8397,126.6424,WFA,KET-10-2_PFC_3.7_D_5.tif,KET-10-2,VR5_SAL,KET-10,1.1124625,12.802704,30.177803,"WFA_coloc_w_cFos,Npas4",0.89013743
120,3900,KET-10-2_PFC_3.9_C_5.tif,KET-10-2_PFC_3.9_C,0-FFF-00001_WFA,"('0-000-00000_PV', '0-005-00034_cFos', '0-FFF-00035_Npas4', '0-FFF-00001_WFA')",True,True,True,True,185.12,146.03,107.0687,102.1016,WFA,KET-10-2_PFC_3.9_C_5.tif,KET-10-2,VR5_SAL,KET-10,0.9536083,-4.967102,12.407997,quad_WFA,0.36599162
124,3904,KET-10-2_PFC_3.9_C_5.tif,KET-10-2_PFC_3.9_C,0-FFF-00005_WFA,"('0-000-00008_PV', '0-FFF-00069_cFos', '0-FFF-00038_Npas4', '0-FFF-00005_WFA')",True,True,True,True,187.82,63.28,107.0687,104.7401,WFA,KET-10-2_PFC_3.9_C_5.tif,KET-10-2,VR5_SAL,KET-10,0.9782513,-2.3286057,15.046494,quad_WFA,0.44381782
125,3905,KET-10-2_PFC_3.9_C_5.tif,KET-10-2_PFC_3.9_C,0-FFF-00006_WFA,"('0-000-00003_PV', '0-FFF-00068_cFos', '0-FFF-00040_Npas4', '0-FFF-00006_WFA')",True,True,True,True,201.43,20.72,107.0687,96.192,WFA,KET-10-2_PFC_3.9_C_5.tif,KET-10-2,VR5_SAL,KET-10,0.89841384,-10.876701,6.498398,quad_WFA,0.19167954
126,3906,KET-10-2_PFC_3.9_C_5.tif,KET-10-2_PFC_3.9_C,0-FFF-00007_WFA,"('0-000-00004_PV', '0-FFF-00086_cFos', '0-FFF-00095_Npas4', '0-FFF-00007_WFA')",True,True,True,True,210.78,315.16,107.0687,132.5585,WFA,KET-10-2_PFC_3.9_C_5.tif,KET-10-2,VR5_SAL,KET-10,1.2380695,25.4898,42.8649,quad_WFA,1.2643615
131,4018,KET-10-2_PFC_4.0_E_5.tif,KET-10-2_PFC_4.0_E,0-FFF-00005_WFA,"('0-000-00002_PV', '0-005-00019_cFos', '0-FFF-00087_Npas4', '0-FFF-00005_WFA')",True,True,True,True,304.06,495.69,112.9159,163.4444,WFA,KET-10-2_PFC_4.0_E_5.tif,KET-10-2,VR5_SAL,KET-10,1.4474878,50.528496,67.903595,quad_WFA,2.0029135
137,4228,KET-10-3_PFC_3.5_C_5.tif,KET-10-3_PFC_3.5_C,0-FFF-00005_WFA,"('0-000-00010_PV', '0-005-00052_cFos', '0-200-00013_Npas4', '0-FFF-00005_WFA')",True,True,True,True,25.11,87.21,134.1355,190.2334,WFA,KET-10-3_PFC_3.5_C_5.tif,KET-10-3,VR5_SAL,KET-10,1.4182181,56.0979,73.473,quad_WFA,2.167191
152,4845,KET-10-3_PFC_3.8_B_5.tif,KET-10-3_PFC_3.8_B,0-FFF-00003_WFA,"('0-000-00006_PV', '0-005-00057_cFos', '0-FFF-00051_Npas4', '0-FFF-00003_WFA')",True,True,True,True,332.21,390.56,108.0635,123.2701,WFA,KET-10-3_PFC_3.8_B_5.tif,KET-10-3,VR5_SAL,KET-10,1.1407192,15.206604,32.581703,quad_WFA,0.9610439
158,4851,KET-10-3_PFC_3.8_B_5.tif,KET-10-3_PFC_3.8_B,0-FFF-00009_WFA,"('0-000-00000_PV', '0-005-00017_cFos', '0-FFF-00018_Npas4', '0-FFF-00009_WFA')",True,True,True,True,147.86,34.29,108.0635,107.3958,WFA,KET-10-3_PFC_3.8_B_5.tif,KET-10-3,VR5_SAL,KET-10,0.9938212,-0.6677017,16.707397,quad_WFA,0.49280858
167,5008,KET-10-3_PFC_4.0_A_5.tif,KET-10-3_PFC_4.0_A,0-FFF-00009_WFA,"('0-000-00005_PV', '0-005-00042_cFos', '0-FFF-00029_Npas4', '0-FFF-00009_WFA')",True,True,True,True,118.65,261.1,109.556,118.7506,WFA,KET-10-3_PFC_4.0_A_5.tif,KET-10-3,VR5_SAL,KET-10,1.0839261,9.194603,26.569702,quad_WFA,0.7837113
171,5152,KET-10-4_PFC_3.5_C_5.tif,KET-10-4_PFC_3.5_C,0-FFF-00003_WFA,"('0-000-00004_PV', '0-005-00028_cFos', '0-FFF-00053_Npas4', '0-FFF-00003_WFA')",True,True,True,True,209.84,410.29,68.4884,66.7701,WFA,KET-10-4_PFC_3.5_C_5.tif,KET-10-4,VR5_SAL,KET-10,0.9749111,-1.7182999,15.656799,quad_WFA,0.46181968
172,5153,KET-10-4_PFC_3.5_C_5.tif,KET-10-4_PFC_3.5_C,0-FFF-00004_WFA,"('0-000-00011_PV', '0-005-00002_cFos', '0-FFF-00033_Npas4', '0-FFF-00004_WFA')",True,True,True,True,57.15,242.51,68.4884,62.5762,WFA,KET-10-4_PFC_3.5_C_5.tif,KET-10-4,VR5_SAL,KET-10,0.91367584,-5.9122047,11.462894,quad_WFA,0.33811447
175,5304,KET-10-4_PFC_3.7_D_5.tif,KET-10-4_PFC_3.7_D,0-FFF-00003_WFA,"('0-000-00001_PV', '0-005-00030_cFos', '0-FFF-00060_Npas4', '0-FFF-00003_WFA')",True,True,True,True,27.07,349.37,76.2907,72.6876,WFA,KET-10-4_PFC_3.7_D_5.tif,KET-10-4,VR5_SAL,KET-10,0.95277137,-3.6031036,13.771996,quad_WFA,0.4062247
177,5472,KET-10-4_PFC_3.8_B_5.tif,KET-10-4_PFC_3.8_B,0-FFF-00002_WFA,"('0-000-00006_PV', '0-005-00008_cFos', '0-FFF-00053_Npas4', '0-FFF-00002_WFA')",True,True,True,True,84.31,160.94,110.226,103.4416,WFA,KET-10-4_PFC_3.8_B_5.tif,KET-10-4,VR5_SAL,KET-10,0.9384501,-6.784401,10.590698,quad_WFA,0.3123878
178,5473,KET-10-4_PFC_3.8_B_5.tif,KET-10-4_PFC_3.8_B,0-FFF-00003_WFA,"('0-000-00015_PV', '0-005-00051_cFos', '0-FFF-00055_Npas4', '0-FFF-00003_WFA')",True,True,True,True,15.29,125.46,110.226,110.8727,WFA,KET-10-4_PFC_3.8_B_5.tif,KET-10-4,VR5_SAL,KET-10,1.0058671,0.6467056,18.021805,quad_WFA,0.5315789
185,5678,KET-10-4_PFC_3.8_E_5.tif,KET-10-4_PFC_3.8_E,0-001-00002_WFA,"('0-000-00007_PV', '0-005-00005_cFos', '0-FFF-00119_Npas4', '0-001-00002_WFA')",True,True,True,True,158.64,310.98,120.0979,171.4768,WFA,KET-10-4_PFC_3.8_E_5.tif,KET-10-4,VR5_SAL,KET-10,1.4278085,51.378906,68.754005,quad_WFA,2.0279977
186,5679,KET-10-4_PFC_3.8_E_5.tif,KET-10-4_PFC_3.8_E,0-001-00004_WFA,"('0-000-00000_PV', '0-005-00003_cFos', '0-200-00021_Npas4', '0-001-00004_WFA')",True,True,True,True,68.52,84.17,120.0979,130.6901,WFA,KET-10-4_PFC_3.8_E_5.tif,KET-10-4,VR5_SAL,KET-10,1.0881963,10.592194,27.967293,quad_WFA,0.82493526
187,5680,KET-10-4_PFC_3.8_E_5.tif,KET-10-4_PFC_3.8_E,0-FFF-00005_WFA,"('0-000-00004_PV', '0-FFF-00058_cFos', '0-FFF-00070_Npas4', '0-FFF-00005_WFA')",True,True,True,True,35.57,340.93,120.0979,125.3355,WFA,KET-10-4_PFC_3.8_E_5.tif,KET-10-4,VR5_SAL,KET-10,1.043611,5.237602,22.612701,quad_WFA,0.666994
190,5883,KET-10-4_PFC_4.1_A_5.tif,KET-10-4_PFC_4.1_A,0-001-00003_WFA,"('0-000-00008_PV', '0-005-00001_cFos', '0-200-00013_Npas4', '0-001-00003_WFA')",True,True,True,True,340.38,309.4,115.8302,180.5384,WFA,KET-10-4_PFC_4.1_A_5.tif,KET-10-4,VR5_SAL,KET-10,1.5586472,64.708206,82.083305,quad_WFA,2.4211645
192,5885,KET-10-4_PFC_4.1_A_5.tif,KET-10-4_PFC_4.1_A,0-FFF-00005_WFA,"('0-000-00002_PV', '0-005-00028_cFos', '0-FFF-00072_Npas4', '0-FFF-00005_WFA')",True,True,True,True,298.87,231.04,115.8302,125.9642,WFA,KET-10-4_PFC_4.1_A_5.tif,KET-10-4,VR5_SAL,KET-10,1.0874902,10.134003,27.509102,quad_WFA,0.81142026
194,5887,KET-10-4_PFC_4.1_A_5.tif,KET-10-4_PFC_4.1_A,0-FFF-00007_WFA,"('0-FFF-00016_PV', '0-005-00011_cFos', '0-FFF-00029_Npas4', '0-FFF-00007_WFA')",True,True,True,True,24.39,56.4,115.8302,105.1123,WFA,KET-10-4_PFC_4.1_A_5.tif,KET-10-4,VR5_SAL,KET-10,0.90746886,-10.717903,6.657196,quad_WFA,0.19636351
199,6105,KET-10-5_PFC_3.3_C_5.tif,KET-10-5_PFC_3.3_C,0-FFF-00005_WFA,"('0-005-00016_cFos', '0-FFF-00014_Npas4', '0-FFF-00005_WFA')",False,True,True,True,144.56,54.81,111.2522,119.093,WFA,KET-10-5_PFC_3.3_C_5.tif,KET-10-5,FR1_SAL,KET-10,1.0704777,7.840805,25.215904,"WFA_coloc_w_cFos,Npas4",0.7437791
204,6337,KET-10-5_PFC_3.5_D_5.tif,KET-10-5_PFC_3.5_D,0-FFF-00002_WFA,"('0-000-00014_PV', '0-005-00045_cFos', '0-FFF-00010_Npas4', '0-FFF-00002_WFA')",True,True,True,True,132.16,41.92,112.5995,109.4561,WFA,KET-10-5_PFC_3.5_D_5.tif,KET-10-5,FR1_SAL,KET-10,0.97208333,-3.143402,14.231697,quad_WFA,0.41978425
207,6340,KET-10-5_PFC_3.5_D_5.tif,KET-10-5_PFC_3.5_D,0-FFF-00005_WFA,"('0-000-00015_PV', '0-FFF-00074_cFos', '0-FFF-00121_Npas4', '0-FFF-00005_WFA')",True,True,True,True,317.12,437.28,112.5995,171.0331,WFA,KET-10-5_PFC_3.5_D_5.tif,KET-10-5,FR1_SAL,KET-10,1.5189507,58.433594,75.80869,quad_WFA,2.2360857
214,6554,KET-10-5_PFC_3.5_E_5.tif,KET-10-5_PFC_3.5_E,0-FFF-00005_WFA,"('0-000-00008_PV', '0-005-00038_cFos', '0-FFF-00089_Npas4', '0-FFF-00005_WFA')",True,True,True,True,482.02,353.29,107.0275,141.8778,WFA,KET-10-5_PFC_3.5_E_5.tif,KET-10-5,FR1_SAL,KET-10,1.3256202,34.85031,52.22541,quad_WFA,1.5404631
215,6715,KET-10-5_PFC_3.9_A_5.tif,KET-10-5_PFC_3.9_A,0-FFF-00001_WFA,"('0-000-00011_PV', '0-FFF-00080_cFos', '0-200-00011_Npas4', '0-FFF-00001_WFA')",True,True,True,True,52.37,177.04,116.8294,182.9665,WFA,KET-10-5_PFC_3.9_A_5.tif,KET-10-5,FR1_SAL,KET-10,1.5660999,66.13711,83.51221,quad_WFA,2.463312
216,6716,KET-10-5_PFC_3.9_A_5.tif,KET-10-5_PFC_3.9_A,0-FFF-00002_WFA,"('0-000-00002_PV', '0-FFF-00065_cFos', '0-FFF-00047_Npas4', '0-FFF-00002_WFA')",True,True,True,True,102.84,164.23,116.8294,172.1,WFA,KET-10-5_PFC_3.9_A_5.tif,KET-10-5,FR1_SAL,KET-10,1.4730881,55.270607,72.645706,quad_WFA,2.142789
217,6717,KET-10-5_PFC_3.9_A_5.tif,KET-10-5_PFC_3.9_A,0-FFF-00004_WFA,"('0-000-00003_PV', '0-005-00045_cFos', '0-200-00000_Npas4', '0-FFF-00004_WFA')",True,True,True,True,262.53,496.11,116.8294,146.3532,WFA,KET-10-5_PFC_3.9_A_5.tif,KET-10-5,FR1_SAL,KET-10,1.2527087,29.523796,46.898895,quad_WFA,1.3833499
223,6902,KET-10-5_PFC_3.9_B_5.tif,KET-10-5_PFC_3.9_B,0-FFF-00005_WFA,"('0-000-00001_PV', '0-005-00022_cFos', '0-FFF-00019_Npas4', '0-FFF-00005_WFA')",True,True,True,True,449.68,80.84,105.7594,91.2739,WFA,KET-10-5_PFC_3.9_B_5.tif,KET-10-5,FR1_SAL,KET-10,0.8630335,-14.4854965,2.8896027,quad_WFA,0.08523296
224,6903,KET-10-5_PFC_3.9_B_5.tif,KET-10-5_PFC_3.9_B,0-FFF-00006_WFA,"('0-FFF-00105_cFos', '0-FFF-00083_Npas4', '0-FFF-00006_WFA')",False,True,True,True,192.88,475.1,105.7594,104.26,WFA,KET-10-5_PFC_3.9_B_5.tif,KET-10-5,FR1_SAL,KET-10,0.98582256,-1.4993973,15.875702,"WFA_coloc_w_cFos,Npas4",0.46827653
229,7074,KET-8-2_PFC_3.5_E_5.tif,KET-8-2_PFC_3.5_E,0-FFF-00002_WFA,"('0-000-00009_PV', '0-005-00022_cFos', '0-FFF-00081_Npas4', '0-FFF-00002_WFA')",True,True,True,True,218.84,283.72,80.5077,83.5718,WFA,KET-8-2_PFC_3.5_E_5.tif,KET-8-2,FR1_SAL,KET-8,1.0380597,3.0641022,20.439201,quad_WFA,0.60288346
233,7078,KET-8-2_PFC_3.5_E_5.tif,KET-8-2_PFC_3.5_E,0-FFF-00006_WFA,"('0-000-00006_PV', '0-005-00001_cFos', '0-FFF-00026_Npas4', '0-FFF-00006_WFA')",True,True,True,True,453.5,41.09,80.5077,69.2553,WFA,KET-8-2_PFC_3.5_E_5.tif,KET-8-2,FR1_SAL,KET-8,0.86023206,-11.252396,6.1227036,quad_WFA,0.18059789
234,7223,KET-8-2_PFC_3.6_D_5.tif,KET-8-2_PFC_3.6_D,0-FFF-00001_WFA,"('0-000-00001_PV', '0-FFF-00038_cFos', '0-FFF-00027_Npas4', '0-FFF-00001_WFA')",True,True,True,True,305.61,258.07,80.6375,76.9269,WFA,KET-8-2_PFC_3.6_D_5.tif,KET-8-2,FR1_SAL,KET-8,0.95398426,-3.7105942,13.664505,quad_WFA,0.40305412
245,7698,KET-8-2_PFC_3.7_C_5.tif,KET-8-2_PFC_3.7_C,0-FFF-00001_WFA,"('0-000-00009_PV', '0-0-00023_cFos', '0-FFF-00048_Npas4', '0-FFF-00001_WFA')",True,True,True,True,172.27,320.3,103.8075,101.4921,WFA,KET-8-2_PFC_3.7_C_5.tif,KET-8-2,FR1_SAL,KET-8,0.9776953,-2.3153992,15.0597,quad_WFA,0.44420737
249,7702,KET-8-2_PFC_3.7_C_5.tif,KET-8-2_PFC_3.7_C,0-FFF-00005_WFA,"('0-000-00013_PV', '0-0-00037_cFos', '0-FFF-00067_Npas4', '0-FFF-00005_WFA')",True,True,True,True,371.49,37.72,103.8075,108.2537,WFA,KET-8-2_PFC_3.7_C_5.tif,KET-8-2,FR1_SAL,KET-8,1.0428312,4.4461975,21.821297,quad_WFA,0.64365035
257,7889,KET-8-2_PFC_4.0_A_5.tif,KET-8-2_PFC_4.0_A,0-FFF-00003_WFA,"('0-FFF-00014_PV', '0-005-00027_cFos', '0-FFF-00076_Npas4', '0-FFF-00003_WFA')",True,True,True,True,326.06,217.37,117.9471,110.9739,WFA,KET-8-2_PFC_4.0_A_5.tif,KET-8-2,FR1_SAL,KET-8,0.94087857,-6.973198,10.401901,quad_WFA,0.30681893
258,7890,KET-8-2_PFC_4.0_A_5.tif,KET-8-2_PFC_4.0_A,0-FFF-00004_WFA,"('0-000-00001_PV', '0-005-00024_cFos', '0-FFF-00052_Npas4', '0-FFF-00004_WFA')",True,True,True,True,262.91,246.48,117.9471,107.346,WFA,KET-8-2_PFC_4.0_A_5.tif,KET-8-2,FR1_SAL,KET-8,0.9101199,-10.601097,6.774002,quad_WFA,0.19980888
264,8090,KET-8-7_PFC_3.5_D_5.tif,KET-8-7_PFC_3.5_D,0-FFF-00005_WFA,"('0-000-00008_PV', '0-005-00028_cFos', '0-FFF-00071_Npas4', '0-FFF-00005_WFA')",True,True,True,True,360.99,393.62,86.8918,78.0433,WFA,KET-8-7_PFC_3.5_D_5.tif,KET-8-7,VR5_KET,KET-8,0.8981664,-8.848503,8.526596,quad_WFA,0.25150415
268,8288,KET-8-7_PFC_3.7_C_5.tif,KET-8-7_PFC_3.7_C,0-FFF-00004_WFA,"('0-000-00003_PV', '0-FFF-00088_cFos', '0-FFF-00028_Npas4', '0-FFF-00004_WFA')",True,True,True,True,370.78,81.11,96.7847,110.8212,WFA,KET-8-7_PFC_3.7_C_5.tif,KET-8-7,VR5_KET,KET-8,1.1450281,14.036499,31.411598,quad_WFA,0.92653
269,8289,KET-8-7_PFC_3.7_C_5.tif,KET-8-7_PFC_3.7_C,0-FFF-00005_WFA,"('0-000-00014_PV', '0-005-00035_cFos', '0-200-00002_Npas4', '0-FFF-00005_WFA')",True,True,True,True,411.21,162.25,96.7847,113.0008,WFA,KET-8-7_PFC_3.7_C_5.tif,KET-8-7,VR5_KET,KET-8,1.1675482,16.216103,33.5912,quad_WFA,0.9908205
272,8292,KET-8-7_PFC_3.7_C_5.tif,KET-8-7_PFC_3.7_C,0-FFF-00008_WFA,"('0-000-00004_PV', '0-005-00012_cFos', '0-FFF-00069_Npas4', '0-FFF-00008_WFA')",True,True,True,True,316.58,320.23,96.7847,86.9201,WFA,KET-8-7_PFC_3.7_C_5.tif,KET-8-7,VR5_KET,KET-8,0.89807683,-9.864601,7.510498,quad_WFA,0.22153288
274,8294,KET-8-7_PFC_3.7_C_5.tif,KET-8-7_PFC_3.7_C,0-FFF-00010_WFA,"('0-000-00008_PV', '0-005-00024_cFos', '0-FFF-00088_Npas4', '0-FFF-00010_WFA')",True,True,True,True,431.42,443.67,96.7847,91.9913,WFA,KET-8-7_PFC_3.7_C_5.tif,KET-8-7,VR5_KET,KET-8,0.9504736,-4.793396,12.581703,quad_WFA,0.37111533
276,8497,KET-8-7_PFC_4.0_A_5.tif,KET-8-7_PFC_4.0_A,0-FFF-00002_WFA,"('0-000-00013_PV', '0-FFF-00041_cFos', '0-FFF-00010_Npas4', '0-FFF-00002_WFA')",True,True,True,True,22.32,110.67,125.9495,160.059,WFA,KET-8-7_PFC_4.0_A_5.tif,KET-8-7,VR5_KET,KET-8,1.270819,34.109505,51.484604,quad_WFA,1.518612
280,8501,KET-8-7_PFC_4.0_A_5.tif,KET-8-7_PFC_4.0_A,0-FFF-00006_WFA,"('0-000-00006_PV', '0-005-00005_cFos', '0-FFF-00120_Npas4', '0-FFF-00006_WFA')",True,True,True,True,254.98,397.46,125.9495,144.5331,WFA,KET-8-7_PFC_4.0_A_5.tif,KET-8-7,VR5_KET,KET-8,1.147548,18.583595,35.958694,quad_WFA,1.0606531
283,8504,KET-8-7_PFC_4.0_A_5.tif,KET-8-7_PFC_4.0_A,0-FFF-00009_WFA,"('0-000-00003_PV', '0-FFF-00049_cFos', '0-FFF-00126_Npas4', '0-FFF-00009_WFA')",True,True,True,True,459.1,249.93,125.9495,112.8439,WFA,KET-8-7_PFC_4.0_A_5.tif,KET-8-7,VR5_KET,KET-8,0.8959456,-13.105598,4.2695007,quad_WFA,0.12593503
287,8667,KET-8-7_PFC_4.0_B_5.tif,KET-8-7_PFC_4.0_B,0-FFF-00004_WFA,"('0-000-00001_PV', '0-FFF-00035_cFos', '0-FFF-00054_Npas4', '0-FFF-00004_WFA')",True,True,True,True,220.21,324.8,90.5131,80.6048,WFA,KET-8-7_PFC_4.0_B_5.tif,KET-8-7,VR5_KET,KET-8,0.89053184,-9.908302,7.466797,quad_WFA,0.22024384
288,8668,KET-8-7_PFC_4.0_B_5.tif,KET-8-7_PFC_4.0_B,0-FFF-00005_WFA,"('0-FFF-00016_cFos', '0-FFF-00076_Npas4', '0-FFF-00005_WFA')",False,True,True,True,386.37,156.34,90.5131,85.6211,WFA,KET-8-7_PFC_4.0_B_5.tif,KET-8-7,VR5_KET,KET-8,0.9459526,-4.8919983,12.483101,"WFA_coloc_w_cFos,Npas4",0.36820692
291,8817,KET-9-1_PFC_3.6_A_5.tif,KET-9-1_PFC_3.6_A,0-FFF-00001_WFA,"('0-000-00003_PV', '0-FFF-00037_cFos', '0-FFF-00022_Npas4', '0-FFF-00001_WFA')",True,True,True,True,33.68,160.74,114.217,123.6343,WFA,KET-9-1_PFC_3.6_A_5.tif,KET-9-1,FR1_KET,KET-9,1.0824509,9.417297,26.792397,quad_WFA,0.79028004
292,8818,KET-9-1_PFC_3.6_A_5.tif,KET-9-1_PFC_3.6_A,0-FFF-00002_WFA,"('0-FFF-00021_cFos', '0-FFF-00042_Npas4', '0-FFF-00002_WFA')",False,True,True,True,464.34,207.09,114.217,239.5702,WFA,KET-9-1_PFC_3.6_A_5.tif,KET-9-1,FR1_KET,KET-9,2.0975003,125.3532,142.7283,"WFA_coloc_w_cFos,Npas4",4.2099752
293,8819,KET-9-1_PFC_3.6_A_5.tif,KET-9-1_PFC_3.6_A,0-FFF-00003_WFA,"('0-FFF-00040_cFos', '0-FFF-00041_Npas4', '0-FFF-00003_WFA')",False,True,True,True,460.27,349.45,114.217,130.5948,WFA,KET-9-1_PFC_3.6_A_5.tif,KET-9-1,FR1_KET,KET-9,1.143392,16.3778,33.7529,"WFA_coloc_w_cFos,Npas4",0.99559003
294,8820,KET-9-1_PFC_3.6_A_5.tif,KET-9-1_PFC_3.6_A,0-FFF-00004_WFA,"('0-000-00006_PV', '0-FFF-00030_cFos', '0-200-00002_Npas4', '0-FFF-00004_WFA')",True,True,True,True,389.02,452.42,114.217,120.5058,WFA,KET-9-1_PFC_3.6_A_5.tif,KET-9-1,FR1_KET,KET-9,1.05506,6.2887955,23.663895,quad_WFA,0.6980004
296,8822,KET-9-1_PFC_3.6_A_5.tif,KET-9-1_PFC_3.6_A,0-FFF-00006_WFA,"('0-000-00010_PV', '0-FFF-00015_cFos', '0-FFF-00069_Npas4', '0-FFF-00006_WFA')",True,True,True,True,161.89,7.34,114.217,189.2215,WFA,KET-9-1_PFC_3.6_A_5.tif,KET-9-1,FR1_KET,KET-9,1.6566842,75.00449,92.37959,quad_WFA,2.724868
299,8825,KET-9-1_PFC_3.6_A_5.tif,KET-9-1_PFC_3.6_A,0-FFF-00009_WFA,"('0-FFF-00006_cFos', '0-FFF-00026_Npas4', '0-FFF-00009_WFA')",False,True,True,True,172.39,156.95,114.217,103.6736,WFA,KET-9-1_PFC_3.6_A_5.tif,KET-9-1,FR1_KET,KET-9,0.9076897,-10.543404,6.8316956,"WFA_coloc_w_cFos,Npas4",0.20151062
305,8936,KET-9-1_PFC_3.6_D_5.tif,KET-9-1_PFC_3.6_D,0-FFF-00006_WFA,"('0-000-00000_PV', '0-FFF-00038_cFos', '0-FFF-00012_Npas4', '0-FFF-00006_WFA')",True,True,True,True,134.62,34.33,108.2219,108.4124,WFA,KET-9-1_PFC_3.6_D_5.tif,KET-9-1,FR1_KET,KET-9,1.0017602,0.19049835,17.565598,quad_WFA,0.51812243
306,8937,KET-9-1_PFC_3.6_D_5.tif,KET-9-1_PFC_3.6_D,0-FFF-00007_WFA,"('0-000-00003_PV', '0-FFF-00001_cFos', '0-200-00006_Npas4', '0-FFF-00007_WFA')",True,True,True,True,194.38,105.79,108.2219,106.7188,WFA,KET-9-1_PFC_3.6_D_5.tif,KET-9-1,FR1_KET,KET-9,0.986111,-1.5030975,15.872002,quad_WFA,0.46816736
315,9073,KET-9-1_PFC_3.7_C_5.tif,KET-9-1_PFC_3.7_C,0-FFF-00001_WFA,"('0-000-00003_PV', '0-FFF-00001_cFos', '0-FFF-00001_Npas4', '0-FFF-00001_WFA')",True,True,True,True,49.07,74.25,91.4531,111.4908,WFA,KET-9-1_PFC_3.7_C_5.tif,KET-9-1,FR1_KET,KET-9,1.2191036,20.037697,37.412796,quad_WFA,1.1035439
316,9074,KET-9-1_PFC_3.7_C_5.tif,KET-9-1_PFC_3.7_C,0-FFF-00002_WFA,"('0-000-00001_PV', '0-FFF-00010_cFos', '0-FFF-00020_Npas4', '0-FFF-00002_WFA')",True,True,True,True,207.31,260.72,91.4531,107.3788,WFA,KET-9-1_PFC_3.7_C_5.tif,KET-9-1,FR1_KET,KET-9,1.1741406,15.925697,33.300797,quad_WFA,0.98225456
321,9230,KET-9-2_PFC_3.5_E_5.tif,KET-9-2_PFC_3.5_E,0-FFF-00002_WFA,"('0-FFF-00011_PV', '0-005-00006_cFos', '0-FFF-00005_Npas4', '0-FFF-00002_WFA')",True,True,True,True,48.28,10.47,136.5605,194.1112,WFA,KET-9-2_PFC_3.5_E_5.tif,KET-9-2,FR1_SAL,KET-9,1.4214301,57.550705,74.925804,quad_WFA,2.2100437
328,9237,KET-9-2_PFC_3.5_E_5.tif,KET-9-2_PFC_3.5_E,0-FFF-00009_WFA,"('0-000-00004_PV', '0-FFF-00035_cFos', '0-FFF-00014_Npas4', '0-FFF-00009_WFA')",True,True,True,True,476.8,152.71,136.5605,141.4966,WFA,KET-9-2_PFC_3.5_E_5.tif,KET-9-2,FR1_SAL,KET-9,1.0361458,4.936096,22.311195,quad_WFA,0.6581006
331,9240,KET-9-2_PFC_3.5_E_5.tif,KET-9-2_PFC_3.5_E,0-FFF-00012_WFA,"('0-000-00000_PV', '0-005-00008_cFos', '0-FFF-00040_Npas4', '0-FFF-00012_WFA')",True,True,True,True,80.27,307.81,136.5605,158.4328,WFA,KET-9-2_PFC_3.5_E_5.tif,KET-9-2,FR1_SAL,KET-9,1.1601657,21.8723,39.2474,quad_WFA,1.1576581
333,9242,KET-9-2_PFC_3.5_E_5.tif,KET-9-2_PFC_3.5_E,0-FFF-00014_WFA,"('0-000-00001_PV', '0-005-00012_cFos', '0-FFF-00047_Npas4', '0-FFF-00014_WFA')",True,True,True,True,431.86,382.68,136.5605,127.7491,WFA,KET-9-2_PFC_3.5_E_5.tif,KET-9-2,FR1_SAL,KET-9,0.9354762,-8.811401,8.563698,quad_WFA,0.2525985
336,9328,KET-9-2_PFC_3.7_A_5.tif,KET-9-2_PFC_3.7_A,0-FFF-00002_WFA,"('0-000-00007_PV', '0-FFF-00001_cFos', '0-FFF-00035_Npas4', '0-FFF-00002_WFA')",True,True,True,True,345.68,229.86,136.3011,209.352,WFA,KET-9-2_PFC_3.7_A_5.tif,KET-9-2,FR1_SAL,KET-9,1.5359524,73.0509,90.426,quad_WFA,2.6672442
338,9330,KET-9-2_PFC_3.7_A_5.tif,KET-9-2_PFC_3.7_A,0-FFF-00004_WFA,"('0-000-00003_PV', '0-FFF-00006_cFos', '0-FFF-00051_Npas4', '0-FFF-00004_WFA')",True,True,True,True,281.13,393.98,136.3011,151.1536,WFA,KET-9-2_PFC_3.7_A_5.tif,KET-9-2,FR1_SAL,KET-9,1.1089683,14.852493,32.227592,quad_WFA,0.9505989
342,9334,KET-9-2_PFC_3.7_A_5.tif,KET-9-2_PFC_3.7_A,0-FFF-00008_WFA,"('0-000-00010_PV', '0-FFF-00005_cFos', '0-200-00014_Npas4', '0-FFF-00008_WFA')",True,True,True,True,495.34,158.23,136.3011,209.7289,WFA,KET-9-2_PFC_3.7_A_5.tif,KET-9-2,FR1_SAL,KET-9,1.5387175,73.427795,90.802895,quad_WFA,2.6783612
347,9414,KET-9-2_PFC_3.7_C_5.tif,KET-9-2_PFC_3.7_C,0-FFF-00002_WFA,"('0-000-00006_PV', '0-005-00001_cFos', '0-FFF-00040_Npas4', '0-FFF-00002_WFA')",True,True,True,True,156.98,344.44,118.0683,173.5155,WFA,KET-9-2_PFC_3.7_C_5.tif,KET-9-2,FR1_SAL,KET-9,1.4696198,55.447205,72.8223,quad_WFA,2.1479979
349,9416,KET-9-2_PFC_3.7_C_5.tif,KET-9-2_PFC_3.7_C,0-FFF-00004_WFA,"('0-000-00001_PV', '0-005-00003_cFos', '0-FFF-00054_Npas4', '0-FFF-00004_WFA')",True,True,True,True,361.63,497.97,118.0683,134.1192,WFA,KET-9-2_PFC_3.7_C_5.tif,KET-9-2,FR1_SAL,KET-9,1.1359459,16.050903,33.426003,quad_WFA,0.9859477
358,9508,KET-9-2_PFC_3.7_D_5.tif,KET-9-2_PFC_3.7_D,0-FFF-00005_WFA,"('0-000-00009_PV', '0-005-00010_cFos', '0-FFF-00006_Npas4', '0-FFF-00005_WFA')",True,True,True,True,257.12,33.34,126.1111,155.4665,WFA,KET-9-2_PFC_3.7_D_5.tif,KET-9-2,FR1_SAL,KET-9,1.2327741,29.355408,46.730507,quad_WFA,1.378383
359,9509,KET-9-2_PFC_3.7_D_5.tif,KET-9-2_PFC_3.7_D,0-FFF-00006_WFA,"('0-000-00000_PV', '0-005-00004_cFos', '0-200-00003_Npas4', '0-FFF-00006_WFA')",True,True,True,True,335.72,171.22,126.1111,133.0647,WFA,KET-9-2_PFC_3.7_D_5.tif,KET-9-2,FR1_SAL,KET-9,1.0551387,6.953598,24.328697,quad_WFA,0.7176097
360,9577,KET-9-2_PFC_3.9_B_5.tif,KET-9-2_PFC_3.9_B,0-FFF-00001_WFA,"('0-000-00001_PV', '0-005-00010_cFos', '0-FFF-00021_Npas4', '0-FFF-00001_WFA')",True,True,True,True,162.35,160.1,122.3235,125.7919,WFA,KET-9-2_PFC_3.9_B_5.tif,KET-9-2,FR1_SAL,KET-9,1.0283543,3.468399,20.843498,quad_WFA,0.6148088
361,9578,KET-9-2_PFC_3.9_B_5.tif,KET-9-2_PFC_3.9_B,0-FFF-00002_WFA,"('0-000-00003_PV', '0-005-00008_cFos', '0-FFF-00050_Npas4', '0-FFF-00002_WFA')",True,True,True,True,335.8,353.54,122.3235,155.8814,WFA,KET-9-2_PFC_3.9_B_5.tif,KET-9-2,FR1_SAL,KET-9,1.2743373,33.55789,50.93299,quad_WFA,1.5023414
366,9583,KET-9-2_PFC_3.9_B_5.tif,KET-9-2_PFC_3.9_B,0-FFF-00007_WFA,"('0-000-00000_PV', '0-005-00007_cFos', '0-FFF-00042_Npas4', '0-FFF-00007_WFA')",True,True,True,True,180.38,365.26,122.3235,177.2165,WFA,KET-9-2_PFC_3.9_B_5.tif,KET-9-2,FR1_SAL,KET-9,1.4487528,54.893005,72.268105,quad_WFA,2.131651
367,9730,KET-9-4_PFC_3.5_E_5.tif,KET-9-4_PFC_3.5_E,0-FFF-00001_WFA,"('0-000-00001_PV', '0-005-00024_cFos', '0-200-00002_Npas4', '0-FFF-00001_WFA')",True,True,True,True,37.17,95.17,96.3054,96.3161,WFA,KET-9-4_PFC_3.5_E_5.tif,KET-9-4,FR1_SAL,KET-9,1.0001111,0.0107040405,17.385803,quad_WFA,0.5128191
369,9732,KET-9-4_PFC_3.5_E_5.tif,KET-9-4_PFC_3.5_E,0-FFF-00003_WFA,"('0-FFF-00031_cFos', '0-FFF-00005_Npas4', '0-FFF-00003_WFA')",False,True,True,True,176.06,30.37,96.3054,134.6169,WFA,KET-9-4_PFC_3.5_E_5.tif,KET-9-4,FR1_SAL,KET-9,1.3978126,38.3115,55.6866,"WFA_coloc_w_cFos,Npas4",1.6425558
372,9735,KET-9-4_PFC_3.5_E_5.tif,KET-9-4_PFC_3.5_E,0-FFF-00006_WFA,"('0-FFF-00037_cFos', '0-FFF-00027_Npas4', '0-FFF-00006_WFA')",False,True,True,True,187.09,292.14,96.3054,184.1151,WFA,KET-9-4_PFC_3.5_E_5.tif,KET-9-4,FR1_SAL,KET-9,1.9117838,87.8097,105.1848,"WFA_coloc_w_cFos,Npas4",3.102576
374,9737,KET-9-4_PFC_3.5_E_5.tif,KET-9-4_PFC_3.5_E,0-FFF-00008_WFA,"('0-FFF-00077_cFos', '0-FFF-00025_Npas4', '0-FFF-00008_WFA')",False,True,True,True,108.29,307.94,96.3054,91.2289,WFA,KET-9-4_PFC_3.5_E_5.tif,KET-9-4,FR1_SAL,KET-9,0.9472875,-5.0765,12.298599,"WFA_coloc_w_cFos,Npas4",0.36276478
376,9879,KET-9-4_PFC_3.7_C_5.tif,KET-9-4_PFC_3.7_C,0-FFF-00001_WFA,"('0-000-00002_PV', '0-FFF-00050_cFos', '0-FFF-00010_Npas4', '0-FFF-00001_WFA')",True,True,True,True,202.26,121.98,95.0303,91.5225,WFA,KET-9-4_PFC_3.7_C_5.tif,KET-9-4,FR1_SAL,KET-9,0.9630876,-3.5077972,13.867302,quad_WFA,0.4090359
378,9881,KET-9-4_PFC_3.7_C_5.tif,KET-9-4_PFC_3.7_C,0-FFF-00003_WFA,"('0-000-00001_PV', '0-FFF-00036_cFos', '0-FFF-00025_Npas4', '0-FFF-00003_WFA')",True,True,True,True,376.77,127.55,95.0303,108.3773,WFA,KET-9-4_PFC_3.7_C_5.tif,KET-9-4,FR1_SAL,KET-9,1.14045,13.347,30.7221,quad_WFA,0.90619224
379,9882,KET-9-4_PFC_3.7_C_5.tif,KET-9-4_PFC_3.7_C,0-FFF-00004_WFA,"('0-FFF-00037_cFos', '0-FFF-00020_Npas4', '0-FFF-00004_WFA')",False,True,True,True,263.39,233.99,95.0303,108.2906,WFA,KET-9-4_PFC_3.7_C_5.tif,KET-9-4,FR1_SAL,KET-9,1.1395377,13.260307,30.635406,"WFA_coloc_w_cFos,Npas4",0.9036351
383,9886,KET-9-4_PFC_3.7_C_5.tif,KET-9-4_PFC_3.7_C,0-FFF-00009_WFA,"('0-FFF-00043_cFos', '0-FFF-00062_Npas4', '0-FFF-00009_WFA')",False,True,True,True,481.51,366.1,95.0303,93.0938,WFA,KET-9-4_PFC_3.7_C_5.tif,KET-9-4,FR1_SAL,KET-9,0.97962236,-1.9364929,15.438606,"WFA_coloc_w_cFos,Npas4",0.45538375
389,10004,KET-9-4_PFC_3.7_D_5.tif,KET-9-4_PFC_3.7_D,0-FFF-00005_WFA,"('0-000-00004_PV', '0-005-00002_cFos', '0-200-00000_Npas4', '0-FFF-00005_WFA')",True,True,True,True,388.91,343.77,86.8195,171.0365,WFA,KET-9-4_PFC_3.7_D_5.tif,KET-9-4,FR1_SAL,KET-9,1.9700239,84.216995,101.592094,quad_WFA,2.996604
391,10006,KET-9-4_PFC_3.7_D_5.tif,KET-9-4_PFC_3.7_D,0-FFF-00007_WFA,"('0-005-00004_cFos', '0-FFF-00036_Npas4', '0-FFF-00007_WFA')",False,True,True,True,59.51,433.14,86.8195,111.1331,WFA,KET-9-4_PFC_3.7_D_5.tif,KET-9-4,FR1_SAL,KET-9,1.2800477,24.313599,41.688698,"WFA_coloc_w_cFos,Npas4",1.2296678
394,10147,KET-9-4_PFC_4.0_A_5.tif,KET-9-4_PFC_4.0_A,0-FFF-00001_WFA,"('0-000-00005_PV', '0-005-00004_cFos', '0-FFF-00016_Npas4', '0-FFF-00001_WFA')",True,True,True,True,240.86,160.88,83.6668,107.2597,WFA,KET-9-4_PFC_4.0_A_5.tif,KET-9-4,FR1_SAL,KET-9,1.2819864,23.592896,40.967995,quad_WFA,1.2084095
400,10153,KET-9-4_PFC_4.0_A_5.tif,KET-9-4_PFC_4.0_A,0-FFF-00007_WFA,"('0-005-00009_cFos', '0-FFF-00080_Npas4', '0-FFF-00007_WFA')",False,True,True,True,36.66,423.2,83.6668,98.7949,WFA,KET-9-4_PFC_4.0_A_5.tif,KET-9-4,FR1_SAL,KET-9,1.1808137,15.128098,32.503197,"WFA_coloc_w_cFos,Npas4",0.95872825
405,10287,KET-9-4_PFC_4.0_B_5.tif,KET-9-4_PFC_4.0_B,0-FFF-00002_WFA,"('0-000-00000_PV', '0-005-00010_cFos', '0-FFF-00008_Npas4', '0-FFF-00002_WFA')",True,True,True,True,133.14,49.86,81.5757,86.7816,WFA,KET-9-4_PFC_4.0_B_5.tif,KET-9-4,FR1_SAL,KET-9,1.0638168,5.205902,22.581001,quad_WFA,0.6660589
407,10289,KET-9-4_PFC_4.0_B_5.tif,KET-9-4_PFC_4.0_B,0-FFF-00004_WFA,"('0-000-00004_PV', '0-FFF-00043_cFos', '0-FFF-00017_Npas4', '0-FFF-00004_WFA')",True,True,True,True,479.9,58.47,81.5757,80.6518,WFA,KET-9-4_PFC_4.0_B_5.tif,KET-9-4,FR1_SAL,KET-9,0.98867434,-0.9238968,16.451202,quad_WFA,0.48525172
411,10293,KET-9-4_PFC_4.0_B_5.tif,KET-9-4_PFC_4.0_B,0-FFF-00008_WFA,"('0-005-00008_cFos', '0-FFF-00034_Npas4', '0-FFF-00008_WFA')",False,True,True,True,397.02,244.52,81.5757,73.4739,WFA,KET-9-4_PFC_4.0_B_5.tif,KET-9-4,FR1_SAL,KET-9,0.90068364,-8.101799,9.2733,"WFA_coloc_w_cFos,Npas4",0.27352923
413,10381,KET-9-5_PFC_3.5_B_5.tif,KET-9-5_PFC_3.5_B,0-FFF-00002_WFA,"('0-000-00002_PV', '0-FFF-00038_cFos', '0-FFF-00018_Npas4', '0-FFF-00002_WFA')",True,True,True,True,257.84,498.52,90.3695,133.2845,WFA,KET-9-5_PFC_3.5_B_5.tif,KET-9-5,FR1_SAL,KET-9,1.4748837,42.915,60.2901,quad_WFA,1.7783427
419,10484,KET-9-5_PFC_3.5_C_5.tif,KET-9-5_PFC_3.5_C,0-FFF-00005_WFA,"('0-000-00006_PV', '0-FFF-00043_cFos', '0-FFF-00047_Npas4', '0-FFF-00005_WFA')",True,True,True,True,201.88,362.96,96.5136,99.285,WFA,KET-9-5_PFC_3.5_C_5.tif,KET-9-5,FR1_SAL,KET-9,1.0287151,2.7714005,20.1465,quad_WFA,0.5942498
424,10656,KET-9-5_PFC_3.5_D_5.tif,KET-9-5_PFC_3.5_D,0-FFF-00001_WFA,"('0-000-00003_PV', '0-005-00000_cFos', '0-FFF-00042_Npas4', '0-FFF-00001_WFA')",True,True,True,True,433.27,388.64,99.1741,95.7175,WFA,KET-9-5_PFC_3.5_D_5.tif,KET-9-5,FR1_SAL,KET-9,0.9651461,-3.456604,13.918495,quad_WFA,0.41054592
425,10657,KET-9-5_PFC_3.5_D_5.tif,KET-9-5_PFC_3.5_D,0-FFF-00002_WFA,"('0-005-00018_cFos', '0-FFF-00040_Npas4', '0-FFF-00002_WFA')",False,True,True,True,303.68,364.99,99.1741,109.3833,WFA,KET-9-5_PFC_3.5_D_5.tif,KET-9-5,FR1_SAL,KET-9,1.1029422,10.209198,27.584297,"WFA_coloc_w_cFos,Npas4",0.81363827
426,10658,KET-9-5_PFC_3.5_D_5.tif,KET-9-5_PFC_3.5_D,0-FFF-00003_WFA,"('0-FFF-00057_cFos', '0-FFF-00028_Npas4', '0-FFF-00003_WFA')",False,True,True,True,227.04,210.97,99.1741,121.5252,WFA,KET-9-5_PFC_3.5_D_5.tif,KET-9-5,FR1_SAL,KET-9,1.2253723,22.351097,39.726196,"WFA_coloc_w_cFos,Npas4",1.171781
427,10659,KET-9-5_PFC_3.5_D_5.tif,KET-9-5_PFC_3.5_D,0-FFF-00004_WFA,"('0-FFF-00061_cFos', '0-FFF-00020_Npas4', '0-FFF-00004_WFA')",False,True,True,True,374.74,165.71,99.1741,216.7804,WFA,KET-9-5_PFC_3.5_D_5.tif,KET-9-5,FR1_SAL,KET-9,2.1858568,117.60629,134.98138,"WFA_coloc_w_cFos,Npas4",3.981469
430,10662,KET-9-5_PFC_3.5_D_5.tif,KET-9-5_PFC_3.5_D,0-FFF-00007_WFA,"('0-000-00000_PV', '0-FFF-00071_cFos', '0-FFF-00017_Npas4', '0-FFF-00007_WFA')",True,True,True,True,493.54,105.73,99.1741,85.2424,WFA,KET-9-5_PFC_3.5_D_5.tif,KET-9-5,FR1_SAL,KET-9,0.85952276,-13.931702,3.4433975,quad_WFA,0.10156793
431,10663,KET-9-5_PFC_3.5_D_5.tif,KET-9-5_PFC_3.5_D,0-FFF-00008_WFA,"('0-000-00004_PV', '0-005-00016_cFos', '0-200-00006_Npas4', '0-FFF-00008_WFA')",True,True,True,True,24.28,120.37,99.1741,92.9515,WFA,KET-9-5_PFC_3.5_D_5.tif,KET-9-5,FR1_SAL,KET-9,0.93725574,-6.222603,11.152496,quad_WFA,0.3289588
433,10665,KET-9-5_PFC_3.5_D_5.tif,KET-9-5_PFC_3.5_D,0-FFF-00010_WFA,"('0-FFF-00095_cFos', '0-FFF-00026_Npas4', '0-FFF-00010_WFA')",False,True,True,True,34.9,225.47,99.1741,192.6731,WFA,KET-9-5_PFC_3.5_D_5.tif,KET-9-5,FR1_SAL,KET-9,1.9427763,93.49899,110.87409,"WFA_coloc_w_cFos,Npas4",3.2703898
436,10841,KET-9-5_PFC_3.5_E_5.tif,KET-9-5_PFC_3.5_E,0-FFF-00001_WFA,"('0-FFF-00002_PV', '0-005-00030_cFos', '0-FFF-00018_Npas4', '0-FFF-00001_WFA')",True,True,True,True,362.01,12.81,105.4536,146.5316,WFA,KET-9-5_PFC_3.5_E_5.tif,KET-9-5,FR1_SAL,KET-9,1.3895363,41.078003,58.453102,quad_WFA,1.7241578
437,10842,KET-9-5_PFC_3.5_E_5.tif,KET-9-5_PFC_3.5_E,0-FFF-00002_WFA,"('0-000-00001_PV', '0-005-00014_cFos', '0-200-00011_Npas4', '0-FFF-00002_WFA')",True,True,True,True,413.95,16.72,105.4536,164.4275,WFA,KET-9-5_PFC_3.5_E_5.tif,KET-9-5,FR1_SAL,KET-9,1.5592403,58.973907,76.34901,quad_WFA,2.252023
438,10843,KET-9-5_PFC_3.5_E_5.tif,KET-9-5_PFC_3.5_E,0-FFF-00003_WFA,"('0-005-00013_cFos', '0-FFF-00035_Npas4', '0-FFF-00003_WFA')",False,True,True,True,16.14,261.6,105.4536,95.5229,WFA,KET-9-5_PFC_3.5_E_5.tif,KET-9-5,FR1_SAL,KET-9,0.9058288,-9.930695,7.4444046,"WFA_coloc_w_cFos,Npas4",0.21958335
439,10844,KET-9-5_PFC_3.5_E_5.tif,KET-9-5_PFC_3.5_E,0-FFF-00004_WFA,"('0-005-00027_cFos', '0-FFF-00024_Npas4', '0-FFF-00004_WFA')",False,True,True,True,215.1,242.71,105.4536,286.149,WFA,KET-9-5_PFC_3.5_E_5.tif,KET-9-5,FR1_SAL,KET-9,2.7135062,180.69539,198.0705,"WFA_coloc_w_cFos,Npas4",5.8423724
445,10850,KET-9-5_PFC_3.5_E_5.tif,KET-9-5_PFC_3.5_E,0-FFF-00010_WFA,"('0-005-00035_cFos', '0-FFF-00061_Npas4', '0-FFF-00010_WFA')",False,True,True,True,323.85,456.67,105.4536,107.1065,WFA,KET-9-5_PFC_3.5_E_5.tif,KET-9-5,FR1_SAL,KET-9,1.0156742,1.6529007,19.028,"WFA_coloc_w_cFos,Npas4",0.5612581
451,11014,KET-9-5_PFC_3.7_A_5.tif,KET-9-5_PFC_3.7_A,0-FFF-00005_WFA,"('0-FFF-00072_cFos', '0-FFF-00035_Npas4', '0-FFF-00005_WFA')",False,True,True,True,426.96,197.5,98.7051,94.3941,WFA,KET-9-5_PFC_3.7_A_5.tif,KET-9-5,FR1_SAL,KET-9,0.9563244,-4.3110046,13.064095,"WFA_coloc_w_cFos,Npas4",0.38534415
455,11018,KET-9-5_PFC_3.7_A_5.tif,KET-9-5_PFC_3.7_A,0-FFF-00009_WFA,"('0-FFF-00069_cFos', '0-FFF-00092_Npas4', '0-FFF-00009_WFA')",False,True,True,True,415.69,485.28,98.7051,91.7331,WFA,KET-9-5_PFC_3.7_A_5.tif,KET-9-5,FR1_SAL,KET-9,0.92936534,-6.972,10.403099,"WFA_coloc_w_cFos,Npas4",0.30685428
458,11218,KET-9-6_PFC_3.6_E_5.tif,KET-9-6_PFC_3.6_E,0-FFF-00003_WFA,"('0-000-00004_PV', '0-005-00017_cFos', '0-FFF-00063_Npas4', '0-FFF-00003_WFA')",True,True,True,True,215.66,216.78,96.0052,90.8425,WFA,KET-9-6_PFC_3.6_E_5.tif,KET-9-6,FR1_SAL,KET-9,0.94622475,-5.1627045,12.212395,quad_WFA,0.36022204
460,11220,KET-9-6_PFC_3.6_E_5.tif,KET-9-6_PFC_3.6_E,0-FFF-00005_WFA,"('0-005-00022_cFos', '0-FFF-00081_Npas4', '0-FFF-00005_WFA')",False,True,True,True,394.23,360.78,96.0052,112.2919,WFA,KET-9-6_PFC_3.6_E_5.tif,KET-9-6,FR1_SAL,KET-9,1.1696439,16.286697,33.661797,"WFA_coloc_w_cFos,Npas4",0.9929028
462,11222,KET-9-6_PFC_3.6_E_5.tif,KET-9-6_PFC_3.6_E,0-FFF-00007_WFA,"('0-FFF-00063_cFos', '0-200-00003_Npas4', '0-FFF-00007_WFA')",False,True,True,True,336.03,361.95,96.0052,87.9605,WFA,KET-9-6_PFC_3.6_E_5.tif,KET-9-6,FR1_SAL,KET-9,0.9162056,-8.044701,9.330399,"WFA_coloc_w_cFos,Npas4",0.27521345
463,11438,KET-9-6_PFC_3.8_B_5.tif,KET-9-6_PFC_3.8_B,0-FFF-00001_WFA,"('0-005-00015_cFos', '0-FFF-00084_Npas4', '0-FFF-00001_WFA')",False,True,True,True,136.47,446.91,98.3939,86.7699,WFA,KET-9-6_PFC_3.8_B_5.tif,KET-9-6,FR1_SAL,KET-9,0.8818626,-11.624001,5.7510986,"WFA_coloc_w_cFos,Npas4",0.16963688
464,11439,KET-9-6_PFC_3.8_B_5.tif,KET-9-6_PFC_3.8_B,0-FFF-00002_WFA,"('0-000-00001_PV', '0-005-00017_cFos', '0-FFF-00102_Npas4', '0-FFF-00002_WFA')",True,True,True,True,345.55,448.91,98.3939,91.2108,WFA,KET-9-6_PFC_3.8_B_5.tif,KET-9-6,FR1_SAL,KET-9,0.9269965,-7.183098,10.192001,quad_WFA,0.30062765
465,11440,KET-9-6_PFC_3.8_B_5.tif,KET-9-6_PFC_3.8_B,0-FFF-00003_WFA,"('0-000-00002_PV', '0-005-00007_cFos', '0-200-00008_Npas4', '0-FFF-00003_WFA')",True,True,True,True,124.9,150.93,98.3939,94.0738,WFA,KET-9-6_PFC_3.8_B_5.tif,KET-9-6,FR1_SAL,KET-9,0.95609385,-4.320099,13.055,quad_WFA,0.3850759
466,11441,KET-9-6_PFC_3.8_B_5.tif,KET-9-6_PFC_3.8_B,0-FFF-00004_WFA,"('0-FFF-00003_PV', '0-FFF-00090_cFos', '0-FFF-00052_Npas4', '0-FFF-00004_WFA')",True,True,True,True,205.29,203.57,98.3939,86.835,WFA,KET-9-6_PFC_3.8_B_5.tif,KET-9-6,FR1_SAL,KET-9,0.88252425,-11.558899,5.8162003,quad_WFA,0.17155714
468,11443,KET-9-6_PFC_3.8_B_5.tif,KET-9-6_PFC_3.8_B,0-FFF-00006_WFA,"('0-FFF-00011_PV', '0-005-00031_cFos', '0-FFF-00025_Npas4', '0-FFF-00006_WFA')",True,True,True,True,348.17,10.67,98.3939,109.6976,WFA,KET-9-6_PFC_3.8_B_5.tif,KET-9-6,FR1_SAL,KET-9,1.1148821,11.303703,28.678802,quad_WFA,0.8459223
473,11633,KET-9-6_PFC_3.8_C_5.tif,KET-9-6_PFC_3.8_C,0-FFF-00003_WFA,"('0-000-00000_PV', '0-FFF-00075_cFos', '0-FFF-00053_Npas4', '0-FFF-00003_WFA')",True,True,True,True,85.35,178.96,101.5203,102.4129,WFA,KET-9-6_PFC_3.8_C_5.tif,KET-9-6,FR1_SAL,KET-9,1.0087923,0.892601,18.2677,quad_WFA,0.53883195
475,11635,KET-9-6_PFC_3.8_C_5.tif,KET-9-6_PFC_3.8_C,0-FFF-00005_WFA,"('0-000-00001_PV', '0-005-00011_cFos', '0-FFF-00081_Npas4', '0-FFF-00005_WFA')",True,True,True,True,275.13,496.39,101.5203,96.6406,WFA,KET-9-6_PFC_3.8_C_5.tif,KET-9-6,FR1_SAL,KET-9,0.95193374,-4.8796997,12.495399,quad_WFA,0.36856967
476,11636,KET-9-6_PFC_3.8_C_5.tif,KET-9-6_PFC_3.8_C,0-FFF-00006_WFA,"('0-005-00057_cFos', '0-FFF-00052_Npas4', '0-FFF-00006_WFA')",False,True,True,True,153.43,210.75,101.5203,87.7618,WFA,KET-9-6_PFC_3.8_C_5.tif,KET-9-6,FR1_SAL,KET-9,0.86447537,-13.758499,3.6166,"WFA_coloc_w_cFos,Npas4",0.10667679
479,11803,KET-9-6_PFC_3.8_D_5.tif,KET-9-6_PFC_3.8_D,0-FFF-00001_WFA,"('0-005-00035_cFos', '0-FFF-00081_Npas4', '0-FFF-00001_WFA')",False,True,True,True,347.8,499.87,90.288,96.0201,WFA,KET-9-6_PFC_3.8_D_5.tif,KET-9-6,FR1_SAL,KET-9,1.0634868,5.7321014,23.1072,"WFA_coloc_w_cFos,Npas4",0.6815799
481,11805,KET-9-6_PFC_3.8_D_5.tif,KET-9-6_PFC_3.8_D,0-FFF-00003_WFA,"('0-FFF-00003_PV', '0-FFF-00069_cFos', '0-200-00011_Npas4', '0-FFF-00003_WFA')",True,True,True,True,392.85,16.42,90.288,125.5271,WFA,KET-9-6_PFC_3.8_D_5.tif,KET-9-6,FR1_SAL,KET-9,1.3902966,35.239098,52.614197,quad_WFA,1.5519309
483,11991,KET-9-6_PFC_4.0_A_5.tif,KET-9-6_PFC_4.0_A,0-001-00000_WFA,"('0-005-00039_cFos', '0-FFF-00012_Npas4', '0-001-00000_WFA')",False,True,True,True,31.36,14.7,115.3648,134.4113,WFA,KET-9-6_PFC_4.0_A_5.tif,KET-9-6,FR1_SAL,KET-9,1.1650981,19.046501,36.4216,"WFA_coloc_w_cFos,Npas4",1.0743072
484,11992,KET-9-6_PFC_4.0_A_5.tif,KET-9-6_PFC_4.0_A,0-001-00001_WFA,"('0-005-00024_cFos', '0-FFF-00094_Npas4', '0-001-00001_WFA')",False,True,True,True,480.59,422.72,115.3648,100.7109,WFA,KET-9-6_PFC_4.0_A_5.tif,KET-9-6,FR1_SAL,KET-9,0.87297773,-14.6539,2.721199,"WFA_coloc_w_cFos,Npas4",0.080265656
487,11995,KET-9-6_PFC_4.0_A_5.tif,KET-9-6_PFC_4.0_A,0-FFF-00004_WFA,"('0-000-00001_PV', '0-005-00044_cFos', '0-FFF-00093_Npas4', '0-FFF-00004_WFA')",True,True,True,True,285.04,361.92,115.3648,110.6839,WFA,KET-9-6_PFC_4.0_A_5.tif,KET-9-6,FR1_SAL,KET-9,0.9594252,-4.6809006,12.694199,quad_WFA,0.37443355
488,11996,KET-9-6_PFC_4.0_A_5.tif,KET-9-6_PFC_4.0_A,0-FFF-00005_WFA,"('0-FFF-00068_cFos', '0-FFF-00045_Npas4', '0-FFF-00005_WFA')",False,True,True,True,294.04,179.86,115.3648,123.5429,WFA,KET-9-6_PFC_4.0_A_5.tif,KET-9-6,FR1_SAL,KET-9,1.070889,8.178101,25.5532,"WFA_coloc_w_cFos,Npas4",0.75372815
489,11997,KET-9-6_PFC_4.0_A_5.tif,KET-9-6_PFC_4.0_A,0-FFF-00006_WFA,"('0-005-00021_cFos', '0-FFF-00049_Npas4', '0-FFF-00006_WFA')",False,True,True,True,362.14,137.97,115.3648,104.0883,WFA,KET-9-6_PFC_4.0_A_5.tif,KET-9-6,FR1_SAL,KET-9,0.90225357,-11.276497,6.0986023,"WFA_coloc_w_cFos,Npas4",0.179887
490,11998,KET-9-6_PFC_4.0_A_5.tif,KET-9-6_PFC_4.0_A,0-FFF-00007_WFA,"('0-000-00002_PV', '0-005-00058_cFos', '0-FFF-00034_Npas4', '0-FFF-00007_WFA')",True,True,True,True,46.3,213.21,115.3648,110.1187,WFA,KET-9-6_PFC_4.0_A_5.tif,KET-9-6,FR1_SAL,KET-9,0.954526,-5.2461014,12.128998,quad_WFA,0.35776213
492,12000,KET-9-6_PFC_4.0_A_5.tif,KET-9-6_PFC_4.0_A,0-FFF-00009_WFA,"('0-005-00004_cFos', '0-FFF-00051_Npas4', '0-FFF-00009_WFA')",False,True,True,True,437.69,83.21,115.3648,98.3632,WFA,KET-9-6_PFC_4.0_A_5.tif,KET-9-6,FR1_SAL,KET-9,0.85262746,-17.001602,0.373497,"WFA_coloc_w_cFos,Npas4",0.011016828
495,16313,PE-12-1_PFC_3.3_D_5.tif,PE-12-1_PFC_3.3_D,0-FFF-00007_WFA,"('0-000-00001_PV', '0-FFF-00052_cFos', '0-FFF-00021_Npas4', '0-FFF-00007_WFA')",True,True,True,True,414.51,81.89,115.666,111.7281,WFA,PE-12-1_PFC_3.3_D_5.tif,PE-12-1,FR1_KET,PE-12,0.9659546,-3.9378967,13.437202,quad_WFA,0.3963495
502,16738,PE-12-1_PFC_3.5_C_5.tif,PE-12-1_PFC_3.5_C,0-FFF-00001_WFA,"('0-000-00003_PV', '0-FFF-00102_cFos', '0-FFF-00037_Npas4', '0-FFF-00001_WFA')",True,True,True,True,480.76,128.28,119.5114,107.214,WFA,PE-12-1_PFC_3.5_C_5.tif,PE-12-1,FR1_KET,PE-12,0.8971027,-12.297401,5.0776978,quad_WFA,0.14977396
503,16739,PE-12-1_PFC_3.5_C_5.tif,PE-12-1_PFC_3.5_C,0-FFF-00002_WFA,"('0-000-00009_PV', '0-005-00010_cFos', '0-FFF-00054_Npas4', '0-FFF-00002_WFA')",True,True,True,True,396.37,429.37,119.5114,117.8673,WFA,PE-12-1_PFC_3.5_C_5.tif,PE-12-1,FR1_KET,PE-12,0.9862432,-1.6440964,15.731003,quad_WFA,0.46400842
504,16740,PE-12-1_PFC_3.5_C_5.tif,PE-12-1_PFC_3.5_C,0-FFF-00003_WFA,"('0-000-00010_PV', '0-FFF-00104_cFos', '0-FFF-00051_Npas4', '0-FFF-00003_WFA')",True,True,True,True,425.77,467.42,119.5114,125.669,WFA,PE-12-1_PFC_3.5_C_5.tif,PE-12-1,FR1_KET,PE-12,1.0515231,6.1576004,23.5327,quad_WFA,0.6941306
507,16743,PE-12-1_PFC_3.5_C_5.tif,PE-12-1_PFC_3.5_C,0-FFF-00006_WFA,"('0-000-00002_PV', '0-FFF-00075_cFos', '0-FFF-00062_Npas4', '0-FFF-00006_WFA')",True,True,True,True,130.86,217.71,119.5114,110.4315,WFA,PE-12-1_PFC_3.5_C_5.tif,PE-12-1,FR1_KET,PE-12,0.9240249,-9.079895,8.295204,quad_WFA,0.2446789
510,16746,PE-12-1_PFC_3.5_C_5.tif,PE-12-1_PFC_3.5_C,0-FFF-00009_WFA,"('0-000-00011_PV', '0-FFF-00093_cFos', '0-FFF-00047_Npas4', '0-FFF-00009_WFA')",True,True,True,True,378.09,350.7,119.5114,107.6283,WFA,PE-12-1_PFC_3.5_C_5.tif,PE-12-1,FR1_KET,PE-12,0.9005694,-11.883095,5.4920044,quad_WFA,0.16199452
526,17356,PE-12-2_PFC_3.5_E_5.tif,PE-12-2_PFC_3.5_E,0-FFF-00003_WFA,"('0-000-00004_PV', '0-005-00029_cFos', '0-FFF-00062_Npas4', '0-FFF-00003_WFA')",True,True,True,True,233.13,469.71,109.3833,114.7238,WFA,PE-12-2_PFC_3.5_E_5.tif,PE-12-2,FR1_KET,PE-12,1.0488237,5.3405,22.7156,quad_WFA,0.67002904
527,17357,PE-12-2_PFC_3.5_E_5.tif,PE-12-2_PFC_3.5_E,0-FFF-00004_WFA,"('0-000-00006_PV', '0-005-00001_cFos', '0-200-00001_Npas4', '0-FFF-00004_WFA')",True,True,True,True,436.09,446.77,109.3833,129.2683,WFA,PE-12-2_PFC_3.5_E_5.tif,PE-12-2,FR1_KET,PE-12,1.1817919,19.884995,37.260094,quad_WFA,1.0990397
529,17359,PE-12-2_PFC_3.5_E_5.tif,PE-12-2_PFC_3.5_E,0-FFF-00006_WFA,"('0-000-00002_PV', '0-FFF-00050_cFos', '0-FFF-00015_Npas4', '0-FFF-00006_WFA')",True,True,True,True,463.41,46.77,109.3833,104.3843,WFA,PE-12-2_PFC_3.5_E_5.tif,PE-12-2,FR1_KET,PE-12,0.9542983,-4.9990005,12.376099,quad_WFA,0.36505073
533,17515,PE-12-2_PFC_3.6_C_5.tif,PE-12-2_PFC_3.6_C,0-FFF-00003_WFA,"('0-000-00000_PV', '0-005-00022_cFos', '0-FFF-00015_Npas4', '0-FFF-00003_WFA')",True,True,True,True,285.66,313.71,121.8002,119.4701,WFA,PE-12-2_PFC_3.6_C_5.tif,PE-12-2,FR1_KET,PE-12,0.9808695,-2.330101,15.044998,quad_WFA,0.44377372
539,17521,PE-12-2_PFC_3.6_C_5.tif,PE-12-2_PFC_3.6_C,0-FFF-00009_WFA,"('0-FFF-00072_cFos', '0-FFF-00021_Npas4', '0-FFF-00009_WFA')",False,True,True,True,112.63,405.99,121.8002,148.6416,WFA,PE-12-2_PFC_3.6_C_5.tif,PE-12-2,FR1_KET,PE-12,1.2203724,26.8414,44.2165,"WFA_coloc_w_cFos,Npas4",1.3042289
543,17678,PE-12-2_PFC_3.6_D_5.tif,PE-12-2_PFC_3.6_D,0-FFF-00001_WFA,"('0-000-00000_PV', '0-005-00026_cFos', '0-FFF-00019_Npas4', '0-FFF-00001_WFA')",True,True,True,True,156.71,114.75,106.2696,104.2988,WFA,PE-12-2_PFC_3.6_D_5.tif,PE-12-2,FR1_KET,PE-12,0.9814547,-1.9708023,15.404297,quad_WFA,0.45437175
547,17828,PE-12-2_PFC_3.7_A_5.tif,PE-12-2_PFC_3.7_A,0-FFF-00001_WFA,"('0-000-00002_PV', '0-FFF-00050_cFos', '0-FFF-00067_Npas4', '0-FFF-00001_WFA')",True,True,True,True,32.27,426.82,120.8757,114.5464,WFA,PE-12-2_PFC_3.7_A_5.tif,PE-12-2,FR1_KET,PE-12,0.947638,-6.3293,11.045799,quad_WFA,0.32581162
551,17832,PE-12-2_PFC_3.7_A_5.tif,PE-12-2_PFC_3.7_A,0-FFF-00005_WFA,"('0-000-00005_PV', '0-FFF-00044_cFos', '0-FFF-00045_Npas4', '0-FFF-00005_WFA')",True,True,True,True,199.38,333.42,120.8757,145.9523,WFA,PE-12-2_PFC_3.7_A_5.tif,PE-12-2,FR1_KET,PE-12,1.2074578,25.0766,42.4517,quad_WFA,1.2521735
559,18021,PE-12-7_PFC_3.5_E_5.tif,PE-12-7_PFC_3.5_E,0-FFF-00003_WFA,"('0-000-00006_PV', '0-005-00051_cFos', '0-200-00000_Npas4', '0-FFF-00003_WFA')",True,True,True,True,311.45,225.63,118.6566,128.3417,WFA,PE-12-7_PFC_3.5_E_5.tif,PE-12-7,FR1_KET,PE-12,1.081623,9.685104,27.060204,quad_WFA,0.7981794
561,18023,PE-12-7_PFC_3.5_E_5.tif,PE-12-7_PFC_3.5_E,0-FFF-00005_WFA,"('0-000-00004_PV', '0-FFF-00075_cFos', '0-FFF-00053_Npas4', '0-FFF-00005_WFA')",True,True,True,True,135.17,427.2,118.6566,136.1665,WFA,PE-12-7_PFC_3.5_E_5.tif,PE-12-7,FR1_KET,PE-12,1.1475679,17.509903,34.885002,quad_WFA,1.028983
562,18024,PE-12-7_PFC_3.5_E_5.tif,PE-12-7_PFC_3.5_E,0-FFF-00006_WFA,"('0-000-00001_PV', '0-005-00015_cFos', '0-FFF-00056_Npas4', '0-FFF-00006_WFA')",True,True,True,True,142.83,464.03,118.6566,121.4625,WFA,PE-12-7_PFC_3.5_E_5.tif,PE-12-7,FR1_KET,PE-12,1.0236472,2.8059006,20.181,quad_WFA,0.5952674
563,18025,PE-12-7_PFC_3.5_E_5.tif,PE-12-7_PFC_3.5_E,0-FFF-00007_WFA,"('0-005-00001_cFos', '0-FFF-00064_Npas4', '0-FFF-00007_WFA')",False,True,True,True,306.4,448.17,118.6566,107.8582,WFA,PE-12-7_PFC_3.5_E_5.tif,PE-12-7,FR1_KET,PE-12,0.9089945,-10.798401,6.5766983,"WFA_coloc_w_cFos,Npas4",0.19398911
568,18199,PE-12-7_PFC_3.6_B_5.tif,PE-12-7_PFC_3.6_B,0-001-00002_WFA,"('0-000-00003_PV', '0-005-00044_cFos', '0-200-00000_Npas4', '0-001-00002_WFA')",True,True,True,True,329.6,498.15,121.9681,144.6261,WFA,PE-12-7_PFC_3.6_B_5.tif,PE-12-7,FR1_KET,PE-12,1.1857699,22.657997,40.033096,quad_WFA,1.1808333
569,18200,PE-12-7_PFC_3.6_B_5.tif,PE-12-7_PFC_3.6_B,0-001-00003_WFA,"('0-005-00053_cFos', '0-FFF-00013_Npas4', '0-001-00003_WFA')",False,True,True,True,283.01,109.67,121.9681,158.773,WFA,PE-12-7_PFC_3.6_B_5.tif,PE-12-7,FR1_KET,PE-12,1.3017584,36.804893,54.179993,"WFA_coloc_w_cFos,Npas4",1.5981163
579,18210,PE-12-7_PFC_3.6_B_5.tif,PE-12-7_PFC_3.6_B,0-FFF-00015_WFA,"('0-000-00011_PV', '0-005-00027_cFos', '0-FFF-00093_Npas4', '0-FFF-00015_WFA')",True,True,True,True,153.67,443.41,121.9681,150.2039,WFA,PE-12-7_PFC_3.6_B_5.tif,PE-12-7,FR1_KET,PE-12,1.2315016,28.235802,45.6109,quad_WFA,1.3453587
580,18404,PE-12-7_PFC_3.6_D_5.tif,PE-12-7_PFC_3.6_D,0-FFF-00001_WFA,"('0-000-00001_PV', '0-005-00039_cFos', '0-FFF-00054_Npas4', '0-FFF-00001_WFA')",True,True,True,True,423.85,284.07,120.7006,113.8114,WFA,PE-12-7_PFC_3.6_D_5.tif,PE-12-7,FR1_KET,PE-12,0.94292325,-6.8891983,10.485901,quad_WFA,0.30929664
585,18409,PE-12-7_PFC_3.6_D_5.tif,PE-12-7_PFC_3.6_D,0-FFF-00006_WFA,"('0-000-00004_PV', '0-005-00010_cFos', '0-FFF-00060_Npas4', '0-FFF-00006_WFA')",True,True,True,True,316.75,271.65,120.7006,146.185,WFA,PE-12-7_PFC_3.6_D_5.tif,PE-12-7,FR1_KET,PE-12,1.2111373,25.484398,42.859497,quad_WFA,1.2642021
586,18410,PE-12-7_PFC_3.6_D_5.tif,PE-12-7_PFC_3.6_D,0-FFF-00007_WFA,"('0-000-00000_PV', '0-005-00028_cFos', '0-FFF-00059_Npas4', '0-FFF-00007_WFA')",True,True,True,True,344.73,329.52,120.7006,112.2859,WFA,PE-12-7_PFC_3.6_D_5.tif,PE-12-7,FR1_KET,PE-12,0.9302845,-8.414703,8.960396,quad_WFA,0.2642997
588,18553,PE-12-7_PFC_3.7_A_5.tif,PE-12-7_PFC_3.7_A,0-FFF-00002_WFA,"('0-000-00006_PV', '0-005-00024_cFos', '0-FFF-00039_Npas4', '0-FFF-00002_WFA')",True,True,True,True,122.57,199.35,114.7666,111.6146,WFA,PE-12-7_PFC_3.7_A_5.tif,PE-12-7,FR1_KET,PE-12,0.97253555,-3.1520004,14.223099,quad_WFA,0.41953063
592,18557,PE-12-7_PFC_3.7_A_5.tif,PE-12-7_PFC_3.7_A,0-FFF-00006_WFA,"('0-000-00007_PV', '0-FFF-00059_cFos', '0-FFF-00007_Npas4', '0-FFF-00006_WFA')",True,True,True,True,140.33,61.0,114.7666,107.0362,WFA,PE-12-7_PFC_3.7_A_5.tif,PE-12-7,FR1_KET,PE-12,0.9326424,-7.7304,9.644699,quad_WFA,0.28448418
593,18558,PE-12-7_PFC_3.7_A_5.tif,PE-12-7_PFC_3.7_A,0-FFF-00007_WFA,"('0-005-00013_cFos', '0-200-00003_Npas4', '0-FFF-00007_WFA')",False,True,True,True,255.82,122.72,114.7666,115.5702,WFA,PE-12-7_PFC_3.7_A_5.tif,PE-12-7,FR1_KET,PE-12,1.007002,0.8035965,18.178696,"WFA_coloc_w_cFos,Npas4",0.5362066
594,18559,PE-12-7_PFC_3.7_A_5.tif,PE-12-7_PFC_3.7_A,0-FFF-00008_WFA,"('0-000-00001_PV', '0-FFF-00065_cFos', '0-FFF-00075_Npas4', '0-FFF-00008_WFA')",True,True,True,True,83.2,488.68,114.7666,117.5012,WFA,PE-12-7_PFC_3.7_A_5.tif,PE-12-7,FR1_KET,PE-12,1.0238274,2.7345963,20.109695,quad_WFA,0.5931642
599,18707,PE-12-7_PFC_3.7_C_5.tif,PE-12-7_PFC_3.7_C,0-FFF-00007_WFA,"('0-000-00003_PV', '0-FFF-00067_cFos', '0-FFF-00037_Npas4', '0-FFF-00007_WFA')",True,True,True,True,493.92,237.73,120.9743,112.5961,WFA,PE-12-7_PFC_3.7_C_5.tif,PE-12-7,FR1_KET,PE-12,0.930744,-8.378197,8.996902,quad_WFA,0.2653765
600,18708,PE-12-7_PFC_3.7_C_5.tif,PE-12-7_PFC_3.7_C,0-FFF-00008_WFA,"('0-005-00021_cFos', '0-FFF-00035_Npas4', '0-FFF-00008_WFA')",False,True,True,True,412.56,207.94,120.9743,110.2952,WFA,PE-12-7_PFC_3.7_C_5.tif,PE-12-7,FR1_KET,PE-12,0.9117242,-10.6791,6.695999,"WFA_coloc_w_cFos,Npas4",0.19750807
611,18780,PE-13-11_PFC_3.3_C_5.tif,PE-13-11_PFC_3.3_C,0-FFF-00008_WFA,"('0-000-00003_PV', '0-FFF-00015_cFos', '0-FFF-00031_Npas4', '0-FFF-00008_WFA')",True,True,True,True,118.33,96.96,93.9887,83.8163,WFA,PE-13-11_PFC_3.3_C_5.tif,PE-13-11,VR5_SAL,PE-13,0.89176995,-10.172401,7.2026978,quad_WFA,0.21245387
633,18961,PE-13-11_PFC_3.5_E_5.tif,PE-13-11_PFC_3.5_E,0-FFF-00003_WFA,"('0-000-00002_PV', '0-FFF-00005_cFos', '0-FFF-00029_Npas4', '0-FFF-00003_WFA')",True,True,True,True,305.95,260.7,102.4137,97.669,WFA,PE-13-11_PFC_3.5_E_5.tif,PE-13-11,VR5_SAL,PE-13,0.9536713,-4.7446976,12.630402,quad_WFA,0.37255174
662,19327,PE-13-1_PFC_3.5_C_5.tif,PE-13-1_PFC_3.5_C,0-FFF-00001_WFA,"('0-000-00007_PV', '0-FFF-00062_cFos', '0-FFF-00028_Npas4', '0-FFF-00001_WFA')",True,True,True,True,273.05,292.74,123.0184,109.4364,WFA,PE-13-1_PFC_3.5_C_5.tif,PE-13-1,VR5_SAL,PE-13,0.8895937,-13.582001,3.7930984,quad_WFA,0.11188286
664,19329,PE-13-1_PFC_3.5_C_5.tif,PE-13-1_PFC_3.5_C,0-FFF-00003_WFA,"('0-005-00003_cFos', '0-200-00003_Npas4', '0-FFF-00003_WFA')",False,True,True,True,385.27,350.68,123.0184,111.0345,WFA,PE-13-1_PFC_3.5_C_5.tif,PE-13-1,VR5_SAL,PE-13,0.9025845,-11.983902,5.391197,"WFA_coloc_w_cFos,Npas4",0.15902106
668,19333,PE-13-1_PFC_3.5_C_5.tif,PE-13-1_PFC_3.5_C,0-FFF-00007_WFA,"('0-000-00001_PV', '0-FFF-00071_cFos', '0-FFF-00019_Npas4', '0-FFF-00007_WFA')",True,True,True,True,94.43,171.98,123.0184,127.807,WFA,PE-13-1_PFC_3.5_C_5.tif,PE-13-1,VR5_SAL,PE-13,1.0389259,4.788597,22.163696,quad_WFA,0.6537499
693,19681,PE-13-1_PFC_3.7_B_5.tif,PE-13-1_PFC_3.7_B,0-FFF-00010_WFA,"('0-000-00013_PV', '0-FFF-00017_cFos', '0-200-00010_Npas4', '0-FFF-00010_WFA')",True,True,True,True,416.71,166.44,122.2442,120.491,WFA,PE-13-1_PFC_3.7_B_5.tif,PE-13-1,VR5_SAL,PE-13,0.98565817,-1.7532043,15.621895,quad_WFA,0.46079013
696,19684,PE-13-1_PFC_3.7_B_5.tif,PE-13-1_PFC_3.7_B,0-FFF-00013_WFA,"('0-000-00010_PV', '0-FFF-00011_cFos', '0-FFF-00067_Npas4', '0-FFF-00013_WFA')",True,True,True,True,232.14,462.97,122.2442,133.6229,WFA,PE-13-1_PFC_3.7_B_5.tif,PE-13-1,VR5_SAL,PE-13,1.0930817,11.378693,28.753792,quad_WFA,0.84813416
697,19685,PE-13-1_PFC_3.7_B_5.tif,PE-13-1_PFC_3.7_B,0-FFF-00014_WFA,"('0-000-00000_PV', '0-FFF-00010_cFos', '0-FFF-00045_Npas4', '0-FFF-00014_WFA')",True,True,True,True,340.07,372.09,122.2442,125.313,WFA,PE-13-1_PFC_3.7_B_5.tif,PE-13-1,VR5_SAL,PE-13,1.0251038,3.0688019,20.443901,quad_WFA,0.6030221
702,19838,PE-13-1_PFC_3.7_D_5.tif,PE-13-1_PFC_3.7_D,0-001-00004_WFA,"('0-000-00003_PV', '0-005-00014_cFos', '0-FFF-00030_Npas4', '0-001-00004_WFA')",True,True,True,True,490.94,19.54,110.2853,111.1992,WFA,PE-13-1_PFC_3.7_D_5.tif,PE-13-1,VR5_SAL,PE-13,1.0082867,0.9139023,18.289001,quad_WFA,0.53946024
706,19842,PE-13-1_PFC_3.7_D_5.tif,PE-13-1_PFC_3.7_D,0-FFF-00008_WFA,"('0-000-00001_PV', '0-FFF-00048_cFos', '0-FFF-00061_Npas4', '0-FFF-00008_WFA')",True,True,True,True,360.87,358.6,110.2853,121.1035,WFA,PE-13-1_PFC_3.7_D_5.tif,PE-13-1,VR5_SAL,PE-13,1.0980928,10.818199,28.193298,quad_WFA,0.8316016
718,19987,PE-13-1_PFC_3.9_A_5.tif,PE-13-1_PFC_3.9_A,0-FFF-00006_WFA,"('0-000-00002_PV', '0-FFF-00008_cFos', '0-FFF-00044_Npas4', '0-FFF-00006_WFA')",True,True,True,True,214.19,302.83,120.1853,136.2025,WFA,PE-13-1_PFC_3.9_A_5.tif,PE-13-1,VR5_SAL,PE-13,1.1332709,16.017197,33.392296,quad_WFA,0.9849535
753,20557,PE-13-2_PFC_3.5_E_5.tif,PE-13-2_PFC_3.5_E,0-FFF-00006_WFA,"('0-000-00000_PV', '0-FFF-00055_cFos', '0-FFF-00064_Npas4', '0-FFF-00006_WFA')",True,True,True,True,372.84,422.23,97.923,95.7536,WFA,PE-13-2_PFC_3.5_E_5.tif,PE-13-2,VR5_KET,PE-13,0.9778459,-2.1693954,15.205704,quad_WFA,0.44851395
759,20744,PE-13-2_PFC_3.7_A_5.tif,PE-13-2_PFC_3.7_A,0-FFF-00006_WFA,"('0-FFF-00071_cFos', '0-FFF-00075_Npas4', '0-FFF-00006_WFA')",False,True,True,True,20.53,435.86,98.4533,103.1151,WFA,PE-13-2_PFC_3.7_A_5.tif,PE-13-2,VR5_KET,PE-13,1.0473503,4.6617966,22.036896,"WFA_coloc_w_cFos,Npas4",0.65000975
761,20847,PE-13-3_PFC_3.3_E_5.tif,PE-13-3_PFC_3.3_E,0-FFF-00002_WFA,"('0-000-00005_PV', '0-FFF-00023_cFos', '0-FFF-00045_Npas4', '0-FFF-00002_WFA')",True,True,True,True,320.42,261.63,78.668,74.526,WFA,PE-13-3_PFC_3.3_E_5.tif,PE-13-3,VR5_KET,PE-13,0.94734836,-4.1419983,13.233101,quad_WFA,0.3903292
762,20848,PE-13-3_PFC_3.3_E_5.tif,PE-13-3_PFC_3.3_E,0-FFF-00003_WFA,"('0-000-00001_PV', '0-FFF-00024_cFos', '0-FFF-00035_Npas4', '0-FFF-00003_WFA')",True,True,True,True,98.33,366.27,78.668,73.4531,WFA,PE-13-3_PFC_3.3_E_5.tif,PE-13-3,VR5_KET,PE-13,0.93371004,-5.214897,12.160202,quad_WFA,0.35868254
765,20851,PE-13-3_PFC_3.3_E_5.tif,PE-13-3_PFC_3.3_E,0-FFF-00006_WFA,"('0-FFF-00027_cFos', '0-FFF-00062_Npas4', '0-FFF-00006_WFA')",False,True,True,True,355.7,423.96,78.668,69.5523,WFA,PE-13-3_PFC_3.3_E_5.tif,PE-13-3,VR5_KET,PE-13,0.8841244,-9.1157,8.259399,"WFA_coloc_w_cFos,Npas4",0.2436228
776,21084,PE-13-3_PFC_3.5_D_5.tif,PE-13-3_PFC_3.5_D,0-FFF-00004_WFA,"('0-000-00004_PV', '0-FFF-00031_cFos', '0-FFF-00081_Npas4', '0-FFF-00004_WFA')",True,True,True,True,210.13,169.75,83.1509,79.9289,WFA,PE-13-3_PFC_3.5_D_5.tif,PE-13-3,VR5_KET,PE-13,0.9612512,-3.2220001,14.153099,quad_WFA,0.4174659
787,21276,PE-13-3_PFC_3.7_A_5.tif,PE-13-3_PFC_3.7_A,0-FFF-00007_WFA,"('0-000-00001_PV', '0-FFF-00048_cFos', '0-FFF-00099_Npas4', '0-FFF-00007_WFA')",True,True,True,True,414.74,382.17,102.9745,90.7725,WFA,PE-13-3_PFC_3.7_A_5.tif,PE-13-3,VR5_KET,PE-13,0.8815046,-12.2020035,5.1730957,quad_WFA,0.15258785
797,21431,PE-13-3_PFC_3.7_B_5.tif,PE-13-3_PFC_3.7_B,0-FFF-00003_WFA,"('0-000-00001_PV', '0-FFF-00054_cFos', '0-200-00006_Npas4', '0-FFF-00003_WFA')",True,True,True,True,139.98,97.95,108.9096,96.483,WFA,PE-13-3_PFC_3.7_B_5.tif,PE-13-3,VR5_KET,PE-13,0.8858999,-12.426598,4.9485016,quad_WFA,0.14596313
801,21435,PE-13-3_PFC_3.7_B_5.tif,PE-13-3_PFC_3.7_B,0-FFF-00007_WFA,"('0-000-00005_PV', '0-FFF-00037_cFos', '0-FFF-00066_Npas4', '0-FFF-00007_WFA')",True,True,True,True,339.52,359.19,108.9096,93.2711,WFA,PE-13-3_PFC_3.7_B_5.tif,PE-13-3,VR5_KET,PE-13,0.8564085,-15.638496,1.7366028,quad_WFA,0.05122358
803,21523,PE-13-6_PFC_3.5_C_5.tif,PE-13-6_PFC_3.5_C,0-FFF-00002_WFA,"('0-000-00000_PV', '0-FFF-00053_cFos', '0-200-00001_Npas4', '0-FFF-00002_WFA')",True,True,True,True,322.49,433.89,84.0866,83.4392,WFA,PE-13-6_PFC_3.5_C_5.tif,PE-13-6,VR5_KET,PE-13,0.9923008,-0.6473999,16.7277,quad_WFA,0.4934074
819,21859,PE-13-6_PFC_3.7_A_5.tif,PE-13-6_PFC_3.7_A,0-FFF-00003_WFA,"('0-000-00002_PV', '0-FFF-00026_cFos', '0-FFF-00064_Npas4', '0-FFF-00003_WFA')",True,True,True,True,398.17,173.61,120.1883,103.2704,WFA,PE-13-6_PFC_3.7_A_5.tif,PE-13-6,VR5_KET,PE-13,0.8592384,-16.9179,0.4571991,quad_WFA,0.013485741
822,21862,PE-13-6_PFC_3.7_A_5.tif,PE-13-6_PFC_3.7_A,0-FFF-00006_WFA,"('0-000-00011_PV', '0-FFF-00025_cFos', '0-FFF-00068_Npas4', '0-FFF-00006_WFA')",True,True,True,True,422.09,278.25,120.1883,112.5135,WFA,PE-13-6_PFC_3.7_A_5.tif,PE-13-6,VR5_KET,PE-13,0.9361435,-7.6748047,9.7002945,quad_WFA,0.28612405
823,21863,PE-13-6_PFC_3.7_A_5.tif,PE-13-6_PFC_3.7_A,0-FFF-00007_WFA,"('0-FFF-00032_cFos', '0-FFF-00074_Npas4', '0-FFF-00007_WFA')",False,True,True,True,477.86,315.72,120.1883,105.1816,WFA,PE-13-6_PFC_3.7_A_5.tif,PE-13-6,VR5_KET,PE-13,0.87514013,-15.006699,2.3684006,"WFA_coloc_w_cFos,Npas4",0.06985936
824,21864,PE-13-6_PFC_3.7_A_5.tif,PE-13-6_PFC_3.7_A,0-FFF-00008_WFA,"('0-000-00007_PV', '0-FFF-00007_cFos', '0-FFF-00032_Npas4', '0-FFF-00008_WFA')",True,True,True,True,234.22,178.75,120.1883,126.1616,WFA,PE-13-6_PFC_3.7_A_5.tif,PE-13-6,VR5_KET,PE-13,1.0496995,5.973297,23.348396,quad_WFA,0.6886943
828,21868,PE-13-6_PFC_3.7_A_5.tif,PE-13-6_PFC_3.7_A,0-FFF-00013_WFA,"('0-000-00009_PV', '0-FFF-00013_cFos', '0-FFF-00043_Npas4', '0-FFF-00013_WFA')",True,True,True,True,77.71,296.5,120.1883,104.1654,WFA,PE-13-6_PFC_3.7_A_5.tif,PE-13-6,VR5_KET,PE-13,0.866685,-16.022903,1.3521957,quad_WFA,0.039884947
829,21952,PE-13-6_PFC_3.7_B_5.tif,PE-13-6_PFC_3.7_B,0-FFF-00001_WFA,"('0-000-00001_PV', '0-FFF-00011_cFos', '0-200-00001_Npas4', '0-FFF-00001_WFA')",True,True,True,True,220.43,129.35,84.7644,88.1055,WFA,PE-13-6_PFC_3.7_B_5.tif,PE-13-6,VR5_KET,PE-13,1.0394163,3.3411026,20.716202,quad_WFA,0.611054
833,21956,PE-13-6_PFC_3.7_B_5.tif,PE-13-6_PFC_3.7_B,0-FFF-00005_WFA,"('0-FFF-00035_cFos', '0-FFF-00033_Npas4', '0-FFF-00005_WFA')",False,True,True,True,323.33,192.35,84.7644,114.4899,WFA,PE-13-6_PFC_3.7_B_5.tif,PE-13-6,VR5_KET,PE-13,1.3506838,29.725502,47.1006,"WFA_coloc_w_cFos,Npas4",1.3892995
841,21964,PE-13-6_PFC_3.7_B_5.tif,PE-13-6_PFC_3.7_B,0-FFF-00013_WFA,"('0-FFF-00033_cFos', '0-FFF-00035_Npas4', '0-FFF-00013_WFA')",False,True,True,True,249.12,225.66,84.7644,77.1339,WFA,PE-13-6_PFC_3.7_B_5.tif,PE-13-6,VR5_KET,PE-13,0.90998,-7.630493,9.744606,"WFA_coloc_w_cFos,Npas4",0.2874311
848,22110,PE-13-6_PFC_3.7_E_5.tif,PE-13-6_PFC_3.7_E,0-FFF-00005_WFA,"('0-000-00000_PV', '0-FFF-00018_cFos', '0-FFF-00030_Npas4', '0-FFF-00005_WFA')",True,True,True,True,384.34,178.93,105.8624,108.7853,WFA,PE-13-6_PFC_3.7_E_5.tif,PE-13-6,VR5_KET,PE-13,1.0276104,2.922905,20.298004,quad_WFA,0.59871864
861,22250,PE-13-9_PFC_3.3_C_5.tif,PE-13-9_PFC_3.3_C,0-FFF-00006_WFA,"('0-000-00003_PV', '0-FFF-00022_cFos', '0-FFF-00060_Npas4', '0-FFF-00006_WFA')",True,True,True,True,189.75,360.93,97.5965,91.9149,WFA,PE-13-9_PFC_3.3_C_5.tif,PE-13-9,VR5_SAL,PE-13,0.94178486,-5.681595,11.693504,quad_WFA,0.3449166
866,22255,PE-13-9_PFC_3.3_C_5.tif,PE-13-9_PFC_3.3_C,0-FFF-00012_WFA,"('0-000-00007_PV', '0-FFF-00014_cFos', '0-FFF-00005_Npas4', '0-FFF-00012_WFA')",True,True,True,True,46.56,62.65,97.5965,94.5136,WFA,PE-13-9_PFC_3.3_C_5.tif,PE-13-9,VR5_SAL,PE-13,0.96841186,-3.0828934,14.292206,quad_WFA,0.42156905
869,22380,PE-13-9_PFC_3.4_D_5.tif,PE-13-9_PFC_3.4_D,0-FFF-00001_WFA,"('0-FFF-00010_PV', '0-FFF-00043_cFos', '0-FFF-00060_Npas4', '0-FFF-00001_WFA')",True,True,True,True,212.44,310.97,104.9547,101.8504,WFA,PE-13-9_PFC_3.4_D_5.tif,PE-13-9,VR5_SAL,PE-13,0.9704225,-3.1042938,14.270805,quad_WFA,0.4209378
876,22387,PE-13-9_PFC_3.4_D_5.tif,PE-13-9_PFC_3.4_D,0-FFF-00008_WFA,"('0-000-00003_PV', '0-FFF-00028_cFos', '0-FFF-00011_Npas4', '0-FFF-00008_WFA')",True,True,True,True,366.21,25.36,104.9547,142.4022,WFA,PE-13-9_PFC_3.4_D_5.tif,PE-13-9,VR5_SAL,PE-13,1.3567969,37.44751,54.82261,quad_WFA,1.6170713
