,index,filename,image_name,roi_id,true_grouping,dummy_PV,dummy_cFos,dummy_Npas4,dummy_WFA,CoM_x,CoM_y,background,mean_intensity,stain_type,filename,rat_n,treatment,group_name,snr,mean-background,adjusted_mean-background,coloc_stain_type,norm_adjusted_mean-background
7,131,KET-10-12_PFC_3.7_A_4.tif,KET-10-12_PFC_3.7_A,0-FFF-00009_Npas4,"('0-000-00012_PV', '0-005-00036_cFos', '0-FFF-00009_Npas4', '0-FFF-00001_WFA')",True,True,True,True,227.09,161.41,573.9955,517.5275,Npas4,KET-10-12_PFC_3.7_A_4.tif,KET-10-12,FR1_KET,KET-10,0.901623,-56.467957,106.18439,quad_Npas4,0.7344218
56,180,KET-10-12_PFC_3.7_A_4.tif,KET-10-12_PFC_3.7_A,0-FFF-00062_Npas4,"('0-000-00008_PV', '0-005-00017_cFos', '0-FFF-00062_Npas4', '0-FFF-00002_WFA')",True,True,True,True,170.95,312.57,573.9955,503.089,Npas4,KET-10-12_PFC_3.7_A_4.tif,KET-10-12,FR1_KET,KET-10,0.87646854,-70.906494,91.74585,quad_Npas4,0.634558
84,351,KET-10-12_PFC_3.7_B_4.tif,KET-10-12_PFC_3.7_B,0-FFF-00006_Npas4,"('0-000-00010_PV', '0-005-00059_cFos', '0-FFF-00006_Npas4', '0-FFF-00002_WFA')",True,True,True,True,354.26,78.17,591.0376,493.504,Npas4,KET-10-12_PFC_3.7_B_4.tif,KET-10-12,FR1_KET,KET-10,0.834979,-97.5336,65.118744,quad_Npas4,0.45039225
129,396,KET-10-12_PFC_3.7_B_4.tif,KET-10-12_PFC_3.7_B,0-FFF-00056_Npas4,"('0-000-00004_PV', '0-FFF-00108_cFos', '0-FFF-00056_Npas4', '0-FFF-00005_WFA')",True,True,True,True,348.34,284.66,591.0376,509.6399,Npas4,KET-10-12_PFC_3.7_B_4.tif,KET-10-12,FR1_KET,KET-10,0.86228,-81.397705,81.25464,quad_Npas4,0.5619958
135,402,KET-10-12_PFC_3.7_B_4.tif,KET-10-12_PFC_3.7_B,0-FFF-00062_Npas4,"('0-000-00007_PV', '0-005-00089_cFos', '0-FFF-00062_Npas4', '0-FFF-00007_WFA')",True,True,True,True,429.88,365.95,591.0376,586.1046,Npas4,KET-10-12_PFC_3.7_B_4.tif,KET-10-12,FR1_KET,KET-10,0.9916537,-4.9329834,157.71936,quad_Npas4,1.0908623
165,432,KET-10-12_PFC_3.7_B_4.tif,KET-10-12_PFC_3.7_B,0-FFF-00099_Npas4,"('0-000-00000_PV', '0-FFF-00119_cFos', '0-FFF-00099_Npas4', '0-FFF-00009_WFA')",True,True,True,True,146.83,485.75,591.0376,507.1195,Npas4,KET-10-12_PFC_3.7_B_4.tif,KET-10-12,FR1_KET,KET-10,0.85801566,-83.91809,78.73425,quad_Npas4,0.5445636
203,596,KET-10-12_PFC_3.9_C_4.tif,KET-10-12_PFC_3.9_C,0-FFF-00047_Npas4,"('0-000-00005_PV', '0-005-00004_cFos', '0-FFF-00047_Npas4', '0-FFF-00003_WFA')",True,True,True,True,321.76,410.47,576.1409,526.2519,Npas4,KET-10-12_PFC_3.9_C_4.tif,KET-10-12,FR1_KET,KET-10,0.9134083,-49.889038,112.763306,quad_Npas4,0.77992475
213,606,KET-10-12_PFC_3.9_C_4.tif,KET-10-12_PFC_3.9_C,0-FFF-00058_Npas4,"('0-000-00007_PV', '0-FFF-00065_cFos', '0-FFF-00058_Npas4', '0-FFF-00004_WFA')",True,True,True,True,177.51,393.14,576.1409,478.043,Npas4,KET-10-12_PFC_3.9_C_4.tif,KET-10-12,FR1_KET,KET-10,0.8297328,-98.09793,64.55441,quad_Npas4,0.44648907
275,793,KET-10-12_PFC_3.9_D_4.tif,KET-10-12_PFC_3.9_D,0-FFF-00032_Npas4,"('0-000-00007_PV', '0-005-00001_cFos', '0-FFF-00032_Npas4', '0-FFF-00004_WFA')",True,True,True,True,385.91,101.81,589.3517,549.0688,Npas4,KET-10-12_PFC_3.9_D_4.tif,KET-10-12,FR1_KET,KET-10,0.9316488,-40.282898,122.369446,quad_Npas4,0.8463654
329,983,KET-10-12_PFC_4.0_E_4.tif,KET-10-12_PFC_4.0_E,0-200-00010_Npas4,"('0-000-00010_PV', '0-005-00023_cFos', '0-200-00010_Npas4', '0-FFF-00004_WFA')",True,True,True,True,325.12,198.07,668.8222,594.3338,Npas4,KET-10-12_PFC_4.0_E_4.tif,KET-10-12,FR1_KET,KET-10,0.88862747,-74.4884,88.16394,quad_Npas4,0.6097838
347,1001,KET-10-12_PFC_4.0_E_4.tif,KET-10-12_PFC_4.0_E,0-FFF-00033_Npas4,"('0-000-00005_PV', '0-FFF-00081_cFos', '0-FFF-00033_Npas4', '0-FFF-00002_WFA')",True,True,True,True,298.59,65.19,668.8222,567.6166,Npas4,KET-10-12_PFC_4.0_E_4.tif,KET-10-12,FR1_KET,KET-10,0.8486808,-101.20563,61.446716,quad_Npas4,0.42499477
349,1003,KET-10-12_PFC_4.0_E_4.tif,KET-10-12_PFC_4.0_E,0-FFF-00035_Npas4,"('0-000-00008_PV', '0-005-00017_cFos', '0-FFF-00035_Npas4', '0-FFF-00003_WFA')",True,True,True,True,328.18,87.77,668.8222,537.2282,Npas4,KET-10-12_PFC_4.0_E_4.tif,KET-10-12,FR1_KET,KET-10,0.8032452,-131.594,31.05835,quad_Npas4,0.21481434
627,1549,KET-10-14_PFC_3.4_E_4.tif,KET-10-14_PFC_3.4_E,0-FFF-00103_Npas4,"('0-000-00014_PV', '0-005-00027_cFos', '0-FFF-00103_Npas4', '0-FFF-00007_WFA')",True,True,True,True,318.72,425.34,437.6261,420.2748,Npas4,KET-10-14_PFC_3.4_E_4.tif,KET-10-14,VR5_KET,KET-10,0.96035135,-17.351288,145.30106,quad_Npas4,1.0049713
748,1785,KET-10-14_PFC_3.6_C_4.tif,KET-10-14_PFC_3.6_C,0-FFF-00108_Npas4,"('0-000-00000_PV', '0-FFF-00079_cFos', '0-FFF-00108_Npas4', '0-FFF-00002_WFA')",True,True,True,True,202.69,381.67,433.5348,366.3081,Npas4,KET-10-14_PFC_3.6_C_4.tif,KET-10-14,VR5_KET,KET-10,0.84493357,-67.226685,95.42566,quad_Npas4,0.6600093
751,1788,KET-10-14_PFC_3.6_C_4.tif,KET-10-14_PFC_3.6_C,0-FFF-00112_Npas4,"('0-000-00002_PV', '0-FFF-00069_cFos', '0-FFF-00112_Npas4', '0-FFF-00003_WFA')",True,True,True,True,53.06,442.91,433.5348,426.2647,Npas4,KET-10-14_PFC_3.6_C_4.tif,KET-10-14,VR5_KET,KET-10,0.9832307,-7.2700806,155.38226,quad_Npas4,1.0746977
765,1894,KET-10-14_PFC_3.7_A_4.tif,KET-10-14_PFC_3.7_A,0-FFF-00014_Npas4,"('0-000-00011_PV', '0-FFF-00064_cFos', '0-FFF-00014_Npas4', '0-FFF-00001_WFA')",True,True,True,True,136.08,91.44,535.6554,523.9281,Npas4,KET-10-14_PFC_3.7_A_4.tif,KET-10-14,VR5_KET,KET-10,0.9781066,-11.727295,150.92505,quad_Npas4,1.0438695
774,1903,KET-10-14_PFC_3.7_A_4.tif,KET-10-14_PFC_3.7_A,0-FFF-00023_Npas4,"('0-000-00007_PV', '0-005-00021_cFos', '0-FFF-00023_Npas4', '0-FFF-00002_WFA')",True,True,True,True,317.45,96.96,535.6554,510.0743,Npas4,KET-10-14_PFC_3.7_A_4.tif,KET-10-14,VR5_KET,KET-10,0.9522434,-25.581085,137.07126,quad_Npas4,0.94805014
781,1910,KET-10-14_PFC_3.7_A_4.tif,KET-10-14_PFC_3.7_A,0-FFF-00030_Npas4,"('0-000-00014_PV', '0-005-00019_cFos', '0-FFF-00030_Npas4', '0-FFF-00005_WFA')",True,True,True,True,368.37,198.3,535.6554,499.6446,Npas4,KET-10-14_PFC_3.7_A_4.tif,KET-10-14,VR5_KET,KET-10,0.93277246,-36.010803,126.64154,quad_Npas4,0.8759132
810,1939,KET-10-14_PFC_3.7_A_4.tif,KET-10-14_PFC_3.7_A,0-FFF-00059_Npas4,"('0-000-00008_PV', '0-005-00014_cFos', '0-FFF-00059_Npas4', '0-FFF-00004_WFA')",True,True,True,True,156.94,237.46,535.6554,490.4681,Npas4,KET-10-14_PFC_3.7_A_4.tif,KET-10-14,VR5_KET,KET-10,0.9156411,-45.187286,117.46506,quad_Npas4,0.81244427
820,1949,KET-10-14_PFC_3.7_A_4.tif,KET-10-14_PFC_3.7_A,0-FFF-00069_Npas4,"('0-000-00003_PV', '0-005-00012_cFos', '0-FFF-00069_Npas4', '0-FFF-00009_WFA')",True,True,True,True,162.69,291.59,535.6554,454.6848,Npas4,KET-10-14_PFC_3.7_A_4.tif,KET-10-14,VR5_KET,KET-10,0.84883827,-80.97058,81.68176,quad_Npas4,0.56495
903,2171,KET-10-14_PFC_3.7_B_4.tif,KET-10-14_PFC_3.7_B,0-FFF-00043_Npas4,"('0-000-00000_PV', '0-FFF-00096_cFos', '0-FFF-00043_Npas4', '0-FFF-00002_WFA')",True,True,True,True,357.77,180.99,402.3281,365.0469,Npas4,KET-10-14_PFC_3.7_B_4.tif,KET-10-14,VR5_KET,KET-10,0.90733635,-37.28119,125.371155,quad_Npas4,0.86712664
1093,2521,KET-10-1_PFC_3.7_B_4.tif,KET-10-1_PFC_3.7_B,0-FFF-00029_Npas4,"('0-000-00002_PV', '0-FFF-00053_cFos', '0-FFF-00029_Npas4', '0-FFF-00004_WFA')",True,True,True,True,387.43,205.1,282.1105,276.7939,Npas4,KET-10-1_PFC_3.7_B_4.tif,KET-10-1,FR1_SAL,KET-10,0.9811542,-5.3165894,157.33575,quad_Npas4,1.088209
1109,2537,KET-10-1_PFC_3.7_B_4.tif,KET-10-1_PFC_3.7_B,0-FFF-00045_Npas4,"('0-FFF-00005_PV', '0-005-00019_cFos', '0-FFF-00045_Npas4', '0-FFF-00005_WFA')",True,True,True,True,149.31,341.5,282.1105,267.954,Npas4,KET-10-1_PFC_3.7_B_4.tif,KET-10-1,FR1_SAL,KET-10,0.9498193,-14.156494,148.49585,quad_Npas4,1.027068
1194,2687,KET-10-1_PFC_3.7_C_4.tif,KET-10-1_PFC_3.7_C,0-FFF-00045_Npas4,"('0-000-00000_PV', '0-005-00014_cFos', '0-FFF-00045_Npas4', '0-FFF-00004_WFA')",True,True,True,True,270.21,416.8,307.1851,262.3282,Npas4,KET-10-1_PFC_3.7_C_4.tif,KET-10-1,FR1_SAL,KET-10,0.85397434,-44.856903,117.79544,quad_Npas4,0.8147294
1195,2688,KET-10-1_PFC_3.7_C_4.tif,KET-10-1_PFC_3.7_C,0-FFF-00046_Npas4,"('0-000-00001_PV', '0-005-00025_cFos', '0-FFF-00046_Npas4', '0-FFF-00003_WFA')",True,True,True,True,244.5,372.53,307.1851,259.1946,Npas4,KET-10-1_PFC_3.7_C_4.tif,KET-10-1,FR1_SAL,KET-10,0.8437734,-47.99048,114.661865,quad_Npas4,0.7930561
1243,2813,KET-10-1_PFC_3.8_E_4.tif,KET-10-1_PFC_3.8_E,0-FFF-00031_Npas4,"('0-000-00001_PV', '0-005-00002_cFos', '0-FFF-00031_Npas4', '0-FFF-00002_WFA')",True,True,True,True,150.21,152.0,395.8352,402.1886,Npas4,KET-10-1_PFC_3.8_E_4.tif,KET-10-1,FR1_SAL,KET-10,1.0160506,6.3533936,169.00574,quad_Npas4,1.1689242
1255,2825,KET-10-1_PFC_3.8_E_4.tif,KET-10-1_PFC_3.8_E,0-FFF-00043_Npas4,"('0-000-00002_PV', '0-005-00024_cFos', '0-FFF-00043_Npas4', '0-FFF-00001_WFA')",True,True,True,True,9.84,347.09,395.8352,411.168,Npas4,KET-10-1_PFC_3.8_E_4.tif,KET-10-1,FR1_SAL,KET-10,1.0387353,15.332794,177.98514,quad_Npas4,1.23103
1257,2827,KET-10-1_PFC_3.8_E_4.tif,KET-10-1_PFC_3.8_E,0-FFF-00045_Npas4,"('0-000-00003_PV', '0-FFF-00047_cFos', '0-FFF-00045_Npas4', '0-FFF-00003_WFA')",True,True,True,True,175.03,339.42,395.8352,522.2216,Npas4,KET-10-1_PFC_3.8_E_4.tif,KET-10-1,FR1_SAL,KET-10,1.3192905,126.38641,289.03876,quad_Npas4,1.9991298
1306,2965,KET-10-1_PFC_4.0_A_4.tif,KET-10-1_PFC_4.0_A,0-FFF-00046_Npas4,"('0-000-00001_PV', '0-FFF-00058_cFos', '0-FFF-00046_Npas4', '0-FFF-00002_WFA')",True,True,True,True,435.35,266.54,716.027,587.358,Npas4,KET-10-1_PFC_4.0_A_4.tif,KET-10-1,FR1_SAL,KET-10,0.8203015,-128.669,33.983337,quad_Npas4,0.23504496
1477,3403,KET-10-2_PFC_3.5_B_4.tif,KET-10-2_PFC_3.5_B,0-FFF-00047_Npas4,"('0-000-00009_PV', '0-005-00020_cFos', '0-FFF-00047_Npas4', '0-FFF-00003_WFA')",True,True,True,True,340.23,194.06,473.4068,466.4731,Npas4,KET-10-2_PFC_3.5_B_4.tif,KET-10-2,VR5_SAL,KET-10,0.98535365,-6.9336853,155.71866,quad_Npas4,1.0770245
1679,3823,KET-10-2_PFC_3.9_C_4.tif,KET-10-2_PFC_3.9_C,0-FFF-00035_Npas4,"('0-000-00000_PV', '0-005-00034_cFos', '0-FFF-00035_Npas4', '0-FFF-00001_WFA')",True,True,True,True,178.71,145.31,516.835,432.8782,Npas4,KET-10-2_PFC_3.9_C_4.tif,KET-10-2,VR5_SAL,KET-10,0.8375559,-83.95682,78.695526,quad_Npas4,0.5442957
1682,3826,KET-10-2_PFC_3.9_C_4.tif,KET-10-2_PFC_3.9_C,0-FFF-00038_Npas4,"('0-000-00008_PV', '0-FFF-00069_cFos', '0-FFF-00038_Npas4', '0-FFF-00005_WFA')",True,True,True,True,184.12,57.02,516.835,430.574,Npas4,KET-10-2_PFC_3.9_C_4.tif,KET-10-2,VR5_SAL,KET-10,0.8330976,-86.26102,76.39133,quad_Npas4,0.5283588
1684,3828,KET-10-2_PFC_3.9_C_4.tif,KET-10-2_PFC_3.9_C,0-FFF-00040_Npas4,"('0-000-00003_PV', '0-FFF-00068_cFos', '0-FFF-00040_Npas4', '0-FFF-00006_WFA')",True,True,True,True,210.42,19.16,516.835,456.6785,Npas4,KET-10-2_PFC_3.9_C_4.tif,KET-10-2,VR5_SAL,KET-10,0.88360596,-60.156525,102.49582,quad_Npas4,0.7089099
1737,3881,KET-10-2_PFC_3.9_C_4.tif,KET-10-2_PFC_3.9_C,0-FFF-00095_Npas4,"('0-000-00004_PV', '0-FFF-00086_cFos', '0-FFF-00095_Npas4', '0-FFF-00007_WFA')",True,True,True,True,203.0,304.85,516.835,485.8389,Npas4,KET-10-2_PFC_3.9_C_4.tif,KET-10-2,VR5_SAL,KET-10,0.94002706,-30.996124,131.65622,quad_Npas4,0.91059715
1801,4013,KET-10-2_PFC_4.0_E_4.tif,KET-10-2_PFC_4.0_E,0-FFF-00087_Npas4,"('0-000-00002_PV', '0-005-00019_cFos', '0-FFF-00087_Npas4', '0-FFF-00005_WFA')",True,True,True,True,305.86,497.54,832.4937,820.8231,Npas4,KET-10-2_PFC_4.0_E_4.tif,KET-10-2,VR5_SAL,KET-10,0.98598117,-11.670593,150.98175,quad_Npas4,1.0442617
1815,4143,KET-10-3_PFC_3.5_C_4.tif,KET-10-3_PFC_3.5_C,0-200-00013_Npas4,"('0-000-00010_PV', '0-005-00052_cFos', '0-200-00013_Npas4', '0-FFF-00005_WFA')",True,True,True,True,27.64,92.02,527.366,491.5609,Npas4,KET-10-3_PFC_3.5_C_4.tif,KET-10-3,VR5_SAL,KET-10,0.9321058,-35.805115,126.84723,quad_Npas4,0.87733585
2094,4795,KET-10-3_PFC_3.8_B_4.tif,KET-10-3_PFC_3.8_B,0-FFF-00018_Npas4,"('0-000-00000_PV', '0-005-00017_cFos', '0-FFF-00018_Npas4', '0-FFF-00009_WFA')",True,True,True,True,153.47,30.95,555.7579,455.751,Npas4,KET-10-3_PFC_3.8_B_4.tif,KET-10-3,VR5_SAL,KET-10,0.82005316,-100.00687,62.645477,quad_Npas4,0.43328595
2116,4817,KET-10-3_PFC_3.8_B_4.tif,KET-10-3_PFC_3.8_B,0-FFF-00051_Npas4,"('0-000-00006_PV', '0-005-00057_cFos', '0-FFF-00051_Npas4', '0-FFF-00003_WFA')",True,True,True,True,324.83,400.6,555.7579,468.3653,Npas4,KET-10-3_PFC_3.8_B_4.tif,KET-10-3,VR5_SAL,KET-10,0.8427506,-87.39258,75.259766,quad_Npas4,0.52053237
2160,4956,KET-10-3_PFC_4.0_A_4.tif,KET-10-3_PFC_4.0_A,0-FFF-00029_Npas4,"('0-000-00005_PV', '0-005-00042_cFos', '0-FFF-00029_Npas4', '0-FFF-00009_WFA')",True,True,True,True,114.95,261.46,549.5933,530.8798,Npas4,KET-10-3_PFC_4.0_A_4.tif,KET-10-3,VR5_SAL,KET-10,0.96595025,-18.713501,143.93884,quad_Npas4,0.9955496
2228,5113,KET-10-4_PFC_3.5_C_4.tif,KET-10-4_PFC_3.5_C,0-FFF-00033_Npas4,"('0-000-00011_PV', '0-005-00002_cFos', '0-FFF-00033_Npas4', '0-FFF-00004_WFA')",True,True,True,True,52.7,243.39,541.3023,529.5105,Npas4,KET-10-4_PFC_3.5_C_4.tif,KET-10-4,VR5_SAL,KET-10,0.9782159,-11.791809,150.86053,quad_Npas4,1.0434233
2247,5132,KET-10-4_PFC_3.5_C_4.tif,KET-10-4_PFC_3.5_C,0-FFF-00053_Npas4,"('0-000-00004_PV', '0-005-00028_cFos', '0-FFF-00053_Npas4', '0-FFF-00003_WFA')",True,True,True,True,215.97,411.28,541.3023,499.9813,Npas4,KET-10-4_PFC_3.5_C_4.tif,KET-10-4,VR5_SAL,KET-10,0.9236637,-41.321014,121.33133,quad_Npas4,0.8391853
2313,5275,KET-10-4_PFC_3.7_D_4.tif,KET-10-4_PFC_3.7_D,0-FFF-00060_Npas4,"('0-000-00001_PV', '0-005-00030_cFos', '0-FFF-00060_Npas4', '0-FFF-00003_WFA')",True,True,True,True,30.25,353.47,459.8068,447.4961,Npas4,KET-10-4_PFC_3.7_D_4.tif,KET-10-4,VR5_SAL,KET-10,0.97322637,-12.310699,150.34164,quad_Npas4,1.0398344
2385,5446,KET-10-4_PFC_3.8_B_4.tif,KET-10-4_PFC_3.8_B,0-FFF-00053_Npas4,"('0-000-00006_PV', '0-005-00008_cFos', '0-FFF-00053_Npas4', '0-FFF-00002_WFA')",True,True,True,True,78.32,159.35,590.1365,505.2477,Npas4,KET-10-4_PFC_3.8_B_4.tif,KET-10-4,VR5_SAL,KET-10,0.856154,-84.88876,77.76358,quad_Npas4,0.53784996
2386,5447,KET-10-4_PFC_3.8_B_4.tif,KET-10-4_PFC_3.8_B,0-FFF-00055_Npas4,"('0-000-00015_PV', '0-005-00051_cFos', '0-FFF-00055_Npas4', '0-FFF-00003_WFA')",True,True,True,True,15.65,124.44,590.1365,533.3876,Npas4,KET-10-4_PFC_3.8_B_4.tif,KET-10-4,VR5_SAL,KET-10,0.9038377,-56.7489,105.90344,quad_Npas4,0.7324787
2429,5582,KET-10-4_PFC_3.8_E_4.tif,KET-10-4_PFC_3.8_E,0-200-00021_Npas4,"('0-000-00000_PV', '0-005-00003_cFos', '0-200-00021_Npas4', '0-001-00004_WFA')",True,True,True,True,68.73,81.85,545.811,479.9944,Npas4,KET-10-4_PFC_3.8_E_4.tif,KET-10-4,VR5_SAL,KET-10,0.87941504,-65.81659,96.835754,quad_Npas4,0.6697622
2477,5630,KET-10-4_PFC_3.8_E_4.tif,KET-10-4_PFC_3.8_E,0-FFF-00070_Npas4,"('0-000-00004_PV', '0-FFF-00058_cFos', '0-FFF-00070_Npas4', '0-FFF-00005_WFA')",True,True,True,True,37.45,344.73,545.811,622.8218,Npas4,KET-10-4_PFC_3.8_E_4.tif,KET-10-4,VR5_SAL,KET-10,1.1410943,77.0108,239.66315,quad_Npas4,1.6576245
2521,5674,KET-10-4_PFC_3.8_E_4.tif,KET-10-4_PFC_3.8_E,0-FFF-00119_Npas4,"('0-000-00007_PV', '0-005-00005_cFos', '0-FFF-00119_Npas4', '0-001-00002_WFA')",True,True,True,True,160.99,313.69,545.811,536.3811,Npas4,KET-10-4_PFC_3.8_E_4.tif,KET-10-4,VR5_SAL,KET-10,0.9827232,-9.429871,153.22247,quad_Npas4,1.0597596
2532,5778,KET-10-4_PFC_4.1_A_4.tif,KET-10-4_PFC_4.1_A,0-200-00013_Npas4,"('0-000-00008_PV', '0-005-00001_cFos', '0-200-00013_Npas4', '0-001-00003_WFA')",True,True,True,True,342.16,305.23,678.2619,726.6835,Npas4,KET-10-4_PFC_4.1_A_4.tif,KET-10-4,VR5_SAL,KET-10,1.0713906,48.42157,211.07391,quad_Npas4,1.4598877
2543,5789,KET-10-4_PFC_4.1_A_4.tif,KET-10-4_PFC_4.1_A,0-FFF-00029_Npas4,"('0-FFF-00016_PV', '0-005-00011_cFos', '0-FFF-00029_Npas4', '0-FFF-00007_WFA')",True,True,True,True,22.66,50.24,678.2619,558.9349,Npas4,KET-10-4_PFC_4.1_A_4.tif,KET-10-4,VR5_SAL,KET-10,0.8240694,-119.32703,43.325317,quad_Npas4,0.29965854
2583,5829,KET-10-4_PFC_4.1_A_4.tif,KET-10-4_PFC_4.1_A,0-FFF-00072_Npas4,"('0-000-00002_PV', '0-005-00028_cFos', '0-FFF-00072_Npas4', '0-FFF-00005_WFA')",True,True,True,True,296.7,230.32,678.2619,594.3656,Npas4,KET-10-4_PFC_4.1_A_4.tif,KET-10-4,VR5_SAL,KET-10,0.87630695,-83.8963,78.75604,quad_Npas4,0.54471433
2663,6023,KET-10-5_PFC_3.3_C_4.tif,KET-10-5_PFC_3.3_C,0-FFF-00027_Npas4,"('0-000-00002_PV', '0-005-00025_cFos', '0-FFF-00027_Npas4', '0-FFF-00008_WFA')",True,True,True,True,277.89,67.9,468.8535,411.9502,Npas4,KET-10-5_PFC_3.3_C_4.tif,KET-10-5,FR1_SAL,KET-10,0.8786331,-56.90329,105.749054,quad_Npas4,0.73141086
2746,6245,KET-10-5_PFC_3.5_D_4.tif,KET-10-5_PFC_3.5_D,0-FFF-00010_Npas4,"('0-000-00014_PV', '0-005-00045_cFos', '0-FFF-00010_Npas4', '0-FFF-00002_WFA')",True,True,True,True,124.53,40.12,501.8894,463.3719,Npas4,KET-10-5_PFC_3.5_D_4.tif,KET-10-5,FR1_SAL,KET-10,0.92325497,-38.517517,124.13483,quad_Npas4,0.8585756
2826,6325,KET-10-5_PFC_3.5_D_4.tif,KET-10-5_PFC_3.5_D,0-FFF-00121_Npas4,"('0-000-00015_PV', '0-FFF-00074_cFos', '0-FFF-00121_Npas4', '0-FFF-00005_WFA')",True,True,True,True,310.94,435.9,501.8894,427.5447,Npas4,KET-10-5_PFC_3.5_D_4.tif,KET-10-5,FR1_SAL,KET-10,0.85187036,-74.344696,88.30765,quad_Npas4,0.61077774
2924,6524,KET-10-5_PFC_3.5_E_4.tif,KET-10-5_PFC_3.5_E,0-FFF-00089_Npas4,"('0-000-00008_PV', '0-005-00038_cFos', '0-FFF-00089_Npas4', '0-FFF-00005_WFA')",True,True,True,True,484.68,356.2,436.2149,383.6384,Npas4,KET-10-5_PFC_3.5_E_4.tif,KET-10-5,FR1_SAL,KET-10,0.87947106,-52.576508,110.075836,quad_Npas4,0.7613369
2950,6646,KET-10-5_PFC_3.9_A_4.tif,KET-10-5_PFC_3.9_A,0-200-00000_Npas4,"('0-000-00003_PV', '0-005-00045_cFos', '0-200-00000_Npas4', '0-FFF-00004_WFA')",True,True,True,True,262.86,503.17,462.8602,506.8259,Npas4,KET-10-5_PFC_3.9_A_4.tif,KET-10-5,FR1_SAL,KET-10,1.094987,43.9657,206.61804,quad_Npas4,1.4290688
2958,6654,KET-10-5_PFC_3.9_A_4.tif,KET-10-5_PFC_3.9_A,0-200-00011_Npas4,"('0-000-00011_PV', '0-FFF-00080_cFos', '0-200-00011_Npas4', '0-FFF-00001_WFA')",True,True,True,True,53.58,176.91,462.8602,472.3052,Npas4,KET-10-5_PFC_3.9_A_4.tif,KET-10-5,FR1_SAL,KET-10,1.0204058,9.445007,172.09735,quad_Npas4,1.1903073
2991,6687,KET-10-5_PFC_3.9_A_4.tif,KET-10-5_PFC_3.9_A,0-FFF-00047_Npas4,"('0-000-00002_PV', '0-FFF-00065_cFos', '0-FFF-00047_Npas4', '0-FFF-00002_WFA')",True,True,True,True,107.55,166.3,462.8602,413.0434,Npas4,KET-10-5_PFC_3.9_A_4.tif,KET-10-5,FR1_SAL,KET-10,0.89237183,-49.816803,112.83554,quad_Npas4,0.78042436
3036,6827,KET-10-5_PFC_3.9_B_4.tif,KET-10-5_PFC_3.9_B,0-FFF-00019_Npas4,"('0-000-00001_PV', '0-005-00022_cFos', '0-FFF-00019_Npas4', '0-FFF-00005_WFA')",True,True,True,True,462.07,76.0,485.796,447.3251,Npas4,KET-10-5_PFC_3.9_B_4.tif,KET-10-5,FR1_SAL,KET-10,0.92080855,-38.470886,124.18146,quad_Npas4,0.8588981
3133,7017,KET-8-2_PFC_3.5_E_4.tif,KET-8-2_PFC_3.5_E,0-FFF-00026_Npas4,"('0-000-00006_PV', '0-005-00001_cFos', '0-FFF-00026_Npas4', '0-FFF-00006_WFA')",True,True,True,True,452.85,42.03,428.3388,359.8202,Npas4,KET-8-2_PFC_3.5_E_4.tif,KET-8-2,FR1_SAL,KET-8,0.8400364,-68.518616,94.13373,quad_Npas4,0.6510737
3185,7069,KET-8-2_PFC_3.5_E_4.tif,KET-8-2_PFC_3.5_E,0-FFF-00081_Npas4,"('0-000-00009_PV', '0-005-00022_cFos', '0-FFF-00081_Npas4', '0-FFF-00002_WFA')",True,True,True,True,217.69,287.3,428.3388,401.8898,Npas4,KET-8-2_PFC_3.5_E_4.tif,KET-8-2,FR1_SAL,KET-8,0.93825215,-26.449005,136.20334,quad_Npas4,0.9420472
3215,7182,KET-8-2_PFC_3.6_D_4.tif,KET-8-2_PFC_3.6_D,0-FFF-00027_Npas4,"('0-000-00001_PV', '0-FFF-00038_cFos', '0-FFF-00027_Npas4', '0-FFF-00001_WFA')",True,True,True,True,306.75,258.1,422.7593,466.3866,Npas4,KET-8-2_PFC_3.6_D_4.tif,KET-8-2,FR1_SAL,KET-8,1.1031965,43.62729,206.27963,quad_Npas4,1.4267282
3421,7615,KET-8-2_PFC_3.7_C_4.tif,KET-8-2_PFC_3.7_C,0-FFF-00048_Npas4,"('0-000-00009_PV', '0-0-00023_cFos', '0-FFF-00048_Npas4', '0-FFF-00001_WFA')",True,True,True,True,178.42,320.4,497.3106,441.013,Npas4,KET-8-2_PFC_3.7_C_4.tif,KET-8-2,FR1_SAL,KET-8,0.8867959,-56.297607,106.35474,quad_Npas4,0.7356
3440,7634,KET-8-2_PFC_3.7_C_4.tif,KET-8-2_PFC_3.7_C,0-FFF-00067_Npas4,"('0-000-00013_PV', '0-0-00037_cFos', '0-FFF-00067_Npas4', '0-FFF-00005_WFA')",True,True,True,True,372.42,38.87,497.3106,457.0345,Npas4,KET-8-2_PFC_3.7_C_4.tif,KET-8-2,FR1_SAL,KET-8,0.9190121,-40.276123,122.37622,quad_Npas4,0.84641224
3550,7836,KET-8-2_PFC_4.0_A_4.tif,KET-8-2_PFC_4.0_A,0-FFF-00052_Npas4,"('0-000-00001_PV', '0-005-00024_cFos', '0-FFF-00052_Npas4', '0-FFF-00004_WFA')",True,True,True,True,262.25,242.14,606.2476,612.6639,Npas4,KET-8-2_PFC_4.0_A_4.tif,KET-8-2,FR1_SAL,KET-8,1.0105835,6.41626,169.0686,quad_Npas4,1.169359
3569,7855,KET-8-2_PFC_4.0_A_4.tif,KET-8-2_PFC_4.0_A,0-FFF-00076_Npas4,"('0-FFF-00014_PV', '0-005-00027_cFos', '0-FFF-00076_Npas4', '0-FFF-00003_WFA')",True,True,True,True,331.3,217.5,606.2476,566.0762,Npas4,KET-8-2_PFC_4.0_A_4.tif,KET-8-2,FR1_SAL,KET-8,0.9337376,-40.171448,122.480896,quad_Npas4,0.8471362
3672,8070,KET-8-7_PFC_3.5_D_4.tif,KET-8-7_PFC_3.5_D,0-FFF-00071_Npas4,"('0-000-00008_PV', '0-005-00028_cFos', '0-FFF-00071_Npas4', '0-FFF-00005_WFA')",True,True,True,True,357.74,394.87,470.8577,430.0328,Npas4,KET-8-7_PFC_3.5_D_4.tif,KET-8-7,VR5_KET,KET-8,0.91329676,-40.82489,121.82745,quad_Npas4,0.8426167
3691,8195,KET-8-7_PFC_3.7_C_4.tif,KET-8-7_PFC_3.7_C,0-200-00002_Npas4,"('0-000-00014_PV', '0-005-00035_cFos', '0-200-00002_Npas4', '0-FFF-00005_WFA')",True,True,True,True,411.73,160.91,450.8419,551.2455,Npas4,KET-8-7_PFC_3.7_C_4.tif,KET-8-7,VR5_KET,KET-8,1.2227025,100.403595,263.05594,quad_Npas4,1.8194202
3712,8216,KET-8-7_PFC_3.7_C_4.tif,KET-8-7_PFC_3.7_C,0-FFF-00028_Npas4,"('0-000-00003_PV', '0-FFF-00088_cFos', '0-FFF-00028_Npas4', '0-FFF-00004_WFA')",True,True,True,True,363.87,76.93,450.8419,384.6259,Npas4,KET-8-7_PFC_3.7_C_4.tif,KET-8-7,VR5_KET,KET-8,0.8531281,-66.216,96.43634,quad_Npas4,0.6669997
3753,8257,KET-8-7_PFC_3.7_C_4.tif,KET-8-7_PFC_3.7_C,0-FFF-00069_Npas4,"('0-000-00004_PV', '0-005-00012_cFos', '0-FFF-00069_Npas4', '0-FFF-00008_WFA')",True,True,True,True,322.69,321.45,450.8419,399.4174,Npas4,KET-8-7_PFC_3.7_C_4.tif,KET-8-7,VR5_KET,KET-8,0.88593674,-51.4245,111.227844,quad_Npas4,0.76930475
3772,8276,KET-8-7_PFC_3.7_C_4.tif,KET-8-7_PFC_3.7_C,0-FFF-00088_Npas4,"('0-000-00008_PV', '0-005-00024_cFos', '0-FFF-00088_Npas4', '0-FFF-00010_WFA')",True,True,True,True,429.76,440.65,450.8419,388.3855,Npas4,KET-8-7_PFC_3.7_C_4.tif,KET-8-7,VR5_KET,KET-8,0.8614672,-62.45639,100.19595,quad_Npas4,0.69300294
3784,8384,KET-8-7_PFC_4.0_A_4.tif,KET-8-7_PFC_4.0_A,0-FFF-00010_Npas4,"('0-000-00013_PV', '0-FFF-00041_cFos', '0-FFF-00010_Npas4', '0-FFF-00002_WFA')",True,True,True,True,9.68,113.14,549.4353,453.5806,Npas4,KET-8-7_PFC_4.0_A_4.tif,KET-8-7,VR5_KET,KET-8,0.8255396,-95.854706,66.79764,quad_Npas4,0.46200427
3887,8487,KET-8-7_PFC_4.0_A_4.tif,KET-8-7_PFC_4.0_A,0-FFF-00120_Npas4,"('0-000-00006_PV', '0-005-00005_cFos', '0-FFF-00120_Npas4', '0-FFF-00006_WFA')",True,True,True,True,250.84,396.86,549.4353,486.7762,Npas4,KET-8-7_PFC_4.0_A_4.tif,KET-8-7,VR5_KET,KET-8,0.8859573,-62.65909,99.993256,quad_Npas4,0.691601
3893,8493,KET-8-7_PFC_4.0_A_4.tif,KET-8-7_PFC_4.0_A,0-FFF-00126_Npas4,"('0-000-00003_PV', '0-FFF-00049_cFos', '0-FFF-00126_Npas4', '0-FFF-00009_WFA')",True,True,True,True,457.06,250.58,549.4353,459.7584,Npas4,KET-8-7_PFC_4.0_A_4.tif,KET-8-7,VR5_KET,KET-8,0.83678347,-89.67691,72.97543,quad_Npas4,0.50473285
3941,8629,KET-8-7_PFC_4.0_B_4.tif,KET-8-7_PFC_4.0_B,0-FFF-00054_Npas4,"('0-000-00001_PV', '0-FFF-00035_cFos', '0-FFF-00054_Npas4', '0-FFF-00004_WFA')",True,True,True,True,230.4,322.18,514.8323,555.3401,Npas4,KET-8-7_PFC_4.0_B_4.tif,KET-8-7,VR5_KET,KET-8,1.0786816,40.507812,203.16016,quad_Npas4,1.4051524
3978,8754,KET-9-1_PFC_3.6_A_4.tif,KET-9-1_PFC_3.6_A,0-200-00002_Npas4,"('0-000-00006_PV', '0-FFF-00030_cFos', '0-200-00002_Npas4', '0-FFF-00004_WFA')",True,True,True,True,379.18,459.5,356.2833,354.481,Npas4,KET-9-1_PFC_3.6_A_4.tif,KET-9-1,FR1_KET,KET-9,0.99494135,-1.8023071,160.85004,quad_Npas4,1.1125154
3998,8774,KET-9-1_PFC_3.6_A_4.tif,KET-9-1_PFC_3.6_A,0-FFF-00022_Npas4,"('0-000-00003_PV', '0-FFF-00037_cFos', '0-FFF-00022_Npas4', '0-FFF-00001_WFA')",True,True,True,True,30.24,161.12,356.2833,354.0017,Npas4,KET-9-1_PFC_3.6_A_4.tif,KET-9-1,FR1_KET,KET-9,0.99359614,-2.2815857,160.37076,quad_Npas4,1.1092006
4040,8816,KET-9-1_PFC_3.6_A_4.tif,KET-9-1_PFC_3.6_A,0-FFF-00069_Npas4,"('0-000-00010_PV', '0-FFF-00015_cFos', '0-FFF-00069_Npas4', '0-FFF-00006_WFA')",True,True,True,True,157.9,3.36,356.2833,396.1317,Npas4,KET-9-1_PFC_3.6_A_4.tif,KET-9-1,FR1_KET,KET-9,1.1118448,39.84842,202.50076,quad_Npas4,1.4005917
4047,8885,KET-9-1_PFC_3.6_D_4.tif,KET-9-1_PFC_3.6_D,0-200-00006_Npas4,"('0-000-00003_PV', '0-FFF-00001_cFos', '0-200-00006_Npas4', '0-FFF-00007_WFA')",True,True,True,True,205.34,109.39,431.2289,422.9399,Npas4,KET-9-1_PFC_3.6_D_4.tif,KET-9-1,FR1_KET,KET-9,0.98077816,-8.289001,154.36334,quad_Npas4,1.0676504
4053,8891,KET-9-1_PFC_3.6_D_4.tif,KET-9-1_PFC_3.6_D,0-FFF-00012_Npas4,"('0-000-00000_PV', '0-FFF-00038_cFos', '0-FFF-00012_Npas4', '0-FFF-00006_WFA')",True,True,True,True,132.38,27.43,431.2289,396.8223,Npas4,KET-9-1_PFC_3.6_D_4.tif,KET-9-1,FR1_KET,KET-9,0.9202126,-34.406616,128.24573,quad_Npas4,0.88700855
4123,9052,KET-9-1_PFC_3.7_C_4.tif,KET-9-1_PFC_3.7_C,0-FFF-00001_Npas4,"('0-000-00003_PV', '0-FFF-00001_cFos', '0-FFF-00001_Npas4', '0-FFF-00001_WFA')",True,True,True,True,48.11,73.22,383.9264,358.2901,Npas4,KET-9-1_PFC_3.7_C_4.tif,KET-9-1,FR1_KET,KET-9,0.93322605,-25.636292,137.01605,quad_Npas4,0.9476683
4138,9067,KET-9-1_PFC_3.7_C_4.tif,KET-9-1_PFC_3.7_C,0-FFF-00020_Npas4,"('0-000-00001_PV', '0-FFF-00010_cFos', '0-FFF-00020_Npas4', '0-FFF-00002_WFA')",True,True,True,True,209.08,266.29,383.9264,311.3083,Npas4,KET-9-1_PFC_3.7_C_4.tif,KET-9-1,FR1_KET,KET-9,0.8108541,-72.6181,90.03424,quad_Npas4,0.6227197
4149,9164,KET-9-2_PFC_3.5_E_4.tif,KET-9-2_PFC_3.5_E,0-FFF-00005_Npas4,"('0-FFF-00011_PV', '0-005-00006_cFos', '0-FFF-00005_Npas4', '0-FFF-00002_WFA')",True,True,True,True,48.04,11.08,347.8994,411.2361,Npas4,KET-9-2_PFC_3.5_E_4.tif,KET-9-2,FR1_SAL,KET-9,1.1820546,63.3367,225.98904,quad_Npas4,1.5630479
4158,9173,KET-9-2_PFC_3.5_E_4.tif,KET-9-2_PFC_3.5_E,0-FFF-00014_Npas4,"('0-000-00004_PV', '0-FFF-00035_cFos', '0-FFF-00014_Npas4', '0-FFF-00009_WFA')",True,True,True,True,477.58,151.24,347.8994,350.723,Npas4,KET-9-2_PFC_3.5_E_4.tif,KET-9-2,FR1_SAL,KET-9,1.0081161,2.823578,165.47592,quad_Npas4,1.1445103
4184,9199,KET-9-2_PFC_3.5_E_4.tif,KET-9-2_PFC_3.5_E,0-FFF-00040_Npas4,"('0-000-00000_PV', '0-005-00008_cFos', '0-FFF-00040_Npas4', '0-FFF-00012_WFA')",True,True,True,True,72.03,316.08,347.8994,350.7147,Npas4,KET-9-2_PFC_3.5_E_4.tif,KET-9-2,FR1_SAL,KET-9,1.0080922,2.815277,165.46762,quad_Npas4,1.1444529
4191,9206,KET-9-2_PFC_3.5_E_4.tif,KET-9-2_PFC_3.5_E,0-FFF-00047_Npas4,"('0-000-00001_PV', '0-005-00012_cFos', '0-FFF-00047_Npas4', '0-FFF-00014_WFA')",True,True,True,True,434.36,384.78,347.8994,324.1618,Npas4,KET-9-2_PFC_3.5_E_4.tif,KET-9-2,FR1_SAL,KET-9,0.9317688,-23.73761,138.91473,quad_Npas4,0.96080047
4223,9287,KET-9-2_PFC_3.7_A_4.tif,KET-9-2_PFC_3.7_A,0-200-00014_Npas4,"('0-000-00010_PV', '0-FFF-00005_cFos', '0-200-00014_Npas4', '0-FFF-00008_WFA')",True,True,True,True,499.04,157.94,428.5094,451.0258,Npas4,KET-9-2_PFC_3.7_A_4.tif,KET-9-2,FR1_SAL,KET-9,1.0525458,22.516388,185.16873,quad_Npas4,1.2807151
4236,9300,KET-9-2_PFC_3.7_A_4.tif,KET-9-2_PFC_3.7_A,0-FFF-00035_Npas4,"('0-000-00007_PV', '0-FFF-00001_cFos', '0-FFF-00035_Npas4', '0-FFF-00002_WFA')",True,True,True,True,340.46,228.82,428.5094,529.6178,Npas4,KET-9-2_PFC_3.7_A_4.tif,KET-9-2,FR1_SAL,KET-9,1.2359537,101.1084,263.76074,quad_Npas4,1.8242949
4251,9315,KET-9-2_PFC_3.7_A_4.tif,KET-9-2_PFC_3.7_A,0-FFF-00051_Npas4,"('0-000-00003_PV', '0-FFF-00006_cFos', '0-FFF-00051_Npas4', '0-FFF-00004_WFA')",True,True,True,True,277.27,396.04,428.5094,422.2483,Npas4,KET-9-2_PFC_3.7_A_4.tif,KET-9-2,FR1_SAL,KET-9,0.98538864,-6.2611084,156.39124,quad_Npas4,1.0816762
4284,9396,KET-9-2_PFC_3.7_C_4.tif,KET-9-2_PFC_3.7_C,0-FFF-00040_Npas4,"('0-000-00006_PV', '0-005-00001_cFos', '0-FFF-00040_Npas4', '0-FFF-00002_WFA')",True,True,True,True,163.57,346.28,364.9688,342.7628,Npas4,KET-9-2_PFC_3.7_C_4.tif,KET-9-2,FR1_SAL,KET-9,0.93915635,-22.206024,140.44632,quad_Npas4,0.97139364
4297,9409,KET-9-2_PFC_3.7_C_4.tif,KET-9-2_PFC_3.7_C,0-FFF-00054_Npas4,"('0-000-00001_PV', '0-005-00003_cFos', '0-FFF-00054_Npas4', '0-FFF-00004_WFA')",True,True,True,True,367.36,501.03,364.9688,294.071,Npas4,KET-9-2_PFC_3.7_C_4.tif,KET-9-2,FR1_SAL,KET-9,0.80574286,-70.8978,91.75455,quad_Npas4,0.63461816
4303,9472,KET-9-2_PFC_3.7_D_4.tif,KET-9-2_PFC_3.7_D,0-200-00003_Npas4,"('0-000-00000_PV', '0-005-00004_cFos', '0-200-00003_Npas4', '0-FFF-00006_WFA')",True,True,True,True,333.86,168.22,468.6418,499.1798,Npas4,KET-9-2_PFC_3.7_D_4.tif,KET-9-2,FR1_SAL,KET-9,1.0651628,30.537994,193.19034,quad_Npas4,1.3361964
4306,9475,KET-9-2_PFC_3.7_D_4.tif,KET-9-2_PFC_3.7_D,0-FFF-00006_Npas4,"('0-000-00009_PV', '0-005-00010_cFos', '0-FFF-00006_Npas4', '0-FFF-00005_WFA')",True,True,True,True,259.66,33.12,468.6418,399.2438,Npas4,KET-9-2_PFC_3.7_D_4.tif,KET-9-2,FR1_SAL,KET-9,0.85191673,-69.39801,93.25433,quad_Npas4,0.6449914
4345,9554,KET-9-2_PFC_3.9_B_4.tif,KET-9-2_PFC_3.9_B,0-FFF-00021_Npas4,"('0-000-00001_PV', '0-005-00010_cFos', '0-FFF-00021_Npas4', '0-FFF-00001_WFA')",True,True,True,True,166.48,165.52,423.8559,386.2069,Npas4,KET-9-2_PFC_3.9_B_4.tif,KET-9-2,FR1_SAL,KET-9,0.911175,-37.648987,125.00336,quad_Npas4,0.8645828
4352,9561,KET-9-2_PFC_3.9_B_4.tif,KET-9-2_PFC_3.9_B,0-FFF-00042_Npas4,"('0-000-00000_PV', '0-005-00007_cFos', '0-FFF-00042_Npas4', '0-FFF-00007_WFA')",True,True,True,True,180.1,367.69,423.8559,382.8882,Npas4,KET-9-2_PFC_3.9_B_4.tif,KET-9-2,FR1_SAL,KET-9,0.9033453,-40.96768,121.68466,quad_Npas4,0.8416291
4359,9568,KET-9-2_PFC_3.9_B_4.tif,KET-9-2_PFC_3.9_B,0-FFF-00050_Npas4,"('0-000-00003_PV', '0-005-00008_cFos', '0-FFF-00050_Npas4', '0-FFF-00002_WFA')",True,True,True,True,335.36,343.93,423.8559,433.8123,Npas4,KET-9-2_PFC_3.9_B_4.tif,KET-9-2,FR1_SAL,KET-9,1.0234901,9.95639,172.60873,quad_Npas4,1.1938442
4370,9665,KET-9-4_PFC_3.5_E_4.tif,KET-9-4_PFC_3.5_E,0-200-00002_Npas4,"('0-000-00001_PV', '0-005-00024_cFos', '0-200-00002_Npas4', '0-FFF-00001_WFA')",True,True,True,True,35.25,103.48,296.3395,311.7306,Npas4,KET-9-4_PFC_3.5_E_4.tif,KET-9-4,FR1_SAL,KET-9,1.0519373,15.391083,178.04343,quad_Npas4,1.2314332
4444,9814,KET-9-4_PFC_3.7_C_4.tif,KET-9-4_PFC_3.7_C,0-FFF-00010_Npas4,"('0-000-00002_PV', '0-FFF-00050_cFos', '0-FFF-00010_Npas4', '0-FFF-00001_WFA')",True,True,True,True,201.15,116.74,299.2843,269.3328,Npas4,KET-9-4_PFC_3.7_C_4.tif,KET-9-4,FR1_SAL,KET-9,0.8999229,-29.951508,132.70084,quad_Npas4,0.9178222
4459,9829,KET-9-4_PFC_3.7_C_4.tif,KET-9-4_PFC_3.7_C,0-FFF-00025_Npas4,"('0-000-00001_PV', '0-FFF-00036_cFos', '0-FFF-00025_Npas4', '0-FFF-00003_WFA')",True,True,True,True,376.22,131.07,299.2843,278.2172,Npas4,KET-9-4_PFC_3.7_C_4.tif,KET-9-4,FR1_SAL,KET-9,0.9296084,-21.067108,141.58524,quad_Npas4,0.97927094
4509,9945,KET-9-4_PFC_3.7_D_4.tif,KET-9-4_PFC_3.7_D,0-200-00000_Npas4,"('0-000-00004_PV', '0-005-00002_cFos', '0-200-00000_Npas4', '0-FFF-00005_WFA')",True,True,True,True,389.03,343.51,267.7741,249.4941,Npas4,KET-9-4_PFC_3.7_D_4.tif,KET-9-4,FR1_SAL,KET-9,0.9317334,-18.280014,144.37233,quad_Npas4,0.9985478
4576,10077,KET-9-4_PFC_4.0_A_4.tif,KET-9-4_PFC_4.0_A,0-FFF-00016_Npas4,"('0-000-00005_PV', '0-005-00004_cFos', '0-FFF-00016_Npas4', '0-FFF-00001_WFA')",True,True,True,True,244.93,159.77,272.2215,254.8195,Npas4,KET-9-4_PFC_4.0_A_4.tif,KET-9-4,FR1_SAL,KET-9,0.93607414,-17.401993,145.25035,quad_Npas4,1.0046207
4654,10227,KET-9-4_PFC_4.0_B_4.tif,KET-9-4_PFC_4.0_B,0-FFF-00008_Npas4,"('0-000-00000_PV', '0-005-00010_cFos', '0-FFF-00008_Npas4', '0-FFF-00002_WFA')",True,True,True,True,140.74,48.77,284.6088,241.3222,Npas4,KET-9-4_PFC_4.0_B_4.tif,KET-9-4,FR1_SAL,KET-9,0.84790844,-43.28659,119.36575,quad_Npas4,0.82559043
4663,10236,KET-9-4_PFC_4.0_B_4.tif,KET-9-4_PFC_4.0_B,0-FFF-00017_Npas4,"('0-000-00004_PV', '0-FFF-00043_cFos', '0-FFF-00017_Npas4', '0-FFF-00004_WFA')",True,True,True,True,474.39,53.22,284.6088,256.1501,Npas4,KET-9-4_PFC_4.0_B_4.tif,KET-9-4,FR1_SAL,KET-9,0.9000076,-28.45871,134.19363,quad_Npas4,0.9281471
4729,10364,KET-9-5_PFC_3.5_B_4.tif,KET-9-5_PFC_3.5_B,0-FFF-00018_Npas4,"('0-000-00002_PV', '0-FFF-00038_cFos', '0-FFF-00018_Npas4', '0-FFF-00002_WFA')",True,True,True,True,257.35,497.21,242.5507,206.7493,Npas4,KET-9-5_PFC_3.5_B_4.tif,KET-9-5,FR1_SAL,KET-9,0.8523962,-35.801407,126.85094,quad_Npas4,0.87736154
4777,10474,KET-9-5_PFC_3.5_C_4.tif,KET-9-5_PFC_3.5_C,0-FFF-00047_Npas4,"('0-000-00006_PV', '0-FFF-00043_cFos', '0-FFF-00047_Npas4', '0-FFF-00005_WFA')",True,True,True,True,205.79,363.91,316.7702,255.5396,Npas4,KET-9-5_PFC_3.5_C_4.tif,KET-9-5,FR1_SAL,KET-9,0.8067034,-61.230606,101.42174,quad_Npas4,0.70148104
4789,10599,KET-9-5_PFC_3.5_D_4.tif,KET-9-5_PFC_3.5_D,0-200-00006_Npas4,"('0-000-00004_PV', '0-005-00016_cFos', '0-200-00006_Npas4', '0-FFF-00008_WFA')",True,True,True,True,23.95,119.23,292.6581,287.1518,Npas4,KET-9-5_PFC_3.5_D_4.tif,KET-9-5,FR1_SAL,KET-9,0.98118514,-5.506317,157.14603,quad_Npas4,1.0868968
4799,10609,KET-9-5_PFC_3.5_D_4.tif,KET-9-5_PFC_3.5_D,0-FFF-00017_Npas4,"('0-000-00000_PV', '0-FFF-00071_cFos', '0-FFF-00017_Npas4', '0-FFF-00007_WFA')",True,True,True,True,495.14,113.12,292.6581,267.9923,Npas4,KET-9-5_PFC_3.5_D_4.tif,KET-9-5,FR1_SAL,KET-9,0.915718,-24.665802,137.98654,quad_Npas4,0.95438063
4824,10634,KET-9-5_PFC_3.5_D_4.tif,KET-9-5_PFC_3.5_D,0-FFF-00042_Npas4,"('0-000-00003_PV', '0-005-00000_cFos', '0-FFF-00042_Npas4', '0-FFF-00001_WFA')",True,True,True,True,435.73,387.91,292.6581,250.3095,Npas4,KET-9-5_PFC_3.5_D_4.tif,KET-9-5,FR1_SAL,KET-9,0.8552966,-42.348618,120.30373,quad_Npas4,0.83207786
4857,10779,KET-9-5_PFC_3.5_E_4.tif,KET-9-5_PFC_3.5_E,0-200-00011_Npas4,"('0-000-00001_PV', '0-005-00014_cFos', '0-200-00011_Npas4', '0-FFF-00002_WFA')",True,True,True,True,420.12,11.63,279.9064,305.6272,Npas4,KET-9-5_PFC_3.5_E_4.tif,KET-9-5,FR1_SAL,KET-9,1.0918907,25.720795,188.37314,quad_Npas4,1.3028784
4864,10786,KET-9-5_PFC_3.5_E_4.tif,KET-9-5_PFC_3.5_E,0-FFF-00018_Npas4,"('0-FFF-00002_PV', '0-005-00030_cFos', '0-FFF-00018_Npas4', '0-FFF-00001_WFA')",True,True,True,True,367.89,10.58,279.9064,258.5461,Npas4,KET-9-5_PFC_3.5_E_4.tif,KET-9-5,FR1_SAL,KET-9,0.92368776,-21.36029,141.29205,quad_Npas4,0.9772431
5050,11173,KET-9-6_PFC_3.6_E_4.tif,KET-9-6_PFC_3.6_E,0-FFF-00063_Npas4,"('0-000-00004_PV', '0-005-00017_cFos', '0-FFF-00063_Npas4', '0-FFF-00003_WFA')",True,True,True,True,215.95,221.57,314.2453,291.1628,Npas4,KET-9-6_PFC_3.6_E_4.tif,KET-9-6,FR1_SAL,KET-9,0.9265463,-23.082489,139.56985,quad_Npas4,0.9653316
5101,11335,KET-9-6_PFC_3.8_B_4.tif,KET-9-6_PFC_3.8_B,0-200-00008_Npas4,"('0-000-00002_PV', '0-005-00007_cFos', '0-200-00008_Npas4', '0-FFF-00003_WFA')",True,True,True,True,118.53,150.17,362.6659,372.1654,Npas4,KET-9-6_PFC_3.8_B_4.tif,KET-9-6,FR1_SAL,KET-9,1.0261936,9.499512,172.15186,quad_Npas4,1.1906842
5118,11352,KET-9-6_PFC_3.8_B_4.tif,KET-9-6_PFC_3.8_B,0-FFF-00025_Npas4,"('0-FFF-00011_PV', '0-005-00031_cFos', '0-FFF-00025_Npas4', '0-FFF-00006_WFA')",True,True,True,True,348.87,9.09,362.6659,329.08,Npas4,KET-9-6_PFC_3.8_B_4.tif,KET-9-6,FR1_SAL,KET-9,0.9073916,-33.585907,129.06644,quad_Npas4,0.89268494
5144,11378,KET-9-6_PFC_3.8_B_4.tif,KET-9-6_PFC_3.8_B,0-FFF-00052_Npas4,"('0-FFF-00003_PV', '0-FFF-00090_cFos', '0-FFF-00052_Npas4', '0-FFF-00004_WFA')",True,True,True,True,210.92,206.17,362.6659,338.8343,Npas4,KET-9-6_PFC_3.8_B_4.tif,KET-9-6,FR1_SAL,KET-9,0.9342877,-23.831604,138.82074,quad_Npas4,0.96015036
5194,11428,KET-9-6_PFC_3.8_B_4.tif,KET-9-6_PFC_3.8_B,0-FFF-00102_Npas4,"('0-000-00001_PV', '0-005-00017_cFos', '0-FFF-00102_Npas4', '0-FFF-00002_WFA')",True,True,True,True,341.11,451.54,362.6659,339.394,Npas4,KET-9-6_PFC_3.8_B_4.tif,KET-9-6,FR1_SAL,KET-9,0.93583107,-23.271881,139.38046,quad_Npas4,0.9640217
5252,11587,KET-9-6_PFC_3.8_C_4.tif,KET-9-6_PFC_3.8_C,0-FFF-00053_Npas4,"('0-000-00000_PV', '0-FFF-00075_cFos', '0-FFF-00053_Npas4', '0-FFF-00003_WFA')",True,True,True,True,84.29,181.33,316.9566,298.8497,Npas4,KET-9-6_PFC_3.8_C_4.tif,KET-9-6,FR1_SAL,KET-9,0.9428726,-18.106903,144.54544,quad_Npas4,0.99974513
5279,11614,KET-9-6_PFC_3.8_C_4.tif,KET-9-6_PFC_3.8_C,0-FFF-00081_Npas4,"('0-000-00001_PV', '0-005-00011_cFos', '0-FFF-00081_Npas4', '0-FFF-00005_WFA')",True,True,True,True,277.93,497.14,316.9566,318.8531,Npas4,KET-9-6_PFC_3.8_C_4.tif,KET-9-6,FR1_SAL,KET-9,1.0059835,1.8964844,164.54883,quad_Npas4,1.1380981
5306,11720,KET-9-6_PFC_3.8_D_4.tif,KET-9-6_PFC_3.8_D,0-200-00011_Npas4,"('0-FFF-00003_PV', '0-FFF-00069_cFos', '0-200-00011_Npas4', '0-FFF-00003_WFA')",True,True,True,True,394.28,8.71,307.8936,325.0125,Npas4,KET-9-6_PFC_3.8_D_4.tif,KET-9-6,FR1_SAL,KET-9,1.0556002,17.118927,179.77127,quad_Npas4,1.2433838
5418,11932,KET-9-6_PFC_4.0_A_4.tif,KET-9-6_PFC_4.0_A,0-FFF-00034_Npas4,"('0-000-00002_PV', '0-005-00058_cFos', '0-FFF-00034_Npas4', '0-FFF-00007_WFA')",True,True,True,True,48.79,216.19,502.8445,443.6409,Npas4,KET-9-6_PFC_4.0_A_4.tif,KET-9-6,FR1_SAL,KET-9,0.8822626,-59.203613,103.44873,quad_Npas4,0.7155007
5461,11975,KET-9-6_PFC_4.0_A_4.tif,KET-9-6_PFC_4.0_A,0-FFF-00093_Npas4,"('0-000-00001_PV', '0-005-00044_cFos', '0-FFF-00093_Npas4', '0-FFF-00004_WFA')",True,True,True,True,277.0,363.08,502.8445,431.2141,Npas4,KET-9-6_PFC_4.0_A_4.tif,KET-9-6,FR1_SAL,KET-9,0.8575496,-71.6304,91.02194,quad_Npas4,0.6295511
5490,16269,PE-12-1_PFC_3.3_D_4.tif,PE-12-1_PFC_3.3_D,0-FFF-00021_Npas4,"('0-000-00001_PV', '0-FFF-00052_cFos', '0-FFF-00021_Npas4', '0-FFF-00007_WFA')",True,True,True,True,420.35,81.46,536.4512,434.3812,Npas4,PE-12-1_PFC_3.3_D_4.tif,PE-12-1,FR1_KET,PE-12,0.80973107,-102.06998,60.582367,quad_Npas4,0.4190165
5682,16680,PE-12-1_PFC_3.5_C_4.tif,PE-12-1_PFC_3.5_C,0-FFF-00037_Npas4,"('0-000-00003_PV', '0-FFF-00102_cFos', '0-FFF-00037_Npas4', '0-FFF-00001_WFA')",True,True,True,True,494.98,124.41,554.7391,452.1245,Npas4,PE-12-1_PFC_3.5_C_4.tif,PE-12-1,FR1_KET,PE-12,0.81502193,-102.61456,60.03778,quad_Npas4,0.41524988
5690,16688,PE-12-1_PFC_3.5_C_4.tif,PE-12-1_PFC_3.5_C,0-FFF-00047_Npas4,"('0-000-00011_PV', '0-FFF-00093_cFos', '0-FFF-00047_Npas4', '0-FFF-00009_WFA')",True,True,True,True,374.36,354.29,554.7391,554.4786,Npas4,PE-12-1_PFC_3.5_C_4.tif,PE-12-1,FR1_KET,PE-12,0.99953043,-0.26049805,162.39185,quad_Npas4,1.1231793
5694,16692,PE-12-1_PFC_3.5_C_4.tif,PE-12-1_PFC_3.5_C,0-FFF-00051_Npas4,"('0-000-00010_PV', '0-FFF-00104_cFos', '0-FFF-00051_Npas4', '0-FFF-00003_WFA')",True,True,True,True,408.53,461.63,554.7391,542.039,Npas4,PE-12-1_PFC_3.5_C_4.tif,PE-12-1,FR1_KET,PE-12,0.9771062,-12.700073,149.95227,quad_Npas4,1.0371413
5697,16695,PE-12-1_PFC_3.5_C_4.tif,PE-12-1_PFC_3.5_C,0-FFF-00054_Npas4,"('0-000-00009_PV', '0-005-00010_cFos', '0-FFF-00054_Npas4', '0-FFF-00002_WFA')",True,True,True,True,394.41,435.72,554.7391,465.5231,Npas4,PE-12-1_PFC_3.5_C_4.tif,PE-12-1,FR1_KET,PE-12,0.83917487,-89.21597,73.43637,quad_Npas4,0.5079209
5703,16701,PE-12-1_PFC_3.5_C_4.tif,PE-12-1_PFC_3.5_C,0-FFF-00062_Npas4,"('0-000-00002_PV', '0-FFF-00075_cFos', '0-FFF-00062_Npas4', '0-FFF-00006_WFA')",True,True,True,True,121.8,213.15,554.7391,467.3921,Npas4,PE-12-1_PFC_3.5_C_4.tif,PE-12-1,FR1_KET,PE-12,0.842544,-87.346985,75.30536,quad_Npas4,0.52084774
5911,17271,PE-12-2_PFC_3.5_E_4.tif,PE-12-2_PFC_3.5_E,0-200-00001_Npas4,"('0-000-00006_PV', '0-005-00001_cFos', '0-200-00001_Npas4', '0-FFF-00004_WFA')",True,True,True,True,438.99,447.49,508.7305,529.6576,Npas4,PE-12-2_PFC_3.5_E_4.tif,PE-12-2,FR1_KET,PE-12,1.0411359,20.927094,183.57944,quad_Npas4,1.2697228
5925,17285,PE-12-2_PFC_3.5_E_4.tif,PE-12-2_PFC_3.5_E,0-FFF-00015_Npas4,"('0-000-00002_PV', '0-FFF-00050_cFos', '0-FFF-00015_Npas4', '0-FFF-00006_WFA')",True,True,True,True,464.21,40.07,508.7305,442.1885,Npas4,PE-12-2_PFC_3.5_E_4.tif,PE-12-2,FR1_KET,PE-12,0.86919993,-66.54199,96.11035,quad_Npas4,0.664745
5971,17331,PE-12-2_PFC_3.5_E_4.tif,PE-12-2_PFC_3.5_E,0-FFF-00062_Npas4,"('0-000-00004_PV', '0-005-00029_cFos', '0-FFF-00062_Npas4', '0-FFF-00003_WFA')",True,True,True,True,234.15,469.0,508.7305,452.6335,Npas4,PE-12-2_PFC_3.5_E_4.tif,PE-12-2,FR1_KET,PE-12,0.8897314,-56.096985,106.55536,quad_Npas4,0.73698765
6008,17477,PE-12-2_PFC_3.6_C_4.tif,PE-12-2_PFC_3.6_C,0-FFF-00015_Npas4,"('0-000-00000_PV', '0-005-00022_cFos', '0-FFF-00015_Npas4', '0-FFF-00003_WFA')",True,True,True,True,286.62,317.18,467.5143,414.1851,Npas4,PE-12-2_PFC_3.6_C_4.tif,PE-12-2,FR1_KET,PE-12,0.8859303,-53.329224,109.32312,quad_Npas4,0.75613075
6058,17614,PE-12-2_PFC_3.6_D_4.tif,PE-12-2_PFC_3.6_D,0-FFF-00019_Npas4,"('0-000-00000_PV', '0-005-00026_cFos', '0-FFF-00019_Npas4', '0-FFF-00001_WFA')",True,True,True,True,151.69,122.13,572.0286,480.6158,Npas4,PE-12-2_PFC_3.6_D_4.tif,PE-12-2,FR1_KET,PE-12,0.8401954,-91.41281,71.23953,quad_Npas4,0.49272653
6166,17797,PE-12-2_PFC_3.7_A_4.tif,PE-12-2_PFC_3.7_A,0-FFF-00045_Npas4,"('0-000-00005_PV', '0-FFF-00044_cFos', '0-FFF-00045_Npas4', '0-FFF-00005_WFA')",True,True,True,True,185.42,326.43,710.8662,680.672,Npas4,PE-12-2_PFC_3.7_A_4.tif,PE-12-2,FR1_KET,PE-12,0.9575248,-30.194214,132.45813,quad_Npas4,0.91614354
6187,17818,PE-12-2_PFC_3.7_A_4.tif,PE-12-2_PFC_3.7_A,0-FFF-00067_Npas4,"('0-000-00002_PV', '0-FFF-00050_cFos', '0-FFF-00067_Npas4', '0-FFF-00001_WFA')",True,True,True,True,15.59,420.95,710.8662,614.7315,Npas4,PE-12-2_PFC_3.7_A_4.tif,PE-12-2,FR1_KET,PE-12,0.864764,-96.134705,66.51764,quad_Npas4,0.4600677
6197,17931,PE-12-7_PFC_3.5_E_4.tif,PE-12-7_PFC_3.5_E,0-200-00000_Npas4,"('0-000-00006_PV', '0-005-00051_cFos', '0-200-00000_Npas4', '0-FFF-00003_WFA')",True,True,True,True,312.75,226.12,527.6664,479.1816,Npas4,PE-12-7_PFC_3.5_E_4.tif,PE-12-7,FR1_KET,PE-12,0.90811473,-48.48477,114.16757,quad_Npas4,0.7896373
6245,17979,PE-12-7_PFC_3.5_E_4.tif,PE-12-7_PFC_3.5_E,0-FFF-00053_Npas4,"('0-000-00004_PV', '0-FFF-00075_cFos', '0-FFF-00053_Npas4', '0-FFF-00005_WFA')",True,True,True,True,128.8,423.48,527.6664,481.135,Npas4,PE-12-7_PFC_3.5_E_4.tif,PE-12-7,FR1_KET,PE-12,0.91181666,-46.531372,116.12097,quad_Npas4,0.803148
6248,17982,PE-12-7_PFC_3.5_E_4.tif,PE-12-7_PFC_3.5_E,0-FFF-00056_Npas4,"('0-000-00001_PV', '0-005-00015_cFos', '0-FFF-00056_Npas4', '0-FFF-00006_WFA')",True,True,True,True,144.19,462.82,527.6664,457.1312,Npas4,PE-12-7_PFC_3.5_E_4.tif,PE-12-7,FR1_KET,PE-12,0.86632615,-70.53519,92.11716,quad_Npas4,0.63712615
6285,18115,PE-12-7_PFC_3.6_B_4.tif,PE-12-7_PFC_3.6_B,0-200-00000_Npas4,"('0-000-00003_PV', '0-005-00044_cFos', '0-200-00000_Npas4', '0-001-00002_WFA')",True,True,True,True,327.6,500.94,503.9805,476.9442,Npas4,PE-12-7_PFC_3.6_B_4.tif,PE-12-7,FR1_KET,PE-12,0.9463545,-27.036285,135.61606,quad_Npas4,0.93798524
6364,18194,PE-12-7_PFC_3.6_B_4.tif,PE-12-7_PFC_3.6_B,0-FFF-00093_Npas4,"('0-000-00011_PV', '0-005-00027_cFos', '0-FFF-00093_Npas4', '0-FFF-00015_WFA')",True,True,True,True,149.54,453.72,503.9805,443.0078,Npas4,PE-12-7_PFC_3.6_B_4.tif,PE-12-7,FR1_KET,PE-12,0.8790178,-60.972687,101.67966,quad_Npas4,0.70326495
6413,18349,PE-12-7_PFC_3.6_D_4.tif,PE-12-7_PFC_3.6_D,0-FFF-00054_Npas4,"('0-000-00001_PV', '0-005-00039_cFos', '0-FFF-00054_Npas4', '0-FFF-00001_WFA')",True,True,True,True,419.65,280.33,476.3867,389.0776,Npas4,PE-12-7_PFC_3.6_D_4.tif,PE-12-7,FR1_KET,PE-12,0.81672645,-87.30908,75.34326,quad_Npas4,0.5211099
6416,18352,PE-12-7_PFC_3.6_D_4.tif,PE-12-7_PFC_3.6_D,0-FFF-00059_Npas4,"('0-000-00000_PV', '0-005-00028_cFos', '0-FFF-00059_Npas4', '0-FFF-00007_WFA')",True,True,True,True,346.36,329.81,476.3867,467.3135,Npas4,PE-12-7_PFC_3.6_D_4.tif,PE-12-7,FR1_KET,PE-12,0.9809542,-9.073181,153.57916,quad_Npas4,1.0622267
6417,18353,PE-12-7_PFC_3.6_D_4.tif,PE-12-7_PFC_3.6_D,0-FFF-00060_Npas4,"('0-000-00004_PV', '0-005-00010_cFos', '0-FFF-00060_Npas4', '0-FFF-00006_WFA')",True,True,True,True,325.06,270.84,476.3867,424.4778,Npas4,PE-12-7_PFC_3.6_D_4.tif,PE-12-7,FR1_KET,PE-12,0.8910363,-51.908875,110.74347,quad_Npas4,0.7659546
6474,18486,PE-12-7_PFC_3.7_A_4.tif,PE-12-7_PFC_3.7_A,0-FFF-00007_Npas4,"('0-000-00007_PV', '0-FFF-00059_cFos', '0-FFF-00007_Npas4', '0-FFF-00006_WFA')",True,True,True,True,144.02,61.04,551.5506,463.3409,Npas4,PE-12-7_PFC_3.7_A_4.tif,PE-12-7,FR1_KET,PE-12,0.84006965,-88.20969,74.44266,quad_Npas4,0.5148809
6501,18513,PE-12-7_PFC_3.7_A_4.tif,PE-12-7_PFC_3.7_A,0-FFF-00039_Npas4,"('0-000-00006_PV', '0-005-00024_cFos', '0-FFF-00039_Npas4', '0-FFF-00002_WFA')",True,True,True,True,126.98,198.61,551.5506,467.7578,Npas4,PE-12-7_PFC_3.7_A_4.tif,PE-12-7,FR1_KET,PE-12,0.8480778,-83.792786,78.85956,quad_Npas4,0.54543024
6526,18538,PE-12-7_PFC_3.7_A_4.tif,PE-12-7_PFC_3.7_A,0-FFF-00075_Npas4,"('0-000-00001_PV', '0-FFF-00065_cFos', '0-FFF-00075_Npas4', '0-FFF-00008_WFA')",True,True,True,True,85.3,489.62,551.5506,460.6395,Npas4,PE-12-7_PFC_3.7_A_4.tif,PE-12-7,FR1_KET,PE-12,0.83517176,-90.9111,71.74124,quad_Npas4,0.4961966
6569,18661,PE-12-7_PFC_3.7_C_4.tif,PE-12-7_PFC_3.7_C,0-FFF-00037_Npas4,"('0-000-00003_PV', '0-FFF-00067_cFos', '0-FFF-00037_Npas4', '0-FFF-00007_WFA')",True,True,True,True,488.93,235.52,518.1119,415.7154,Npas4,PE-12-7_PFC_3.7_C_4.tif,PE-12-7,FR1_KET,PE-12,0.8023661,-102.396484,60.25586,quad_Npas4,0.41675824
6630,18768,PE-13-11_PFC_3.3_C_4.tif,PE-13-11_PFC_3.3_C,0-FFF-00031_Npas4,"('0-000-00003_PV', '0-FFF-00015_cFos', '0-FFF-00031_Npas4', '0-FFF-00008_WFA')",True,True,True,True,111.57,88.55,567.9576,487.8126,Npas4,PE-13-11_PFC_3.3_C_4.tif,PE-13-11,VR5_SAL,PE-13,0.8588891,-80.14499,82.507355,quad_Npas4,0.5706602
6695,18944,PE-13-11_PFC_3.5_E_4.tif,PE-13-11_PFC_3.5_E,0-FFF-00029_Npas4,"('0-000-00002_PV', '0-FFF-00005_cFos', '0-FFF-00029_Npas4', '0-FFF-00003_WFA')",True,True,True,True,299.09,256.1,551.9192,481.2337,Npas4,PE-13-11_PFC_3.5_E_4.tif,PE-13-11,VR5_SAL,PE-13,0.87192786,-70.685486,91.96686,quad_Npas4,0.6360866
6809,19264,PE-13-1_PFC_3.5_C_4.tif,PE-13-1_PFC_3.5_C,0-FFF-00019_Npas4,"('0-000-00001_PV', '0-FFF-00071_cFos', '0-FFF-00019_Npas4', '0-FFF-00007_WFA')",True,True,True,True,90.44,173.87,614.4027,503.5023,Npas4,PE-13-1_PFC_3.5_C_4.tif,PE-13-1,VR5_SAL,PE-13,0.81949884,-110.90042,51.751923,quad_Npas4,0.35794094
6816,19271,PE-13-1_PFC_3.5_C_4.tif,PE-13-1_PFC_3.5_C,0-FFF-00028_Npas4,"('0-000-00007_PV', '0-FFF-00062_cFos', '0-FFF-00028_Npas4', '0-FFF-00001_WFA')",True,True,True,True,266.99,288.59,614.4027,545.3456,Npas4,PE-13-1_PFC_3.5_C_4.tif,PE-13-1,VR5_SAL,PE-13,0.8876028,-69.05713,93.595215,quad_Npas4,0.6473491
6983,19602,PE-13-1_PFC_3.7_B_4.tif,PE-13-1_PFC_3.7_B,0-200-00010_Npas4,"('0-000-00013_PV', '0-FFF-00017_cFos', '0-200-00010_Npas4', '0-FFF-00010_WFA')",True,True,True,True,412.11,161.22,678.0913,642.2464,Npas4,PE-13-1_PFC_3.7_B_4.tif,PE-13-1,VR5_SAL,PE-13,0.94713855,-35.84491,126.807434,quad_Npas4,0.87706065
7016,19635,PE-13-1_PFC_3.7_B_4.tif,PE-13-1_PFC_3.7_B,0-FFF-00045_Npas4,"('0-000-00000_PV', '0-FFF-00010_cFos', '0-FFF-00045_Npas4', '0-FFF-00014_WFA')",True,True,True,True,347.65,368.26,678.0913,624.9616,Npas4,PE-13-1_PFC_3.7_B_4.tif,PE-13-1,VR5_SAL,PE-13,0.92164814,-53.1297,109.522644,quad_Npas4,0.7575108
7038,19657,PE-13-1_PFC_3.7_B_4.tif,PE-13-1_PFC_3.7_B,0-FFF-00067_Npas4,"('0-000-00010_PV', '0-FFF-00011_cFos', '0-FFF-00067_Npas4', '0-FFF-00013_WFA')",True,True,True,True,245.52,466.1,678.0913,562.6918,Npas4,PE-13-1_PFC_3.7_B_4.tif,PE-13-1,VR5_SAL,PE-13,0.8298171,-115.399536,47.252808,quad_Npas4,0.32682294
7084,19784,PE-13-1_PFC_3.7_D_4.tif,PE-13-1_PFC_3.7_D,0-FFF-00030_Npas4,"('0-000-00003_PV', '0-005-00014_cFos', '0-FFF-00030_Npas4', '0-001-00004_WFA')",True,True,True,True,502.89,22.78,624.4081,543.8667,Npas4,PE-13-1_PFC_3.7_D_4.tif,PE-13-1,VR5_SAL,PE-13,0.8710116,-80.54138,82.11096,quad_Npas4,0.56791854
7114,19814,PE-13-1_PFC_3.7_D_4.tif,PE-13-1_PFC_3.7_D,0-FFF-00061_Npas4,"('0-000-00001_PV', '0-FFF-00048_cFos', '0-FFF-00061_Npas4', '0-FFF-00008_WFA')",True,True,True,True,368.4,363.03,624.4081,611.879,Npas4,PE-13-1_PFC_3.7_D_4.tif,PE-13-1,VR5_SAL,PE-13,0.9799345,-12.529053,150.12329,quad_Npas4,1.0383242
7180,19933,PE-13-1_PFC_3.9_A_4.tif,PE-13-1_PFC_3.9_A,0-FFF-00044_Npas4,"('0-000-00002_PV', '0-FFF-00008_cFos', '0-FFF-00044_Npas4', '0-FFF-00006_WFA')",True,True,True,True,203.95,298.13,690.172,679.161,Npas4,PE-13-1_PFC_3.9_A_4.tif,PE-13-1,VR5_SAL,PE-13,0.98404604,-11.010986,151.64136,quad_Npas4,1.0488238
7405,20544,PE-13-2_PFC_3.5_E_4.tif,PE-13-2_PFC_3.5_E,0-FFF-00064_Npas4,"('0-000-00000_PV', '0-FFF-00055_cFos', '0-FFF-00064_Npas4', '0-FFF-00006_WFA')",True,True,True,True,381.52,428.83,622.9029,523.6696,Npas4,PE-13-2_PFC_3.5_E_4.tif,PE-13-2,VR5_KET,PE-13,0.8406922,-99.23328,63.419067,quad_Npas4,0.43863648
7498,20828,PE-13-3_PFC_3.3_E_4.tif,PE-13-3_PFC_3.3_E,0-FFF-00035_Npas4,"('0-000-00001_PV', '0-FFF-00024_cFos', '0-FFF-00035_Npas4', '0-FFF-00003_WFA')",True,True,True,True,99.95,365.12,447.8938,398.6049,Npas4,PE-13-3_PFC_3.3_E_4.tif,PE-13-3,VR5_KET,PE-13,0.88995403,-49.28891,113.363434,quad_Npas4,0.7840755
7503,20833,PE-13-3_PFC_3.3_E_4.tif,PE-13-3_PFC_3.3_E,0-FFF-00045_Npas4,"('0-000-00005_PV', '0-FFF-00023_cFos', '0-FFF-00045_Npas4', '0-FFF-00002_WFA')",True,True,True,True,319.27,261.54,447.8938,365.4256,Npas4,PE-13-3_PFC_3.3_E_4.tif,PE-13-3,VR5_KET,PE-13,0.81587553,-82.4682,80.18414,quad_Npas4,0.5545917
7628,21081,PE-13-3_PFC_3.5_D_4.tif,PE-13-3_PFC_3.5_D,0-FFF-00081_Npas4,"('0-000-00004_PV', '0-FFF-00031_cFos', '0-FFF-00081_Npas4', '0-FFF-00004_WFA')",True,True,True,True,220.54,166.2,452.7004,378.1048,Npas4,PE-13-3_PFC_3.5_D_4.tif,PE-13-3,VR5_KET,PE-13,0.8352208,-74.59561,88.05673,quad_Npas4,0.6090423
7663,21201,PE-13-3_PFC_3.7_A_4.tif,PE-13-3_PFC_3.7_A,0-FFF-00037_Npas4,"('0-000-00015_PV', '0-FFF-00044_cFos', '0-FFF-00037_Npas4', '0-FFF-00003_WFA')",True,True,True,True,345.18,86.1,635.8529,607.9895,Npas4,PE-13-3_PFC_3.7_A_4.tif,PE-13-3,VR5_KET,PE-13,0.9561795,-27.863403,134.78894,quad_Npas4,0.9322645
7719,21257,PE-13-3_PFC_3.7_A_4.tif,PE-13-3_PFC_3.7_A,0-FFF-00099_Npas4,"('0-000-00001_PV', '0-FFF-00048_cFos', '0-FFF-00099_Npas4', '0-FFF-00007_WFA')",True,True,True,True,426.62,382.69,635.8529,549.5825,Npas4,PE-13-3_PFC_3.7_A_4.tif,PE-13-3,VR5_KET,PE-13,0.8643234,-86.270386,76.38196,quad_Npas4,0.528294
7735,21365,PE-13-3_PFC_3.7_B_4.tif,PE-13-3_PFC_3.7_B,0-200-00006_Npas4,"('0-000-00001_PV', '0-FFF-00054_cFos', '0-200-00006_Npas4', '0-FFF-00003_WFA')",True,True,True,True,140.36,94.34,559.1822,468.3306,Npas4,PE-13-3_PFC_3.7_B_4.tif,PE-13-3,VR5_KET,PE-13,0.83752775,-90.85159,71.80075,quad_Npas4,0.4966082
7786,21416,PE-13-3_PFC_3.7_B_4.tif,PE-13-3_PFC_3.7_B,0-FFF-00066_Npas4,"('0-000-00005_PV', '0-FFF-00037_cFos', '0-FFF-00066_Npas4', '0-FFF-00007_WFA')",True,True,True,True,333.14,361.43,559.1822,465.0272,Npas4,PE-13-3_PFC_3.7_B_4.tif,PE-13-3,VR5_KET,PE-13,0.83162016,-94.155,68.497345,quad_Npas4,0.47376028
7800,21491,PE-13-6_PFC_3.5_C_4.tif,PE-13-6_PFC_3.5_C,0-200-00001_Npas4,"('0-000-00000_PV', '0-FFF-00053_cFos', '0-200-00001_Npas4', '0-FFF-00002_WFA')",True,True,True,True,322.16,436.57,563.7008,453.7772,Npas4,PE-13-6_PFC_3.5_C_4.tif,PE-13-6,VR5_KET,PE-13,0.80499655,-109.923615,52.72873,quad_Npas4,0.364697
7953,21800,PE-13-6_PFC_3.7_A_4.tif,PE-13-6_PFC_3.7_A,0-FFF-00032_Npas4,"('0-000-00007_PV', '0-FFF-00007_cFos', '0-FFF-00032_Npas4', '0-FFF-00008_WFA')",True,True,True,True,235.8,176.0,605.8306,499.0847,Npas4,PE-13-6_PFC_3.7_A_4.tif,PE-13-6,VR5_KET,PE-13,0.82380235,-106.74594,55.906403,quad_Npas4,0.38667533
7963,21810,PE-13-6_PFC_3.7_A_4.tif,PE-13-6_PFC_3.7_A,0-FFF-00043_Npas4,"('0-000-00009_PV', '0-FFF-00013_cFos', '0-FFF-00043_Npas4', '0-FFF-00013_WFA')",True,True,True,True,77.53,299.72,605.8306,512.1171,Npas4,PE-13-6_PFC_3.7_A_4.tif,PE-13-6,VR5_KET,PE-13,0.845314,-93.7135,68.93884,quad_Npas4,0.47681388
7978,21825,PE-13-6_PFC_3.7_A_4.tif,PE-13-6_PFC_3.7_A,0-FFF-00064_Npas4,"('0-000-00002_PV', '0-FFF-00026_cFos', '0-FFF-00064_Npas4', '0-FFF-00003_WFA')",True,True,True,True,400.31,177.81,605.8306,537.8343,Npas4,PE-13-6_PFC_3.7_A_4.tif,PE-13-6,VR5_KET,PE-13,0.88776344,-67.99634,94.656006,quad_Npas4,0.65468603
7981,21828,PE-13-6_PFC_3.7_A_4.tif,PE-13-6_PFC_3.7_A,0-FFF-00068_Npas4,"('0-000-00011_PV', '0-FFF-00025_cFos', '0-FFF-00068_Npas4', '0-FFF-00006_WFA')",True,True,True,True,431.83,270.46,605.8306,488.0598,Npas4,PE-13-6_PFC_3.7_A_4.tif,PE-13-6,VR5_KET,PE-13,0.8056044,-117.77081,44.88153,quad_Npas4,0.31042203
8011,21930,PE-13-6_PFC_3.7_B_4.tif,PE-13-6_PFC_3.7_B,0-200-00001_Npas4,"('0-000-00001_PV', '0-FFF-00011_cFos', '0-200-00001_Npas4', '0-FFF-00001_WFA')",True,True,True,True,215.48,122.9,496.6199,434.3598,Npas4,PE-13-6_PFC_3.7_B_4.tif,PE-13-6,VR5_KET,PE-13,0.8746323,-62.2601,100.39224,quad_Npas4,0.69436055
8060,22045,PE-13-6_PFC_3.7_E_4.tif,PE-13-6_PFC_3.7_E,0-FFF-00030_Npas4,"('0-000-00000_PV', '0-FFF-00018_cFos', '0-FFF-00030_Npas4', '0-FFF-00005_WFA')",True,True,True,True,377.17,178.74,658.2427,590.6721,Npas4,PE-13-6_PFC_3.7_E_4.tif,PE-13-6,VR5_KET,PE-13,0.89734703,-67.57056,95.08179,quad_Npas4,0.6576309
8126,22179,PE-13-9_PFC_3.3_C_4.tif,PE-13-9_PFC_3.3_C,0-FFF-00005_Npas4,"('0-000-00007_PV', '0-FFF-00014_cFos', '0-FFF-00005_Npas4', '0-FFF-00012_WFA')",True,True,True,True,45.4,65.34,510.5312,442.831,Npas4,PE-13-9_PFC_3.3_C_4.tif,PE-13-9,VR5_SAL,PE-13,0.86739266,-67.700195,94.95215,quad_Npas4,0.6567343
8175,22228,PE-13-9_PFC_3.3_C_4.tif,PE-13-9_PFC_3.3_C,0-FFF-00060_Npas4,"('0-000-00003_PV', '0-FFF-00022_cFos', '0-FFF-00060_Npas4', '0-FFF-00006_WFA')",True,True,True,True,189.68,352.68,510.5312,432.8886,Npas4,PE-13-9_PFC_3.3_C_4.tif,PE-13-9,VR5_SAL,PE-13,0.84791803,-77.64258,85.009766,quad_Npas4,0.58796805
8202,22340,PE-13-9_PFC_3.4_D_4.tif,PE-13-9_PFC_3.4_D,0-FFF-00011_Npas4,"('0-000-00003_PV', '0-FFF-00028_cFos', '0-FFF-00011_Npas4', '0-FFF-00008_WFA')",True,True,True,True,365.21,21.85,628.8377,544.3529,Npas4,PE-13-9_PFC_3.4_D_4.tif,PE-13-9,VR5_SAL,PE-13,0.8656493,-84.4848,78.16754,quad_Npas4,0.54064393
8235,22373,PE-13-9_PFC_3.4_D_4.tif,PE-13-9_PFC_3.4_D,0-FFF-00060_Npas4,"('0-FFF-00010_PV', '0-FFF-00043_cFos', '0-FFF-00060_Npas4', '0-FFF-00001_WFA')",True,True,True,True,213.59,312.35,628.8377,520.5518,Npas4,PE-13-9_PFC_3.4_D_4.tif,PE-13-9,VR5_SAL,PE-13,0.8277999,-108.28589,54.366455,quad_Npas4,0.3760243
