,index,filename,image_name,roi_id,true_grouping,dummy_PV,dummy_cFos,dummy_Npas4,dummy_WFA,CoM_x,CoM_y,background,mean_intensity,stain_type,filename,rat_n,treatment,group_name,snr,mean-background,adjusted_mean-background,coloc_stain_type,norm_adjusted_mean-background
0,203,KET-10-12_PFC_3.7_A_5.tif,KET-10-12_PFC_3.7_A,0-FFF-00001_WFA,"('0-000-00012_PV', '0-005-00036_cFos', '0-FFF-00009_Npas4', '0-FFF-00001_WFA')",True,True,True,True,229.25,163.76,115.7134,107.1459,WFA,KET-10-12_PFC_3.7_A_5.tif,KET-10-12,FR1_KET,KET-10,0.9259593,-8.567505,8.807594,quad_WFA,0.2934424
1,204,KET-10-12_PFC_3.7_A_5.tif,KET-10-12_PFC_3.7_A,0-FFF-00002_WFA,"('0-000-00008_PV', '0-005-00017_cFos', '0-FFF-00062_Npas4', '0-FFF-00002_WFA')",True,True,True,True,172.04,315.17,115.7134,126.9843,WFA,KET-10-12_PFC_3.7_A_5.tif,KET-10-12,FR1_KET,KET-10,1.0974035,11.270897,28.645996,quad_WFA,0.954398
7,435,KET-10-12_PFC_3.7_B_5.tif,KET-10-12_PFC_3.7_B,0-FFF-00002_WFA,"('0-000-00010_PV', '0-005-00059_cFos', '0-FFF-00006_Npas4', '0-FFF-00002_WFA')",True,True,True,True,355.12,80.95,122.6643,125.2753,WFA,KET-10-12_PFC_3.7_B_5.tif,KET-10-12,FR1_KET,KET-10,1.0212858,2.611,19.9861,quad_WFA,0.6658764
9,437,KET-10-12_PFC_3.7_B_5.tif,KET-10-12_PFC_3.7_B,0-FFF-00004_WFA,"('0-000-00006_PV', '0-005-00014_cFos', '0-FFF-00004_WFA')",True,True,False,True,306.0,314.63,122.6643,163.4286,WFA,KET-10-12_PFC_3.7_B_5.tif,KET-10-12,FR1_KET,KET-10,1.3323241,40.764305,58.139404,"WFA_coloc_w_PV,cFos",1.9370291
10,438,KET-10-12_PFC_3.7_B_5.tif,KET-10-12_PFC_3.7_B,0-FFF-00005_WFA,"('0-000-00004_PV', '0-FFF-00108_cFos', '0-FFF-00056_Npas4', '0-FFF-00005_WFA')",True,True,True,True,365.57,279.02,122.6643,132.5129,WFA,KET-10-12_PFC_3.7_B_5.tif,KET-10-12,FR1_KET,KET-10,1.080289,9.848595,27.223694,quad_WFA,0.90701115
12,440,KET-10-12_PFC_3.7_B_5.tif,KET-10-12_PFC_3.7_B,0-FFF-00007_WFA,"('0-000-00007_PV', '0-005-00089_cFos', '0-FFF-00062_Npas4', '0-FFF-00007_WFA')",True,True,True,True,428.08,367.17,122.6643,125.0151,WFA,KET-10-12_PFC_3.7_B_5.tif,KET-10-12,FR1_KET,KET-10,1.0191644,2.3507996,19.725899,quad_WFA,0.6572073
14,442,KET-10-12_PFC_3.7_B_5.tif,KET-10-12_PFC_3.7_B,0-FFF-00009_WFA,"('0-000-00000_PV', '0-FFF-00119_cFos', '0-FFF-00099_Npas4', '0-FFF-00009_WFA')",True,True,True,True,153.83,483.91,122.6643,164.3943,WFA,KET-10-12_PFC_3.7_B_5.tif,KET-10-12,FR1_KET,KET-10,1.3401968,41.730003,59.105103,quad_WFA,1.9692034
15,641,KET-10-12_PFC_3.9_C_5.tif,KET-10-12_PFC_3.9_C,0-FFF-00001_WFA,"('0-000-00002_PV', '0-FFF-00070_cFos', '0-FFF-00001_WFA')",True,True,False,True,329.72,304.79,116.5215,117.6008,WFA,KET-10-12_PFC_3.9_C_5.tif,KET-10-12,FR1_KET,KET-10,1.0092627,1.0792999,18.4544,"WFA_coloc_w_PV,cFos",0.6148448
17,643,KET-10-12_PFC_3.9_C_5.tif,KET-10-12_PFC_3.9_C,0-FFF-00003_WFA,"('0-000-00005_PV', '0-005-00004_cFos', '0-FFF-00047_Npas4', '0-FFF-00003_WFA')",True,True,True,True,322.8,409.84,116.5215,124.0156,WFA,KET-10-12_PFC_3.9_C_5.tif,KET-10-12,FR1_KET,KET-10,1.0643152,7.4941025,24.869202,quad_WFA,0.8285666
18,644,KET-10-12_PFC_3.9_C_5.tif,KET-10-12_PFC_3.9_C,0-FFF-00004_WFA,"('0-000-00007_PV', '0-FFF-00065_cFos', '0-FFF-00058_Npas4', '0-FFF-00004_WFA')",True,True,True,True,179.9,391.8,116.5215,105.3705,WFA,KET-10-12_PFC_3.9_C_5.tif,KET-10-12,FR1_KET,KET-10,0.9043009,-11.151001,6.224098,quad_WFA,0.20736814
22,844,KET-10-12_PFC_3.9_D_5.tif,KET-10-12_PFC_3.9_D,0-FFF-00003_WFA,"('0-000-00012_PV', '0-005-00035_cFos', '0-FFF-00003_WFA')",True,True,False,True,23.76,296.2,112.1747,115.3507,WFA,KET-10-12_PFC_3.9_D_5.tif,KET-10-12,FR1_KET,KET-10,1.028313,3.1760025,20.551102,"WFA_coloc_w_PV,cFos",0.68470055
23,845,KET-10-12_PFC_3.9_D_5.tif,KET-10-12_PFC_3.9_D,0-FFF-00004_WFA,"('0-000-00007_PV', '0-005-00001_cFos', '0-FFF-00032_Npas4', '0-FFF-00004_WFA')",True,True,True,True,385.11,95.04,112.1747,101.5668,WFA,KET-10-12_PFC_3.9_D_5.tif,KET-10-12,FR1_KET,KET-10,0.90543413,-10.607895,6.7672043,quad_WFA,0.22546278
24,1057,KET-10-12_PFC_4.0_E_5.tif,KET-10-12_PFC_4.0_E,0-FFF-00001_WFA,"('0-000-00012_PV', '0-FFF-00073_cFos', '0-FFF-00001_WFA')",True,True,False,True,54.97,40.66,123.6606,109.4774,WFA,KET-10-12_PFC_4.0_E_5.tif,KET-10-12,FR1_KET,KET-10,0.88530546,-14.183197,3.1919022,"WFA_coloc_w_PV,cFos",0.10634453
25,1058,KET-10-12_PFC_4.0_E_5.tif,KET-10-12_PFC_4.0_E,0-FFF-00002_WFA,"('0-000-00005_PV', '0-FFF-00081_cFos', '0-FFF-00033_Npas4', '0-FFF-00002_WFA')",True,True,True,True,289.59,66.58,123.6606,118.5894,WFA,KET-10-12_PFC_4.0_E_5.tif,KET-10-12,FR1_KET,KET-10,0.958991,-5.0711975,12.303902,quad_WFA,0.4099288
26,1059,KET-10-12_PFC_4.0_E_5.tif,KET-10-12_PFC_4.0_E,0-FFF-00003_WFA,"('0-000-00008_PV', '0-005-00017_cFos', '0-FFF-00035_Npas4', '0-FFF-00003_WFA')",True,True,True,True,326.26,85.6,123.6606,130.9338,WFA,KET-10-12_PFC_4.0_E_5.tif,KET-10-12,FR1_KET,KET-10,1.0588158,7.2732086,24.648308,quad_WFA,0.8212071
27,1060,KET-10-12_PFC_4.0_E_5.tif,KET-10-12_PFC_4.0_E,0-FFF-00004_WFA,"('0-000-00010_PV', '0-005-00023_cFos', '0-200-00010_Npas4', '0-FFF-00004_WFA')",True,True,True,True,324.21,200.26,123.6606,117.6434,WFA,KET-10-12_PFC_4.0_E_5.tif,KET-10-12,FR1_KET,KET-10,0.95134103,-6.0171967,11.357903,quad_WFA,0.37841097
28,1061,KET-10-12_PFC_4.0_E_5.tif,KET-10-12_PFC_4.0_E,0-FFF-00005_WFA,"('0-000-00013_PV', '0-005-00034_cFos', '0-FFF-00005_WFA')",True,True,False,True,426.93,106.53,123.6606,106.9327,WFA,KET-10-12_PFC_4.0_E_5.tif,KET-10-12,FR1_KET,KET-10,0.8647273,-16.727898,0.64720154,"WFA_coloc_w_PV,cFos",0.021562798
29,1062,KET-10-12_PFC_4.0_E_5.tif,KET-10-12_PFC_4.0_E,0-FFF-00006_WFA,"('0-000-00016_PV', '0-FFF-00100_cFos', '0-FFF-00006_WFA')",True,True,False,True,393.85,313.62,123.6606,123.2024,WFA,KET-10-12_PFC_4.0_E_5.tif,KET-10-12,FR1_KET,KET-10,0.99629474,-0.45819855,16.9169,"WFA_coloc_w_PV,cFos",0.56362
33,1319,KET-10-14_PFC_3.4_D_5.tif,KET-10-14_PFC_3.4_D,0-FFF-00002_WFA,"('0-000-00005_PV', '0-FFF-00120_cFos', '0-FFF-00002_WFA')",True,True,False,True,32.08,283.7,104.2869,109.4156,WFA,KET-10-14_PFC_3.4_D_5.tif,KET-10-14,VR5_KET,KET-10,1.0491787,5.1287003,22.5038,"WFA_coloc_w_PV,cFos",0.74975854
39,1573,KET-10-14_PFC_3.4_E_5.tif,KET-10-14_PFC_3.4_E,0-FFF-00004_WFA,"('0-000-00006_PV', '0-005-00009_cFos', '0-FFF-00004_WFA')",True,True,False,True,426.74,170.67,124.9281,134.0528,WFA,KET-10-14_PFC_3.4_E_5.tif,KET-10-14,VR5_KET,KET-10,1.0730395,9.124695,26.499794,"WFA_coloc_w_PV,cFos",0.882893
40,1574,KET-10-14_PFC_3.4_E_5.tif,KET-10-14_PFC_3.4_E,0-FFF-00005_WFA,"('0-000-00005_PV', '0-FFF-00085_cFos', '0-FFF-00005_WFA')",True,True,False,True,83.14,235.65,124.9281,111.9465,WFA,KET-10-14_PFC_3.4_E_5.tif,KET-10-14,VR5_KET,KET-10,0.89608747,-12.981598,4.3935013,"WFA_coloc_w_PV,cFos",0.14637817
42,1576,KET-10-14_PFC_3.4_E_5.tif,KET-10-14_PFC_3.4_E,0-FFF-00007_WFA,"('0-000-00014_PV', '0-005-00027_cFos', '0-FFF-00103_Npas4', '0-FFF-00007_WFA')",True,True,True,True,308.72,410.68,124.9281,141.4072,WFA,KET-10-14_PFC_3.4_E_5.tif,KET-10-14,VR5_KET,KET-10,1.1319087,16.479095,33.854195,quad_WFA,1.1279194
43,1577,KET-10-14_PFC_3.4_E_5.tif,KET-10-14_PFC_3.4_E,0-FFF-00008_WFA,"('0-000-00008_PV', '0-FFF-00090_cFos', '0-FFF-00008_WFA')",True,True,False,True,369.23,389.64,124.9281,123.8083,WFA,KET-10-14_PFC_3.4_E_5.tif,KET-10-14,VR5_KET,KET-10,0.9910364,-1.1198044,16.255295,"WFA_coloc_w_PV,cFos",0.5415773
46,1580,KET-10-14_PFC_3.4_E_5.tif,KET-10-14_PFC_3.4_E,0-FFF-00011_WFA,"('0-000-00021_PV', '0-005-00055_cFos', '0-FFF-00011_WFA')",True,True,False,True,350.54,504.21,124.9281,119.7018,WFA,KET-10-14_PFC_3.4_E_5.tif,KET-10-14,VR5_KET,KET-10,0.9581655,-5.226303,12.148796,"WFA_coloc_w_PV,cFos",0.40476117
48,1791,KET-10-14_PFC_3.6_C_5.tif,KET-10-14_PFC_3.6_C,0-FFF-00002_WFA,"('0-000-00000_PV', '0-FFF-00079_cFos', '0-FFF-00108_Npas4', '0-FFF-00002_WFA')",True,True,True,True,200.11,383.7,112.9728,136.4311,WFA,KET-10-14_PFC_3.6_C_5.tif,KET-10-14,VR5_KET,KET-10,1.2076457,23.458305,40.833405,quad_WFA,1.3604456
49,1792,KET-10-14_PFC_3.6_C_5.tif,KET-10-14_PFC_3.6_C,0-FFF-00003_WFA,"('0-000-00002_PV', '0-FFF-00069_cFos', '0-FFF-00112_Npas4', '0-FFF-00003_WFA')",True,True,True,True,52.29,438.46,112.9728,136.2568,WFA,KET-10-14_PFC_3.6_C_5.tif,KET-10-14,VR5_KET,KET-10,1.2061027,23.284004,40.659103,quad_WFA,1.3546383
52,1989,KET-10-14_PFC_3.7_A_5.tif,KET-10-14_PFC_3.7_A,0-FFF-00001_WFA,"('0-000-00011_PV', '0-FFF-00064_cFos', '0-FFF-00014_Npas4', '0-FFF-00001_WFA')",True,True,True,True,149.37,90.8,129.7479,123.7201,WFA,KET-10-14_PFC_3.7_A_5.tif,KET-10-14,VR5_KET,KET-10,0.95354223,-6.027794,11.347305,quad_WFA,0.3780579
53,1990,KET-10-14_PFC_3.7_A_5.tif,KET-10-14_PFC_3.7_A,0-FFF-00002_WFA,"('0-000-00007_PV', '0-005-00021_cFos', '0-FFF-00023_Npas4', '0-FFF-00002_WFA')",True,True,True,True,320.39,95.41,129.7479,122.6068,WFA,KET-10-14_PFC_3.7_A_5.tif,KET-10-14,VR5_KET,KET-10,0.9449617,-7.141098,10.234001,quad_WFA,0.340966
56,1993,KET-10-14_PFC_3.7_A_5.tif,KET-10-14_PFC_3.7_A,0-FFF-00005_WFA,"('0-000-00014_PV', '0-005-00019_cFos', '0-FFF-00030_Npas4', '0-FFF-00005_WFA')",True,True,True,True,369.72,199.8,129.7479,119.4874,WFA,KET-10-14_PFC_3.7_A_5.tif,KET-10-14,VR5_KET,KET-10,0.9209197,-10.260498,7.114601,quad_WFA,0.237037
57,1994,KET-10-14_PFC_3.7_A_5.tif,KET-10-14_PFC_3.7_A,0-FFF-00006_WFA,"('0-000-00000_PV', '0-FFF-00052_cFos', '0-FFF-00006_WFA')",True,True,False,True,486.5,412.95,129.7479,127.7224,WFA,KET-10-14_PFC_3.7_A_5.tif,KET-10-14,VR5_KET,KET-10,0.98438895,-2.0254974,15.349602,"WFA_coloc_w_PV,cFos",0.5114023
60,1997,KET-10-14_PFC_3.7_A_5.tif,KET-10-14_PFC_3.7_A,0-FFF-00009_WFA,"('0-000-00003_PV', '0-005-00012_cFos', '0-FFF-00069_Npas4', '0-FFF-00009_WFA')",True,True,True,True,159.7,289.31,129.7479,118.9449,WFA,KET-10-14_PFC_3.7_A_5.tif,KET-10-14,VR5_KET,KET-10,0.91673857,-10.802994,6.5721054,quad_WFA,0.21896268
61,2229,KET-10-14_PFC_3.7_B_5.tif,KET-10-14_PFC_3.7_B,0-FFF-00001_WFA,"('0-000-00004_PV', '0-005-00064_cFos', '0-FFF-00001_WFA')",True,True,False,True,332.34,19.83,103.5741,103.2172,WFA,KET-10-14_PFC_3.7_B_5.tif,KET-10-14,VR5_KET,KET-10,0.9965542,-0.35689545,17.018204,"WFA_coloc_w_PV,cFos",0.5669951
62,2230,KET-10-14_PFC_3.7_B_5.tif,KET-10-14_PFC_3.7_B,0-FFF-00002_WFA,"('0-000-00000_PV', '0-FFF-00096_cFos', '0-FFF-00043_Npas4', '0-FFF-00002_WFA')",True,True,True,True,361.1,178.44,103.5741,97.8115,WFA,KET-10-14_PFC_3.7_B_5.tif,KET-10-14,VR5_KET,KET-10,0.9443626,-5.762596,11.612503,quad_WFA,0.38689348
63,2231,KET-10-14_PFC_3.7_B_5.tif,KET-10-14_PFC_3.7_B,0-FFF-00003_WFA,"('0-000-00006_PV', '0-005-00029_cFos', '0-FFF-00003_WFA')",True,True,False,True,420.64,335.17,103.5741,118.2616,WFA,KET-10-14_PFC_3.7_B_5.tif,KET-10-14,VR5_KET,KET-10,1.1418067,14.6875,32.0626,"WFA_coloc_w_PV,cFos",1.0682288
79,2583,KET-10-1_PFC_3.7_B_5.tif,KET-10-1_PFC_3.7_B,0-FFF-00002_WFA,"('0-FFF-00004_PV', '0-005-00013_cFos', '0-FFF-00002_WFA')",True,True,False,True,336.42,285.91,80.5902,75.3363,WFA,KET-10-1_PFC_3.7_B_5.tif,KET-10-1,FR1_SAL,KET-10,0.93480724,-5.2538986,12.121201,"WFA_coloc_w_PV,cFos",0.40384176
81,2585,KET-10-1_PFC_3.7_B_5.tif,KET-10-1_PFC_3.7_B,0-FFF-00004_WFA,"('0-000-00002_PV', '0-FFF-00053_cFos', '0-FFF-00029_Npas4', '0-FFF-00004_WFA')",True,True,True,True,378.71,225.51,80.5902,75.9423,WFA,KET-10-1_PFC_3.7_B_5.tif,KET-10-1,FR1_SAL,KET-10,0.94232666,-4.6479034,12.727196,quad_WFA,0.42403167
82,2586,KET-10-1_PFC_3.7_B_5.tif,KET-10-1_PFC_3.7_B,0-FFF-00005_WFA,"('0-FFF-00005_PV', '0-005-00019_cFos', '0-FFF-00045_Npas4', '0-FFF-00005_WFA')",True,True,True,True,145.63,348.17,80.5902,76.6576,WFA,KET-10-1_PFC_3.7_B_5.tif,KET-10-1,FR1_SAL,KET-10,0.95120245,-3.932602,13.442497,quad_WFA,0.44786337
88,2708,KET-10-1_PFC_3.7_C_5.tif,KET-10-1_PFC_3.7_C,0-FFF-00003_WFA,"('0-000-00001_PV', '0-005-00025_cFos', '0-FFF-00046_Npas4', '0-FFF-00003_WFA')",True,True,True,True,246.21,373.54,69.4637,75.9102,WFA,KET-10-1_PFC_3.7_C_5.tif,KET-10-1,FR1_SAL,KET-10,1.092804,6.4465027,23.821602,quad_WFA,0.79366374
89,2709,KET-10-1_PFC_3.7_C_5.tif,KET-10-1_PFC_3.7_C,0-FFF-00004_WFA,"('0-000-00000_PV', '0-005-00014_cFos', '0-FFF-00045_Npas4', '0-FFF-00004_WFA')",True,True,True,True,269.61,416.78,69.4637,71.1713,WFA,KET-10-1_PFC_3.7_C_5.tif,KET-10-1,FR1_SAL,KET-10,1.0245826,1.7076035,19.082703,quad_WFA,0.63577795
91,2848,KET-10-1_PFC_3.8_E_5.tif,KET-10-1_PFC_3.8_E,0-FFF-00001_WFA,"('0-000-00002_PV', '0-005-00024_cFos', '0-FFF-00043_Npas4', '0-FFF-00001_WFA')",True,True,True,True,11.67,346.06,94.5593,129.4013,WFA,KET-10-1_PFC_3.8_E_5.tif,KET-10-1,FR1_SAL,KET-10,1.3684672,34.842003,52.217102,quad_WFA,1.7397159
92,2849,KET-10-1_PFC_3.8_E_5.tif,KET-10-1_PFC_3.8_E,0-FFF-00002_WFA,"('0-000-00001_PV', '0-005-00002_cFos', '0-FFF-00031_Npas4', '0-FFF-00002_WFA')",True,True,True,True,149.63,153.35,94.5593,90.5532,WFA,KET-10-1_PFC_3.8_E_5.tif,KET-10-1,FR1_SAL,KET-10,0.957634,-4.0061035,13.368996,quad_WFA,0.4454145
93,2850,KET-10-1_PFC_3.8_E_5.tif,KET-10-1_PFC_3.8_E,0-FFF-00003_WFA,"('0-000-00003_PV', '0-FFF-00047_cFos', '0-FFF-00045_Npas4', '0-FFF-00003_WFA')",True,True,True,True,170.82,341.51,94.5593,102.4141,WFA,KET-10-1_PFC_3.8_E_5.tif,KET-10-1,FR1_SAL,KET-10,1.0830674,7.8547974,25.229897,quad_WFA,0.84058386
97,3002,KET-10-1_PFC_4.0_A_5.tif,KET-10-1_PFC_4.0_A,0-FFF-00002_WFA,"('0-000-00001_PV', '0-FFF-00058_cFos', '0-FFF-00046_Npas4', '0-FFF-00002_WFA')",True,True,True,True,434.45,272.08,133.1002,133.7097,WFA,KET-10-1_PFC_4.0_A_5.tif,KET-10-1,FR1_SAL,KET-10,1.0045792,0.6094971,17.984596,quad_WFA,0.5991924
98,3003,KET-10-1_PFC_4.0_A_5.tif,KET-10-1_PFC_4.0_A,0-FFF-00003_WFA,"('0-000-00010_PV', '0-005-00007_cFos', '0-FFF-00003_WFA')",True,True,False,True,288.5,452.5,133.1002,133.2666,WFA,KET-10-1_PFC_4.0_A_5.tif,KET-10-1,FR1_SAL,KET-10,1.0012501,0.1663971,17.541496,"WFA_coloc_w_PV,cFos",0.5844296
99,3004,KET-10-1_PFC_4.0_A_5.tif,KET-10-1_PFC_4.0_A,0-FFF-00004_WFA,"('0-000-00004_PV', '0-005-00046_cFos', '0-FFF-00004_WFA')",True,True,False,True,343.86,48.41,133.1002,159.1244,WFA,KET-10-1_PFC_4.0_A_5.tif,KET-10-1,FR1_SAL,KET-10,1.1955234,26.0242,43.3993,"WFA_coloc_w_PV,cFos",1.4459335
101,3006,KET-10-1_PFC_4.0_A_5.tif,KET-10-1_PFC_4.0_A,0-FFF-00006_WFA,"('0-000-00008_PV', '0-005-00022_cFos', '0-FFF-00006_WFA')",True,True,False,True,443.77,93.95,133.1002,138.0669,WFA,KET-10-1_PFC_4.0_A_5.tif,KET-10-1,FR1_SAL,KET-10,1.0373154,4.96669,22.34179,"WFA_coloc_w_PV,cFos",0.74436086
110,3471,KET-10-2_PFC_3.5_B_5.tif,KET-10-2_PFC_3.5_B,0-FFF-00002_WFA,"('0-000-00001_PV', '0-005-00054_cFos', '0-FFF-00002_WFA')",True,True,False,True,47.53,180.39,101.3371,112.2066,WFA,KET-10-2_PFC_3.5_B_5.tif,KET-10-2,VR5_SAL,KET-10,1.1072608,10.869499,28.244598,"WFA_coloc_w_PV,cFos",0.9410246
111,3472,KET-10-2_PFC_3.5_B_5.tif,KET-10-2_PFC_3.5_B,0-FFF-00003_WFA,"('0-000-00009_PV', '0-005-00020_cFos', '0-FFF-00047_Npas4', '0-FFF-00003_WFA')",True,True,True,True,341.65,191.37,101.3371,98.1185,WFA,KET-10-2_PFC_3.5_B_5.tif,KET-10-2,VR5_SAL,KET-10,0.9682387,-3.2185974,14.156502,quad_WFA,0.47165182
112,3473,KET-10-2_PFC_3.5_B_5.tif,KET-10-2_PFC_3.5_B,0-FFF-00004_WFA,"('0-000-00008_PV', '0-FFF-00094_cFos', '0-FFF-00004_WFA')",True,True,False,True,424.78,393.39,101.3371,100.7916,WFA,KET-10-2_PFC_3.5_B_5.tif,KET-10-2,VR5_SAL,KET-10,0.99461704,-0.5454941,16.829605,"WFA_coloc_w_PV,cFos",0.56071156
113,3474,KET-10-2_PFC_3.5_B_5.tif,KET-10-2_PFC_3.5_B,0-FFF-00005_WFA,"('0-000-00007_PV', '0-005-00027_cFos', '0-FFF-00005_WFA')",True,True,False,True,356.58,469.96,101.3371,99.8318,WFA,KET-10-2_PFC_3.5_B_5.tif,KET-10-2,VR5_SAL,KET-10,0.9851457,-1.5052948,15.869804,"WFA_coloc_w_PV,cFos",0.5287339
120,3900,KET-10-2_PFC_3.9_C_5.tif,KET-10-2_PFC_3.9_C,0-FFF-00001_WFA,"('0-000-00000_PV', '0-005-00034_cFos', '0-FFF-00035_Npas4', '0-FFF-00001_WFA')",True,True,True,True,185.12,146.03,107.0687,102.1016,WFA,KET-10-2_PFC_3.9_C_5.tif,KET-10-2,VR5_SAL,KET-10,0.9536083,-4.967102,12.407997,quad_WFA,0.41339695
124,3904,KET-10-2_PFC_3.9_C_5.tif,KET-10-2_PFC_3.9_C,0-FFF-00005_WFA,"('0-000-00008_PV', '0-FFF-00069_cFos', '0-FFF-00038_Npas4', '0-FFF-00005_WFA')",True,True,True,True,187.82,63.28,107.0687,104.7401,WFA,KET-10-2_PFC_3.9_C_5.tif,KET-10-2,VR5_SAL,KET-10,0.9782513,-2.3286057,15.046494,quad_WFA,0.5013037
125,3905,KET-10-2_PFC_3.9_C_5.tif,KET-10-2_PFC_3.9_C,0-FFF-00006_WFA,"('0-000-00003_PV', '0-FFF-00068_cFos', '0-FFF-00040_Npas4', '0-FFF-00006_WFA')",True,True,True,True,201.43,20.72,107.0687,96.192,WFA,KET-10-2_PFC_3.9_C_5.tif,KET-10-2,VR5_SAL,KET-10,0.89841384,-10.876701,6.498398,quad_WFA,0.21650697
126,3906,KET-10-2_PFC_3.9_C_5.tif,KET-10-2_PFC_3.9_C,0-FFF-00007_WFA,"('0-000-00004_PV', '0-FFF-00086_cFos', '0-FFF-00095_Npas4', '0-FFF-00007_WFA')",True,True,True,True,210.78,315.16,107.0687,132.5585,WFA,KET-10-2_PFC_3.9_C_5.tif,KET-10-2,VR5_SAL,KET-10,1.2380695,25.4898,42.8649,quad_WFA,1.4281288
131,4018,KET-10-2_PFC_4.0_E_5.tif,KET-10-2_PFC_4.0_E,0-FFF-00005_WFA,"('0-000-00002_PV', '0-005-00019_cFos', '0-FFF-00087_Npas4', '0-FFF-00005_WFA')",True,True,True,True,304.06,495.69,112.9159,163.4444,WFA,KET-10-2_PFC_4.0_E_5.tif,KET-10-2,VR5_SAL,KET-10,1.4474878,50.528496,67.903595,quad_WFA,2.2623425
133,4224,KET-10-3_PFC_3.5_C_5.tif,KET-10-3_PFC_3.5_C,0-FFF-00001_WFA,"('0-000-00000_PV', '0-005-00034_cFos', '0-FFF-00001_WFA')",True,True,False,True,412.45,223.96,134.1355,129.4894,WFA,KET-10-3_PFC_3.5_C_5.tif,KET-10-3,VR5_SAL,KET-10,0.9653626,-4.646103,12.728996,"WFA_coloc_w_PV,cFos",0.42409167
135,4226,KET-10-3_PFC_3.5_C_5.tif,KET-10-3_PFC_3.5_C,0-FFF-00003_WFA,"('0-000-00007_PV', '0-005-00008_cFos', '0-FFF-00003_WFA')",True,True,False,True,460.11,310.25,134.1355,125.9743,WFA,KET-10-3_PFC_3.5_C_5.tif,KET-10-3,VR5_SAL,KET-10,0.939157,-8.1612015,9.213898,"WFA_coloc_w_PV,cFos",0.3069792
137,4228,KET-10-3_PFC_3.5_C_5.tif,KET-10-3_PFC_3.5_C,0-FFF-00005_WFA,"('0-000-00010_PV', '0-005-00052_cFos', '0-200-00013_Npas4', '0-FFF-00005_WFA')",True,True,True,True,25.11,87.21,134.1355,190.2334,WFA,KET-10-3_PFC_3.5_C_5.tif,KET-10-3,VR5_SAL,KET-10,1.4182181,56.0979,73.473,quad_WFA,2.4478981
138,4229,KET-10-3_PFC_3.5_C_5.tif,KET-10-3_PFC_3.5_C,0-FFF-00006_WFA,"('0-000-00016_PV', '0-005-00063_cFos', '0-FFF-00006_WFA')",True,True,False,True,15.96,266.34,134.1355,195.6492,WFA,KET-10-3_PFC_3.5_C_5.tif,KET-10-3,VR5_SAL,KET-10,1.4585937,61.513702,78.8888,"WFA_coloc_w_PV,cFos",2.6283364
141,4445,KET-10-3_PFC_3.7_D_5.tif,KET-10-3_PFC_3.7_D,0-FFF-00001_WFA,"('0-000-00001_PV', '0-005-00037_cFos', '0-FFF-00001_WFA')",True,True,False,True,204.6,76.71,99.3333,100.3889,WFA,KET-10-3_PFC_3.7_D_5.tif,KET-10-3,VR5_SAL,KET-10,1.0106269,1.055603,18.430702,"WFA_coloc_w_PV,cFos",0.6140553
152,4845,KET-10-3_PFC_3.8_B_5.tif,KET-10-3_PFC_3.8_B,0-FFF-00003_WFA,"('0-000-00006_PV', '0-005-00057_cFos', '0-FFF-00051_Npas4', '0-FFF-00003_WFA')",True,True,True,True,332.21,390.56,108.0635,123.2701,WFA,KET-10-3_PFC_3.8_B_5.tif,KET-10-3,VR5_SAL,KET-10,1.1407192,15.206604,32.581703,quad_WFA,1.0855238
158,4851,KET-10-3_PFC_3.8_B_5.tif,KET-10-3_PFC_3.8_B,0-FFF-00009_WFA,"('0-000-00000_PV', '0-005-00017_cFos', '0-FFF-00018_Npas4', '0-FFF-00009_WFA')",True,True,True,True,147.86,34.29,108.0635,107.3958,WFA,KET-10-3_PFC_3.8_B_5.tif,KET-10-3,VR5_SAL,KET-10,0.9938212,-0.6677017,16.707397,quad_WFA,0.55663997
160,5001,KET-10-3_PFC_4.0_A_5.tif,KET-10-3_PFC_4.0_A,0-FFF-00002_WFA,"('0-000-00001_PV', '0-FFF-00052_cFos', '0-FFF-00002_WFA')",True,True,False,True,442.95,155.17,109.556,142.6564,WFA,KET-10-3_PFC_4.0_A_5.tif,KET-10-3,VR5_SAL,KET-10,1.3021322,33.100403,50.475502,"WFA_coloc_w_PV,cFos",1.681691
167,5008,KET-10-3_PFC_4.0_A_5.tif,KET-10-3_PFC_4.0_A,0-FFF-00009_WFA,"('0-000-00005_PV', '0-005-00042_cFos', '0-FFF-00029_Npas4', '0-FFF-00009_WFA')",True,True,True,True,118.65,261.1,109.556,118.7506,WFA,KET-10-3_PFC_4.0_A_5.tif,KET-10-3,VR5_SAL,KET-10,1.0839261,9.194603,26.569702,quad_WFA,0.88522214
169,5150,KET-10-4_PFC_3.5_C_5.tif,KET-10-4_PFC_3.5_C,0-FFF-00001_WFA,"('0-000-00002_PV', '0-005-00014_cFos', '0-FFF-00001_WFA')",True,True,False,True,343.72,219.08,68.4884,59.5304,WFA,KET-10-4_PFC_3.5_C_5.tif,KET-10-4,VR5_SAL,KET-10,0.8692041,-8.958004,8.417095,"WFA_coloc_w_PV,cFos",0.28043216
171,5152,KET-10-4_PFC_3.5_C_5.tif,KET-10-4_PFC_3.5_C,0-FFF-00003_WFA,"('0-000-00004_PV', '0-005-00028_cFos', '0-FFF-00053_Npas4', '0-FFF-00003_WFA')",True,True,True,True,209.84,410.29,68.4884,66.7701,WFA,KET-10-4_PFC_3.5_C_5.tif,KET-10-4,VR5_SAL,KET-10,0.9749111,-1.7182999,15.656799,quad_WFA,0.5216372
172,5153,KET-10-4_PFC_3.5_C_5.tif,KET-10-4_PFC_3.5_C,0-FFF-00004_WFA,"('0-000-00011_PV', '0-005-00002_cFos', '0-FFF-00033_Npas4', '0-FFF-00004_WFA')",True,True,True,True,57.15,242.51,68.4884,62.5762,WFA,KET-10-4_PFC_3.5_C_5.tif,KET-10-4,VR5_SAL,KET-10,0.91367584,-5.9122047,11.462894,quad_WFA,0.38190898
174,5303,KET-10-4_PFC_3.7_D_5.tif,KET-10-4_PFC_3.7_D,0-FFF-00002_WFA,"('0-000-00000_PV', '0-FFF-00043_cFos', '0-FFF-00002_WFA')",True,True,False,True,308.84,213.69,76.2907,73.0791,WFA,KET-10-4_PFC_3.7_D_5.tif,KET-10-4,VR5_SAL,KET-10,0.9579031,-3.2116013,14.163498,"WFA_coloc_w_PV,cFos",0.47188494
175,5304,KET-10-4_PFC_3.7_D_5.tif,KET-10-4_PFC_3.7_D,0-FFF-00003_WFA,"('0-000-00001_PV', '0-005-00030_cFos', '0-FFF-00060_Npas4', '0-FFF-00003_WFA')",True,True,True,True,27.07,349.37,76.2907,72.6876,WFA,KET-10-4_PFC_3.7_D_5.tif,KET-10-4,VR5_SAL,KET-10,0.95277137,-3.6031036,13.771996,quad_WFA,0.45884123
177,5472,KET-10-4_PFC_3.8_B_5.tif,KET-10-4_PFC_3.8_B,0-FFF-00002_WFA,"('0-000-00006_PV', '0-005-00008_cFos', '0-FFF-00053_Npas4', '0-FFF-00002_WFA')",True,True,True,True,84.31,160.94,110.226,103.4416,WFA,KET-10-4_PFC_3.8_B_5.tif,KET-10-4,VR5_SAL,KET-10,0.9384501,-6.784401,10.590698,quad_WFA,0.35285005
178,5473,KET-10-4_PFC_3.8_B_5.tif,KET-10-4_PFC_3.8_B,0-FFF-00003_WFA,"('0-000-00015_PV', '0-005-00051_cFos', '0-FFF-00055_Npas4', '0-FFF-00003_WFA')",True,True,True,True,15.29,125.46,110.226,110.8727,WFA,KET-10-4_PFC_3.8_B_5.tif,KET-10-4,VR5_SAL,KET-10,1.0058671,0.6467056,18.021805,quad_WFA,0.60043204
180,5475,KET-10-4_PFC_3.8_B_5.tif,KET-10-4_PFC_3.8_B,0-FFF-00005_WFA,"('0-000-00001_PV', '0-005-00023_cFos', '0-FFF-00005_WFA')",True,True,False,True,350.27,226.82,110.226,125.26,WFA,KET-10-4_PFC_3.8_B_5.tif,KET-10-4,VR5_SAL,KET-10,1.1363926,15.034004,32.409103,"WFA_coloc_w_PV,cFos",1.0797733
185,5678,KET-10-4_PFC_3.8_E_5.tif,KET-10-4_PFC_3.8_E,0-001-00002_WFA,"('0-000-00007_PV', '0-005-00005_cFos', '0-FFF-00119_Npas4', '0-001-00002_WFA')",True,True,True,True,158.64,310.98,120.0979,171.4768,WFA,KET-10-4_PFC_3.8_E_5.tif,KET-10-4,VR5_SAL,KET-10,1.4278085,51.378906,68.754005,quad_WFA,2.2906756
186,5679,KET-10-4_PFC_3.8_E_5.tif,KET-10-4_PFC_3.8_E,0-001-00004_WFA,"('0-000-00000_PV', '0-005-00003_cFos', '0-200-00021_Npas4', '0-001-00004_WFA')",True,True,True,True,68.52,84.17,120.0979,130.6901,WFA,KET-10-4_PFC_3.8_E_5.tif,KET-10-4,VR5_SAL,KET-10,1.0881963,10.592194,27.967293,quad_WFA,0.93178564
187,5680,KET-10-4_PFC_3.8_E_5.tif,KET-10-4_PFC_3.8_E,0-FFF-00005_WFA,"('0-000-00004_PV', '0-FFF-00058_cFos', '0-FFF-00070_Npas4', '0-FFF-00005_WFA')",True,True,True,True,35.57,340.93,120.0979,125.3355,WFA,KET-10-4_PFC_3.8_E_5.tif,KET-10-4,VR5_SAL,KET-10,1.043611,5.237602,22.612701,quad_WFA,0.75338686
190,5883,KET-10-4_PFC_4.1_A_5.tif,KET-10-4_PFC_4.1_A,0-001-00003_WFA,"('0-000-00008_PV', '0-005-00001_cFos', '0-200-00013_Npas4', '0-001-00003_WFA')",True,True,True,True,340.38,309.4,115.8302,180.5384,WFA,KET-10-4_PFC_4.1_A_5.tif,KET-10-4,VR5_SAL,KET-10,1.5586472,64.708206,82.083305,quad_WFA,2.7347674
191,5884,KET-10-4_PFC_4.1_A_5.tif,KET-10-4_PFC_4.1_A,0-FFF-00004_WFA,"('0-000-00005_PV', '0-005-00005_cFos', '0-FFF-00004_WFA')",True,True,False,True,78.24,202.82,115.8302,170.7112,WFA,KET-10-4_PFC_4.1_A_5.tif,KET-10-4,VR5_SAL,KET-10,1.4738055,54.880997,72.256096,"WFA_coloc_w_PV,cFos",2.4073546
192,5885,KET-10-4_PFC_4.1_A_5.tif,KET-10-4_PFC_4.1_A,0-FFF-00005_WFA,"('0-000-00002_PV', '0-005-00028_cFos', '0-FFF-00072_Npas4', '0-FFF-00005_WFA')",True,True,True,True,298.87,231.04,115.8302,125.9642,WFA,KET-10-4_PFC_4.1_A_5.tif,KET-10-4,VR5_SAL,KET-10,1.0874902,10.134003,27.509102,quad_WFA,0.9165201
194,5887,KET-10-4_PFC_4.1_A_5.tif,KET-10-4_PFC_4.1_A,0-FFF-00007_WFA,"('0-FFF-00016_PV', '0-005-00011_cFos', '0-FFF-00029_Npas4', '0-FFF-00007_WFA')",True,True,True,True,24.39,56.4,115.8302,105.1123,WFA,KET-10-4_PFC_4.1_A_5.tif,KET-10-4,VR5_SAL,KET-10,0.90746886,-10.717903,6.657196,quad_WFA,0.22179765
195,6101,KET-10-5_PFC_3.3_C_5.tif,KET-10-5_PFC_3.3_C,0-FFF-00001_WFA,"('0-000-00003_PV', '0-005-00067_cFos', '0-FFF-00001_WFA')",True,True,False,True,20.49,202.16,111.2522,101.3142,WFA,KET-10-5_PFC_3.3_C_5.tif,KET-10-5,FR1_SAL,KET-10,0.9106715,-9.937996,7.4371033,"WFA_coloc_w_PV,cFos",0.2477818
202,6108,KET-10-5_PFC_3.3_C_5.tif,KET-10-5_PFC_3.3_C,0-FFF-00008_WFA,"('0-000-00002_PV', '0-005-00025_cFos', '0-FFF-00008_WFA')",True,True,False,True,300.01,75.07,111.2522,105.8851,WFA,KET-10-5_PFC_3.3_C_5.tif,KET-10-5,FR1_SAL,KET-10,0.9517574,-5.367096,12.008003,"WFA_coloc_w_PV,cFos",0.40007037
204,6337,KET-10-5_PFC_3.5_D_5.tif,KET-10-5_PFC_3.5_D,0-FFF-00002_WFA,"('0-000-00014_PV', '0-005-00045_cFos', '0-FFF-00010_Npas4', '0-FFF-00002_WFA')",True,True,True,True,132.16,41.92,112.5995,109.4561,WFA,KET-10-5_PFC_3.5_D_5.tif,KET-10-5,FR1_SAL,KET-10,0.97208333,-3.143402,14.231697,quad_WFA,0.47415712
207,6340,KET-10-5_PFC_3.5_D_5.tif,KET-10-5_PFC_3.5_D,0-FFF-00005_WFA,"('0-000-00015_PV', '0-FFF-00074_cFos', '0-FFF-00121_Npas4', '0-FFF-00005_WFA')",True,True,True,True,317.12,437.28,112.5995,171.0331,WFA,KET-10-5_PFC_3.5_D_5.tif,KET-10-5,FR1_SAL,KET-10,1.5189507,58.433594,75.80869,quad_WFA,2.5257165
208,6341,KET-10-5_PFC_3.5_D_5.tif,KET-10-5_PFC_3.5_D,0-FFF-00006_WFA,"('0-000-00010_PV', '0-FFF-00077_cFos', '0-FFF-00006_WFA')",True,True,False,True,357.14,438.19,112.5995,136.7435,WFA,KET-10-5_PFC_3.5_D_5.tif,KET-10-5,FR1_SAL,KET-10,1.2144237,24.143997,41.519096,"WFA_coloc_w_PV,cFos",1.3832908
210,6550,KET-10-5_PFC_3.5_E_5.tif,KET-10-5_PFC_3.5_E,0-FFF-00001_WFA,"('0-000-00006_PV', '0-FFF-00052_cFos', '0-FFF-00001_WFA')",True,True,False,True,356.86,56.66,107.0275,110.3181,WFA,KET-10-5_PFC_3.5_E_5.tif,KET-10-5,FR1_SAL,KET-10,1.0307454,3.2906036,20.665703,"WFA_coloc_w_PV,cFos",0.6885187
214,6554,KET-10-5_PFC_3.5_E_5.tif,KET-10-5_PFC_3.5_E,0-FFF-00005_WFA,"('0-000-00008_PV', '0-005-00038_cFos', '0-FFF-00089_Npas4', '0-FFF-00005_WFA')",True,True,True,True,482.02,353.29,107.0275,141.8778,WFA,KET-10-5_PFC_3.5_E_5.tif,KET-10-5,FR1_SAL,KET-10,1.3256202,34.85031,52.22541,quad_WFA,1.7399927
215,6715,KET-10-5_PFC_3.9_A_5.tif,KET-10-5_PFC_3.9_A,0-FFF-00001_WFA,"('0-000-00011_PV', '0-FFF-00080_cFos', '0-200-00011_Npas4', '0-FFF-00001_WFA')",True,True,True,True,52.37,177.04,116.8294,182.9665,WFA,KET-10-5_PFC_3.9_A_5.tif,KET-10-5,FR1_SAL,KET-10,1.5660999,66.13711,83.51221,quad_WFA,2.7823741
216,6716,KET-10-5_PFC_3.9_A_5.tif,KET-10-5_PFC_3.9_A,0-FFF-00002_WFA,"('0-000-00002_PV', '0-FFF-00065_cFos', '0-FFF-00047_Npas4', '0-FFF-00002_WFA')",True,True,True,True,102.84,164.23,116.8294,172.1,WFA,KET-10-5_PFC_3.9_A_5.tif,KET-10-5,FR1_SAL,KET-10,1.4730881,55.270607,72.645706,quad_WFA,2.4203353
217,6717,KET-10-5_PFC_3.9_A_5.tif,KET-10-5_PFC_3.9_A,0-FFF-00004_WFA,"('0-000-00003_PV', '0-005-00045_cFos', '0-200-00000_Npas4', '0-FFF-00004_WFA')",True,True,True,True,262.53,496.11,116.8294,146.3532,WFA,KET-10-5_PFC_3.9_A_5.tif,KET-10-5,FR1_SAL,KET-10,1.2527087,29.523796,46.898895,quad_WFA,1.5625293
223,6902,KET-10-5_PFC_3.9_B_5.tif,KET-10-5_PFC_3.9_B,0-FFF-00005_WFA,"('0-000-00001_PV', '0-005-00022_cFos', '0-FFF-00019_Npas4', '0-FFF-00005_WFA')",True,True,True,True,449.68,80.84,105.7594,91.2739,WFA,KET-10-5_PFC_3.9_B_5.tif,KET-10-5,FR1_SAL,KET-10,0.8630335,-14.4854965,2.8896027,quad_WFA,0.096272826
229,7074,KET-8-2_PFC_3.5_E_5.tif,KET-8-2_PFC_3.5_E,0-FFF-00002_WFA,"('0-000-00009_PV', '0-005-00022_cFos', '0-FFF-00081_Npas4', '0-FFF-00002_WFA')",True,True,True,True,218.84,283.72,80.5077,83.5718,WFA,KET-8-2_PFC_3.5_E_5.tif,KET-8-2,FR1_SAL,KET-8,1.0380597,3.0641022,20.439201,quad_WFA,0.6809724
232,7077,KET-8-2_PFC_3.5_E_5.tif,KET-8-2_PFC_3.5_E,0-FFF-00005_WFA,"('0-000-00008_PV', '0-FFF-00067_cFos', '0-FFF-00005_WFA')",True,True,False,True,286.76,126.88,80.5077,87.1438,WFA,KET-8-2_PFC_3.5_E_5.tif,KET-8-2,FR1_SAL,KET-8,1.0824281,6.636101,24.0112,"WFA_coloc_w_PV,cFos",0.7999806
233,7078,KET-8-2_PFC_3.5_E_5.tif,KET-8-2_PFC_3.5_E,0-FFF-00006_WFA,"('0-000-00006_PV', '0-005-00001_cFos', '0-FFF-00026_Npas4', '0-FFF-00006_WFA')",True,True,True,True,453.5,41.09,80.5077,69.2553,WFA,KET-8-2_PFC_3.5_E_5.tif,KET-8-2,FR1_SAL,KET-8,0.86023206,-11.252396,6.1227036,quad_WFA,0.20398997
234,7223,KET-8-2_PFC_3.6_D_5.tif,KET-8-2_PFC_3.6_D,0-FFF-00001_WFA,"('0-000-00001_PV', '0-FFF-00038_cFos', '0-FFF-00027_Npas4', '0-FFF-00001_WFA')",True,True,True,True,305.61,258.07,80.6375,76.9269,WFA,KET-8-2_PFC_3.6_D_5.tif,KET-8-2,FR1_SAL,KET-8,0.95398426,-3.7105942,13.664505,quad_WFA,0.45525998
235,7224,KET-8-2_PFC_3.6_D_5.tif,KET-8-2_PFC_3.6_D,0-FFF-00002_WFA,"('0-000-00002_PV', '0-FFF-00065_cFos', '0-FFF-00002_WFA')",True,True,False,True,366.01,498.79,80.6375,76.9938,WFA,KET-8-2_PFC_3.6_D_5.tif,KET-8-2,FR1_SAL,KET-8,0.95481384,-3.6436996,13.7314,"WFA_coloc_w_PV,cFos",0.45748872
236,7449,KET-8-2_PFC_3.7_B_5.tif,KET-8-2_PFC_3.7_B,0-FFF-00001_WFA,"('0-000-00014_PV', '0-005-00054_cFos', '0-FFF-00001_WFA')",True,True,False,True,163.99,360.5,103.0647,124.7235,WFA,KET-8-2_PFC_3.7_B_5.tif,KET-8-2,FR1_SAL,KET-8,1.2101476,21.658806,39.033905,"WFA_coloc_w_PV,cFos",1.3004917
245,7698,KET-8-2_PFC_3.7_C_5.tif,KET-8-2_PFC_3.7_C,0-FFF-00001_WFA,"('0-000-00009_PV', '0-0-00023_cFos', '0-FFF-00048_Npas4', '0-FFF-00001_WFA')",True,True,True,True,172.27,320.3,103.8075,101.4921,WFA,KET-8-2_PFC_3.7_C_5.tif,KET-8-2,FR1_SAL,KET-8,0.9776953,-2.3153992,15.0597,quad_WFA,0.5017437
249,7702,KET-8-2_PFC_3.7_C_5.tif,KET-8-2_PFC_3.7_C,0-FFF-00005_WFA,"('0-000-00013_PV', '0-0-00037_cFos', '0-FFF-00067_Npas4', '0-FFF-00005_WFA')",True,True,True,True,371.49,37.72,103.8075,108.2537,WFA,KET-8-2_PFC_3.7_C_5.tif,KET-8-2,FR1_SAL,KET-8,1.0428312,4.4461975,21.821297,quad_WFA,0.7270196
253,7706,KET-8-2_PFC_3.7_C_5.tif,KET-8-2_PFC_3.7_C,0-FFF-00009_WFA,"('0-000-00010_PV', '0-0-00074_cFos', '0-FFF-00009_WFA')",True,True,False,True,405.95,263.02,103.8075,97.121,WFA,KET-8-2_PFC_3.7_C_5.tif,KET-8-2,FR1_SAL,KET-8,0.9355875,-6.6865005,10.688599,"WFA_coloc_w_PV,cFos",0.3561118
255,7887,KET-8-2_PFC_4.0_A_5.tif,KET-8-2_PFC_4.0_A,0-FFF-00001_WFA,"('0-000-00008_PV', '0-005-00031_cFos', '0-FFF-00001_WFA')",True,True,False,True,432.46,10.49,117.9471,114.1689,WFA,KET-8-2_PFC_4.0_A_5.tif,KET-8-2,FR1_SAL,KET-8,0.96796703,-3.7781982,13.596901,"WFA_coloc_w_PV,cFos",0.45300764
257,7889,KET-8-2_PFC_4.0_A_5.tif,KET-8-2_PFC_4.0_A,0-FFF-00003_WFA,"('0-FFF-00014_PV', '0-005-00027_cFos', '0-FFF-00076_Npas4', '0-FFF-00003_WFA')",True,True,True,True,326.06,217.37,117.9471,110.9739,WFA,KET-8-2_PFC_4.0_A_5.tif,KET-8-2,FR1_SAL,KET-8,0.94087857,-6.973198,10.401901,quad_WFA,0.3465599
258,7890,KET-8-2_PFC_4.0_A_5.tif,KET-8-2_PFC_4.0_A,0-FFF-00004_WFA,"('0-000-00001_PV', '0-005-00024_cFos', '0-FFF-00052_Npas4', '0-FFF-00004_WFA')",True,True,True,True,262.91,246.48,117.9471,107.346,WFA,KET-8-2_PFC_4.0_A_5.tif,KET-8-2,FR1_SAL,KET-8,0.9101199,-10.601097,6.774002,quad_WFA,0.22568926
261,8087,KET-8-7_PFC_3.5_D_5.tif,KET-8-7_PFC_3.5_D,0-FFF-00002_WFA,"('0-000-00005_PV', '0-FFF-00092_cFos', '0-FFF-00002_WFA')",True,True,False,True,22.69,185.17,86.8918,101.6234,WFA,KET-8-7_PFC_3.5_D_5.tif,KET-8-7,VR5_KET,KET-8,1.1695396,14.731598,32.106697,"WFA_coloc_w_PV,cFos",1.0696981
263,8089,KET-8-7_PFC_3.5_D_5.tif,KET-8-7_PFC_3.5_D,0-FFF-00004_WFA,"('0-FFF-00030_PV', '0-FFF-00072_cFos', '0-FFF-00004_WFA')",True,True,False,True,333.4,330.95,86.8918,81.377,WFA,KET-8-7_PFC_3.5_D_5.tif,KET-8-7,VR5_KET,KET-8,0.93653256,-5.514801,11.860298,"WFA_coloc_w_PV,cFos",0.39514926
264,8090,KET-8-7_PFC_3.5_D_5.tif,KET-8-7_PFC_3.5_D,0-FFF-00005_WFA,"('0-000-00008_PV', '0-005-00028_cFos', '0-FFF-00071_Npas4', '0-FFF-00005_WFA')",True,True,True,True,360.99,393.62,86.8918,78.0433,WFA,KET-8-7_PFC_3.5_D_5.tif,KET-8-7,VR5_KET,KET-8,0.8981664,-8.848503,8.526596,quad_WFA,0.2840804
268,8288,KET-8-7_PFC_3.7_C_5.tif,KET-8-7_PFC_3.7_C,0-FFF-00004_WFA,"('0-000-00003_PV', '0-FFF-00088_cFos', '0-FFF-00028_Npas4', '0-FFF-00004_WFA')",True,True,True,True,370.78,81.11,96.7847,110.8212,WFA,KET-8-7_PFC_3.7_C_5.tif,KET-8-7,VR5_KET,KET-8,1.1450281,14.036499,31.411598,quad_WFA,1.0465394
269,8289,KET-8-7_PFC_3.7_C_5.tif,KET-8-7_PFC_3.7_C,0-FFF-00005_WFA,"('0-000-00014_PV', '0-005-00035_cFos', '0-200-00002_Npas4', '0-FFF-00005_WFA')",True,True,True,True,411.21,162.25,96.7847,113.0008,WFA,KET-8-7_PFC_3.7_C_5.tif,KET-8-7,VR5_KET,KET-8,1.1675482,16.216103,33.5912,quad_WFA,1.1191573
271,8291,KET-8-7_PFC_3.7_C_5.tif,KET-8-7_PFC_3.7_C,0-FFF-00007_WFA,"('0-000-00002_PV', '0-005-00036_cFos', '0-FFF-00007_WFA')",True,True,False,True,164.67,370.45,96.7847,91.4193,WFA,KET-8-7_PFC_3.7_C_5.tif,KET-8-7,VR5_KET,KET-8,0.9445635,-5.365402,12.009697,"WFA_coloc_w_PV,cFos",0.40012679
272,8292,KET-8-7_PFC_3.7_C_5.tif,KET-8-7_PFC_3.7_C,0-FFF-00008_WFA,"('0-000-00004_PV', '0-005-00012_cFos', '0-FFF-00069_Npas4', '0-FFF-00008_WFA')",True,True,True,True,316.58,320.23,96.7847,86.9201,WFA,KET-8-7_PFC_3.7_C_5.tif,KET-8-7,VR5_KET,KET-8,0.89807683,-9.864601,7.510498,quad_WFA,0.2502271
273,8293,KET-8-7_PFC_3.7_C_5.tif,KET-8-7_PFC_3.7_C,0-FFF-00009_WFA,"('0-FFF-00015_PV', '0-FFF-00070_cFos', '0-FFF-00009_WFA')",True,True,False,True,358.21,359.1,96.7847,91.5835,WFA,KET-8-7_PFC_3.7_C_5.tif,KET-8-7,VR5_KET,KET-8,0.94626015,-5.201195,12.173904,"WFA_coloc_w_PV,cFos",0.4055977
274,8294,KET-8-7_PFC_3.7_C_5.tif,KET-8-7_PFC_3.7_C,0-FFF-00010_WFA,"('0-000-00008_PV', '0-005-00024_cFos', '0-FFF-00088_Npas4', '0-FFF-00010_WFA')",True,True,True,True,431.42,443.67,96.7847,91.9913,WFA,KET-8-7_PFC_3.7_C_5.tif,KET-8-7,VR5_KET,KET-8,0.9504736,-4.793396,12.581703,quad_WFA,0.4191843
276,8497,KET-8-7_PFC_4.0_A_5.tif,KET-8-7_PFC_4.0_A,0-FFF-00002_WFA,"('0-000-00013_PV', '0-FFF-00041_cFos', '0-FFF-00010_Npas4', '0-FFF-00002_WFA')",True,True,True,True,22.32,110.67,125.9495,160.059,WFA,KET-8-7_PFC_4.0_A_5.tif,KET-8-7,VR5_KET,KET-8,1.270819,34.109505,51.484604,quad_WFA,1.7153113
278,8499,KET-8-7_PFC_4.0_A_5.tif,KET-8-7_PFC_4.0_A,0-FFF-00004_WFA,"('0-000-00007_PV', '0-005-00017_cFos', '0-FFF-00004_WFA')",True,True,False,True,98.33,369.92,125.9495,124.6864,WFA,KET-8-7_PFC_4.0_A_5.tif,KET-8-7,VR5_KET,KET-8,0.9899714,-1.2630997,16.112,"WFA_coloc_w_PV,cFos",0.5368031
279,8500,KET-8-7_PFC_4.0_A_5.tif,KET-8-7_PFC_4.0_A,0-FFF-00005_WFA,"('0-000-00011_PV', '0-FFF-00064_cFos', '0-FFF-00005_WFA')",True,True,False,True,135.58,465.25,125.9495,122.9882,WFA,KET-8-7_PFC_4.0_A_5.tif,KET-8-7,VR5_KET,KET-8,0.9764882,-2.9613037,14.413795,"WFA_coloc_w_PV,cFos",0.48022407
280,8501,KET-8-7_PFC_4.0_A_5.tif,KET-8-7_PFC_4.0_A,0-FFF-00006_WFA,"('0-000-00006_PV', '0-005-00005_cFos', '0-FFF-00120_Npas4', '0-FFF-00006_WFA')",True,True,True,True,254.98,397.46,125.9495,144.5331,WFA,KET-8-7_PFC_4.0_A_5.tif,KET-8-7,VR5_KET,KET-8,1.147548,18.583595,35.958694,quad_WFA,1.198035
282,8503,KET-8-7_PFC_4.0_A_5.tif,KET-8-7_PFC_4.0_A,0-FFF-00008_WFA,"('0-000-00002_PV', '0-FFF-00047_cFos', '0-FFF-00008_WFA')",True,True,False,True,451.78,219.67,125.9495,116.0594,WFA,KET-8-7_PFC_4.0_A_5.tif,KET-8-7,VR5_KET,KET-8,0.9214757,-9.890099,7.4850006,"WFA_coloc_w_PV,cFos",0.2493776
283,8504,KET-8-7_PFC_4.0_A_5.tif,KET-8-7_PFC_4.0_A,0-FFF-00009_WFA,"('0-000-00003_PV', '0-FFF-00049_cFos', '0-FFF-00126_Npas4', '0-FFF-00009_WFA')",True,True,True,True,459.1,249.93,125.9495,112.8439,WFA,KET-8-7_PFC_4.0_A_5.tif,KET-8-7,VR5_KET,KET-8,0.8959456,-13.105598,4.2695007,quad_WFA,0.14224686
285,8665,KET-8-7_PFC_4.0_B_5.tif,KET-8-7_PFC_4.0_B,0-FFF-00002_WFA,"('0-000-00000_PV', '0-FFF-00055_cFos', '0-FFF-00002_WFA')",True,True,False,True,30.3,260.34,90.5131,83.31,WFA,KET-8-7_PFC_4.0_B_5.tif,KET-8-7,VR5_KET,KET-8,0.9204192,-7.203102,10.171997,"WFA_coloc_w_PV,cFos",0.33890018
287,8667,KET-8-7_PFC_4.0_B_5.tif,KET-8-7_PFC_4.0_B,0-FFF-00004_WFA,"('0-000-00001_PV', '0-FFF-00035_cFos', '0-FFF-00054_Npas4', '0-FFF-00004_WFA')",True,True,True,True,220.21,324.8,90.5131,80.6048,WFA,KET-8-7_PFC_4.0_B_5.tif,KET-8-7,VR5_KET,KET-8,0.89053184,-9.908302,7.466797,quad_WFA,0.2487711
289,8669,KET-8-7_PFC_4.0_B_5.tif,KET-8-7_PFC_4.0_B,0-FFF-00007_WFA,"('0-FFF-00031_PV', '0-FFF-00019_cFos', '0-FFF-00007_WFA')",True,True,False,True,499.32,178.25,90.5131,78.4106,WFA,KET-8-7_PFC_4.0_B_5.tif,KET-8-7,VR5_KET,KET-8,0.86629003,-12.102501,5.2725983,"WFA_coloc_w_PV,cFos",0.17566703
291,8817,KET-9-1_PFC_3.6_A_5.tif,KET-9-1_PFC_3.6_A,0-FFF-00001_WFA,"('0-000-00003_PV', '0-FFF-00037_cFos', '0-FFF-00022_Npas4', '0-FFF-00001_WFA')",True,True,True,True,33.68,160.74,114.217,123.6343,WFA,KET-9-1_PFC_3.6_A_5.tif,KET-9-1,FR1_KET,KET-9,1.0824509,9.417297,26.792397,quad_WFA,0.89264166
294,8820,KET-9-1_PFC_3.6_A_5.tif,KET-9-1_PFC_3.6_A,0-FFF-00004_WFA,"('0-000-00006_PV', '0-FFF-00030_cFos', '0-200-00002_Npas4', '0-FFF-00004_WFA')",True,True,True,True,389.02,452.42,114.217,120.5058,WFA,KET-9-1_PFC_3.6_A_5.tif,KET-9-1,FR1_KET,KET-9,1.05506,6.2887955,23.663895,quad_WFA,0.7884094
296,8822,KET-9-1_PFC_3.6_A_5.tif,KET-9-1_PFC_3.6_A,0-FFF-00006_WFA,"('0-000-00010_PV', '0-FFF-00015_cFos', '0-FFF-00069_Npas4', '0-FFF-00006_WFA')",True,True,True,True,161.89,7.34,114.217,189.2215,WFA,KET-9-1_PFC_3.6_A_5.tif,KET-9-1,FR1_KET,KET-9,1.6566842,75.00449,92.37959,quad_WFA,3.0778086
305,8936,KET-9-1_PFC_3.6_D_5.tif,KET-9-1_PFC_3.6_D,0-FFF-00006_WFA,"('0-000-00000_PV', '0-FFF-00038_cFos', '0-FFF-00012_Npas4', '0-FFF-00006_WFA')",True,True,True,True,134.62,34.33,108.2219,108.4124,WFA,KET-9-1_PFC_3.6_D_5.tif,KET-9-1,FR1_KET,KET-9,1.0017602,0.19049835,17.565598,quad_WFA,0.5852326
306,8937,KET-9-1_PFC_3.6_D_5.tif,KET-9-1_PFC_3.6_D,0-FFF-00007_WFA,"('0-000-00003_PV', '0-FFF-00001_cFos', '0-200-00006_Npas4', '0-FFF-00007_WFA')",True,True,True,True,194.38,105.79,108.2219,106.7188,WFA,KET-9-1_PFC_3.6_D_5.tif,KET-9-1,FR1_KET,KET-9,0.986111,-1.5030975,15.872002,quad_WFA,0.5288071
313,9015,KET-9-1_PFC_3.7_B_5.tif,KET-9-1_PFC_3.7_B,0-FFF-00005_WFA,"('0-000-00004_PV', '0-FFF-00024_cFos', '0-FFF-00005_WFA')",True,True,False,True,121.57,253.62,78.9615,73.4464,WFA,KET-9-1_PFC_3.7_B_5.tif,KET-9-1,FR1_KET,KET-9,0.93015456,-5.5150986,11.860001,"WFA_coloc_w_PV,cFos",0.39513937
315,9073,KET-9-1_PFC_3.7_C_5.tif,KET-9-1_PFC_3.7_C,0-FFF-00001_WFA,"('0-000-00003_PV', '0-FFF-00001_cFos', '0-FFF-00001_Npas4', '0-FFF-00001_WFA')",True,True,True,True,49.07,74.25,91.4531,111.4908,WFA,KET-9-1_PFC_3.7_C_5.tif,KET-9-1,FR1_KET,KET-9,1.2191036,20.037697,37.412796,quad_WFA,1.2464812
316,9074,KET-9-1_PFC_3.7_C_5.tif,KET-9-1_PFC_3.7_C,0-FFF-00002_WFA,"('0-000-00001_PV', '0-FFF-00010_cFos', '0-FFF-00020_Npas4', '0-FFF-00002_WFA')",True,True,True,True,207.31,260.72,91.4531,107.3788,WFA,KET-9-1_PFC_3.7_C_5.tif,KET-9-1,FR1_KET,KET-9,1.1741406,15.925697,33.300797,quad_WFA,1.1094818
321,9230,KET-9-2_PFC_3.5_E_5.tif,KET-9-2_PFC_3.5_E,0-FFF-00002_WFA,"('0-FFF-00011_PV', '0-005-00006_cFos', '0-FFF-00005_Npas4', '0-FFF-00002_WFA')",True,True,True,True,48.28,10.47,136.5605,194.1112,WFA,KET-9-2_PFC_3.5_E_5.tif,KET-9-2,FR1_SAL,KET-9,1.4214301,57.550705,74.925804,quad_WFA,2.4963012
328,9237,KET-9-2_PFC_3.5_E_5.tif,KET-9-2_PFC_3.5_E,0-FFF-00009_WFA,"('0-000-00004_PV', '0-FFF-00035_cFos', '0-FFF-00014_Npas4', '0-FFF-00009_WFA')",True,True,True,True,476.8,152.71,136.5605,141.4966,WFA,KET-9-2_PFC_3.5_E_5.tif,KET-9-2,FR1_SAL,KET-9,1.0361458,4.936096,22.311195,quad_WFA,0.74334157
331,9240,KET-9-2_PFC_3.5_E_5.tif,KET-9-2_PFC_3.5_E,0-FFF-00012_WFA,"('0-000-00000_PV', '0-005-00008_cFos', '0-FFF-00040_Npas4', '0-FFF-00012_WFA')",True,True,True,True,80.27,307.81,136.5605,158.4328,WFA,KET-9-2_PFC_3.5_E_5.tif,KET-9-2,FR1_SAL,KET-9,1.1601657,21.8723,39.2474,quad_WFA,1.3076047
333,9242,KET-9-2_PFC_3.5_E_5.tif,KET-9-2_PFC_3.5_E,0-FFF-00014_WFA,"('0-000-00001_PV', '0-005-00012_cFos', '0-FFF-00047_Npas4', '0-FFF-00014_WFA')",True,True,True,True,431.86,382.68,136.5605,127.7491,WFA,KET-9-2_PFC_3.5_E_5.tif,KET-9-2,FR1_SAL,KET-9,0.9354762,-8.811401,8.563698,quad_WFA,0.28531653
336,9328,KET-9-2_PFC_3.7_A_5.tif,KET-9-2_PFC_3.7_A,0-FFF-00002_WFA,"('0-000-00007_PV', '0-FFF-00001_cFos', '0-FFF-00035_Npas4', '0-FFF-00002_WFA')",True,True,True,True,345.68,229.86,136.3011,209.352,WFA,KET-9-2_PFC_3.7_A_5.tif,KET-9-2,FR1_SAL,KET-9,1.5359524,73.0509,90.426,quad_WFA,3.012721
338,9330,KET-9-2_PFC_3.7_A_5.tif,KET-9-2_PFC_3.7_A,0-FFF-00004_WFA,"('0-000-00003_PV', '0-FFF-00006_cFos', '0-FFF-00051_Npas4', '0-FFF-00004_WFA')",True,True,True,True,281.13,393.98,136.3011,151.1536,WFA,KET-9-2_PFC_3.7_A_5.tif,KET-9-2,FR1_SAL,KET-9,1.1089683,14.852493,32.227592,quad_WFA,1.0737259
342,9334,KET-9-2_PFC_3.7_A_5.tif,KET-9-2_PFC_3.7_A,0-FFF-00008_WFA,"('0-000-00010_PV', '0-FFF-00005_cFos', '0-200-00014_Npas4', '0-FFF-00008_WFA')",True,True,True,True,495.34,158.23,136.3011,209.7289,WFA,KET-9-2_PFC_3.7_A_5.tif,KET-9-2,FR1_SAL,KET-9,1.5387175,73.427795,90.802895,quad_WFA,3.0252779
347,9414,KET-9-2_PFC_3.7_C_5.tif,KET-9-2_PFC_3.7_C,0-FFF-00002_WFA,"('0-000-00006_PV', '0-005-00001_cFos', '0-FFF-00040_Npas4', '0-FFF-00002_WFA')",True,True,True,True,156.98,344.44,118.0683,173.5155,WFA,KET-9-2_PFC_3.7_C_5.tif,KET-9-2,FR1_SAL,KET-9,1.4696198,55.447205,72.8223,quad_WFA,2.426219
349,9416,KET-9-2_PFC_3.7_C_5.tif,KET-9-2_PFC_3.7_C,0-FFF-00004_WFA,"('0-000-00001_PV', '0-005-00003_cFos', '0-FFF-00054_Npas4', '0-FFF-00004_WFA')",True,True,True,True,361.63,497.97,118.0683,134.1192,WFA,KET-9-2_PFC_3.7_C_5.tif,KET-9-2,FR1_SAL,KET-9,1.1359459,16.050903,33.426003,quad_WFA,1.1136533
354,9504,KET-9-2_PFC_3.7_D_5.tif,KET-9-2_PFC_3.7_D,0-FFF-00001_WFA,"('0-000-00007_PV', '0-FFF-00036_cFos', '0-FFF-00001_WFA')",True,True,False,True,268.78,427.15,126.1111,142.6855,WFA,KET-9-2_PFC_3.7_D_5.tif,KET-9-2,FR1_SAL,KET-9,1.1314269,16.574402,33.9495,"WFA_coloc_w_PV,cFos",1.1310947
356,9506,KET-9-2_PFC_3.7_D_5.tif,KET-9-2_PFC_3.7_D,0-FFF-00003_WFA,"('0-000-00006_PV', '0-005-00002_cFos', '0-FFF-00003_WFA')",True,True,False,True,174.43,305.2,126.1111,144.0822,WFA,KET-9-2_PFC_3.7_D_5.tif,KET-9-2,FR1_SAL,KET-9,1.1425021,17.9711,35.3462,"WFA_coloc_w_PV,cFos",1.1776285
357,9507,KET-9-2_PFC_3.7_D_5.tif,KET-9-2_PFC_3.7_D,0-FFF-00004_WFA,"('0-000-00001_PV', '0-FFF-00030_cFos', '0-FFF-00004_WFA')",True,True,False,True,33.86,182.44,126.1111,122.8463,WFA,KET-9-2_PFC_3.7_D_5.tif,KET-9-2,FR1_SAL,KET-9,0.97411174,-3.264801,14.110298,"WFA_coloc_w_PV,cFos",0.47011247
358,9508,KET-9-2_PFC_3.7_D_5.tif,KET-9-2_PFC_3.7_D,0-FFF-00005_WFA,"('0-000-00009_PV', '0-005-00010_cFos', '0-FFF-00006_Npas4', '0-FFF-00005_WFA')",True,True,True,True,257.12,33.34,126.1111,155.4665,WFA,KET-9-2_PFC_3.7_D_5.tif,KET-9-2,FR1_SAL,KET-9,1.2327741,29.355408,46.730507,quad_WFA,1.5569192
359,9509,KET-9-2_PFC_3.7_D_5.tif,KET-9-2_PFC_3.7_D,0-FFF-00006_WFA,"('0-000-00000_PV', '0-005-00004_cFos', '0-200-00003_Npas4', '0-FFF-00006_WFA')",True,True,True,True,335.72,171.22,126.1111,133.0647,WFA,KET-9-2_PFC_3.7_D_5.tif,KET-9-2,FR1_SAL,KET-9,1.0551387,6.953598,24.328697,quad_WFA,0.8105586
360,9577,KET-9-2_PFC_3.9_B_5.tif,KET-9-2_PFC_3.9_B,0-FFF-00001_WFA,"('0-000-00001_PV', '0-005-00010_cFos', '0-FFF-00021_Npas4', '0-FFF-00001_WFA')",True,True,True,True,162.35,160.1,122.3235,125.7919,WFA,KET-9-2_PFC_3.9_B_5.tif,KET-9-2,FR1_SAL,KET-9,1.0283543,3.468399,20.843498,quad_WFA,0.69444233
361,9578,KET-9-2_PFC_3.9_B_5.tif,KET-9-2_PFC_3.9_B,0-FFF-00002_WFA,"('0-000-00003_PV', '0-005-00008_cFos', '0-FFF-00050_Npas4', '0-FFF-00002_WFA')",True,True,True,True,335.8,353.54,122.3235,155.8814,WFA,KET-9-2_PFC_3.9_B_5.tif,KET-9-2,FR1_SAL,KET-9,1.2743373,33.55789,50.93299,quad_WFA,1.6969333
366,9583,KET-9-2_PFC_3.9_B_5.tif,KET-9-2_PFC_3.9_B,0-FFF-00007_WFA,"('0-000-00000_PV', '0-005-00007_cFos', '0-FFF-00042_Npas4', '0-FFF-00007_WFA')",True,True,True,True,180.38,365.26,122.3235,177.2165,WFA,KET-9-2_PFC_3.9_B_5.tif,KET-9-2,FR1_SAL,KET-9,1.4487528,54.893005,72.268105,quad_WFA,2.4077547
367,9730,KET-9-4_PFC_3.5_E_5.tif,KET-9-4_PFC_3.5_E,0-FFF-00001_WFA,"('0-000-00001_PV', '0-005-00024_cFos', '0-200-00002_Npas4', '0-FFF-00001_WFA')",True,True,True,True,37.17,95.17,96.3054,96.3161,WFA,KET-9-4_PFC_3.5_E_5.tif,KET-9-4,FR1_SAL,KET-9,1.0001111,0.0107040405,17.385803,quad_WFA,0.5792424
376,9879,KET-9-4_PFC_3.7_C_5.tif,KET-9-4_PFC_3.7_C,0-FFF-00001_WFA,"('0-000-00002_PV', '0-FFF-00050_cFos', '0-FFF-00010_Npas4', '0-FFF-00001_WFA')",True,True,True,True,202.26,121.98,95.0303,91.5225,WFA,KET-9-4_PFC_3.7_C_5.tif,KET-9-4,FR1_SAL,KET-9,0.9630876,-3.5077972,13.867302,quad_WFA,0.46201658
378,9881,KET-9-4_PFC_3.7_C_5.tif,KET-9-4_PFC_3.7_C,0-FFF-00003_WFA,"('0-000-00001_PV', '0-FFF-00036_cFos', '0-FFF-00025_Npas4', '0-FFF-00003_WFA')",True,True,True,True,376.77,127.55,95.0303,108.3773,WFA,KET-9-4_PFC_3.7_C_5.tif,KET-9-4,FR1_SAL,KET-9,1.14045,13.347,30.7221,quad_WFA,1.0235674
389,10004,KET-9-4_PFC_3.7_D_5.tif,KET-9-4_PFC_3.7_D,0-FFF-00005_WFA,"('0-000-00004_PV', '0-005-00002_cFos', '0-200-00000_Npas4', '0-FFF-00005_WFA')",True,True,True,True,388.91,343.77,86.8195,171.0365,WFA,KET-9-4_PFC_3.7_D_5.tif,KET-9-4,FR1_SAL,KET-9,1.9700239,84.216995,101.592094,quad_WFA,3.3847413
394,10147,KET-9-4_PFC_4.0_A_5.tif,KET-9-4_PFC_4.0_A,0-FFF-00001_WFA,"('0-000-00005_PV', '0-005-00004_cFos', '0-FFF-00016_Npas4', '0-FFF-00001_WFA')",True,True,True,True,240.86,160.88,83.6668,107.2597,WFA,KET-9-4_PFC_4.0_A_5.tif,KET-9-4,FR1_SAL,KET-9,1.2819864,23.592896,40.967995,quad_WFA,1.3649297
397,10150,KET-9-4_PFC_4.0_A_5.tif,KET-9-4_PFC_4.0_A,0-FFF-00004_WFA,"('0-FFF-00009_PV', '0-FFF-00028_cFos', '0-FFF-00004_WFA')",True,True,False,True,465.16,202.31,83.6668,72.5175,WFA,KET-9-4_PFC_4.0_A_5.tif,KET-9-4,FR1_SAL,KET-9,0.86674166,-11.1493,6.2257996,"WFA_coloc_w_PV,cFos",0.20742482
405,10287,KET-9-4_PFC_4.0_B_5.tif,KET-9-4_PFC_4.0_B,0-FFF-00002_WFA,"('0-000-00000_PV', '0-005-00010_cFos', '0-FFF-00008_Npas4', '0-FFF-00002_WFA')",True,True,True,True,133.14,49.86,81.5757,86.7816,WFA,KET-9-4_PFC_4.0_B_5.tif,KET-9-4,FR1_SAL,KET-9,1.0638168,5.205902,22.581001,quad_WFA,0.75233066
407,10289,KET-9-4_PFC_4.0_B_5.tif,KET-9-4_PFC_4.0_B,0-FFF-00004_WFA,"('0-000-00004_PV', '0-FFF-00043_cFos', '0-FFF-00017_Npas4', '0-FFF-00004_WFA')",True,True,True,True,479.9,58.47,81.5757,80.6518,WFA,KET-9-4_PFC_4.0_B_5.tif,KET-9-4,FR1_SAL,KET-9,0.98867434,-0.9238968,16.451202,quad_WFA,0.54810435
413,10381,KET-9-5_PFC_3.5_B_5.tif,KET-9-5_PFC_3.5_B,0-FFF-00002_WFA,"('0-000-00002_PV', '0-FFF-00038_cFos', '0-FFF-00018_Npas4', '0-FFF-00002_WFA')",True,True,True,True,257.84,498.52,90.3695,133.2845,WFA,KET-9-5_PFC_3.5_B_5.tif,KET-9-5,FR1_SAL,KET-9,1.4748837,42.915,60.2901,quad_WFA,2.008684
418,10483,KET-9-5_PFC_3.5_C_5.tif,KET-9-5_PFC_3.5_C,0-FFF-00004_WFA,"('0-FFF-00015_PV', '0-005-00004_cFos', '0-FFF-00004_WFA')",True,True,False,True,469.0,101.39,96.5136,107.6635,WFA,KET-9-5_PFC_3.5_C_5.tif,KET-9-5,FR1_SAL,KET-9,1.1155267,11.149895,28.524994,"WFA_coloc_w_PV,cFos",0.95036656
419,10484,KET-9-5_PFC_3.5_C_5.tif,KET-9-5_PFC_3.5_C,0-FFF-00005_WFA,"('0-000-00006_PV', '0-FFF-00043_cFos', '0-FFF-00047_Npas4', '0-FFF-00005_WFA')",True,True,True,True,201.88,362.96,96.5136,99.285,WFA,KET-9-5_PFC_3.5_C_5.tif,KET-9-5,FR1_SAL,KET-9,1.0287151,2.7714005,20.1465,quad_WFA,0.6712204
424,10656,KET-9-5_PFC_3.5_D_5.tif,KET-9-5_PFC_3.5_D,0-FFF-00001_WFA,"('0-000-00003_PV', '0-005-00000_cFos', '0-FFF-00042_Npas4', '0-FFF-00001_WFA')",True,True,True,True,433.27,388.64,99.1741,95.7175,WFA,KET-9-5_PFC_3.5_D_5.tif,KET-9-5,FR1_SAL,KET-9,0.9651461,-3.456604,13.918495,quad_WFA,0.46372217
429,10661,KET-9-5_PFC_3.5_D_5.tif,KET-9-5_PFC_3.5_D,0-FFF-00006_WFA,"('0-000-00002_PV', '0-FFF-00072_cFos', '0-FFF-00006_WFA')",True,True,False,True,467.97,70.91,99.1741,91.0083,WFA,KET-9-5_PFC_3.5_D_5.tif,KET-9-5,FR1_SAL,KET-9,0.91766196,-8.165802,9.209297,"WFA_coloc_w_PV,cFos",0.30682594
430,10662,KET-9-5_PFC_3.5_D_5.tif,KET-9-5_PFC_3.5_D,0-FFF-00007_WFA,"('0-000-00000_PV', '0-FFF-00071_cFos', '0-FFF-00017_Npas4', '0-FFF-00007_WFA')",True,True,True,True,493.54,105.73,99.1741,85.2424,WFA,KET-9-5_PFC_3.5_D_5.tif,KET-9-5,FR1_SAL,KET-9,0.85952276,-13.931702,3.4433975,quad_WFA,0.11472359
431,10663,KET-9-5_PFC_3.5_D_5.tif,KET-9-5_PFC_3.5_D,0-FFF-00008_WFA,"('0-000-00004_PV', '0-005-00016_cFos', '0-200-00006_Npas4', '0-FFF-00008_WFA')",True,True,True,True,24.28,120.37,99.1741,92.9515,WFA,KET-9-5_PFC_3.5_D_5.tif,KET-9-5,FR1_SAL,KET-9,0.93725574,-6.222603,11.152496,quad_WFA,0.37156746
436,10841,KET-9-5_PFC_3.5_E_5.tif,KET-9-5_PFC_3.5_E,0-FFF-00001_WFA,"('0-FFF-00002_PV', '0-005-00030_cFos', '0-FFF-00018_Npas4', '0-FFF-00001_WFA')",True,True,True,True,362.01,12.81,105.4536,146.5316,WFA,KET-9-5_PFC_3.5_E_5.tif,KET-9-5,FR1_SAL,KET-9,1.3895363,41.078003,58.453102,quad_WFA,1.9474806
437,10842,KET-9-5_PFC_3.5_E_5.tif,KET-9-5_PFC_3.5_E,0-FFF-00002_WFA,"('0-000-00001_PV', '0-005-00014_cFos', '0-200-00011_Npas4', '0-FFF-00002_WFA')",True,True,True,True,413.95,16.72,105.4536,164.4275,WFA,KET-9-5_PFC_3.5_E_5.tif,KET-9-5,FR1_SAL,KET-9,1.5592403,58.973907,76.34901,quad_WFA,2.543718
458,11218,KET-9-6_PFC_3.6_E_5.tif,KET-9-6_PFC_3.6_E,0-FFF-00003_WFA,"('0-000-00004_PV', '0-005-00017_cFos', '0-FFF-00063_Npas4', '0-FFF-00003_WFA')",True,True,True,True,215.66,216.78,96.0052,90.8425,WFA,KET-9-6_PFC_3.6_E_5.tif,KET-9-6,FR1_SAL,KET-9,0.94622475,-5.1627045,12.212395,quad_WFA,0.40688005
464,11439,KET-9-6_PFC_3.8_B_5.tif,KET-9-6_PFC_3.8_B,0-FFF-00002_WFA,"('0-000-00001_PV', '0-005-00017_cFos', '0-FFF-00102_Npas4', '0-FFF-00002_WFA')",True,True,True,True,345.55,448.91,98.3939,91.2108,WFA,KET-9-6_PFC_3.8_B_5.tif,KET-9-6,FR1_SAL,KET-9,0.9269965,-7.183098,10.192001,quad_WFA,0.33956668
465,11440,KET-9-6_PFC_3.8_B_5.tif,KET-9-6_PFC_3.8_B,0-FFF-00003_WFA,"('0-000-00002_PV', '0-005-00007_cFos', '0-200-00008_Npas4', '0-FFF-00003_WFA')",True,True,True,True,124.9,150.93,98.3939,94.0738,WFA,KET-9-6_PFC_3.8_B_5.tif,KET-9-6,FR1_SAL,KET-9,0.95609385,-4.320099,13.055,quad_WFA,0.43495312
466,11441,KET-9-6_PFC_3.8_B_5.tif,KET-9-6_PFC_3.8_B,0-FFF-00004_WFA,"('0-FFF-00003_PV', '0-FFF-00090_cFos', '0-FFF-00052_Npas4', '0-FFF-00004_WFA')",True,True,True,True,205.29,203.57,98.3939,86.835,WFA,KET-9-6_PFC_3.8_B_5.tif,KET-9-6,FR1_SAL,KET-9,0.88252425,-11.558899,5.8162003,quad_WFA,0.1937782
468,11443,KET-9-6_PFC_3.8_B_5.tif,KET-9-6_PFC_3.8_B,0-FFF-00006_WFA,"('0-FFF-00011_PV', '0-005-00031_cFos', '0-FFF-00025_Npas4', '0-FFF-00006_WFA')",True,True,True,True,348.17,10.67,98.3939,109.6976,WFA,KET-9-6_PFC_3.8_B_5.tif,KET-9-6,FR1_SAL,KET-9,1.1148821,11.303703,28.678802,quad_WFA,0.955491
473,11633,KET-9-6_PFC_3.8_C_5.tif,KET-9-6_PFC_3.8_C,0-FFF-00003_WFA,"('0-000-00000_PV', '0-FFF-00075_cFos', '0-FFF-00053_Npas4', '0-FFF-00003_WFA')",True,True,True,True,85.35,178.96,101.5203,102.4129,WFA,KET-9-6_PFC_3.8_C_5.tif,KET-9-6,FR1_SAL,KET-9,1.0087923,0.892601,18.2677,quad_WFA,0.6086245
475,11635,KET-9-6_PFC_3.8_C_5.tif,KET-9-6_PFC_3.8_C,0-FFF-00005_WFA,"('0-000-00001_PV', '0-005-00011_cFos', '0-FFF-00081_Npas4', '0-FFF-00005_WFA')",True,True,True,True,275.13,496.39,101.5203,96.6406,WFA,KET-9-6_PFC_3.8_C_5.tif,KET-9-6,FR1_SAL,KET-9,0.95193374,-4.8796997,12.495399,quad_WFA,0.41630894
481,11805,KET-9-6_PFC_3.8_D_5.tif,KET-9-6_PFC_3.8_D,0-FFF-00003_WFA,"('0-FFF-00003_PV', '0-FFF-00069_cFos', '0-200-00011_Npas4', '0-FFF-00003_WFA')",True,True,True,True,392.85,16.42,90.288,125.5271,WFA,KET-9-6_PFC_3.8_D_5.tif,KET-9-6,FR1_SAL,KET-9,1.3902966,35.239098,52.614197,quad_WFA,1.7529459
487,11995,KET-9-6_PFC_4.0_A_5.tif,KET-9-6_PFC_4.0_A,0-FFF-00004_WFA,"('0-000-00001_PV', '0-005-00044_cFos', '0-FFF-00093_Npas4', '0-FFF-00004_WFA')",True,True,True,True,285.04,361.92,115.3648,110.6839,WFA,KET-9-6_PFC_4.0_A_5.tif,KET-9-6,FR1_SAL,KET-9,0.9594252,-4.6809006,12.694199,quad_WFA,0.42293233
490,11998,KET-9-6_PFC_4.0_A_5.tif,KET-9-6_PFC_4.0_A,0-FFF-00007_WFA,"('0-000-00002_PV', '0-005-00058_cFos', '0-FFF-00034_Npas4', '0-FFF-00007_WFA')",True,True,True,True,46.3,213.21,115.3648,110.1187,WFA,KET-9-6_PFC_4.0_A_5.tif,KET-9-6,FR1_SAL,KET-9,0.954526,-5.2461014,12.128998,quad_WFA,0.40410152
495,16313,PE-12-1_PFC_3.3_D_5.tif,PE-12-1_PFC_3.3_D,0-FFF-00007_WFA,"('0-000-00001_PV', '0-FFF-00052_cFos', '0-FFF-00021_Npas4', '0-FFF-00007_WFA')",True,True,True,True,414.51,81.89,115.666,111.7281,WFA,PE-12-1_PFC_3.3_D_5.tif,PE-12-1,FR1_KET,PE-12,0.9659546,-3.9378967,13.437202,quad_WFA,0.44768697
499,16532,PE-12-1_PFC_3.4_E_5.tif,PE-12-1_PFC_3.4_E,0-FFF-00006_WFA,"('0-000-00002_PV', '0-005-00040_cFos', '0-FFF-00006_WFA')",True,True,False,True,175.17,159.47,110.9906,113.2671,WFA,PE-12-1_PFC_3.4_E_5.tif,PE-12-1,FR1_KET,PE-12,1.0205107,2.276497,19.651596,"WFA_coloc_w_PV,cFos",0.65473175
502,16738,PE-12-1_PFC_3.5_C_5.tif,PE-12-1_PFC_3.5_C,0-FFF-00001_WFA,"('0-000-00003_PV', '0-FFF-00102_cFos', '0-FFF-00037_Npas4', '0-FFF-00001_WFA')",True,True,True,True,480.76,128.28,119.5114,107.214,WFA,PE-12-1_PFC_3.5_C_5.tif,PE-12-1,FR1_KET,PE-12,0.8971027,-12.297401,5.0776978,quad_WFA,0.16917354
503,16739,PE-12-1_PFC_3.5_C_5.tif,PE-12-1_PFC_3.5_C,0-FFF-00002_WFA,"('0-000-00009_PV', '0-005-00010_cFos', '0-FFF-00054_Npas4', '0-FFF-00002_WFA')",True,True,True,True,396.37,429.37,119.5114,117.8673,WFA,PE-12-1_PFC_3.5_C_5.tif,PE-12-1,FR1_KET,PE-12,0.9862432,-1.6440964,15.731003,quad_WFA,0.5241094
504,16740,PE-12-1_PFC_3.5_C_5.tif,PE-12-1_PFC_3.5_C,0-FFF-00003_WFA,"('0-000-00010_PV', '0-FFF-00104_cFos', '0-FFF-00051_Npas4', '0-FFF-00003_WFA')",True,True,True,True,425.77,467.42,119.5114,125.669,WFA,PE-12-1_PFC_3.5_C_5.tif,PE-12-1,FR1_KET,PE-12,1.0515231,6.1576004,23.5327,quad_WFA,0.78403836
506,16742,PE-12-1_PFC_3.5_C_5.tif,PE-12-1_PFC_3.5_C,0-FFF-00005_WFA,"('0-000-00000_PV', '0-FFF-00096_cFos', '0-FFF-00005_WFA')",True,True,False,True,230.34,490.96,119.5114,130.3356,WFA,PE-12-1_PFC_3.5_C_5.tif,PE-12-1,FR1_KET,PE-12,1.0905704,10.8242035,28.199303,"WFA_coloc_w_PV,cFos",0.9395155
507,16743,PE-12-1_PFC_3.5_C_5.tif,PE-12-1_PFC_3.5_C,0-FFF-00006_WFA,"('0-000-00002_PV', '0-FFF-00075_cFos', '0-FFF-00062_Npas4', '0-FFF-00006_WFA')",True,True,True,True,130.86,217.71,119.5114,110.4315,WFA,PE-12-1_PFC_3.5_C_5.tif,PE-12-1,FR1_KET,PE-12,0.9240249,-9.079895,8.295204,quad_WFA,0.27637112
508,16744,PE-12-1_PFC_3.5_C_5.tif,PE-12-1_PFC_3.5_C,0-FFF-00007_WFA,"('0-000-00001_PV', '0-FFF-00072_cFos', '0-FFF-00007_WFA')",True,True,False,True,206.4,168.99,119.5114,151.1162,WFA,PE-12-1_PFC_3.5_C_5.tif,PE-12-1,FR1_KET,PE-12,1.2644501,31.604797,48.979897,"WFA_coloc_w_PV,cFos",1.631862
509,16745,PE-12-1_PFC_3.5_C_5.tif,PE-12-1_PFC_3.5_C,0-FFF-00008_WFA,"('0-000-00012_PV', '0-FFF-00088_cFos', '0-FFF-00008_WFA')",True,True,False,True,416.02,58.81,119.5114,116.4391,WFA,PE-12-1_PFC_3.5_C_5.tif,PE-12-1,FR1_KET,PE-12,0.9742929,-3.0722961,14.302803,"WFA_coloc_w_PV,cFos",0.47652614
510,16746,PE-12-1_PFC_3.5_C_5.tif,PE-12-1_PFC_3.5_C,0-FFF-00009_WFA,"('0-000-00011_PV', '0-FFF-00093_cFos', '0-FFF-00047_Npas4', '0-FFF-00009_WFA')",True,True,True,True,378.09,350.7,119.5114,107.6283,WFA,PE-12-1_PFC_3.5_C_5.tif,PE-12-1,FR1_KET,PE-12,0.9005694,-11.883095,5.4920044,quad_WFA,0.18297698
521,17207,PE-12-2_PFC_3.4_B_5.tif,PE-12-2_PFC_3.4_B,0-FFF-00003_WFA,"('0-000-00001_PV', '0-FFF-00054_cFos', '0-FFF-00003_WFA')",True,True,False,True,81.21,163.93,108.141,124.0843,WFA,PE-12-2_PFC_3.4_B_5.tif,PE-12-2,FR1_KET,PE-12,1.1474307,15.943298,33.318398,"WFA_coloc_w_PV,cFos",1.1100682
526,17356,PE-12-2_PFC_3.5_E_5.tif,PE-12-2_PFC_3.5_E,0-FFF-00003_WFA,"('0-000-00004_PV', '0-005-00029_cFos', '0-FFF-00062_Npas4', '0-FFF-00003_WFA')",True,True,True,True,233.13,469.71,109.3833,114.7238,WFA,PE-12-2_PFC_3.5_E_5.tif,PE-12-2,FR1_KET,PE-12,1.0488237,5.3405,22.7156,quad_WFA,0.7568151
527,17357,PE-12-2_PFC_3.5_E_5.tif,PE-12-2_PFC_3.5_E,0-FFF-00004_WFA,"('0-000-00006_PV', '0-005-00001_cFos', '0-200-00001_Npas4', '0-FFF-00004_WFA')",True,True,True,True,436.09,446.77,109.3833,129.2683,WFA,PE-12-2_PFC_3.5_E_5.tif,PE-12-2,FR1_KET,PE-12,1.1817919,19.884995,37.260094,quad_WFA,1.2413937
529,17359,PE-12-2_PFC_3.5_E_5.tif,PE-12-2_PFC_3.5_E,0-FFF-00006_WFA,"('0-000-00002_PV', '0-FFF-00050_cFos', '0-FFF-00015_Npas4', '0-FFF-00006_WFA')",True,True,True,True,463.41,46.77,109.3833,104.3843,WFA,PE-12-2_PFC_3.5_E_5.tif,PE-12-2,FR1_KET,PE-12,0.9542983,-4.9990005,12.376099,quad_WFA,0.41233417
533,17515,PE-12-2_PFC_3.6_C_5.tif,PE-12-2_PFC_3.6_C,0-FFF-00003_WFA,"('0-000-00000_PV', '0-005-00022_cFos', '0-FFF-00015_Npas4', '0-FFF-00003_WFA')",True,True,True,True,285.66,313.71,121.8002,119.4701,WFA,PE-12-2_PFC_3.6_C_5.tif,PE-12-2,FR1_KET,PE-12,0.9808695,-2.330101,15.044998,quad_WFA,0.50125384
543,17678,PE-12-2_PFC_3.6_D_5.tif,PE-12-2_PFC_3.6_D,0-FFF-00001_WFA,"('0-000-00000_PV', '0-005-00026_cFos', '0-FFF-00019_Npas4', '0-FFF-00001_WFA')",True,True,True,True,156.71,114.75,106.2696,104.2988,WFA,PE-12-2_PFC_3.6_D_5.tif,PE-12-2,FR1_KET,PE-12,0.9814547,-1.9708023,15.404297,quad_WFA,0.5132246
546,17681,PE-12-2_PFC_3.6_D_5.tif,PE-12-2_PFC_3.6_D,0-FFF-00004_WFA,"('0-000-00004_PV', '0-FFF-00066_cFos', '0-FFF-00004_WFA')",True,True,False,True,368.02,185.31,106.2696,99.0988,WFA,PE-12-2_PFC_3.6_D_5.tif,PE-12-2,FR1_KET,PE-12,0.9325226,-7.1707993,10.2043,"WFA_coloc_w_PV,cFos",0.33997643
547,17828,PE-12-2_PFC_3.7_A_5.tif,PE-12-2_PFC_3.7_A,0-FFF-00001_WFA,"('0-000-00002_PV', '0-FFF-00050_cFos', '0-FFF-00067_Npas4', '0-FFF-00001_WFA')",True,True,True,True,32.27,426.82,120.8757,114.5464,WFA,PE-12-2_PFC_3.7_A_5.tif,PE-12-2,FR1_KET,PE-12,0.947638,-6.3293,11.045799,quad_WFA,0.36801264
551,17832,PE-12-2_PFC_3.7_A_5.tif,PE-12-2_PFC_3.7_A,0-FFF-00005_WFA,"('0-000-00005_PV', '0-FFF-00044_cFos', '0-FFF-00045_Npas4', '0-FFF-00005_WFA')",True,True,True,True,199.38,333.42,120.8757,145.9523,WFA,PE-12-2_PFC_3.7_A_5.tif,PE-12-2,FR1_KET,PE-12,1.2074578,25.0766,42.4517,quad_WFA,1.4143622
559,18021,PE-12-7_PFC_3.5_E_5.tif,PE-12-7_PFC_3.5_E,0-FFF-00003_WFA,"('0-000-00006_PV', '0-005-00051_cFos', '0-200-00000_Npas4', '0-FFF-00003_WFA')",True,True,True,True,311.45,225.63,118.6566,128.3417,WFA,PE-12-7_PFC_3.5_E_5.tif,PE-12-7,FR1_KET,PE-12,1.081623,9.685104,27.060204,quad_WFA,0.9015642
561,18023,PE-12-7_PFC_3.5_E_5.tif,PE-12-7_PFC_3.5_E,0-FFF-00005_WFA,"('0-000-00004_PV', '0-FFF-00075_cFos', '0-FFF-00053_Npas4', '0-FFF-00005_WFA')",True,True,True,True,135.17,427.2,118.6566,136.1665,WFA,PE-12-7_PFC_3.5_E_5.tif,PE-12-7,FR1_KET,PE-12,1.1475679,17.509903,34.885002,quad_WFA,1.1622628
562,18024,PE-12-7_PFC_3.5_E_5.tif,PE-12-7_PFC_3.5_E,0-FFF-00006_WFA,"('0-000-00001_PV', '0-005-00015_cFos', '0-FFF-00056_Npas4', '0-FFF-00006_WFA')",True,True,True,True,142.83,464.03,118.6566,121.4625,WFA,PE-12-7_PFC_3.5_E_5.tif,PE-12-7,FR1_KET,PE-12,1.0236472,2.8059006,20.181,quad_WFA,0.6723699
565,18027,PE-12-7_PFC_3.5_E_5.tif,PE-12-7_PFC_3.5_E,0-FFF-00009_WFA,"('0-000-00007_PV', '0-005-00004_cFos', '0-FFF-00009_WFA')",True,True,False,True,63.62,204.63,118.6566,106.5039,WFA,PE-12-7_PFC_3.5_E_5.tif,PE-12-7,FR1_KET,PE-12,0.8975809,-12.152702,5.222397,"WFA_coloc_w_PV,cFos",0.17399447
568,18199,PE-12-7_PFC_3.6_B_5.tif,PE-12-7_PFC_3.6_B,0-001-00002_WFA,"('0-000-00003_PV', '0-005-00044_cFos', '0-200-00000_Npas4', '0-001-00002_WFA')",True,True,True,True,329.6,498.15,121.9681,144.6261,WFA,PE-12-7_PFC_3.6_B_5.tif,PE-12-7,FR1_KET,PE-12,1.1857699,22.657997,40.033096,quad_WFA,1.3337817
570,18201,PE-12-7_PFC_3.6_B_5.tif,PE-12-7_PFC_3.6_B,0-001-00004_WFA,"('0-FFF-00015_PV', '0-FFF-00058_cFos', '0-001-00004_WFA')",True,True,False,True,262.98,18.96,121.9681,138.4969,WFA,PE-12-7_PFC_3.6_B_5.tif,PE-12-7,FR1_KET,PE-12,1.1355174,16.528801,33.9039,"WFA_coloc_w_PV,cFos",1.1295755
573,18204,PE-12-7_PFC_3.6_B_5.tif,PE-12-7_PFC_3.6_B,0-FFF-00009_WFA,"('0-000-00010_PV', '0-FFF-00060_cFos', '0-FFF-00009_WFA')",True,True,False,True,375.55,107.52,121.9681,133.8967,WFA,PE-12-7_PFC_3.6_B_5.tif,PE-12-7,FR1_KET,PE-12,1.097801,11.9285965,29.303696,"WFA_coloc_w_PV,cFos",0.97631055
577,18208,PE-12-7_PFC_3.6_B_5.tif,PE-12-7_PFC_3.6_B,0-FFF-00013_WFA,"('0-000-00014_PV', '0-005-00030_cFos', '0-FFF-00013_WFA')",True,True,False,True,56.03,29.43,121.9681,127.1995,WFA,PE-12-7_PFC_3.6_B_5.tif,PE-12-7,FR1_KET,PE-12,1.0428915,5.2313995,22.606499,"WFA_coloc_w_PV,cFos",0.7531802
579,18210,PE-12-7_PFC_3.6_B_5.tif,PE-12-7_PFC_3.6_B,0-FFF-00015_WFA,"('0-000-00011_PV', '0-005-00027_cFos', '0-FFF-00093_Npas4', '0-FFF-00015_WFA')",True,True,True,True,153.67,443.41,121.9681,150.2039,WFA,PE-12-7_PFC_3.6_B_5.tif,PE-12-7,FR1_KET,PE-12,1.2315016,28.235802,45.6109,quad_WFA,1.5196173
580,18404,PE-12-7_PFC_3.6_D_5.tif,PE-12-7_PFC_3.6_D,0-FFF-00001_WFA,"('0-000-00001_PV', '0-005-00039_cFos', '0-FFF-00054_Npas4', '0-FFF-00001_WFA')",True,True,True,True,423.85,284.07,120.7006,113.8114,WFA,PE-12-7_PFC_3.6_D_5.tif,PE-12-7,FR1_KET,PE-12,0.94292325,-6.8891983,10.485901,quad_WFA,0.3493585
583,18407,PE-12-7_PFC_3.6_D_5.tif,PE-12-7_PFC_3.6_D,0-FFF-00004_WFA,"('0-000-00002_PV', '0-005-00060_cFos', '0-FFF-00004_WFA')",True,True,False,True,136.07,307.42,120.7006,146.6667,WFA,PE-12-7_PFC_3.6_D_5.tif,PE-12-7,FR1_KET,PE-12,1.2151282,25.966103,43.3412,"WFA_coloc_w_PV,cFos",1.4439977
585,18409,PE-12-7_PFC_3.6_D_5.tif,PE-12-7_PFC_3.6_D,0-FFF-00006_WFA,"('0-000-00004_PV', '0-005-00010_cFos', '0-FFF-00060_Npas4', '0-FFF-00006_WFA')",True,True,True,True,316.75,271.65,120.7006,146.185,WFA,PE-12-7_PFC_3.6_D_5.tif,PE-12-7,FR1_KET,PE-12,1.2111373,25.484398,42.859497,quad_WFA,1.4279488
586,18410,PE-12-7_PFC_3.6_D_5.tif,PE-12-7_PFC_3.6_D,0-FFF-00007_WFA,"('0-000-00000_PV', '0-005-00028_cFos', '0-FFF-00059_Npas4', '0-FFF-00007_WFA')",True,True,True,True,344.73,329.52,120.7006,112.2859,WFA,PE-12-7_PFC_3.6_D_5.tif,PE-12-7,FR1_KET,PE-12,0.9302845,-8.414703,8.960396,quad_WFA,0.2985333
588,18553,PE-12-7_PFC_3.7_A_5.tif,PE-12-7_PFC_3.7_A,0-FFF-00002_WFA,"('0-000-00006_PV', '0-005-00024_cFos', '0-FFF-00039_Npas4', '0-FFF-00002_WFA')",True,True,True,True,122.57,199.35,114.7666,111.6146,WFA,PE-12-7_PFC_3.7_A_5.tif,PE-12-7,FR1_KET,PE-12,0.97253555,-3.1520004,14.223099,quad_WFA,0.47387064
590,18555,PE-12-7_PFC_3.7_A_5.tif,PE-12-7_PFC_3.7_A,0-FFF-00004_WFA,"('0-000-00002_PV', '0-005-00020_cFos', '0-FFF-00004_WFA')",True,True,False,True,179.73,291.42,114.7666,104.8023,WFA,PE-12-7_PFC_3.7_A_5.tif,PE-12-7,FR1_KET,PE-12,0.91317767,-9.964302,7.410797,"WFA_coloc_w_PV,cFos",0.24690536
592,18557,PE-12-7_PFC_3.7_A_5.tif,PE-12-7_PFC_3.7_A,0-FFF-00006_WFA,"('0-000-00007_PV', '0-FFF-00059_cFos', '0-FFF-00007_Npas4', '0-FFF-00006_WFA')",True,True,True,True,140.33,61.0,114.7666,107.0362,WFA,PE-12-7_PFC_3.7_A_5.tif,PE-12-7,FR1_KET,PE-12,0.9326424,-7.7304,9.644699,quad_WFA,0.32133222
594,18559,PE-12-7_PFC_3.7_A_5.tif,PE-12-7_PFC_3.7_A,0-FFF-00008_WFA,"('0-000-00001_PV', '0-FFF-00065_cFos', '0-FFF-00075_Npas4', '0-FFF-00008_WFA')",True,True,True,True,83.2,488.68,114.7666,117.5012,WFA,PE-12-7_PFC_3.7_A_5.tif,PE-12-7,FR1_KET,PE-12,1.0238274,2.7345963,20.109695,quad_WFA,0.66999424
599,18707,PE-12-7_PFC_3.7_C_5.tif,PE-12-7_PFC_3.7_C,0-FFF-00007_WFA,"('0-000-00003_PV', '0-FFF-00067_cFos', '0-FFF-00037_Npas4', '0-FFF-00007_WFA')",True,True,True,True,493.92,237.73,120.9743,112.5961,WFA,PE-12-7_PFC_3.7_C_5.tif,PE-12-7,FR1_KET,PE-12,0.930744,-8.378197,8.996902,quad_WFA,0.29974958
611,18780,PE-13-11_PFC_3.3_C_5.tif,PE-13-11_PFC_3.3_C,0-FFF-00008_WFA,"('0-000-00003_PV', '0-FFF-00015_cFos', '0-FFF-00031_Npas4', '0-FFF-00008_WFA')",True,True,True,True,118.33,96.96,93.9887,83.8163,WFA,PE-13-11_PFC_3.3_C_5.tif,PE-13-11,VR5_SAL,PE-13,0.89176995,-10.172401,7.2026978,quad_WFA,0.23997211
613,18878,PE-13-11_PFC_3.5_D_5.tif,PE-13-11_PFC_3.5_D,0-001-00000_WFA,"('0-000-00001_PV', '0-FFF-00038_cFos', '0-001-00000_WFA')",True,True,False,True,389.41,430.01,111.9724,120.1486,WFA,PE-13-11_PFC_3.5_D_5.tif,PE-13-11,VR5_SAL,PE-13,1.0730197,8.176201,25.5513,"WFA_coloc_w_PV,cFos",0.8512921
616,18881,PE-13-11_PFC_3.5_D_5.tif,PE-13-11_PFC_3.5_D,0-001-00007_WFA,"('0-000-00007_PV', '0-FFF-00046_cFos', '0-001-00007_WFA')",True,True,False,True,302.81,12.01,111.9724,121.8694,WFA,PE-13-11_PFC_3.5_D_5.tif,PE-13-11,VR5_SAL,PE-13,1.0883878,9.897003,27.272102,"WFA_coloc_w_PV,cFos",0.908624
623,18888,PE-13-11_PFC_3.5_D_5.tif,PE-13-11_PFC_3.5_D,0-FFF-00015_WFA,"('0-FFF-00008_PV', '0-FFF-00048_cFos', '0-FFF-00015_WFA')",True,True,False,True,250.63,98.32,111.9724,106.221,WFA,PE-13-11_PFC_3.5_D_5.tif,PE-13-11,VR5_SAL,PE-13,0.9486356,-5.751396,11.623703,"WFA_coloc_w_PV,cFos",0.38726664
633,18961,PE-13-11_PFC_3.5_E_5.tif,PE-13-11_PFC_3.5_E,0-FFF-00003_WFA,"('0-000-00002_PV', '0-FFF-00005_cFos', '0-FFF-00029_Npas4', '0-FFF-00003_WFA')",True,True,True,True,305.95,260.7,102.4137,97.669,WFA,PE-13-11_PFC_3.5_E_5.tif,PE-13-11,VR5_SAL,PE-13,0.9536713,-4.7446976,12.630402,quad_WFA,0.4208068
642,19067,PE-13-11_PFC_3.7_A_5.tif,PE-13-11_PFC_3.7_A,0-FFF-00003_WFA,"('0-000-00000_PV', '0-FFF-00019_cFos', '0-FFF-00003_WFA')",True,True,False,True,399.3,288.63,66.2545,59.9674,WFA,PE-13-11_PFC_3.7_A_5.tif,PE-13-11,VR5_SAL,PE-13,0.9051068,-6.2871017,11.087997,"WFA_coloc_w_PV,cFos",0.36941856
662,19327,PE-13-1_PFC_3.5_C_5.tif,PE-13-1_PFC_3.5_C,0-FFF-00001_WFA,"('0-000-00007_PV', '0-FFF-00062_cFos', '0-FFF-00028_Npas4', '0-FFF-00001_WFA')",True,True,True,True,273.05,292.74,123.0184,109.4364,WFA,PE-13-1_PFC_3.5_C_5.tif,PE-13-1,VR5_SAL,PE-13,0.8895937,-13.582001,3.7930984,quad_WFA,0.12637457
666,19331,PE-13-1_PFC_3.5_C_5.tif,PE-13-1_PFC_3.5_C,0-FFF-00005_WFA,"('0-000-00005_PV', '0-005-00010_cFos', '0-FFF-00005_WFA')",True,True,False,True,178.32,417.57,123.0184,122.1488,WFA,PE-13-1_PFC_3.5_C_5.tif,PE-13-1,VR5_SAL,PE-13,0.9929311,-0.8695984,16.5055,"WFA_coloc_w_PV,cFos",0.5499134
668,19333,PE-13-1_PFC_3.5_C_5.tif,PE-13-1_PFC_3.5_C,0-FFF-00007_WFA,"('0-000-00001_PV', '0-FFF-00071_cFos', '0-FFF-00019_Npas4', '0-FFF-00007_WFA')",True,True,True,True,94.43,171.98,123.0184,127.807,WFA,PE-13-1_PFC_3.5_C_5.tif,PE-13-1,VR5_SAL,PE-13,1.0389259,4.788597,22.163696,quad_WFA,0.73842734
670,19335,PE-13-1_PFC_3.5_C_5.tif,PE-13-1_PFC_3.5_C,0-FFF-00009_WFA,"('0-000-00004_PV', '0-FFF-00049_cFos', '0-FFF-00009_WFA')",True,True,False,True,23.4,171.37,123.0184,116.3431,WFA,PE-13-1_PFC_3.5_C_5.tif,PE-13-1,VR5_SAL,PE-13,0.94573736,-6.6753006,10.699799,"WFA_coloc_w_PV,cFos",0.35648495
681,19532,PE-13-1_PFC_3.6_E_5.tif,PE-13-1_PFC_3.6_E,0-FFF-00008_WFA,"('0-000-00012_PV', '0-FFF-00029_cFos', '0-FFF-00008_WFA')",True,True,False,True,371.44,456.79,125.3245,121.2809,WFA,PE-13-1_PFC_3.6_E_5.tif,PE-13-1,VR5_SAL,PE-13,0.96773493,-4.043602,13.331497,"WFA_coloc_w_PV,cFos",0.44416517
687,19675,PE-13-1_PFC_3.7_B_5.tif,PE-13-1_PFC_3.7_B,0-001-00003_WFA,"('0-000-00004_PV', '0-FFF-00005_cFos', '0-001-00003_WFA')",True,True,False,True,36.99,143.68,122.2442,146.4282,WFA,PE-13-1_PFC_3.7_B_5.tif,PE-13-1,VR5_SAL,PE-13,1.1978335,24.184006,41.559105,"WFA_coloc_w_PV,cFos",1.3846238
688,19676,PE-13-1_PFC_3.7_B_5.tif,PE-13-1_PFC_3.7_B,0-FFF-00004_WFA,"('0-000-00006_PV', '0-FFF-00007_cFos', '0-FFF-00004_WFA')",True,True,False,True,245.97,13.15,122.2442,201.8449,WFA,PE-13-1_PFC_3.7_B_5.tif,PE-13-1,VR5_SAL,PE-13,1.6511613,79.60069,96.97579,"WFA_coloc_w_PV,cFos",3.23094
690,19678,PE-13-1_PFC_3.7_B_5.tif,PE-13-1_PFC_3.7_B,0-FFF-00006_WFA,"('0-000-00003_PV', '0-FFF-00014_cFos', '0-FFF-00006_WFA')",True,True,False,True,23.38,193.27,122.2442,147.0684,WFA,PE-13-1_PFC_3.7_B_5.tif,PE-13-1,VR5_SAL,PE-13,1.2030706,24.824203,42.199303,"WFA_coloc_w_PV,cFos",1.4059532
693,19681,PE-13-1_PFC_3.7_B_5.tif,PE-13-1_PFC_3.7_B,0-FFF-00010_WFA,"('0-000-00013_PV', '0-FFF-00017_cFos', '0-200-00010_Npas4', '0-FFF-00010_WFA')",True,True,True,True,416.71,166.44,122.2442,120.491,WFA,PE-13-1_PFC_3.7_B_5.tif,PE-13-1,VR5_SAL,PE-13,0.98565817,-1.7532043,15.621895,quad_WFA,0.5204743
696,19684,PE-13-1_PFC_3.7_B_5.tif,PE-13-1_PFC_3.7_B,0-FFF-00013_WFA,"('0-000-00010_PV', '0-FFF-00011_cFos', '0-FFF-00067_Npas4', '0-FFF-00013_WFA')",True,True,True,True,232.14,462.97,122.2442,133.6229,WFA,PE-13-1_PFC_3.7_B_5.tif,PE-13-1,VR5_SAL,PE-13,1.0930817,11.378693,28.753792,quad_WFA,0.9579894
697,19685,PE-13-1_PFC_3.7_B_5.tif,PE-13-1_PFC_3.7_B,0-FFF-00014_WFA,"('0-000-00000_PV', '0-FFF-00010_cFos', '0-FFF-00045_Npas4', '0-FFF-00014_WFA')",True,True,True,True,340.07,372.09,122.2442,125.313,WFA,PE-13-1_PFC_3.7_B_5.tif,PE-13-1,VR5_SAL,PE-13,1.0251038,3.0688019,20.443901,quad_WFA,0.681129
699,19687,PE-13-1_PFC_3.7_B_5.tif,PE-13-1_PFC_3.7_B,0-FFF-00017_WFA,"('0-000-00012_PV', '0-FFF-00009_cFos', '0-FFF-00017_WFA')",True,True,False,True,446.0,114.78,122.2442,112.5662,WFA,PE-13-1_PFC_3.7_B_5.tif,PE-13-1,VR5_SAL,PE-13,0.9208306,-9.678001,7.697098,"WFA_coloc_w_PV,cFos",0.25644404
702,19838,PE-13-1_PFC_3.7_D_5.tif,PE-13-1_PFC_3.7_D,0-001-00004_WFA,"('0-000-00003_PV', '0-005-00014_cFos', '0-FFF-00030_Npas4', '0-001-00004_WFA')",True,True,True,True,490.94,19.54,110.2853,111.1992,WFA,PE-13-1_PFC_3.7_D_5.tif,PE-13-1,VR5_SAL,PE-13,1.0082867,0.9139023,18.289001,quad_WFA,0.60933423
706,19842,PE-13-1_PFC_3.7_D_5.tif,PE-13-1_PFC_3.7_D,0-FFF-00008_WFA,"('0-000-00001_PV', '0-FFF-00048_cFos', '0-FFF-00061_Npas4', '0-FFF-00008_WFA')",True,True,True,True,360.87,358.6,110.2853,121.1035,WFA,PE-13-1_PFC_3.7_D_5.tif,PE-13-1,VR5_SAL,PE-13,1.0980928,10.818199,28.193298,quad_WFA,0.93931544
716,19985,PE-13-1_PFC_3.9_A_5.tif,PE-13-1_PFC_3.9_A,0-FFF-00003_WFA,"('0-000-00007_PV', '0-FFF-00016_cFos', '0-FFF-00003_WFA')",True,True,False,True,453.15,358.07,120.1853,141.3231,WFA,PE-13-1_PFC_3.9_A_5.tif,PE-13-1,VR5_SAL,PE-13,1.1758767,21.137802,38.5129,"WFA_coloc_w_PV,cFos",1.2831334
718,19987,PE-13-1_PFC_3.9_A_5.tif,PE-13-1_PFC_3.9_A,0-FFF-00006_WFA,"('0-000-00002_PV', '0-FFF-00008_cFos', '0-FFF-00044_Npas4', '0-FFF-00006_WFA')",True,True,True,True,214.19,302.83,120.1853,136.2025,WFA,PE-13-1_PFC_3.9_A_5.tif,PE-13-1,VR5_SAL,PE-13,1.1332709,16.017197,33.392296,quad_WFA,1.1125304
724,20141,PE-13-2_PFC_3.3_C_5.tif,PE-13-2_PFC_3.3_C,0-FFF-00004_WFA,"('0-000-00000_PV', '0-FFF-00046_cFos', '0-FFF-00004_WFA')",True,True,False,True,373.35,241.71,100.7922,87.8425,WFA,PE-13-2_PFC_3.3_C_5.tif,PE-13-2,VR5_KET,PE-13,0.8715208,-12.949699,4.4254,"WFA_coloc_w_PV,cFos",0.14744094
726,20143,PE-13-2_PFC_3.3_C_5.tif,PE-13-2_PFC_3.3_C,0-FFF-00007_WFA,"('0-000-00003_PV', '0-FFF-00075_cFos', '0-FFF-00007_WFA')",True,True,False,True,346.05,104.67,100.7922,87.4859,WFA,PE-13-2_PFC_3.3_C_5.tif,PE-13-2,VR5_KET,PE-13,0.86798286,-13.306297,4.068802,"WFA_coloc_w_PV,cFos",0.13556017
753,20557,PE-13-2_PFC_3.5_E_5.tif,PE-13-2_PFC_3.5_E,0-FFF-00006_WFA,"('0-000-00000_PV', '0-FFF-00055_cFos', '0-FFF-00064_Npas4', '0-FFF-00006_WFA')",True,True,True,True,372.84,422.23,97.923,95.7536,WFA,PE-13-2_PFC_3.5_E_5.tif,PE-13-2,VR5_KET,PE-13,0.9778459,-2.1693954,15.205704,quad_WFA,0.50660807
761,20847,PE-13-3_PFC_3.3_E_5.tif,PE-13-3_PFC_3.3_E,0-FFF-00002_WFA,"('0-000-00005_PV', '0-FFF-00023_cFos', '0-FFF-00045_Npas4', '0-FFF-00002_WFA')",True,True,True,True,320.42,261.63,78.668,74.526,WFA,PE-13-3_PFC_3.3_E_5.tif,PE-13-3,VR5_KET,PE-13,0.94734836,-4.1419983,13.233101,quad_WFA,0.4408869
762,20848,PE-13-3_PFC_3.3_E_5.tif,PE-13-3_PFC_3.3_E,0-FFF-00003_WFA,"('0-000-00001_PV', '0-FFF-00024_cFos', '0-FFF-00035_Npas4', '0-FFF-00003_WFA')",True,True,True,True,98.33,366.27,78.668,73.4531,WFA,PE-13-3_PFC_3.3_E_5.tif,PE-13-3,VR5_KET,PE-13,0.93371004,-5.214897,12.160202,quad_WFA,0.40514117
764,20850,PE-13-3_PFC_3.3_E_5.tif,PE-13-3_PFC_3.3_E,0-FFF-00005_WFA,"('0-000-00002_PV', '0-FFF-00003_cFos', '0-FFF-00005_WFA')",True,True,False,True,141.4,318.07,78.668,72.6293,WFA,PE-13-3_PFC_3.3_E_5.tif,PE-13-3,VR5_KET,PE-13,0.9232382,-6.0386963,11.336403,"WFA_coloc_w_PV,cFos",0.37769467
776,21084,PE-13-3_PFC_3.5_D_5.tif,PE-13-3_PFC_3.5_D,0-FFF-00004_WFA,"('0-000-00004_PV', '0-FFF-00031_cFos', '0-FFF-00081_Npas4', '0-FFF-00004_WFA')",True,True,True,True,210.13,169.75,83.1509,79.9289,WFA,PE-13-3_PFC_3.5_D_5.tif,PE-13-3,VR5_KET,PE-13,0.9612512,-3.2220001,14.153099,quad_WFA,0.47153845
781,21270,PE-13-3_PFC_3.7_A_5.tif,PE-13-3_PFC_3.7_A,0-FFF-00001_WFA,"('0-000-00003_PV', '0-FFF-00019_cFos', '0-FFF-00001_WFA')",True,True,False,True,94.06,80.02,102.9745,101.2474,WFA,PE-13-3_PFC_3.7_A_5.tif,PE-13-3,VR5_KET,PE-13,0.98322785,-1.7271042,15.647995,"WFA_coloc_w_PV,cFos",0.5213439
783,21272,PE-13-3_PFC_3.7_A_5.tif,PE-13-3_PFC_3.7_A,0-FFF-00003_WFA,"('0-000-00015_PV', '0-FFF-00044_cFos', '0-FFF-00003_WFA')",True,True,False,True,336.97,82.48,102.9745,106.0591,WFA,PE-13-3_PFC_3.7_A_5.tif,PE-13-3,VR5_KET,PE-13,1.0299549,3.0845947,20.459694,"WFA_coloc_w_PV,cFos",0.6816551
784,21273,PE-13-3_PFC_3.7_A_5.tif,PE-13-3_PFC_3.7_A,0-FFF-00004_WFA,"('0-000-00004_PV', '0-FFF-00042_cFos', '0-FFF-00004_WFA')",True,True,False,True,338.66,140.44,102.9745,97.0382,WFA,PE-13-3_PFC_3.7_A_5.tif,PE-13-3,VR5_KET,PE-13,0.9423517,-5.936302,11.438797,"WFA_coloc_w_PV,cFos",0.38110614
787,21276,PE-13-3_PFC_3.7_A_5.tif,PE-13-3_PFC_3.7_A,0-FFF-00007_WFA,"('0-000-00001_PV', '0-FFF-00048_cFos', '0-FFF-00099_Npas4', '0-FFF-00007_WFA')",True,True,True,True,414.74,382.17,102.9745,90.7725,WFA,PE-13-3_PFC_3.7_A_5.tif,PE-13-3,VR5_KET,PE-13,0.8815046,-12.2020035,5.1730957,quad_WFA,0.17235191
791,21280,PE-13-3_PFC_3.7_A_5.tif,PE-13-3_PFC_3.7_A,0-FFF-00011_WFA,"('0-000-00005_PV', '0-FFF-00027_cFos', '0-FFF-00011_WFA')",True,True,False,True,30.85,239.18,102.9745,91.1687,WFA,PE-13-3_PFC_3.7_A_5.tif,PE-13-3,VR5_KET,PE-13,0.8853522,-11.805801,5.569298,"WFA_coloc_w_PV,cFos",0.18555216
797,21431,PE-13-3_PFC_3.7_B_5.tif,PE-13-3_PFC_3.7_B,0-FFF-00003_WFA,"('0-000-00001_PV', '0-FFF-00054_cFos', '0-200-00006_Npas4', '0-FFF-00003_WFA')",True,True,True,True,139.98,97.95,108.9096,96.483,WFA,PE-13-3_PFC_3.7_B_5.tif,PE-13-3,VR5_KET,PE-13,0.8858999,-12.426598,4.9485016,quad_WFA,0.16486911
801,21435,PE-13-3_PFC_3.7_B_5.tif,PE-13-3_PFC_3.7_B,0-FFF-00007_WFA,"('0-000-00005_PV', '0-FFF-00037_cFos', '0-FFF-00066_Npas4', '0-FFF-00007_WFA')",True,True,True,True,339.52,359.19,108.9096,93.2711,WFA,PE-13-3_PFC_3.7_B_5.tif,PE-13-3,VR5_KET,PE-13,0.8564085,-15.638496,1.7366028,quad_WFA,0.057858355
803,21523,PE-13-6_PFC_3.5_C_5.tif,PE-13-6_PFC_3.5_C,0-FFF-00002_WFA,"('0-000-00000_PV', '0-FFF-00053_cFos', '0-200-00001_Npas4', '0-FFF-00002_WFA')",True,True,True,True,322.49,433.89,84.0866,83.4392,WFA,PE-13-6_PFC_3.5_C_5.tif,PE-13-6,VR5_KET,PE-13,0.9923008,-0.6473999,16.7277,quad_WFA,0.55731636
813,21703,PE-13-6_PFC_3.6_D_5.tif,PE-13-6_PFC_3.6_D,0-FFF-00004_WFA,"('0-000-00010_PV', '0-FFF-00010_cFos', '0-FFF-00004_WFA')",True,True,False,True,176.12,63.24,103.0451,126.6997,WFA,PE-13-6_PFC_3.6_D_5.tif,PE-13-6,VR5_KET,PE-13,1.2295558,23.654602,41.0297,"WFA_coloc_w_PV,cFos",1.3669856
817,21857,PE-13-6_PFC_3.7_A_5.tif,PE-13-6_PFC_3.7_A,0-FFF-00001_WFA,"('0-000-00008_PV', '0-FFF-00004_cFos', '0-FFF-00001_WFA')",True,True,False,True,118.56,207.1,120.1883,106.8993,WFA,PE-13-6_PFC_3.7_A_5.tif,PE-13-6,VR5_KET,PE-13,0.88943183,-13.289001,4.0860977,"WFA_coloc_w_PV,cFos",0.13613643
818,21858,PE-13-6_PFC_3.7_A_5.tif,PE-13-6_PFC_3.7_A,0-FFF-00002_WFA,"('0-000-00004_PV', '0-FFF-00036_cFos', '0-FFF-00002_WFA')",True,True,False,True,449.48,58.24,120.1883,109.2878,WFA,PE-13-6_PFC_3.7_A_5.tif,PE-13-6,VR5_KET,PE-13,0.90930486,-10.900497,6.4746017,"WFA_coloc_w_PV,cFos",0.21571416
819,21859,PE-13-6_PFC_3.7_A_5.tif,PE-13-6_PFC_3.7_A,0-FFF-00003_WFA,"('0-000-00002_PV', '0-FFF-00026_cFos', '0-FFF-00064_Npas4', '0-FFF-00003_WFA')",True,True,True,True,398.17,173.61,120.1883,103.2704,WFA,PE-13-6_PFC_3.7_A_5.tif,PE-13-6,VR5_KET,PE-13,0.8592384,-16.9179,0.4571991,quad_WFA,0.015232491
822,21862,PE-13-6_PFC_3.7_A_5.tif,PE-13-6_PFC_3.7_A,0-FFF-00006_WFA,"('0-000-00011_PV', '0-FFF-00025_cFos', '0-FFF-00068_Npas4', '0-FFF-00006_WFA')",True,True,True,True,422.09,278.25,120.1883,112.5135,WFA,PE-13-6_PFC_3.7_A_5.tif,PE-13-6,VR5_KET,PE-13,0.9361435,-7.6748047,9.7002945,quad_WFA,0.3231845
824,21864,PE-13-6_PFC_3.7_A_5.tif,PE-13-6_PFC_3.7_A,0-FFF-00008_WFA,"('0-000-00007_PV', '0-FFF-00007_cFos', '0-FFF-00032_Npas4', '0-FFF-00008_WFA')",True,True,True,True,234.22,178.75,120.1883,126.1616,WFA,PE-13-6_PFC_3.7_A_5.tif,PE-13-6,VR5_KET,PE-13,1.0496995,5.973297,23.348396,quad_WFA,0.77789795
828,21868,PE-13-6_PFC_3.7_A_5.tif,PE-13-6_PFC_3.7_A,0-FFF-00013_WFA,"('0-000-00009_PV', '0-FFF-00013_cFos', '0-FFF-00043_Npas4', '0-FFF-00013_WFA')",True,True,True,True,77.71,296.5,120.1883,104.1654,WFA,PE-13-6_PFC_3.7_A_5.tif,PE-13-6,VR5_KET,PE-13,0.866685,-16.022903,1.3521957,quad_WFA,0.04505107
829,21952,PE-13-6_PFC_3.7_B_5.tif,PE-13-6_PFC_3.7_B,0-FFF-00001_WFA,"('0-000-00001_PV', '0-FFF-00011_cFos', '0-200-00001_Npas4', '0-FFF-00001_WFA')",True,True,True,True,220.43,129.35,84.7644,88.1055,WFA,PE-13-6_PFC_3.7_B_5.tif,PE-13-6,VR5_KET,PE-13,1.0394163,3.3411026,20.716202,quad_WFA,0.6902012
844,22106,PE-13-6_PFC_3.7_E_5.tif,PE-13-6_PFC_3.7_E,0-FFF-00001_WFA,"('0-000-00007_PV', '0-FFF-00028_cFos', '0-FFF-00001_WFA')",True,True,False,True,80.22,187.68,105.8624,110.81,WFA,PE-13-6_PFC_3.7_E_5.tif,PE-13-6,VR5_KET,PE-13,1.0467361,4.9476013,22.3227,"WFA_coloc_w_PV,cFos",0.7437249
848,22110,PE-13-6_PFC_3.7_E_5.tif,PE-13-6_PFC_3.7_E,0-FFF-00005_WFA,"('0-000-00000_PV', '0-FFF-00018_cFos', '0-FFF-00030_Npas4', '0-FFF-00005_WFA')",True,True,True,True,384.34,178.93,105.8624,108.7853,WFA,PE-13-6_PFC_3.7_E_5.tif,PE-13-6,VR5_KET,PE-13,1.0276104,2.922905,20.298004,quad_WFA,0.6762681
850,22112,PE-13-6_PFC_3.7_E_5.tif,PE-13-6_PFC_3.7_E,0-FFF-00007_WFA,"('0-000-00001_PV', '0-FFF-00014_cFos', '0-FFF-00007_WFA')",True,True,False,True,437.79,416.36,105.8624,97.9712,WFA,PE-13-6_PFC_3.7_E_5.tif,PE-13-6,VR5_KET,PE-13,0.92545795,-7.891197,9.483902,"WFA_coloc_w_PV,cFos",0.31597495
861,22250,PE-13-9_PFC_3.3_C_5.tif,PE-13-9_PFC_3.3_C,0-FFF-00006_WFA,"('0-000-00003_PV', '0-FFF-00022_cFos', '0-FFF-00060_Npas4', '0-FFF-00006_WFA')",True,True,True,True,189.75,360.93,97.5965,91.9149,WFA,PE-13-9_PFC_3.3_C_5.tif,PE-13-9,VR5_SAL,PE-13,0.94178486,-5.681595,11.693504,quad_WFA,0.3895922
864,22253,PE-13-9_PFC_3.3_C_5.tif,PE-13-9_PFC_3.3_C,0-FFF-00010_WFA,"('0-000-00006_PV', '0-FFF-00032_cFos', '0-FFF-00010_WFA')",True,True,False,True,91.68,456.8,97.5965,99.4956,WFA,PE-13-9_PFC_3.3_C_5.tif,PE-13-9,VR5_SAL,PE-13,1.0194587,1.8991013,19.2742,"WFA_coloc_w_PV,cFos",0.6421581
865,22254,PE-13-9_PFC_3.3_C_5.tif,PE-13-9_PFC_3.3_C,0-FFF-00011_WFA,"('0-000-00000_PV', '0-FFF-00028_cFos', '0-FFF-00011_WFA')",True,True,False,True,431.92,492.59,97.5965,112.1936,WFA,PE-13-9_PFC_3.3_C_5.tif,PE-13-9,VR5_SAL,PE-13,1.1495659,14.597107,31.972206,"WFA_coloc_w_PV,cFos",1.0652173
866,22255,PE-13-9_PFC_3.3_C_5.tif,PE-13-9_PFC_3.3_C,0-FFF-00012_WFA,"('0-000-00007_PV', '0-FFF-00014_cFos', '0-FFF-00005_Npas4', '0-FFF-00012_WFA')",True,True,True,True,46.56,62.65,97.5965,94.5136,WFA,PE-13-9_PFC_3.3_C_5.tif,PE-13-9,VR5_SAL,PE-13,0.96841186,-3.0828934,14.292206,quad_WFA,0.47617307
869,22380,PE-13-9_PFC_3.4_D_5.tif,PE-13-9_PFC_3.4_D,0-FFF-00001_WFA,"('0-FFF-00010_PV', '0-FFF-00043_cFos', '0-FFF-00060_Npas4', '0-FFF-00001_WFA')",True,True,True,True,212.44,310.97,104.9547,101.8504,WFA,PE-13-9_PFC_3.4_D_5.tif,PE-13-9,VR5_SAL,PE-13,0.9704225,-3.1042938,14.270805,quad_WFA,0.47546008
870,22381,PE-13-9_PFC_3.4_D_5.tif,PE-13-9_PFC_3.4_D,0-FFF-00002_WFA,"('0-000-00000_PV', '0-FFF-00002_cFos', '0-FFF-00002_WFA')",True,True,False,True,194.96,211.23,104.9547,99.8476,WFA,PE-13-9_PFC_3.4_D_5.tif,PE-13-9,VR5_SAL,PE-13,0.95134,-5.107094,12.268005,"WFA_coloc_w_PV,cFos",0.40873283
875,22386,PE-13-9_PFC_3.4_D_5.tif,PE-13-9_PFC_3.4_D,0-FFF-00007_WFA,"('0-000-00005_PV', '0-FFF-00056_cFos', '0-FFF-00007_WFA')",True,True,False,True,177.92,99.25,104.9547,159.0608,WFA,PE-13-9_PFC_3.4_D_5.tif,PE-13-9,VR5_SAL,PE-13,1.5155187,54.10611,71.48121,"WFA_coloc_w_PV,cFos",2.3815377
876,22387,PE-13-9_PFC_3.4_D_5.tif,PE-13-9_PFC_3.4_D,0-FFF-00008_WFA,"('0-000-00003_PV', '0-FFF-00028_cFos', '0-FFF-00011_Npas4', '0-FFF-00008_WFA')",True,True,True,True,366.21,25.36,104.9547,142.4022,WFA,PE-13-9_PFC_3.4_D_5.tif,PE-13-9,VR5_SAL,PE-13,1.3567969,37.44751,54.82261,quad_WFA,1.8265235
880,22508,PE-13-9_PFC_3.5_E_5.tif,PE-13-9_PFC_3.5_E,0-FFF-00002_WFA,"('0-FFF-00011_PV', '0-FFF-00008_cFos', '0-FFF-00002_WFA')",True,True,False,True,160.71,125.24,97.7366,96.9179,WFA,PE-13-9_PFC_3.5_E_5.tif,PE-13-9,VR5_SAL,PE-13,0.9916234,-0.8187027,16.556396,"WFA_coloc_w_PV,cFos",0.5516091
882,22510,PE-13-9_PFC_3.5_E_5.tif,PE-13-9_PFC_3.5_E,0-FFF-00004_WFA,"('0-000-00004_PV', '0-FFF-00054_cFos', '0-FFF-00004_WFA')",True,True,False,True,236.04,499.24,97.7366,125.098,WFA,PE-13-9_PFC_3.5_E_5.tif,PE-13-9,VR5_SAL,PE-13,1.2799504,27.361397,44.736496,"WFA_coloc_w_PV,cFos",1.4904848
883,22511,PE-13-9_PFC_3.5_E_5.tif,PE-13-9_PFC_3.5_E,0-FFF-00005_WFA,"('0-000-00001_PV', '0-FFF-00034_cFos', '0-FFF-00005_WFA')",True,True,False,True,490.42,257.35,97.7366,84.5887,WFA,PE-13-9_PFC_3.5_E_5.tif,PE-13-9,VR5_SAL,PE-13,0.86547613,-13.147903,4.2271957,"WFA_coloc_w_PV,cFos",0.14083739
