,index,filename,image_name,roi_id,true_grouping,dummy_PV,dummy_cFos,dummy_Npas4,dummy_WFA,CoM_x,CoM_y,background,mean_intensity,stain_type,filename,rat_n,treatment,group_name,snr,mean-background,adjusted_mean-background,coloc_stain_type,norm_adjusted_mean-background
0,203,KET-10-12_PFC_3.7_A_5.tif,KET-10-12_PFC_3.7_A,0-FFF-00001_WFA,"('0-000-00012_PV', '0-005-00036_cFos', '0-FFF-00009_Npas4', '0-FFF-00001_WFA')",True,True,True,True,229.25,163.76,115.7134,107.1459,WFA,KET-10-12_PFC_3.7_A_5.tif,KET-10-12,FR1_KET,KET-10,0.9259593,-8.567505,8.807594,quad_WFA,0.26625958
1,204,KET-10-12_PFC_3.7_A_5.tif,KET-10-12_PFC_3.7_A,0-FFF-00002_WFA,"('0-000-00008_PV', '0-005-00017_cFos', '0-FFF-00062_Npas4', '0-FFF-00002_WFA')",True,True,True,True,172.04,315.17,115.7134,126.9843,WFA,KET-10-12_PFC_3.7_A_5.tif,KET-10-12,FR1_KET,KET-10,1.0974035,11.270897,28.645996,quad_WFA,0.865988
2,205,KET-10-12_PFC_3.7_A_5.tif,KET-10-12_PFC_3.7_A,0-FFF-00003_WFA,"('0-000-00003_PV', '0-FFF-00082_Npas4', '0-FFF-00003_WFA')",True,False,True,True,311.54,305.09,115.7134,110.1349,WFA,KET-10-12_PFC_3.7_A_5.tif,KET-10-12,FR1_KET,KET-10,0.9517904,-5.578499,11.7966,"WFA_coloc_w_PV,Npas4",0.35661927
3,206,KET-10-12_PFC_3.7_A_5.tif,KET-10-12_PFC_3.7_A,0-FFF-00004_WFA,"('0-000-00000_PV', '0-FFF-00045_Npas4', '0-FFF-00004_WFA')",True,False,True,True,297.09,427.72,115.7134,122.0008,WFA,KET-10-12_PFC_3.7_A_5.tif,KET-10-12,FR1_KET,KET-10,1.054336,6.2873993,23.662498,"WFA_coloc_w_PV,Npas4",0.71533346
4,207,KET-10-12_PFC_3.7_A_5.tif,KET-10-12_PFC_3.7_A,0-FFF-00005_WFA,"('0-000-00002_PV', '0-FFF-00044_Npas4', '0-FFF-00005_WFA')",True,False,True,True,157.1,478.13,115.7134,115.3184,WFA,KET-10-12_PFC_3.7_A_5.tif,KET-10-12,FR1_KET,KET-10,0.9965864,-0.39500427,16.980095,"WFA_coloc_w_PV,Npas4",0.51331985
5,208,KET-10-12_PFC_3.7_A_5.tif,KET-10-12_PFC_3.7_A,0-FFF-00006_WFA,"('0-000-00005_PV', '0-FFF-00041_Npas4', '0-FFF-00006_WFA')",True,False,True,True,47.44,466.73,115.7134,114.073,WFA,KET-10-12_PFC_3.7_A_5.tif,KET-10-12,FR1_KET,KET-10,0.9858236,-1.6404037,15.734695,"WFA_coloc_w_PV,Npas4",0.47567058
7,435,KET-10-12_PFC_3.7_B_5.tif,KET-10-12_PFC_3.7_B,0-FFF-00002_WFA,"('0-000-00010_PV', '0-005-00059_cFos', '0-FFF-00006_Npas4', '0-FFF-00002_WFA')",True,True,True,True,355.12,80.95,122.6643,125.2753,WFA,KET-10-12_PFC_3.7_B_5.tif,KET-10-12,FR1_KET,KET-10,1.0212858,2.611,19.9861,quad_WFA,0.6041934
8,436,KET-10-12_PFC_3.7_B_5.tif,KET-10-12_PFC_3.7_B,0-FFF-00003_WFA,"('0-005-00056_cFos', '0-FFF-00083_Npas4', '0-FFF-00003_WFA')",False,True,True,True,163.72,317.49,122.6643,109.1759,WFA,KET-10-12_PFC_3.7_B_5.tif,KET-10-12,FR1_KET,KET-10,0.89003813,-13.488396,3.8867035,"WFA_coloc_w_cFos,Npas4",0.1174977
10,438,KET-10-12_PFC_3.7_B_5.tif,KET-10-12_PFC_3.7_B,0-FFF-00005_WFA,"('0-000-00004_PV', '0-FFF-00108_cFos', '0-FFF-00056_Npas4', '0-FFF-00005_WFA')",True,True,True,True,365.57,279.02,122.6643,132.5129,WFA,KET-10-12_PFC_3.7_B_5.tif,KET-10-12,FR1_KET,KET-10,1.080289,9.848595,27.223694,quad_WFA,0.82299083
12,440,KET-10-12_PFC_3.7_B_5.tif,KET-10-12_PFC_3.7_B,0-FFF-00007_WFA,"('0-000-00007_PV', '0-005-00089_cFos', '0-FFF-00062_Npas4', '0-FFF-00007_WFA')",True,True,True,True,428.08,367.17,122.6643,125.0151,WFA,KET-10-12_PFC_3.7_B_5.tif,KET-10-12,FR1_KET,KET-10,1.0191644,2.3507996,19.725899,quad_WFA,0.59632736
13,441,KET-10-12_PFC_3.7_B_5.tif,KET-10-12_PFC_3.7_B,0-FFF-00008_WFA,"('0-000-00001_PV', '0-FFF-00029_Npas4', '0-FFF-00008_WFA')",True,False,True,True,304.5,491.85,122.6643,140.2568,WFA,KET-10-12_PFC_3.7_B_5.tif,KET-10-12,FR1_KET,KET-10,1.14342,17.592506,34.967606,"WFA_coloc_w_PV,Npas4",1.0570946
14,442,KET-10-12_PFC_3.7_B_5.tif,KET-10-12_PFC_3.7_B,0-FFF-00009_WFA,"('0-000-00000_PV', '0-FFF-00119_cFos', '0-FFF-00099_Npas4', '0-FFF-00009_WFA')",True,True,True,True,153.83,483.91,122.6643,164.3943,WFA,KET-10-12_PFC_3.7_B_5.tif,KET-10-12,FR1_KET,KET-10,1.3401968,41.730003,59.105103,quad_WFA,1.7867875
17,643,KET-10-12_PFC_3.9_C_5.tif,KET-10-12_PFC_3.9_C,0-FFF-00003_WFA,"('0-000-00005_PV', '0-005-00004_cFos', '0-FFF-00047_Npas4', '0-FFF-00003_WFA')",True,True,True,True,322.8,409.84,116.5215,124.0156,WFA,KET-10-12_PFC_3.9_C_5.tif,KET-10-12,FR1_KET,KET-10,1.0643152,7.4941025,24.869202,quad_WFA,0.75181293
18,644,KET-10-12_PFC_3.9_C_5.tif,KET-10-12_PFC_3.9_C,0-FFF-00004_WFA,"('0-000-00007_PV', '0-FFF-00065_cFos', '0-FFF-00058_Npas4', '0-FFF-00004_WFA')",True,True,True,True,179.9,391.8,116.5215,105.3705,WFA,KET-10-12_PFC_3.9_C_5.tif,KET-10-12,FR1_KET,KET-10,0.9043009,-11.151001,6.224098,quad_WFA,0.18815874
20,842,KET-10-12_PFC_3.9_D_5.tif,KET-10-12_PFC_3.9_D,0-FFF-00001_WFA,"('0-000-00005_PV', '0-FFF-00037_Npas4', '0-FFF-00001_WFA')",True,False,True,True,239.79,30.78,112.1747,142.5618,WFA,KET-10-12_PFC_3.9_D_5.tif,KET-10-12,FR1_KET,KET-10,1.2708908,30.3871,47.7622,"WFA_coloc_w_PV,Npas4",1.4438839
23,845,KET-10-12_PFC_3.9_D_5.tif,KET-10-12_PFC_3.9_D,0-FFF-00004_WFA,"('0-000-00007_PV', '0-005-00001_cFos', '0-FFF-00032_Npas4', '0-FFF-00004_WFA')",True,True,True,True,385.11,95.04,112.1747,101.5668,WFA,KET-10-12_PFC_3.9_D_5.tif,KET-10-12,FR1_KET,KET-10,0.90543413,-10.607895,6.7672043,quad_WFA,0.20457721
25,1058,KET-10-12_PFC_4.0_E_5.tif,KET-10-12_PFC_4.0_E,0-FFF-00002_WFA,"('0-000-00005_PV', '0-FFF-00081_cFos', '0-FFF-00033_Npas4', '0-FFF-00002_WFA')",True,True,True,True,289.59,66.58,123.6606,118.5894,WFA,KET-10-12_PFC_4.0_E_5.tif,KET-10-12,FR1_KET,KET-10,0.958991,-5.0711975,12.303902,quad_WFA,0.37195534
26,1059,KET-10-12_PFC_4.0_E_5.tif,KET-10-12_PFC_4.0_E,0-FFF-00003_WFA,"('0-000-00008_PV', '0-005-00017_cFos', '0-FFF-00035_Npas4', '0-FFF-00003_WFA')",True,True,True,True,326.26,85.6,123.6606,130.9338,WFA,KET-10-12_PFC_4.0_E_5.tif,KET-10-12,FR1_KET,KET-10,1.0588158,7.2732086,24.648308,quad_WFA,0.7451352
27,1060,KET-10-12_PFC_4.0_E_5.tif,KET-10-12_PFC_4.0_E,0-FFF-00004_WFA,"('0-000-00010_PV', '0-005-00023_cFos', '0-200-00010_Npas4', '0-FFF-00004_WFA')",True,True,True,True,324.21,200.26,123.6606,117.6434,WFA,KET-10-12_PFC_4.0_E_5.tif,KET-10-12,FR1_KET,KET-10,0.95134103,-6.0171967,11.357903,quad_WFA,0.34335715
34,1320,KET-10-14_PFC_3.4_D_5.tif,KET-10-14_PFC_3.4_D,0-FFF-00003_WFA,"('0-005-00038_cFos', '0-FFF-00117_Npas4', '0-FFF-00003_WFA')",False,True,True,True,30.82,488.58,104.2869,93.9866,WFA,KET-10-14_PFC_3.4_D_5.tif,KET-10-14,VR5_KET,KET-10,0.9012311,-10.300301,7.0747986,"WFA_coloc_w_cFos,Npas4",0.213876
37,1571,KET-10-14_PFC_3.4_E_5.tif,KET-10-14_PFC_3.4_E,0-FFF-00002_WFA,"('0-000-00009_PV', '0-FFF-00048_Npas4', '0-FFF-00002_WFA')",True,False,True,True,285.38,105.58,124.9281,115.799,WFA,KET-10-14_PFC_3.4_E_5.tif,KET-10-14,VR5_KET,KET-10,0.9269252,-9.129097,8.246002,"WFA_coloc_w_PV,Npas4",0.24928227
38,1572,KET-10-14_PFC_3.4_E_5.tif,KET-10-14_PFC_3.4_E,0-FFF-00003_WFA,"('0-005-00036_cFos', '0-FFF-00049_Npas4', '0-FFF-00003_WFA')",False,True,True,True,280.54,84.52,124.9281,120.675,WFA,KET-10-14_PFC_3.4_E_5.tif,KET-10-14,VR5_KET,KET-10,0.9659556,-4.2530975,13.122002,"WFA_coloc_w_cFos,Npas4",0.39668706
41,1575,KET-10-14_PFC_3.4_E_5.tif,KET-10-14_PFC_3.4_E,0-FFF-00006_WFA,"('0-000-00013_PV', '0-FFF-00115_Npas4', '0-FFF-00006_WFA')",True,False,True,True,196.73,384.31,124.9281,141.4794,WFA,KET-10-14_PFC_3.4_E_5.tif,KET-10-14,VR5_KET,KET-10,1.1324866,16.5513,33.9264,"WFA_coloc_w_PV,Npas4",1.0256182
42,1576,KET-10-14_PFC_3.4_E_5.tif,KET-10-14_PFC_3.4_E,0-FFF-00007_WFA,"('0-000-00014_PV', '0-005-00027_cFos', '0-FFF-00103_Npas4', '0-FFF-00007_WFA')",True,True,True,True,308.72,410.68,124.9281,141.4072,WFA,KET-10-14_PFC_3.4_E_5.tif,KET-10-14,VR5_KET,KET-10,1.1319087,16.479095,33.854195,quad_WFA,1.0234354
48,1791,KET-10-14_PFC_3.6_C_5.tif,KET-10-14_PFC_3.6_C,0-FFF-00002_WFA,"('0-000-00000_PV', '0-FFF-00079_cFos', '0-FFF-00108_Npas4', '0-FFF-00002_WFA')",True,True,True,True,200.11,383.7,112.9728,136.4311,WFA,KET-10-14_PFC_3.6_C_5.tif,KET-10-14,VR5_KET,KET-10,1.2076457,23.458305,40.833405,quad_WFA,1.2344217
49,1792,KET-10-14_PFC_3.6_C_5.tif,KET-10-14_PFC_3.6_C,0-FFF-00003_WFA,"('0-000-00002_PV', '0-FFF-00069_cFos', '0-FFF-00112_Npas4', '0-FFF-00003_WFA')",True,True,True,True,52.29,438.46,112.9728,136.2568,WFA,KET-10-14_PFC_3.6_C_5.tif,KET-10-14,VR5_KET,KET-10,1.2061027,23.284004,40.659103,quad_WFA,1.2291524
52,1989,KET-10-14_PFC_3.7_A_5.tif,KET-10-14_PFC_3.7_A,0-FFF-00001_WFA,"('0-000-00011_PV', '0-FFF-00064_cFos', '0-FFF-00014_Npas4', '0-FFF-00001_WFA')",True,True,True,True,149.37,90.8,129.7479,123.7201,WFA,KET-10-14_PFC_3.7_A_5.tif,KET-10-14,VR5_KET,KET-10,0.95354223,-6.027794,11.347305,quad_WFA,0.34303677
53,1990,KET-10-14_PFC_3.7_A_5.tif,KET-10-14_PFC_3.7_A,0-FFF-00002_WFA,"('0-000-00007_PV', '0-005-00021_cFos', '0-FFF-00023_Npas4', '0-FFF-00002_WFA')",True,True,True,True,320.39,95.41,129.7479,122.6068,WFA,KET-10-14_PFC_3.7_A_5.tif,KET-10-14,VR5_KET,KET-10,0.9449617,-7.141098,10.234001,quad_WFA,0.30938083
54,1991,KET-10-14_PFC_3.7_A_5.tif,KET-10-14_PFC_3.7_A,0-FFF-00003_WFA,"('0-FFF-00022_Npas4', '0-FFF-00003_WFA')",False,False,True,True,369.58,75.76,129.7479,127.0988,WFA,KET-10-14_PFC_3.7_A_5.tif,KET-10-14,VR5_KET,KET-10,0.9795828,-2.6490936,14.726006,WFA_coloc_w_Npas4,0.4451772
55,1992,KET-10-14_PFC_3.7_A_5.tif,KET-10-14_PFC_3.7_A,0-FFF-00004_WFA,"('0-000-00002_PV', '0-FFF-00060_Npas4', '0-FFF-00004_WFA')",True,False,True,True,139.74,235.94,129.7479,167.9067,WFA,KET-10-14_PFC_3.7_A_5.tif,KET-10-14,VR5_KET,KET-10,1.2940996,38.1588,55.533897,"WFA_coloc_w_PV,Npas4",1.6788276
56,1993,KET-10-14_PFC_3.7_A_5.tif,KET-10-14_PFC_3.7_A,0-FFF-00005_WFA,"('0-000-00014_PV', '0-005-00019_cFos', '0-FFF-00030_Npas4', '0-FFF-00005_WFA')",True,True,True,True,369.72,199.8,129.7479,119.4874,WFA,KET-10-14_PFC_3.7_A_5.tif,KET-10-14,VR5_KET,KET-10,0.9209197,-10.260498,7.114601,quad_WFA,0.21507925
60,1997,KET-10-14_PFC_3.7_A_5.tif,KET-10-14_PFC_3.7_A,0-FFF-00009_WFA,"('0-000-00003_PV', '0-005-00012_cFos', '0-FFF-00069_Npas4', '0-FFF-00009_WFA')",True,True,True,True,159.7,289.31,129.7479,118.9449,WFA,KET-10-14_PFC_3.7_A_5.tif,KET-10-14,VR5_KET,KET-10,0.91673857,-10.802994,6.5721054,quad_WFA,0.19867922
62,2230,KET-10-14_PFC_3.7_B_5.tif,KET-10-14_PFC_3.7_B,0-FFF-00002_WFA,"('0-000-00000_PV', '0-FFF-00096_cFos', '0-FFF-00043_Npas4', '0-FFF-00002_WFA')",True,True,True,True,361.1,178.44,103.5741,97.8115,WFA,KET-10-14_PFC_3.7_B_5.tif,KET-10-14,VR5_KET,KET-10,0.9443626,-5.762596,11.612503,quad_WFA,0.3510539
80,2584,KET-10-1_PFC_3.7_B_5.tif,KET-10-1_PFC_3.7_B,0-FFF-00003_WFA,"('0-000-00000_PV', '0-FFF-00050_Npas4', '0-FFF-00003_WFA')",True,False,True,True,336.82,332.85,80.5902,75.3056,WFA,KET-10-1_PFC_3.7_B_5.tif,KET-10-1,FR1_SAL,KET-10,0.9344263,-5.2845993,12.0905,"WFA_coloc_w_PV,Npas4",0.36550406
81,2585,KET-10-1_PFC_3.7_B_5.tif,KET-10-1_PFC_3.7_B,0-FFF-00004_WFA,"('0-000-00002_PV', '0-FFF-00053_cFos', '0-FFF-00029_Npas4', '0-FFF-00004_WFA')",True,True,True,True,378.71,225.51,80.5902,75.9423,WFA,KET-10-1_PFC_3.7_B_5.tif,KET-10-1,FR1_SAL,KET-10,0.94232666,-4.6479034,12.727196,quad_WFA,0.3847518
82,2586,KET-10-1_PFC_3.7_B_5.tif,KET-10-1_PFC_3.7_B,0-FFF-00005_WFA,"('0-FFF-00005_PV', '0-005-00019_cFos', '0-FFF-00045_Npas4', '0-FFF-00005_WFA')",True,True,True,True,145.63,348.17,80.5902,76.6576,WFA,KET-10-1_PFC_3.7_B_5.tif,KET-10-1,FR1_SAL,KET-10,0.95120245,-3.932602,13.442497,quad_WFA,0.40637586
84,2588,KET-10-1_PFC_3.7_B_5.tif,KET-10-1_PFC_3.7_B,0-FFF-00010_WFA,"('0-FFF-00010_Npas4', '0-FFF-00010_WFA')",False,False,True,True,207.77,133.46,80.5902,72.9552,WFA,KET-10-1_PFC_3.7_B_5.tif,KET-10-1,FR1_SAL,KET-10,0.9052614,-7.635002,9.740097,WFA_coloc_w_Npas4,0.29444978
88,2708,KET-10-1_PFC_3.7_C_5.tif,KET-10-1_PFC_3.7_C,0-FFF-00003_WFA,"('0-000-00001_PV', '0-005-00025_cFos', '0-FFF-00046_Npas4', '0-FFF-00003_WFA')",True,True,True,True,246.21,373.54,69.4637,75.9102,WFA,KET-10-1_PFC_3.7_C_5.tif,KET-10-1,FR1_SAL,KET-10,1.092804,6.4465027,23.821602,quad_WFA,0.72014326
89,2709,KET-10-1_PFC_3.7_C_5.tif,KET-10-1_PFC_3.7_C,0-FFF-00004_WFA,"('0-000-00000_PV', '0-005-00014_cFos', '0-FFF-00045_Npas4', '0-FFF-00004_WFA')",True,True,True,True,269.61,416.78,69.4637,71.1713,WFA,KET-10-1_PFC_3.7_C_5.tif,KET-10-1,FR1_SAL,KET-10,1.0245826,1.7076035,19.082703,quad_WFA,0.57688314
91,2848,KET-10-1_PFC_3.8_E_5.tif,KET-10-1_PFC_3.8_E,0-FFF-00001_WFA,"('0-000-00002_PV', '0-005-00024_cFos', '0-FFF-00043_Npas4', '0-FFF-00001_WFA')",True,True,True,True,11.67,346.06,94.5593,129.4013,WFA,KET-10-1_PFC_3.8_E_5.tif,KET-10-1,FR1_SAL,KET-10,1.3684672,34.842003,52.217102,quad_WFA,1.5785586
92,2849,KET-10-1_PFC_3.8_E_5.tif,KET-10-1_PFC_3.8_E,0-FFF-00002_WFA,"('0-000-00001_PV', '0-005-00002_cFos', '0-FFF-00031_Npas4', '0-FFF-00002_WFA')",True,True,True,True,149.63,153.35,94.5593,90.5532,WFA,KET-10-1_PFC_3.8_E_5.tif,KET-10-1,FR1_SAL,KET-10,0.957634,-4.0061035,13.368996,quad_WFA,0.40415385
93,2850,KET-10-1_PFC_3.8_E_5.tif,KET-10-1_PFC_3.8_E,0-FFF-00003_WFA,"('0-000-00003_PV', '0-FFF-00047_cFos', '0-FFF-00045_Npas4', '0-FFF-00003_WFA')",True,True,True,True,170.82,341.51,94.5593,102.4141,WFA,KET-10-1_PFC_3.8_E_5.tif,KET-10-1,FR1_SAL,KET-10,1.0830674,7.8547974,25.229897,quad_WFA,0.762717
96,3001,KET-10-1_PFC_4.0_A_5.tif,KET-10-1_PFC_4.0_A,0-FFF-00001_WFA,"('0-000-00006_PV', '0-FFF-00042_Npas4', '0-FFF-00001_WFA')",True,False,True,True,238.99,185.91,133.1002,181.9188,WFA,KET-10-1_PFC_4.0_A_5.tif,KET-10-1,FR1_SAL,KET-10,1.3667808,48.81859,66.19369,"WFA_coloc_w_PV,Npas4",2.0010803
97,3002,KET-10-1_PFC_4.0_A_5.tif,KET-10-1_PFC_4.0_A,0-FFF-00002_WFA,"('0-000-00001_PV', '0-FFF-00058_cFos', '0-FFF-00046_Npas4', '0-FFF-00002_WFA')",True,True,True,True,434.45,272.08,133.1002,133.7097,WFA,KET-10-1_PFC_4.0_A_5.tif,KET-10-1,FR1_SAL,KET-10,1.0045792,0.6094971,17.984596,quad_WFA,0.5436866
100,3005,KET-10-1_PFC_4.0_A_5.tif,KET-10-1_PFC_4.0_A,0-FFF-00005_WFA,"('0-000-00011_PV', '0-FFF-00034_Npas4', '0-FFF-00005_WFA')",True,False,True,True,330.36,103.47,133.1002,161.2743,WFA,KET-10-1_PFC_4.0_A_5.tif,KET-10-1,FR1_SAL,KET-10,1.2116759,28.174103,45.549202,"WFA_coloc_w_PV,Npas4",1.3769834
104,3231,KET-10-2_PFC_3.5_A_5.tif,KET-10-2_PFC_3.5_A,0-FFF-00003_WFA,"('0-200-00017_Npas4', '0-FFF-00003_WFA')",False,False,True,True,10.54,130.26,119.0829,120.5243,WFA,KET-10-2_PFC_3.5_A_5.tif,KET-10-2,VR5_SAL,KET-10,1.0121042,1.4413986,18.816498,WFA_coloc_w_Npas4,0.56883556
107,3234,KET-10-2_PFC_3.5_A_5.tif,KET-10-2_PFC_3.5_A,0-FFF-00006_WFA,"('0-FFF-00095_Npas4', '0-FFF-00006_WFA')",False,False,True,True,386.39,444.05,119.0829,133.0785,WFA,KET-10-2_PFC_3.5_A_5.tif,KET-10-2,VR5_SAL,KET-10,1.1175282,13.995605,31.370705,WFA_coloc_w_Npas4,0.9483578
111,3472,KET-10-2_PFC_3.5_B_5.tif,KET-10-2_PFC_3.5_B,0-FFF-00003_WFA,"('0-000-00009_PV', '0-005-00020_cFos', '0-FFF-00047_Npas4', '0-FFF-00003_WFA')",True,True,True,True,341.65,191.37,101.3371,98.1185,WFA,KET-10-2_PFC_3.5_B_5.tif,KET-10-2,VR5_SAL,KET-10,0.9682387,-3.2185974,14.156502,quad_WFA,0.4279607
115,3682,KET-10-2_PFC_3.7_D_5.tif,KET-10-2_PFC_3.7_D,0-FFF-00001_WFA,"('0-005-00018_cFos', '0-FFF-00037_Npas4', '0-FFF-00001_WFA')",False,True,True,True,368.8,63.84,113.8397,195.4859,WFA,KET-10-2_PFC_3.7_D_5.tif,KET-10-2,VR5_SAL,KET-10,1.7172033,81.6462,99.0213,"WFA_coloc_w_cFos,Npas4",2.9934814
118,3685,KET-10-2_PFC_3.7_D_5.tif,KET-10-2_PFC_3.7_D,0-FFF-00004_WFA,"('0-005-00032_cFos', '0-200-00018_Npas4', '0-FFF-00004_WFA')",False,True,True,True,58.15,202.91,113.8397,126.6424,WFA,KET-10-2_PFC_3.7_D_5.tif,KET-10-2,VR5_SAL,KET-10,1.1124625,12.802704,30.177803,"WFA_coloc_w_cFos,Npas4",0.9122956
120,3900,KET-10-2_PFC_3.9_C_5.tif,KET-10-2_PFC_3.9_C,0-FFF-00001_WFA,"('0-000-00000_PV', '0-005-00034_cFos', '0-FFF-00035_Npas4', '0-FFF-00001_WFA')",True,True,True,True,185.12,146.03,107.0687,102.1016,WFA,KET-10-2_PFC_3.9_C_5.tif,KET-10-2,VR5_SAL,KET-10,0.9536083,-4.967102,12.407997,quad_WFA,0.37510222
121,3901,KET-10-2_PFC_3.9_C_5.tif,KET-10-2_PFC_3.9_C,0-FFF-00002_WFA,"('0-000-00010_PV', '0-FFF-00049_Npas4', '0-FFF-00002_WFA')",True,False,True,True,290.56,122.57,107.0687,106.3839,WFA,KET-10-2_PFC_3.9_C_5.tif,KET-10-2,VR5_SAL,KET-10,0.9936041,-0.6847992,16.6903,"WFA_coloc_w_PV,Npas4",0.50455916
123,3903,KET-10-2_PFC_3.9_C_5.tif,KET-10-2_PFC_3.9_C,0-FFF-00004_WFA,"('0-FFF-00085_Npas4', '0-FFF-00004_WFA')",False,False,True,True,198.64,460.65,107.0687,102.239,WFA,KET-10-2_PFC_3.9_C_5.tif,KET-10-2,VR5_SAL,KET-10,0.95489156,-4.8297043,12.545395,WFA_coloc_w_Npas4,0.37925583
124,3904,KET-10-2_PFC_3.9_C_5.tif,KET-10-2_PFC_3.9_C,0-FFF-00005_WFA,"('0-000-00008_PV', '0-FFF-00069_cFos', '0-FFF-00038_Npas4', '0-FFF-00005_WFA')",True,True,True,True,187.82,63.28,107.0687,104.7401,WFA,KET-10-2_PFC_3.9_C_5.tif,KET-10-2,VR5_SAL,KET-10,0.9782513,-2.3286057,15.046494,quad_WFA,0.45486575
125,3905,KET-10-2_PFC_3.9_C_5.tif,KET-10-2_PFC_3.9_C,0-FFF-00006_WFA,"('0-000-00003_PV', '0-FFF-00068_cFos', '0-FFF-00040_Npas4', '0-FFF-00006_WFA')",True,True,True,True,201.43,20.72,107.0687,96.192,WFA,KET-10-2_PFC_3.9_C_5.tif,KET-10-2,VR5_SAL,KET-10,0.89841384,-10.876701,6.498398,quad_WFA,0.196451
126,3906,KET-10-2_PFC_3.9_C_5.tif,KET-10-2_PFC_3.9_C,0-FFF-00007_WFA,"('0-000-00004_PV', '0-FFF-00086_cFos', '0-FFF-00095_Npas4', '0-FFF-00007_WFA')",True,True,True,True,210.78,315.16,107.0687,132.5585,WFA,KET-10-2_PFC_3.9_C_5.tif,KET-10-2,VR5_SAL,KET-10,1.2380695,25.4898,42.8649,quad_WFA,1.2958351
130,4017,KET-10-2_PFC_4.0_E_5.tif,KET-10-2_PFC_4.0_E,0-FFF-00004_WFA,"('0-FFF-00008_PV', '0-FFF-00069_Npas4', '0-FFF-00004_WFA')",True,False,True,True,347.24,365.58,112.9159,117.3754,WFA,KET-10-2_PFC_4.0_E_5.tif,KET-10-2,VR5_SAL,KET-10,1.0394939,4.4594955,21.834595,"WFA_coloc_w_PV,Npas4",0.6600747
131,4018,KET-10-2_PFC_4.0_E_5.tif,KET-10-2_PFC_4.0_E,0-FFF-00005_WFA,"('0-000-00002_PV', '0-005-00019_cFos', '0-FFF-00087_Npas4', '0-FFF-00005_WFA')",True,True,True,True,304.06,495.69,112.9159,163.4444,WFA,KET-10-2_PFC_4.0_E_5.tif,KET-10-2,VR5_SAL,KET-10,1.4474878,50.528496,67.903595,quad_WFA,2.052772
137,4228,KET-10-3_PFC_3.5_C_5.tif,KET-10-3_PFC_3.5_C,0-FFF-00005_WFA,"('0-000-00010_PV', '0-005-00052_cFos', '0-200-00013_Npas4', '0-FFF-00005_WFA')",True,True,True,True,25.11,87.21,134.1355,190.2334,WFA,KET-10-3_PFC_3.5_C_5.tif,KET-10-3,VR5_SAL,KET-10,1.4182181,56.0979,73.473,quad_WFA,2.221139
142,4446,KET-10-3_PFC_3.7_D_5.tif,KET-10-3_PFC_3.7_D,0-FFF-00002_WFA,"('0-000-00005_PV', '0-FFF-00038_Npas4', '0-FFF-00002_WFA')",True,False,True,True,209.36,176.95,99.3333,105.477,WFA,KET-10-3_PFC_3.7_D_5.tif,KET-10-3,VR5_SAL,KET-10,1.0618494,6.1436996,23.518799,"WFA_coloc_w_PV,Npas4",0.71098936
152,4845,KET-10-3_PFC_3.8_B_5.tif,KET-10-3_PFC_3.8_B,0-FFF-00003_WFA,"('0-000-00006_PV', '0-005-00057_cFos', '0-FFF-00051_Npas4', '0-FFF-00003_WFA')",True,True,True,True,332.21,390.56,108.0635,123.2701,WFA,KET-10-3_PFC_3.8_B_5.tif,KET-10-3,VR5_SAL,KET-10,1.1407192,15.206604,32.581703,quad_WFA,0.9849671
158,4851,KET-10-3_PFC_3.8_B_5.tif,KET-10-3_PFC_3.8_B,0-FFF-00009_WFA,"('0-000-00000_PV', '0-005-00017_cFos', '0-FFF-00018_Npas4', '0-FFF-00009_WFA')",True,True,True,True,147.86,34.29,108.0635,107.3958,WFA,KET-10-3_PFC_3.8_B_5.tif,KET-10-3,VR5_SAL,KET-10,0.9938212,-0.6677017,16.707397,quad_WFA,0.50507605
159,5000,KET-10-3_PFC_4.0_A_5.tif,KET-10-3_PFC_4.0_A,0-FFF-00001_WFA,"('0-000-00007_PV', '0-FFF-00022_Npas4', '0-FFF-00001_WFA')",True,False,True,True,373.15,65.01,109.556,111.6505,WFA,KET-10-3_PFC_4.0_A_5.tif,KET-10-3,VR5_SAL,KET-10,1.0191181,2.0944977,19.469597,"WFA_coloc_w_PV,Npas4",0.5885792
162,5003,KET-10-3_PFC_4.0_A_5.tif,KET-10-3_PFC_4.0_A,0-FFF-00004_WFA,"('0-000-00002_PV', '0-FFF-00040_Npas4', '0-FFF-00004_WFA')",True,False,True,True,374.53,262.45,109.556,104.902,WFA,KET-10-3_PFC_4.0_A_5.tif,KET-10-3,VR5_SAL,KET-10,0.9575195,-4.6539993,12.7211,"WFA_coloc_w_PV,Npas4",0.38456753
167,5008,KET-10-3_PFC_4.0_A_5.tif,KET-10-3_PFC_4.0_A,0-FFF-00009_WFA,"('0-000-00005_PV', '0-005-00042_cFos', '0-FFF-00029_Npas4', '0-FFF-00009_WFA')",True,True,True,True,118.65,261.1,109.556,118.7506,WFA,KET-10-3_PFC_4.0_A_5.tif,KET-10-3,VR5_SAL,KET-10,1.0839261,9.194603,26.569702,quad_WFA,0.8032202
170,5151,KET-10-4_PFC_3.5_C_5.tif,KET-10-4_PFC_3.5_C,0-FFF-00002_WFA,"('0-000-00001_PV', '0-200-00001_Npas4', '0-FFF-00002_WFA')",True,False,True,True,162.8,306.12,68.4884,71.2826,WFA,KET-10-4_PFC_3.5_C_5.tif,KET-10-4,VR5_SAL,KET-10,1.0407981,2.794197,20.169296,"WFA_coloc_w_PV,Npas4",0.6097316
171,5152,KET-10-4_PFC_3.5_C_5.tif,KET-10-4_PFC_3.5_C,0-FFF-00003_WFA,"('0-000-00004_PV', '0-005-00028_cFos', '0-FFF-00053_Npas4', '0-FFF-00003_WFA')",True,True,True,True,209.84,410.29,68.4884,66.7701,WFA,KET-10-4_PFC_3.5_C_5.tif,KET-10-4,VR5_SAL,KET-10,0.9749111,-1.7182999,15.656799,quad_WFA,0.47331572
172,5153,KET-10-4_PFC_3.5_C_5.tif,KET-10-4_PFC_3.5_C,0-FFF-00004_WFA,"('0-000-00011_PV', '0-005-00002_cFos', '0-FFF-00033_Npas4', '0-FFF-00004_WFA')",True,True,True,True,57.15,242.51,68.4884,62.5762,WFA,KET-10-4_PFC_3.5_C_5.tif,KET-10-4,VR5_SAL,KET-10,0.91367584,-5.9122047,11.462894,quad_WFA,0.34653112
175,5304,KET-10-4_PFC_3.7_D_5.tif,KET-10-4_PFC_3.7_D,0-FFF-00003_WFA,"('0-000-00001_PV', '0-005-00030_cFos', '0-FFF-00060_Npas4', '0-FFF-00003_WFA')",True,True,True,True,27.07,349.37,76.2907,72.6876,WFA,KET-10-4_PFC_3.7_D_5.tif,KET-10-4,VR5_SAL,KET-10,0.95277137,-3.6031036,13.771996,quad_WFA,0.41633683
176,5471,KET-10-4_PFC_3.8_B_5.tif,KET-10-4_PFC_3.8_B,0-FFF-00001_WFA,"('0-000-00008_PV', '0-FFF-00003_Npas4', '0-FFF-00001_WFA')",True,False,True,True,112.07,65.71,110.226,97.2776,WFA,KET-10-4_PFC_3.8_B_5.tif,KET-10-4,VR5_SAL,KET-10,0.88252866,-12.948395,4.4267044,"WFA_coloc_w_PV,Npas4",0.13382229
177,5472,KET-10-4_PFC_3.8_B_5.tif,KET-10-4_PFC_3.8_B,0-FFF-00002_WFA,"('0-000-00006_PV', '0-005-00008_cFos', '0-FFF-00053_Npas4', '0-FFF-00002_WFA')",True,True,True,True,84.31,160.94,110.226,103.4416,WFA,KET-10-4_PFC_3.8_B_5.tif,KET-10-4,VR5_SAL,KET-10,0.9384501,-6.784401,10.590698,quad_WFA,0.32016402
178,5473,KET-10-4_PFC_3.8_B_5.tif,KET-10-4_PFC_3.8_B,0-FFF-00003_WFA,"('0-000-00015_PV', '0-005-00051_cFos', '0-FFF-00055_Npas4', '0-FFF-00003_WFA')",True,True,True,True,15.29,125.46,110.226,110.8727,WFA,KET-10-4_PFC_3.8_B_5.tif,KET-10-4,VR5_SAL,KET-10,1.0058671,0.6467056,18.021805,quad_WFA,0.5448114
179,5474,KET-10-4_PFC_3.8_B_5.tif,KET-10-4_PFC_3.8_B,0-FFF-00004_WFA,"('0-000-00018_PV', '0-FFF-00014_Npas4', '0-FFF-00004_WFA')",True,False,True,True,344.85,112.47,110.226,112.5318,WFA,KET-10-4_PFC_3.8_B_5.tif,KET-10-4,VR5_SAL,KET-10,1.0209188,2.3058014,19.6809,"WFA_coloc_w_PV,Npas4",0.59496707
182,5477,KET-10-4_PFC_3.8_B_5.tif,KET-10-4_PFC_3.8_B,0-FFF-00007_WFA,"('0-000-00007_PV', '0-FFF-00032_Npas4', '0-FFF-00007_WFA')",True,False,True,True,376.93,474.65,110.226,139.795,WFA,KET-10-4_PFC_3.8_B_5.tif,KET-10-4,VR5_SAL,KET-10,1.268258,29.569,46.9441,"WFA_coloc_w_PV,Npas4",1.4191521
185,5678,KET-10-4_PFC_3.8_E_5.tif,KET-10-4_PFC_3.8_E,0-001-00002_WFA,"('0-000-00007_PV', '0-005-00005_cFos', '0-FFF-00119_Npas4', '0-001-00002_WFA')",True,True,True,True,158.64,310.98,120.0979,171.4768,WFA,KET-10-4_PFC_3.8_E_5.tif,KET-10-4,VR5_SAL,KET-10,1.4278085,51.378906,68.754005,quad_WFA,2.0784805
186,5679,KET-10-4_PFC_3.8_E_5.tif,KET-10-4_PFC_3.8_E,0-001-00004_WFA,"('0-000-00000_PV', '0-005-00003_cFos', '0-200-00021_Npas4', '0-001-00004_WFA')",True,True,True,True,68.52,84.17,120.0979,130.6901,WFA,KET-10-4_PFC_3.8_E_5.tif,KET-10-4,VR5_SAL,KET-10,1.0881963,10.592194,27.967293,quad_WFA,0.84547037
187,5680,KET-10-4_PFC_3.8_E_5.tif,KET-10-4_PFC_3.8_E,0-FFF-00005_WFA,"('0-000-00004_PV', '0-FFF-00058_cFos', '0-FFF-00070_Npas4', '0-FFF-00005_WFA')",True,True,True,True,35.57,340.93,120.0979,125.3355,WFA,KET-10-4_PFC_3.8_E_5.tif,KET-10-4,VR5_SAL,KET-10,1.043611,5.237602,22.612701,quad_WFA,0.6835974
190,5883,KET-10-4_PFC_4.1_A_5.tif,KET-10-4_PFC_4.1_A,0-001-00003_WFA,"('0-000-00008_PV', '0-005-00001_cFos', '0-200-00013_Npas4', '0-001-00003_WFA')",True,True,True,True,340.38,309.4,115.8302,180.5384,WFA,KET-10-4_PFC_4.1_A_5.tif,KET-10-4,VR5_SAL,KET-10,1.5586472,64.708206,82.083305,quad_WFA,2.4814343
192,5885,KET-10-4_PFC_4.1_A_5.tif,KET-10-4_PFC_4.1_A,0-FFF-00005_WFA,"('0-000-00002_PV', '0-005-00028_cFos', '0-FFF-00072_Npas4', '0-FFF-00005_WFA')",True,True,True,True,298.87,231.04,115.8302,125.9642,WFA,KET-10-4_PFC_4.1_A_5.tif,KET-10-4,VR5_SAL,KET-10,1.0874902,10.134003,27.509102,quad_WFA,0.8316189
193,5886,KET-10-4_PFC_4.1_A_5.tif,KET-10-4_PFC_4.1_A,0-FFF-00006_WFA,"('0-000-00003_PV', '0-FFF-00039_Npas4', '0-FFF-00006_WFA')",True,False,True,True,313.58,97.56,115.8302,130.9001,WFA,KET-10-4_PFC_4.1_A_5.tif,KET-10-4,VR5_SAL,KET-10,1.1301033,15.0699005,32.445,"WFA_coloc_w_PV,Npas4",0.9808345
194,5887,KET-10-4_PFC_4.1_A_5.tif,KET-10-4_PFC_4.1_A,0-FFF-00007_WFA,"('0-FFF-00016_PV', '0-005-00011_cFos', '0-FFF-00029_Npas4', '0-FFF-00007_WFA')",True,True,True,True,24.39,56.4,115.8302,105.1123,WFA,KET-10-4_PFC_4.1_A_5.tif,KET-10-4,VR5_SAL,KET-10,0.90746886,-10.717903,6.657196,quad_WFA,0.20125158
197,6103,KET-10-5_PFC_3.3_C_5.tif,KET-10-5_PFC_3.3_C,0-FFF-00003_WFA,"('0-000-00014_PV', '0-FFF-00102_Npas4', '0-FFF-00003_WFA')",True,False,True,True,171.47,483.24,111.2522,126.9938,WFA,KET-10-5_PFC_3.3_C_5.tif,KET-10-5,FR1_SAL,KET-10,1.1414948,15.7416,33.1167,"WFA_coloc_w_PV,Npas4",1.0011404
199,6105,KET-10-5_PFC_3.3_C_5.tif,KET-10-5_PFC_3.3_C,0-FFF-00005_WFA,"('0-005-00016_cFos', '0-FFF-00014_Npas4', '0-FFF-00005_WFA')",False,True,True,True,144.56,54.81,111.2522,119.093,WFA,KET-10-5_PFC_3.3_C_5.tif,KET-10-5,FR1_SAL,KET-10,1.0704777,7.840805,25.215904,"WFA_coloc_w_cFos,Npas4",0.762294
203,6336,KET-10-5_PFC_3.5_D_5.tif,KET-10-5_PFC_3.5_D,0-FFF-00001_WFA,"('0-000-00013_PV', '0-FFF-00014_Npas4', '0-FFF-00001_WFA')",True,False,True,True,58.33,120.56,112.5995,129.8586,WFA,KET-10-5_PFC_3.5_D_5.tif,KET-10-5,FR1_SAL,KET-10,1.1532786,17.259094,34.634193,"WFA_coloc_w_PV,Npas4",1.0470153
204,6337,KET-10-5_PFC_3.5_D_5.tif,KET-10-5_PFC_3.5_D,0-FFF-00002_WFA,"('0-000-00014_PV', '0-005-00045_cFos', '0-FFF-00010_Npas4', '0-FFF-00002_WFA')",True,True,True,True,132.16,41.92,112.5995,109.4561,WFA,KET-10-5_PFC_3.5_D_5.tif,KET-10-5,FR1_SAL,KET-10,0.97208333,-3.143402,14.231697,quad_WFA,0.43023393
206,6339,KET-10-5_PFC_3.5_D_5.tif,KET-10-5_PFC_3.5_D,0-FFF-00004_WFA,"('0-000-00006_PV', '0-FFF-00113_Npas4', '0-FFF-00004_WFA')",True,False,True,True,470.55,340.97,112.5995,158.8869,WFA,KET-10-5_PFC_3.5_D_5.tif,KET-10-5,FR1_SAL,KET-10,1.41108,46.2874,63.6625,"WFA_coloc_w_PV,Npas4",1.9245608
207,6340,KET-10-5_PFC_3.5_D_5.tif,KET-10-5_PFC_3.5_D,0-FFF-00005_WFA,"('0-000-00015_PV', '0-FFF-00074_cFos', '0-FFF-00121_Npas4', '0-FFF-00005_WFA')",True,True,True,True,317.12,437.28,112.5995,171.0331,WFA,KET-10-5_PFC_3.5_D_5.tif,KET-10-5,FR1_SAL,KET-10,1.5189507,58.433594,75.80869,quad_WFA,2.2917485
211,6551,KET-10-5_PFC_3.5_E_5.tif,KET-10-5_PFC_3.5_E,0-FFF-00002_WFA,"('0-000-00005_PV', '0-FFF-00054_Npas4', '0-FFF-00002_WFA')",True,False,True,True,358.04,306.19,107.0275,127.9846,WFA,KET-10-5_PFC_3.5_E_5.tif,KET-10-5,FR1_SAL,KET-10,1.1958104,20.9571,38.3322,"WFA_coloc_w_PV,Npas4",1.1588085
214,6554,KET-10-5_PFC_3.5_E_5.tif,KET-10-5_PFC_3.5_E,0-FFF-00005_WFA,"('0-000-00008_PV', '0-005-00038_cFos', '0-FFF-00089_Npas4', '0-FFF-00005_WFA')",True,True,True,True,482.02,353.29,107.0275,141.8778,WFA,KET-10-5_PFC_3.5_E_5.tif,KET-10-5,FR1_SAL,KET-10,1.3256202,34.85031,52.22541,quad_WFA,1.5788097
215,6715,KET-10-5_PFC_3.9_A_5.tif,KET-10-5_PFC_3.9_A,0-FFF-00001_WFA,"('0-000-00011_PV', '0-FFF-00080_cFos', '0-200-00011_Npas4', '0-FFF-00001_WFA')",True,True,True,True,52.37,177.04,116.8294,182.9665,WFA,KET-10-5_PFC_3.9_A_5.tif,KET-10-5,FR1_SAL,KET-10,1.5660999,66.13711,83.51221,quad_WFA,2.524631
216,6716,KET-10-5_PFC_3.9_A_5.tif,KET-10-5_PFC_3.9_A,0-FFF-00002_WFA,"('0-000-00002_PV', '0-FFF-00065_cFos', '0-FFF-00047_Npas4', '0-FFF-00002_WFA')",True,True,True,True,102.84,164.23,116.8294,172.1,WFA,KET-10-5_PFC_3.9_A_5.tif,KET-10-5,FR1_SAL,KET-10,1.4730881,55.270607,72.645706,quad_WFA,2.1961293
217,6717,KET-10-5_PFC_3.9_A_5.tif,KET-10-5_PFC_3.9_A,0-FFF-00004_WFA,"('0-000-00003_PV', '0-005-00045_cFos', '0-200-00000_Npas4', '0-FFF-00004_WFA')",True,True,True,True,262.53,496.11,116.8294,146.3532,WFA,KET-10-5_PFC_3.9_A_5.tif,KET-10-5,FR1_SAL,KET-10,1.2527087,29.523796,46.898895,quad_WFA,1.4177856
219,6898,KET-10-5_PFC_3.9_B_5.tif,KET-10-5_PFC_3.9_B,0-FFF-00001_WFA,"('0-000-00000_PV', '0-FFF-00033_Npas4', '0-FFF-00001_WFA')",True,False,True,True,159.84,136.92,105.7594,117.5233,WFA,KET-10-5_PFC_3.9_B_5.tif,KET-10-5,FR1_SAL,KET-10,1.1112326,11.763901,29.139,"WFA_coloc_w_PV,Npas4",0.88089186
223,6902,KET-10-5_PFC_3.9_B_5.tif,KET-10-5_PFC_3.9_B,0-FFF-00005_WFA,"('0-000-00001_PV', '0-005-00022_cFos', '0-FFF-00019_Npas4', '0-FFF-00005_WFA')",True,True,True,True,449.68,80.84,105.7594,91.2739,WFA,KET-10-5_PFC_3.9_B_5.tif,KET-10-5,FR1_SAL,KET-10,0.8630335,-14.4854965,2.8896027,quad_WFA,0.08735466
224,6903,KET-10-5_PFC_3.9_B_5.tif,KET-10-5_PFC_3.9_B,0-FFF-00006_WFA,"('0-FFF-00105_cFos', '0-FFF-00083_Npas4', '0-FFF-00006_WFA')",False,True,True,True,192.88,475.1,105.7594,104.26,WFA,KET-10-5_PFC_3.9_B_5.tif,KET-10-5,FR1_SAL,KET-10,0.98582256,-1.4993973,15.875702,"WFA_coloc_w_cFos,Npas4",0.4799333
229,7074,KET-8-2_PFC_3.5_E_5.tif,KET-8-2_PFC_3.5_E,0-FFF-00002_WFA,"('0-000-00009_PV', '0-005-00022_cFos', '0-FFF-00081_Npas4', '0-FFF-00002_WFA')",True,True,True,True,218.84,283.72,80.5077,83.5718,WFA,KET-8-2_PFC_3.5_E_5.tif,KET-8-2,FR1_SAL,KET-8,1.0380597,3.0641022,20.439201,quad_WFA,0.617891
231,7076,KET-8-2_PFC_3.5_E_5.tif,KET-8-2_PFC_3.5_E,0-FFF-00004_WFA,"('0-000-00004_PV', '0-FFF-00047_Npas4', '0-FFF-00004_WFA')",True,False,True,True,300.11,178.99,80.5077,76.638,WFA,KET-8-2_PFC_3.5_E_5.tif,KET-8-2,FR1_SAL,KET-8,0.9519338,-3.8696976,13.505402,"WFA_coloc_w_PV,Npas4",0.4082775
233,7078,KET-8-2_PFC_3.5_E_5.tif,KET-8-2_PFC_3.5_E,0-FFF-00006_WFA,"('0-000-00006_PV', '0-005-00001_cFos', '0-FFF-00026_Npas4', '0-FFF-00006_WFA')",True,True,True,True,453.5,41.09,80.5077,69.2553,WFA,KET-8-2_PFC_3.5_E_5.tif,KET-8-2,FR1_SAL,KET-8,0.86023206,-11.252396,6.1227036,quad_WFA,0.1850935
234,7223,KET-8-2_PFC_3.6_D_5.tif,KET-8-2_PFC_3.6_D,0-FFF-00001_WFA,"('0-000-00001_PV', '0-FFF-00038_cFos', '0-FFF-00027_Npas4', '0-FFF-00001_WFA')",True,True,True,True,305.61,258.07,80.6375,76.9269,WFA,KET-8-2_PFC_3.6_D_5.tif,KET-8-2,FR1_SAL,KET-8,0.95398426,-3.7105942,13.664505,quad_WFA,0.4130873
240,7453,KET-8-2_PFC_3.7_B_5.tif,KET-8-2_PFC_3.7_B,0-FFF-00005_WFA,"('0-000-00004_PV', '0-FFF-00016_Npas4', '0-FFF-00005_WFA')",True,False,True,True,95.2,152.51,103.0647,94.7689,WFA,KET-8-2_PFC_3.7_B_5.tif,KET-8-2,FR1_SAL,KET-8,0.9195088,-8.295799,9.0793,"WFA_coloc_w_PV,Npas4",0.27447343
245,7698,KET-8-2_PFC_3.7_C_5.tif,KET-8-2_PFC_3.7_C,0-FFF-00001_WFA,"('0-000-00009_PV', '0-0-00023_cFos', '0-FFF-00048_Npas4', '0-FFF-00001_WFA')",True,True,True,True,172.27,320.3,103.8075,101.4921,WFA,KET-8-2_PFC_3.7_C_5.tif,KET-8-2,FR1_SAL,KET-8,0.9776953,-2.3153992,15.0597,quad_WFA,0.45526502
247,7700,KET-8-2_PFC_3.7_C_5.tif,KET-8-2_PFC_3.7_C,0-FFF-00003_WFA,"('0-000-00002_PV', '0-FFF-00114_Npas4', '0-FFF-00003_WFA')",True,False,True,True,151.61,493.53,103.8075,130.2628,WFA,KET-8-2_PFC_3.7_C_5.tif,KET-8-2,FR1_SAL,KET-8,1.2548496,26.4553,43.8304,"WFA_coloc_w_PV,Npas4",1.3250228
249,7702,KET-8-2_PFC_3.7_C_5.tif,KET-8-2_PFC_3.7_C,0-FFF-00005_WFA,"('0-000-00013_PV', '0-0-00037_cFos', '0-FFF-00067_Npas4', '0-FFF-00005_WFA')",True,True,True,True,371.49,37.72,103.8075,108.2537,WFA,KET-8-2_PFC_3.7_C_5.tif,KET-8-2,FR1_SAL,KET-8,1.0428312,4.4461975,21.821297,quad_WFA,0.6596727
250,7703,KET-8-2_PFC_3.7_C_5.tif,KET-8-2_PFC_3.7_C,0-FFF-00006_WFA,"('0-000-00001_PV', '0-FFF-00072_Npas4', '0-FFF-00006_WFA')",True,False,True,True,442.39,30.47,103.8075,100.3687,WFA,KET-8-2_PFC_3.7_C_5.tif,KET-8-2,FR1_SAL,KET-8,0.9668732,-3.4388046,13.936295,"WFA_coloc_w_PV,Npas4",0.4213037
251,7704,KET-8-2_PFC_3.7_C_5.tif,KET-8-2_PFC_3.7_C,0-FFF-00007_WFA,"('0-000-00015_PV', '0-FFF-00058_Npas4', '0-FFF-00007_WFA')",True,False,True,True,265.06,128.62,103.8075,100.4389,WFA,KET-8-2_PFC_3.7_C_5.tif,KET-8-2,FR1_SAL,KET-8,0.96754956,-3.368599,14.0065,"WFA_coloc_w_PV,Npas4",0.42342606
257,7889,KET-8-2_PFC_4.0_A_5.tif,KET-8-2_PFC_4.0_A,0-FFF-00003_WFA,"('0-FFF-00014_PV', '0-005-00027_cFos', '0-FFF-00076_Npas4', '0-FFF-00003_WFA')",True,True,True,True,326.06,217.37,117.9471,110.9739,WFA,KET-8-2_PFC_4.0_A_5.tif,KET-8-2,FR1_SAL,KET-8,0.94087857,-6.973198,10.401901,quad_WFA,0.31445658
258,7890,KET-8-2_PFC_4.0_A_5.tif,KET-8-2_PFC_4.0_A,0-FFF-00004_WFA,"('0-000-00001_PV', '0-005-00024_cFos', '0-FFF-00052_Npas4', '0-FFF-00004_WFA')",True,True,True,True,262.91,246.48,117.9471,107.346,WFA,KET-8-2_PFC_4.0_A_5.tif,KET-8-2,FR1_SAL,KET-8,0.9101199,-10.601097,6.774002,quad_WFA,0.20478271
259,7891,KET-8-2_PFC_4.0_A_5.tif,KET-8-2_PFC_4.0_A,0-FFF-00005_WFA,"('0-000-00007_PV', '0-FFF-00090_Npas4', '0-FFF-00005_WFA')",True,False,True,True,370.17,331.22,117.9471,121.5475,WFA,KET-8-2_PFC_4.0_A_5.tif,KET-8-2,FR1_SAL,KET-8,1.0305256,3.6004028,20.975502,"WFA_coloc_w_PV,Npas4",0.6341037
264,8090,KET-8-7_PFC_3.5_D_5.tif,KET-8-7_PFC_3.5_D,0-FFF-00005_WFA,"('0-000-00008_PV', '0-005-00028_cFos', '0-FFF-00071_Npas4', '0-FFF-00005_WFA')",True,True,True,True,360.99,393.62,86.8918,78.0433,WFA,KET-8-7_PFC_3.5_D_5.tif,KET-8-7,VR5_KET,KET-8,0.8981664,-8.848503,8.526596,quad_WFA,0.25776482
268,8288,KET-8-7_PFC_3.7_C_5.tif,KET-8-7_PFC_3.7_C,0-FFF-00004_WFA,"('0-000-00003_PV', '0-FFF-00088_cFos', '0-FFF-00028_Npas4', '0-FFF-00004_WFA')",True,True,True,True,370.78,81.11,96.7847,110.8212,WFA,KET-8-7_PFC_3.7_C_5.tif,KET-8-7,VR5_KET,KET-8,1.1450281,14.036499,31.411598,quad_WFA,0.949594
269,8289,KET-8-7_PFC_3.7_C_5.tif,KET-8-7_PFC_3.7_C,0-FFF-00005_WFA,"('0-000-00014_PV', '0-005-00035_cFos', '0-200-00002_Npas4', '0-FFF-00005_WFA')",True,True,True,True,411.21,162.25,96.7847,113.0008,WFA,KET-8-7_PFC_3.7_C_5.tif,KET-8-7,VR5_KET,KET-8,1.1675482,16.216103,33.5912,quad_WFA,1.0154849
272,8292,KET-8-7_PFC_3.7_C_5.tif,KET-8-7_PFC_3.7_C,0-FFF-00008_WFA,"('0-000-00004_PV', '0-005-00012_cFos', '0-FFF-00069_Npas4', '0-FFF-00008_WFA')",True,True,True,True,316.58,320.23,96.7847,86.9201,WFA,KET-8-7_PFC_3.7_C_5.tif,KET-8-7,VR5_KET,KET-8,0.89807683,-9.864601,7.510498,quad_WFA,0.22704747
274,8294,KET-8-7_PFC_3.7_C_5.tif,KET-8-7_PFC_3.7_C,0-FFF-00010_WFA,"('0-000-00008_PV', '0-005-00024_cFos', '0-FFF-00088_Npas4', '0-FFF-00010_WFA')",True,True,True,True,431.42,443.67,96.7847,91.9913,WFA,KET-8-7_PFC_3.7_C_5.tif,KET-8-7,VR5_KET,KET-8,0.9504736,-4.793396,12.581703,quad_WFA,0.38035348
276,8497,KET-8-7_PFC_4.0_A_5.tif,KET-8-7_PFC_4.0_A,0-FFF-00002_WFA,"('0-000-00013_PV', '0-FFF-00041_cFos', '0-FFF-00010_Npas4', '0-FFF-00002_WFA')",True,True,True,True,22.32,110.67,125.9495,160.059,WFA,KET-8-7_PFC_4.0_A_5.tif,KET-8-7,VR5_KET,KET-8,1.270819,34.109505,51.484604,quad_WFA,1.5564147
280,8501,KET-8-7_PFC_4.0_A_5.tif,KET-8-7_PFC_4.0_A,0-FFF-00006_WFA,"('0-000-00006_PV', '0-005-00005_cFos', '0-FFF-00120_Npas4', '0-FFF-00006_WFA')",True,True,True,True,254.98,397.46,125.9495,144.5331,WFA,KET-8-7_PFC_4.0_A_5.tif,KET-8-7,VR5_KET,KET-8,1.147548,18.583595,35.958694,quad_WFA,1.0870559
283,8504,KET-8-7_PFC_4.0_A_5.tif,KET-8-7_PFC_4.0_A,0-FFF-00009_WFA,"('0-000-00003_PV', '0-FFF-00049_cFos', '0-FFF-00126_Npas4', '0-FFF-00009_WFA')",True,True,True,True,459.1,249.93,125.9495,112.8439,WFA,KET-8-7_PFC_4.0_A_5.tif,KET-8-7,VR5_KET,KET-8,0.8959456,-13.105598,4.2695007,quad_WFA,0.12906992
287,8667,KET-8-7_PFC_4.0_B_5.tif,KET-8-7_PFC_4.0_B,0-FFF-00004_WFA,"('0-000-00001_PV', '0-FFF-00035_cFos', '0-FFF-00054_Npas4', '0-FFF-00004_WFA')",True,True,True,True,220.21,324.8,90.5131,80.6048,WFA,KET-8-7_PFC_4.0_B_5.tif,KET-8-7,VR5_KET,KET-8,0.89053184,-9.908302,7.466797,quad_WFA,0.22572637
288,8668,KET-8-7_PFC_4.0_B_5.tif,KET-8-7_PFC_4.0_B,0-FFF-00005_WFA,"('0-FFF-00016_cFos', '0-FFF-00076_Npas4', '0-FFF-00005_WFA')",False,True,True,True,386.37,156.34,90.5131,85.6211,WFA,KET-8-7_PFC_4.0_B_5.tif,KET-8-7,VR5_KET,KET-8,0.9459526,-4.8919983,12.483101,"WFA_coloc_w_cFos,Npas4",0.37737265
291,8817,KET-9-1_PFC_3.6_A_5.tif,KET-9-1_PFC_3.6_A,0-FFF-00001_WFA,"('0-000-00003_PV', '0-FFF-00037_cFos', '0-FFF-00022_Npas4', '0-FFF-00001_WFA')",True,True,True,True,33.68,160.74,114.217,123.6343,WFA,KET-9-1_PFC_3.6_A_5.tif,KET-9-1,FR1_KET,KET-9,1.0824509,9.417297,26.792397,quad_WFA,0.80995244
292,8818,KET-9-1_PFC_3.6_A_5.tif,KET-9-1_PFC_3.6_A,0-FFF-00002_WFA,"('0-FFF-00021_cFos', '0-FFF-00042_Npas4', '0-FFF-00002_WFA')",False,True,True,True,464.34,207.09,114.217,239.5702,WFA,KET-9-1_PFC_3.6_A_5.tif,KET-9-1,FR1_KET,KET-9,2.0975003,125.3532,142.7283,"WFA_coloc_w_cFos,Npas4",4.314774
293,8819,KET-9-1_PFC_3.6_A_5.tif,KET-9-1_PFC_3.6_A,0-FFF-00003_WFA,"('0-FFF-00040_cFos', '0-FFF-00041_Npas4', '0-FFF-00003_WFA')",False,True,True,True,460.27,349.45,114.217,130.5948,WFA,KET-9-1_PFC_3.6_A_5.tif,KET-9-1,FR1_KET,KET-9,1.143392,16.3778,33.7529,"WFA_coloc_w_cFos,Npas4",1.0203732
294,8820,KET-9-1_PFC_3.6_A_5.tif,KET-9-1_PFC_3.6_A,0-FFF-00004_WFA,"('0-000-00006_PV', '0-FFF-00030_cFos', '0-200-00002_Npas4', '0-FFF-00004_WFA')",True,True,True,True,389.02,452.42,114.217,120.5058,WFA,KET-9-1_PFC_3.6_A_5.tif,KET-9-1,FR1_KET,KET-9,1.05506,6.2887955,23.663895,quad_WFA,0.71537566
295,8821,KET-9-1_PFC_3.6_A_5.tif,KET-9-1_PFC_3.6_A,0-FFF-00005_WFA,"('0-000-00009_PV', '0-FFF-00019_Npas4', '0-FFF-00005_WFA')",True,False,True,True,308.25,9.02,114.217,143.1004,WFA,KET-9-1_PFC_3.6_A_5.tif,KET-9-1,FR1_KET,KET-9,1.2528818,28.8834,46.2585,"WFA_coloc_w_PV,Npas4",1.3984259
296,8822,KET-9-1_PFC_3.6_A_5.tif,KET-9-1_PFC_3.6_A,0-FFF-00006_WFA,"('0-000-00010_PV', '0-FFF-00015_cFos', '0-FFF-00069_Npas4', '0-FFF-00006_WFA')",True,True,True,True,161.89,7.34,114.217,189.2215,WFA,KET-9-1_PFC_3.6_A_5.tif,KET-9-1,FR1_KET,KET-9,1.6566842,75.00449,92.37959,quad_WFA,2.7926981
299,8825,KET-9-1_PFC_3.6_A_5.tif,KET-9-1_PFC_3.6_A,0-FFF-00009_WFA,"('0-FFF-00006_cFos', '0-FFF-00026_Npas4', '0-FFF-00009_WFA')",False,True,True,True,172.39,156.95,114.217,103.6736,WFA,KET-9-1_PFC_3.6_A_5.tif,KET-9-1,FR1_KET,KET-9,0.9076897,-10.543404,6.8316956,"WFA_coloc_w_cFos,Npas4",0.20652682
301,8932,KET-9-1_PFC_3.6_D_5.tif,KET-9-1_PFC_3.6_D,0-FFF-00002_WFA,"('0-000-00001_PV', '0-FFF-00049_Npas4', '0-FFF-00002_WFA')",True,False,True,True,122.19,407.75,108.2219,115.911,WFA,KET-9-1_PFC_3.6_D_5.tif,KET-9-1,FR1_KET,KET-9,1.0710495,7.689102,25.064201,"WFA_coloc_w_PV,Npas4",0.7577079
302,8933,KET-9-1_PFC_3.6_D_5.tif,KET-9-1_PFC_3.6_D,0-FFF-00003_WFA,"('0-000-00004_PV', '0-FFF-00031_Npas4', '0-FFF-00003_WFA')",True,False,True,True,119.11,302.41,108.2219,136.0678,WFA,KET-9-1_PFC_3.6_D_5.tif,KET-9-1,FR1_KET,KET-9,1.2573037,27.845894,45.220993,"WFA_coloc_w_PV,Npas4",1.3670615
303,8934,KET-9-1_PFC_3.6_D_5.tif,KET-9-1_PFC_3.6_D,0-FFF-00004_WFA,"('0-FFF-00042_Npas4', '0-FFF-00004_WFA')",False,False,True,True,364.64,444.71,108.2219,113.1715,WFA,KET-9-1_PFC_3.6_D_5.tif,KET-9-1,FR1_KET,KET-9,1.0457357,4.9496,22.3247,WFA_coloc_w_Npas4,0.6748909
305,8936,KET-9-1_PFC_3.6_D_5.tif,KET-9-1_PFC_3.6_D,0-FFF-00006_WFA,"('0-000-00000_PV', '0-FFF-00038_cFos', '0-FFF-00012_Npas4', '0-FFF-00006_WFA')",True,True,True,True,134.62,34.33,108.2219,108.4124,WFA,KET-9-1_PFC_3.6_D_5.tif,KET-9-1,FR1_KET,KET-9,1.0017602,0.19049835,17.565598,quad_WFA,0.53102
306,8937,KET-9-1_PFC_3.6_D_5.tif,KET-9-1_PFC_3.6_D,0-FFF-00007_WFA,"('0-000-00003_PV', '0-FFF-00001_cFos', '0-200-00006_Npas4', '0-FFF-00007_WFA')",True,True,True,True,194.38,105.79,108.2219,106.7188,WFA,KET-9-1_PFC_3.6_D_5.tif,KET-9-1,FR1_KET,KET-9,0.986111,-1.5030975,15.872002,quad_WFA,0.47982144
309,9011,KET-9-1_PFC_3.7_B_5.tif,KET-9-1_PFC_3.7_B,0-FFF-00001_WFA,"('0-000-00001_PV', '0-FFF-00028_Npas4', '0-FFF-00001_WFA')",True,False,True,True,404.24,248.53,78.9615,79.1213,WFA,KET-9-1_PFC_3.7_B_5.tif,KET-9-1,FR1_KET,KET-9,1.0020237,0.15979767,17.534897,"WFA_coloc_w_PV,Npas4",0.5300919
315,9073,KET-9-1_PFC_3.7_C_5.tif,KET-9-1_PFC_3.7_C,0-FFF-00001_WFA,"('0-000-00003_PV', '0-FFF-00001_cFos', '0-FFF-00001_Npas4', '0-FFF-00001_WFA')",True,True,True,True,49.07,74.25,91.4531,111.4908,WFA,KET-9-1_PFC_3.7_C_5.tif,KET-9-1,FR1_KET,KET-9,1.2191036,20.037697,37.412796,quad_WFA,1.1310143
316,9074,KET-9-1_PFC_3.7_C_5.tif,KET-9-1_PFC_3.7_C,0-FFF-00002_WFA,"('0-000-00001_PV', '0-FFF-00010_cFos', '0-FFF-00020_Npas4', '0-FFF-00002_WFA')",True,True,True,True,207.31,260.72,91.4531,107.3788,WFA,KET-9-1_PFC_3.7_C_5.tif,KET-9-1,FR1_KET,KET-9,1.1741406,15.925697,33.300797,quad_WFA,1.0067058
321,9230,KET-9-2_PFC_3.5_E_5.tif,KET-9-2_PFC_3.5_E,0-FFF-00002_WFA,"('0-FFF-00011_PV', '0-005-00006_cFos', '0-FFF-00005_Npas4', '0-FFF-00002_WFA')",True,True,True,True,48.28,10.47,136.5605,194.1112,WFA,KET-9-2_PFC_3.5_E_5.tif,KET-9-2,FR1_SAL,KET-9,1.4214301,57.550705,74.925804,quad_WFA,2.2650583
322,9231,KET-9-2_PFC_3.5_E_5.tif,KET-9-2_PFC_3.5_E,0-FFF-00003_WFA,"('0-000-00007_PV', '0-FFF-00006_Npas4', '0-FFF-00003_WFA')",True,False,True,True,81.94,12.05,136.5605,203.9104,WFA,KET-9-2_PFC_3.5_E_5.tif,KET-9-2,FR1_SAL,KET-9,1.4931873,67.3499,84.725,"WFA_coloc_w_PV,Npas4",2.5612946
325,9234,KET-9-2_PFC_3.5_E_5.tif,KET-9-2_PFC_3.5_E,0-FFF-00006_WFA,"('0-000-00005_PV', '0-FFF-00008_Npas4', '0-FFF-00006_WFA')",True,False,True,True,150.84,82.75,136.5605,145.3031,WFA,KET-9-2_PFC_3.5_E_5.tif,KET-9-2,FR1_SAL,KET-9,1.0640199,8.7425995,26.117699,"WFA_coloc_w_PV,Npas4",0.78955585
328,9237,KET-9-2_PFC_3.5_E_5.tif,KET-9-2_PFC_3.5_E,0-FFF-00009_WFA,"('0-000-00004_PV', '0-FFF-00035_cFos', '0-FFF-00014_Npas4', '0-FFF-00009_WFA')",True,True,True,True,476.8,152.71,136.5605,141.4966,WFA,KET-9-2_PFC_3.5_E_5.tif,KET-9-2,FR1_SAL,KET-9,1.0361458,4.936096,22.311195,quad_WFA,0.67448264
331,9240,KET-9-2_PFC_3.5_E_5.tif,KET-9-2_PFC_3.5_E,0-FFF-00012_WFA,"('0-000-00000_PV', '0-005-00008_cFos', '0-FFF-00040_Npas4', '0-FFF-00012_WFA')",True,True,True,True,80.27,307.81,136.5605,158.4328,WFA,KET-9-2_PFC_3.5_E_5.tif,KET-9-2,FR1_SAL,KET-9,1.1601657,21.8723,39.2474,quad_WFA,1.1864756
333,9242,KET-9-2_PFC_3.5_E_5.tif,KET-9-2_PFC_3.5_E,0-FFF-00014_WFA,"('0-000-00001_PV', '0-005-00012_cFos', '0-FFF-00047_Npas4', '0-FFF-00014_WFA')",True,True,True,True,431.86,382.68,136.5605,127.7491,WFA,KET-9-2_PFC_3.5_E_5.tif,KET-9-2,FR1_SAL,KET-9,0.9354762,-8.811401,8.563698,quad_WFA,0.25888643
335,9327,KET-9-2_PFC_3.7_A_5.tif,KET-9-2_PFC_3.7_A,0-FFF-00001_WFA,"('0-000-00005_PV', '0-FFF-00027_Npas4', '0-FFF-00001_WFA')",True,False,True,True,233.94,170.54,136.3011,170.796,WFA,KET-9-2_PFC_3.7_A_5.tif,KET-9-2,FR1_SAL,KET-9,1.2530787,34.494904,51.870003,"WFA_coloc_w_PV,Npas4",1.5680655
336,9328,KET-9-2_PFC_3.7_A_5.tif,KET-9-2_PFC_3.7_A,0-FFF-00002_WFA,"('0-000-00007_PV', '0-FFF-00001_cFos', '0-FFF-00035_Npas4', '0-FFF-00002_WFA')",True,True,True,True,345.68,229.86,136.3011,209.352,WFA,KET-9-2_PFC_3.7_A_5.tif,KET-9-2,FR1_SAL,KET-9,1.5359524,73.0509,90.426,quad_WFA,2.7336397
337,9329,KET-9-2_PFC_3.7_A_5.tif,KET-9-2_PFC_3.7_A,0-FFF-00003_WFA,"('0-000-00002_PV', '0-FFF-00040_Npas4', '0-FFF-00003_WFA')",True,False,True,True,191.87,355.61,136.3011,138.3909,WFA,KET-9-2_PFC_3.7_A_5.tif,KET-9-2,FR1_SAL,KET-9,1.0153322,2.089798,19.464897,"WFA_coloc_w_PV,Npas4",0.58843714
338,9330,KET-9-2_PFC_3.7_A_5.tif,KET-9-2_PFC_3.7_A,0-FFF-00004_WFA,"('0-000-00003_PV', '0-FFF-00006_cFos', '0-FFF-00051_Npas4', '0-FFF-00004_WFA')",True,True,True,True,281.13,393.98,136.3011,151.1536,WFA,KET-9-2_PFC_3.7_A_5.tif,KET-9-2,FR1_SAL,KET-9,1.1089683,14.852493,32.227592,quad_WFA,0.9742621
339,9331,KET-9-2_PFC_3.7_A_5.tif,KET-9-2_PFC_3.7_A,0-FFF-00005_WFA,"('0-FFF-00015_PV', '0-FFF-00055_Npas4', '0-FFF-00005_WFA')",True,False,True,True,318.6,440.41,136.3011,160.8427,WFA,KET-9-2_PFC_3.7_A_5.tif,KET-9-2,FR1_SAL,KET-9,1.1800543,24.541595,41.916695,"WFA_coloc_w_PV,Npas4",1.2671703
340,9332,KET-9-2_PFC_3.7_A_5.tif,KET-9-2_PFC_3.7_A,0-FFF-00006_WFA,"('0-000-00013_PV', '0-FFF-00056_Npas4', '0-FFF-00006_WFA')",True,False,True,True,310.69,478.07,136.3011,143.1231,WFA,KET-9-2_PFC_3.7_A_5.tif,KET-9-2,FR1_SAL,KET-9,1.0500509,6.821991,24.19709,"WFA_coloc_w_PV,Npas4",0.73149455
341,9333,KET-9-2_PFC_3.7_A_5.tif,KET-9-2_PFC_3.7_A,0-FFF-00007_WFA,"('0-000-00014_PV', '0-FFF-00031_Npas4', '0-FFF-00007_WFA')",True,False,True,True,496.45,118.58,136.3011,133.5919,WFA,KET-9-2_PFC_3.7_A_5.tif,KET-9-2,FR1_SAL,KET-9,0.98012346,-2.709198,14.665901,"WFA_coloc_w_PV,Npas4",0.4433602
342,9334,KET-9-2_PFC_3.7_A_5.tif,KET-9-2_PFC_3.7_A,0-FFF-00008_WFA,"('0-000-00010_PV', '0-FFF-00005_cFos', '0-200-00014_Npas4', '0-FFF-00008_WFA')",True,True,True,True,495.34,158.23,136.3011,209.7289,WFA,KET-9-2_PFC_3.7_A_5.tif,KET-9-2,FR1_SAL,KET-9,1.5387175,73.427795,90.802895,quad_WFA,2.7450335
345,9337,KET-9-2_PFC_3.7_A_5.tif,KET-9-2_PFC_3.7_A,0-FFF-00011_WFA,"('0-000-00006_PV', '0-200-00003_Npas4', '0-FFF-00011_WFA')",True,False,True,True,352.85,423.0,136.3011,138.4997,WFA,KET-9-2_PFC_3.7_A_5.tif,KET-9-2,FR1_SAL,KET-9,1.0161304,2.1985931,19.573692,"WFA_coloc_w_PV,Npas4",0.59172606
347,9414,KET-9-2_PFC_3.7_C_5.tif,KET-9-2_PFC_3.7_C,0-FFF-00002_WFA,"('0-000-00006_PV', '0-005-00001_cFos', '0-FFF-00040_Npas4', '0-FFF-00002_WFA')",True,True,True,True,156.98,344.44,118.0683,173.5155,WFA,KET-9-2_PFC_3.7_C_5.tif,KET-9-2,FR1_SAL,KET-9,1.4696198,55.447205,72.8223,quad_WFA,2.201468
349,9416,KET-9-2_PFC_3.7_C_5.tif,KET-9-2_PFC_3.7_C,0-FFF-00004_WFA,"('0-000-00001_PV', '0-005-00003_cFos', '0-FFF-00054_Npas4', '0-FFF-00004_WFA')",True,True,True,True,361.63,497.97,118.0683,134.1192,WFA,KET-9-2_PFC_3.7_C_5.tif,KET-9-2,FR1_SAL,KET-9,1.1359459,16.050903,33.426003,quad_WFA,1.0104909
358,9508,KET-9-2_PFC_3.7_D_5.tif,KET-9-2_PFC_3.7_D,0-FFF-00005_WFA,"('0-000-00009_PV', '0-005-00010_cFos', '0-FFF-00006_Npas4', '0-FFF-00005_WFA')",True,True,True,True,257.12,33.34,126.1111,155.4665,WFA,KET-9-2_PFC_3.7_D_5.tif,KET-9-2,FR1_SAL,KET-9,1.2327741,29.355408,46.730507,quad_WFA,1.412695
359,9509,KET-9-2_PFC_3.7_D_5.tif,KET-9-2_PFC_3.7_D,0-FFF-00006_WFA,"('0-000-00000_PV', '0-005-00004_cFos', '0-200-00003_Npas4', '0-FFF-00006_WFA')",True,True,True,True,335.72,171.22,126.1111,133.0647,WFA,KET-9-2_PFC_3.7_D_5.tif,KET-9-2,FR1_SAL,KET-9,1.0551387,6.953598,24.328697,quad_WFA,0.7354731
360,9577,KET-9-2_PFC_3.9_B_5.tif,KET-9-2_PFC_3.9_B,0-FFF-00001_WFA,"('0-000-00001_PV', '0-005-00010_cFos', '0-FFF-00021_Npas4', '0-FFF-00001_WFA')",True,True,True,True,162.35,160.1,122.3235,125.7919,WFA,KET-9-2_PFC_3.9_B_5.tif,KET-9-2,FR1_SAL,KET-9,1.0283543,3.468399,20.843498,quad_WFA,0.6301132
361,9578,KET-9-2_PFC_3.9_B_5.tif,KET-9-2_PFC_3.9_B,0-FFF-00002_WFA,"('0-000-00003_PV', '0-005-00008_cFos', '0-FFF-00050_Npas4', '0-FFF-00002_WFA')",True,True,True,True,335.8,353.54,122.3235,155.8814,WFA,KET-9-2_PFC_3.9_B_5.tif,KET-9-2,FR1_SAL,KET-9,1.2743373,33.55789,50.93299,quad_WFA,1.539739
364,9581,KET-9-2_PFC_3.9_B_5.tif,KET-9-2_PFC_3.9_B,0-FFF-00005_WFA,"('0-000-00009_PV', '0-FFF-00047_Npas4', '0-FFF-00005_WFA')",True,False,True,True,183.16,406.94,122.3235,154.9185,WFA,KET-9-2_PFC_3.9_B_5.tif,KET-9-2,FR1_SAL,KET-9,1.2664655,32.595,49.9701,"WFA_coloc_w_PV,Npas4",1.5106302
366,9583,KET-9-2_PFC_3.9_B_5.tif,KET-9-2_PFC_3.9_B,0-FFF-00007_WFA,"('0-000-00000_PV', '0-005-00007_cFos', '0-FFF-00042_Npas4', '0-FFF-00007_WFA')",True,True,True,True,180.38,365.26,122.3235,177.2165,WFA,KET-9-2_PFC_3.9_B_5.tif,KET-9-2,FR1_SAL,KET-9,1.4487528,54.893005,72.268105,quad_WFA,2.184714
367,9730,KET-9-4_PFC_3.5_E_5.tif,KET-9-4_PFC_3.5_E,0-FFF-00001_WFA,"('0-000-00001_PV', '0-005-00024_cFos', '0-200-00002_Npas4', '0-FFF-00001_WFA')",True,True,True,True,37.17,95.17,96.3054,96.3161,WFA,KET-9-4_PFC_3.5_E_5.tif,KET-9-4,FR1_SAL,KET-9,1.0001111,0.0107040405,17.385803,quad_WFA,0.5255847
369,9732,KET-9-4_PFC_3.5_E_5.tif,KET-9-4_PFC_3.5_E,0-FFF-00003_WFA,"('0-FFF-00031_cFos', '0-FFF-00005_Npas4', '0-FFF-00003_WFA')",False,True,True,True,176.06,30.37,96.3054,134.6169,WFA,KET-9-4_PFC_3.5_E_5.tif,KET-9-4,FR1_SAL,KET-9,1.3978126,38.3115,55.6866,"WFA_coloc_w_cFos,Npas4",1.6834439
371,9734,KET-9-4_PFC_3.5_E_5.tif,KET-9-4_PFC_3.5_E,0-FFF-00005_WFA,"('0-000-00005_PV', '0-FFF-00017_Npas4', '0-FFF-00005_WFA')",True,False,True,True,97.16,164.82,96.3054,133.5527,WFA,KET-9-4_PFC_3.5_E_5.tif,KET-9-4,FR1_SAL,KET-9,1.3867624,37.247307,54.622406,"WFA_coloc_w_PV,Npas4",1.6512727
372,9735,KET-9-4_PFC_3.5_E_5.tif,KET-9-4_PFC_3.5_E,0-FFF-00006_WFA,"('0-FFF-00037_cFos', '0-FFF-00027_Npas4', '0-FFF-00006_WFA')",False,True,True,True,187.09,292.14,96.3054,184.1151,WFA,KET-9-4_PFC_3.5_E_5.tif,KET-9-4,FR1_SAL,KET-9,1.9117838,87.8097,105.1848,"WFA_coloc_w_cFos,Npas4",3.1798081
374,9737,KET-9-4_PFC_3.5_E_5.tif,KET-9-4_PFC_3.5_E,0-FFF-00008_WFA,"('0-FFF-00077_cFos', '0-FFF-00025_Npas4', '0-FFF-00008_WFA')",False,True,True,True,108.29,307.94,96.3054,91.2289,WFA,KET-9-4_PFC_3.5_E_5.tif,KET-9-4,FR1_SAL,KET-9,0.9472875,-5.0765,12.298599,"WFA_coloc_w_cFos,Npas4",0.37179506
376,9879,KET-9-4_PFC_3.7_C_5.tif,KET-9-4_PFC_3.7_C,0-FFF-00001_WFA,"('0-000-00002_PV', '0-FFF-00050_cFos', '0-FFF-00010_Npas4', '0-FFF-00001_WFA')",True,True,True,True,202.26,121.98,95.0303,91.5225,WFA,KET-9-4_PFC_3.7_C_5.tif,KET-9-4,FR1_SAL,KET-9,0.9630876,-3.5077972,13.867302,quad_WFA,0.419218
378,9881,KET-9-4_PFC_3.7_C_5.tif,KET-9-4_PFC_3.7_C,0-FFF-00003_WFA,"('0-000-00001_PV', '0-FFF-00036_cFos', '0-FFF-00025_Npas4', '0-FFF-00003_WFA')",True,True,True,True,376.77,127.55,95.0303,108.3773,WFA,KET-9-4_PFC_3.7_C_5.tif,KET-9-4,FR1_SAL,KET-9,1.14045,13.347,30.7221,quad_WFA,0.92875004
379,9882,KET-9-4_PFC_3.7_C_5.tif,KET-9-4_PFC_3.7_C,0-FFF-00004_WFA,"('0-FFF-00037_cFos', '0-FFF-00020_Npas4', '0-FFF-00004_WFA')",False,True,True,True,263.39,233.99,95.0303,108.2906,WFA,KET-9-4_PFC_3.7_C_5.tif,KET-9-4,FR1_SAL,KET-9,1.1395377,13.260307,30.635406,"WFA_coloc_w_cFos,Npas4",0.9261292
382,9885,KET-9-4_PFC_3.7_C_5.tif,KET-9-4_PFC_3.7_C,0-FFF-00007_WFA,"('0-FFF-00071_Npas4', '0-FFF-00007_WFA')",False,False,True,True,407.67,490.18,95.0303,99.3622,WFA,KET-9-4_PFC_3.7_C_5.tif,KET-9-4,FR1_SAL,KET-9,1.0455844,4.3319016,21.707,WFA_coloc_w_Npas4,0.65621746
383,9886,KET-9-4_PFC_3.7_C_5.tif,KET-9-4_PFC_3.7_C,0-FFF-00009_WFA,"('0-FFF-00043_cFos', '0-FFF-00062_Npas4', '0-FFF-00009_WFA')",False,True,True,True,481.51,366.1,95.0303,93.0938,WFA,KET-9-4_PFC_3.7_C_5.tif,KET-9-4,FR1_SAL,KET-9,0.97962236,-1.9364929,15.438606,"WFA_coloc_w_cFos,Npas4",0.4667196
389,10004,KET-9-4_PFC_3.7_D_5.tif,KET-9-4_PFC_3.7_D,0-FFF-00005_WFA,"('0-000-00004_PV', '0-005-00002_cFos', '0-200-00000_Npas4', '0-FFF-00005_WFA')",True,True,True,True,388.91,343.77,86.8195,171.0365,WFA,KET-9-4_PFC_3.7_D_5.tif,KET-9-4,FR1_SAL,KET-9,1.9700239,84.216995,101.592094,quad_WFA,3.0711982
391,10006,KET-9-4_PFC_3.7_D_5.tif,KET-9-4_PFC_3.7_D,0-FFF-00007_WFA,"('0-005-00004_cFos', '0-FFF-00036_Npas4', '0-FFF-00007_WFA')",False,True,True,True,59.51,433.14,86.8195,111.1331,WFA,KET-9-4_PFC_3.7_D_5.tif,KET-9-4,FR1_SAL,KET-9,1.2800477,24.313599,41.688698,"WFA_coloc_w_cFos,Npas4",1.2602777
394,10147,KET-9-4_PFC_4.0_A_5.tif,KET-9-4_PFC_4.0_A,0-FFF-00001_WFA,"('0-000-00005_PV', '0-005-00004_cFos', '0-FFF-00016_Npas4', '0-FFF-00001_WFA')",True,True,True,True,240.86,160.88,83.6668,107.2597,WFA,KET-9-4_PFC_4.0_A_5.tif,KET-9-4,FR1_SAL,KET-9,1.2819864,23.592896,40.967995,quad_WFA,1.2384905
398,10151,KET-9-4_PFC_4.0_A_5.tif,KET-9-4_PFC_4.0_A,0-FFF-00005_WFA,"('0-000-00004_PV', '0-FFF-00065_Npas4', '0-FFF-00005_WFA')",True,False,True,True,318.6,349.23,83.6668,95.6904,WFA,KET-9-4_PFC_4.0_A_5.tif,KET-9-4,FR1_SAL,KET-9,1.1437081,12.023598,29.398697,"WFA_coloc_w_PV,Npas4",0.8887427
399,10152,KET-9-4_PFC_4.0_A_5.tif,KET-9-4_PFC_4.0_A,0-FFF-00006_WFA,"('0-000-00002_PV', '0-FFF-00012_Npas4', '0-FFF-00006_WFA')",True,False,True,True,82.03,211.22,83.6668,78.7235,WFA,KET-9-4_PFC_4.0_A_5.tif,KET-9-4,FR1_SAL,KET-9,0.94091684,-4.9432983,12.431801,"WFA_coloc_w_PV,Npas4",0.37582183
400,10153,KET-9-4_PFC_4.0_A_5.tif,KET-9-4_PFC_4.0_A,0-FFF-00007_WFA,"('0-005-00009_cFos', '0-FFF-00080_Npas4', '0-FFF-00007_WFA')",False,True,True,True,36.66,423.2,83.6668,98.7949,WFA,KET-9-4_PFC_4.0_A_5.tif,KET-9-4,FR1_SAL,KET-9,1.1808137,15.128098,32.503197,"WFA_coloc_w_cFos,Npas4",0.98259383
405,10287,KET-9-4_PFC_4.0_B_5.tif,KET-9-4_PFC_4.0_B,0-FFF-00002_WFA,"('0-000-00000_PV', '0-005-00010_cFos', '0-FFF-00008_Npas4', '0-FFF-00002_WFA')",True,True,True,True,133.14,49.86,81.5757,86.7816,WFA,KET-9-4_PFC_4.0_B_5.tif,KET-9-4,FR1_SAL,KET-9,1.0638168,5.205902,22.581001,quad_WFA,0.68263906
407,10289,KET-9-4_PFC_4.0_B_5.tif,KET-9-4_PFC_4.0_B,0-FFF-00004_WFA,"('0-000-00004_PV', '0-FFF-00043_cFos', '0-FFF-00017_Npas4', '0-FFF-00004_WFA')",True,True,True,True,479.9,58.47,81.5757,80.6518,WFA,KET-9-4_PFC_4.0_B_5.tif,KET-9-4,FR1_SAL,KET-9,0.98867434,-0.9238968,16.451202,quad_WFA,0.49733108
411,10293,KET-9-4_PFC_4.0_B_5.tif,KET-9-4_PFC_4.0_B,0-FFF-00008_WFA,"('0-005-00008_cFos', '0-FFF-00034_Npas4', '0-FFF-00008_WFA')",False,True,True,True,397.02,244.52,81.5757,73.4739,WFA,KET-9-4_PFC_4.0_B_5.tif,KET-9-4,FR1_SAL,KET-9,0.90068364,-8.101799,9.2733,"WFA_coloc_w_cFos,Npas4",0.2803382
413,10381,KET-9-5_PFC_3.5_B_5.tif,KET-9-5_PFC_3.5_B,0-FFF-00002_WFA,"('0-000-00002_PV', '0-FFF-00038_cFos', '0-FFF-00018_Npas4', '0-FFF-00002_WFA')",True,True,True,True,257.84,498.52,90.3695,133.2845,WFA,KET-9-5_PFC_3.5_B_5.tif,KET-9-5,FR1_SAL,KET-9,1.4748837,42.915,60.2901,quad_WFA,1.8226109
419,10484,KET-9-5_PFC_3.5_C_5.tif,KET-9-5_PFC_3.5_C,0-FFF-00005_WFA,"('0-000-00006_PV', '0-FFF-00043_cFos', '0-FFF-00047_Npas4', '0-FFF-00005_WFA')",True,True,True,True,201.88,362.96,96.5136,99.285,WFA,KET-9-5_PFC_3.5_C_5.tif,KET-9-5,FR1_SAL,KET-9,1.0287151,2.7714005,20.1465,quad_WFA,0.6090424
424,10656,KET-9-5_PFC_3.5_D_5.tif,KET-9-5_PFC_3.5_D,0-FFF-00001_WFA,"('0-000-00003_PV', '0-005-00000_cFos', '0-FFF-00042_Npas4', '0-FFF-00001_WFA')",True,True,True,True,433.27,388.64,99.1741,95.7175,WFA,KET-9-5_PFC_3.5_D_5.tif,KET-9-5,FR1_SAL,KET-9,0.9651461,-3.456604,13.918495,quad_WFA,0.4207656
425,10657,KET-9-5_PFC_3.5_D_5.tif,KET-9-5_PFC_3.5_D,0-FFF-00002_WFA,"('0-005-00018_cFos', '0-FFF-00040_Npas4', '0-FFF-00002_WFA')",False,True,True,True,303.68,364.99,99.1741,109.3833,WFA,KET-9-5_PFC_3.5_D_5.tif,KET-9-5,FR1_SAL,KET-9,1.1029422,10.209198,27.584297,"WFA_coloc_w_cFos,Npas4",0.8338921
426,10658,KET-9-5_PFC_3.5_D_5.tif,KET-9-5_PFC_3.5_D,0-FFF-00003_WFA,"('0-FFF-00057_cFos', '0-FFF-00028_Npas4', '0-FFF-00003_WFA')",False,True,True,True,227.04,210.97,99.1741,121.5252,WFA,KET-9-5_PFC_3.5_D_5.tif,KET-9-5,FR1_SAL,KET-9,1.2253723,22.351097,39.726196,"WFA_coloc_w_cFos,Npas4",1.20095
427,10659,KET-9-5_PFC_3.5_D_5.tif,KET-9-5_PFC_3.5_D,0-FFF-00004_WFA,"('0-FFF-00061_cFos', '0-FFF-00020_Npas4', '0-FFF-00004_WFA')",False,True,True,True,374.74,165.71,99.1741,216.7804,WFA,KET-9-5_PFC_3.5_D_5.tif,KET-9-5,FR1_SAL,KET-9,2.1858568,117.60629,134.98138,"WFA_coloc_w_cFos,Npas4",4.0805793
430,10662,KET-9-5_PFC_3.5_D_5.tif,KET-9-5_PFC_3.5_D,0-FFF-00007_WFA,"('0-000-00000_PV', '0-FFF-00071_cFos', '0-FFF-00017_Npas4', '0-FFF-00007_WFA')",True,True,True,True,493.54,105.73,99.1741,85.2424,WFA,KET-9-5_PFC_3.5_D_5.tif,KET-9-5,FR1_SAL,KET-9,0.85952276,-13.931702,3.4433975,quad_WFA,0.104096256
431,10663,KET-9-5_PFC_3.5_D_5.tif,KET-9-5_PFC_3.5_D,0-FFF-00008_WFA,"('0-000-00004_PV', '0-005-00016_cFos', '0-200-00006_Npas4', '0-FFF-00008_WFA')",True,True,True,True,24.28,120.37,99.1741,92.9515,WFA,KET-9-5_PFC_3.5_D_5.tif,KET-9-5,FR1_SAL,KET-9,0.93725574,-6.222603,11.152496,quad_WFA,0.33714756
433,10665,KET-9-5_PFC_3.5_D_5.tif,KET-9-5_PFC_3.5_D,0-FFF-00010_WFA,"('0-FFF-00095_cFos', '0-FFF-00026_Npas4', '0-FFF-00010_WFA')",False,True,True,True,34.9,225.47,99.1741,192.6731,WFA,KET-9-5_PFC_3.5_D_5.tif,KET-9-5,FR1_SAL,KET-9,1.9427763,93.49899,110.87409,"WFA_coloc_w_cFos,Npas4",3.3517995
436,10841,KET-9-5_PFC_3.5_E_5.tif,KET-9-5_PFC_3.5_E,0-FFF-00001_WFA,"('0-FFF-00002_PV', '0-005-00030_cFos', '0-FFF-00018_Npas4', '0-FFF-00001_WFA')",True,True,True,True,362.01,12.81,105.4536,146.5316,WFA,KET-9-5_PFC_3.5_E_5.tif,KET-9-5,FR1_SAL,KET-9,1.3895363,41.078003,58.453102,quad_WFA,1.7670772
437,10842,KET-9-5_PFC_3.5_E_5.tif,KET-9-5_PFC_3.5_E,0-FFF-00002_WFA,"('0-000-00001_PV', '0-005-00014_cFos', '0-200-00011_Npas4', '0-FFF-00002_WFA')",True,True,True,True,413.95,16.72,105.4536,164.4275,WFA,KET-9-5_PFC_3.5_E_5.tif,KET-9-5,FR1_SAL,KET-9,1.5592403,58.973907,76.34901,quad_WFA,2.3080826
438,10843,KET-9-5_PFC_3.5_E_5.tif,KET-9-5_PFC_3.5_E,0-FFF-00003_WFA,"('0-005-00013_cFos', '0-FFF-00035_Npas4', '0-FFF-00003_WFA')",False,True,True,True,16.14,261.6,105.4536,95.5229,WFA,KET-9-5_PFC_3.5_E_5.tif,KET-9-5,FR1_SAL,KET-9,0.9058288,-9.930695,7.4444046,"WFA_coloc_w_cFos,Npas4",0.22504944
439,10844,KET-9-5_PFC_3.5_E_5.tif,KET-9-5_PFC_3.5_E,0-FFF-00004_WFA,"('0-005-00027_cFos', '0-FFF-00024_Npas4', '0-FFF-00004_WFA')",False,True,True,True,215.1,242.71,105.4536,286.149,WFA,KET-9-5_PFC_3.5_E_5.tif,KET-9-5,FR1_SAL,KET-9,2.7135062,180.69539,198.0705,"WFA_coloc_w_cFos,Npas4",5.9878063
442,10847,KET-9-5_PFC_3.5_E_5.tif,KET-9-5_PFC_3.5_E,0-FFF-00007_WFA,"('0-FFF-00034_Npas4', '0-FFF-00007_WFA')",False,False,True,True,241.52,156.41,105.4536,103.6197,WFA,KET-9-5_PFC_3.5_E_5.tif,KET-9-5,FR1_SAL,KET-9,0.9826094,-1.8339005,15.541199,WFA_coloc_w_Npas4,0.46982104
445,10850,KET-9-5_PFC_3.5_E_5.tif,KET-9-5_PFC_3.5_E,0-FFF-00010_WFA,"('0-005-00035_cFos', '0-FFF-00061_Npas4', '0-FFF-00010_WFA')",False,True,True,True,323.85,456.67,105.4536,107.1065,WFA,KET-9-5_PFC_3.5_E_5.tif,KET-9-5,FR1_SAL,KET-9,1.0156742,1.6529007,19.028,"WFA_coloc_w_cFos,Npas4",0.5752294
451,11014,KET-9-5_PFC_3.7_A_5.tif,KET-9-5_PFC_3.7_A,0-FFF-00005_WFA,"('0-FFF-00072_cFos', '0-FFF-00035_Npas4', '0-FFF-00005_WFA')",False,True,True,True,426.96,197.5,98.7051,94.3941,WFA,KET-9-5_PFC_3.7_A_5.tif,KET-9-5,FR1_SAL,KET-9,0.9563244,-4.3110046,13.064095,"WFA_coloc_w_cFos,Npas4",0.3949365
455,11018,KET-9-5_PFC_3.7_A_5.tif,KET-9-5_PFC_3.7_A,0-FFF-00009_WFA,"('0-FFF-00069_cFos', '0-FFF-00092_Npas4', '0-FFF-00009_WFA')",False,True,True,True,415.69,485.28,98.7051,91.7331,WFA,KET-9-5_PFC_3.7_A_5.tif,KET-9-5,FR1_SAL,KET-9,0.92936534,-6.972,10.403099,"WFA_coloc_w_cFos,Npas4",0.3144928
458,11218,KET-9-6_PFC_3.6_E_5.tif,KET-9-6_PFC_3.6_E,0-FFF-00003_WFA,"('0-000-00004_PV', '0-005-00017_cFos', '0-FFF-00063_Npas4', '0-FFF-00003_WFA')",True,True,True,True,215.66,216.78,96.0052,90.8425,WFA,KET-9-6_PFC_3.6_E_5.tif,KET-9-6,FR1_SAL,KET-9,0.94622475,-5.1627045,12.212395,quad_WFA,0.36918902
460,11220,KET-9-6_PFC_3.6_E_5.tif,KET-9-6_PFC_3.6_E,0-FFF-00005_WFA,"('0-005-00022_cFos', '0-FFF-00081_Npas4', '0-FFF-00005_WFA')",False,True,True,True,394.23,360.78,96.0052,112.2919,WFA,KET-9-6_PFC_3.6_E_5.tif,KET-9-6,FR1_SAL,KET-9,1.1696439,16.286697,33.661797,"WFA_coloc_w_cFos,Npas4",1.017619
462,11222,KET-9-6_PFC_3.6_E_5.tif,KET-9-6_PFC_3.6_E,0-FFF-00007_WFA,"('0-FFF-00063_cFos', '0-200-00003_Npas4', '0-FFF-00007_WFA')",False,True,True,True,336.03,361.95,96.0052,87.9605,WFA,KET-9-6_PFC_3.6_E_5.tif,KET-9-6,FR1_SAL,KET-9,0.9162056,-8.044701,9.330399,"WFA_coloc_w_cFos,Npas4",0.28206432
463,11438,KET-9-6_PFC_3.8_B_5.tif,KET-9-6_PFC_3.8_B,0-FFF-00001_WFA,"('0-005-00015_cFos', '0-FFF-00084_Npas4', '0-FFF-00001_WFA')",False,True,True,True,136.47,446.91,98.3939,86.7699,WFA,KET-9-6_PFC_3.8_B_5.tif,KET-9-6,FR1_SAL,KET-9,0.8818626,-11.624001,5.7510986,"WFA_coloc_w_cFos,Npas4",0.17385964
464,11439,KET-9-6_PFC_3.8_B_5.tif,KET-9-6_PFC_3.8_B,0-FFF-00002_WFA,"('0-000-00001_PV', '0-005-00017_cFos', '0-FFF-00102_Npas4', '0-FFF-00002_WFA')",True,True,True,True,345.55,448.91,98.3939,91.2108,WFA,KET-9-6_PFC_3.8_B_5.tif,KET-9-6,FR1_SAL,KET-9,0.9269965,-7.183098,10.192001,quad_WFA,0.30811116
465,11440,KET-9-6_PFC_3.8_B_5.tif,KET-9-6_PFC_3.8_B,0-FFF-00003_WFA,"('0-000-00002_PV', '0-005-00007_cFos', '0-200-00008_Npas4', '0-FFF-00003_WFA')",True,True,True,True,124.9,150.93,98.3939,94.0738,WFA,KET-9-6_PFC_3.8_B_5.tif,KET-9-6,FR1_SAL,KET-9,0.95609385,-4.320099,13.055,quad_WFA,0.39466158
466,11441,KET-9-6_PFC_3.8_B_5.tif,KET-9-6_PFC_3.8_B,0-FFF-00004_WFA,"('0-FFF-00003_PV', '0-FFF-00090_cFos', '0-FFF-00052_Npas4', '0-FFF-00004_WFA')",True,True,True,True,205.29,203.57,98.3939,86.835,WFA,KET-9-6_PFC_3.8_B_5.tif,KET-9-6,FR1_SAL,KET-9,0.88252425,-11.558899,5.8162003,quad_WFA,0.1758277
468,11443,KET-9-6_PFC_3.8_B_5.tif,KET-9-6_PFC_3.8_B,0-FFF-00006_WFA,"('0-FFF-00011_PV', '0-005-00031_cFos', '0-FFF-00025_Npas4', '0-FFF-00006_WFA')",True,True,True,True,348.17,10.67,98.3939,109.6976,WFA,KET-9-6_PFC_3.8_B_5.tif,KET-9-6,FR1_SAL,KET-9,1.1148821,11.303703,28.678802,quad_WFA,0.8669798
473,11633,KET-9-6_PFC_3.8_C_5.tif,KET-9-6_PFC_3.8_C,0-FFF-00003_WFA,"('0-000-00000_PV', '0-FFF-00075_cFos', '0-FFF-00053_Npas4', '0-FFF-00003_WFA')",True,True,True,True,85.35,178.96,101.5203,102.4129,WFA,KET-9-6_PFC_3.8_C_5.tif,KET-9-6,FR1_SAL,KET-9,1.0087923,0.892601,18.2677,quad_WFA,0.552245
475,11635,KET-9-6_PFC_3.8_C_5.tif,KET-9-6_PFC_3.8_C,0-FFF-00005_WFA,"('0-000-00001_PV', '0-005-00011_cFos', '0-FFF-00081_Npas4', '0-FFF-00005_WFA')",True,True,True,True,275.13,496.39,101.5203,96.6406,WFA,KET-9-6_PFC_3.8_C_5.tif,KET-9-6,FR1_SAL,KET-9,0.95193374,-4.8796997,12.495399,quad_WFA,0.37774444
476,11636,KET-9-6_PFC_3.8_C_5.tif,KET-9-6_PFC_3.8_C,0-FFF-00006_WFA,"('0-005-00057_cFos', '0-FFF-00052_Npas4', '0-FFF-00006_WFA')",False,True,True,True,153.43,210.75,101.5203,87.7618,WFA,KET-9-6_PFC_3.8_C_5.tif,KET-9-6,FR1_SAL,KET-9,0.86447537,-13.758499,3.6166,"WFA_coloc_w_cFos,Npas4",0.109332286
478,11638,KET-9-6_PFC_3.8_C_5.tif,KET-9-6_PFC_3.8_C,0-FFF-00009_WFA,"('0-FFF-00041_Npas4', '0-FFF-00009_WFA')",False,False,True,True,346.66,125.92,101.5203,89.2354,WFA,KET-9-6_PFC_3.8_C_5.tif,KET-9-6,FR1_SAL,KET-9,0.87899065,-12.2849045,5.0901947,WFA_coloc_w_Npas4,0.15388006
479,11803,KET-9-6_PFC_3.8_D_5.tif,KET-9-6_PFC_3.8_D,0-FFF-00001_WFA,"('0-005-00035_cFos', '0-FFF-00081_Npas4', '0-FFF-00001_WFA')",False,True,True,True,347.8,499.87,90.288,96.0201,WFA,KET-9-6_PFC_3.8_D_5.tif,KET-9-6,FR1_SAL,KET-9,1.0634868,5.7321014,23.1072,"WFA_coloc_w_cFos,Npas4",0.6985464
481,11805,KET-9-6_PFC_3.8_D_5.tif,KET-9-6_PFC_3.8_D,0-FFF-00003_WFA,"('0-FFF-00003_PV', '0-FFF-00069_cFos', '0-200-00011_Npas4', '0-FFF-00003_WFA')",True,True,True,True,392.85,16.42,90.288,125.5271,WFA,KET-9-6_PFC_3.8_D_5.tif,KET-9-6,FR1_SAL,KET-9,1.3902966,35.239098,52.614197,quad_WFA,1.590563
483,11991,KET-9-6_PFC_4.0_A_5.tif,KET-9-6_PFC_4.0_A,0-001-00000_WFA,"('0-005-00039_cFos', '0-FFF-00012_Npas4', '0-001-00000_WFA')",False,True,True,True,31.36,14.7,115.3648,134.4113,WFA,KET-9-6_PFC_4.0_A_5.tif,KET-9-6,FR1_SAL,KET-9,1.1650981,19.046501,36.4216,"WFA_coloc_w_cFos,Npas4",1.1010498
484,11992,KET-9-6_PFC_4.0_A_5.tif,KET-9-6_PFC_4.0_A,0-001-00001_WFA,"('0-005-00024_cFos', '0-FFF-00094_Npas4', '0-001-00001_WFA')",False,True,True,True,480.59,422.72,115.3648,100.7109,WFA,KET-9-6_PFC_4.0_A_5.tif,KET-9-6,FR1_SAL,KET-9,0.87297773,-14.6539,2.721199,"WFA_coloc_w_cFos,Npas4",0.0822637
487,11995,KET-9-6_PFC_4.0_A_5.tif,KET-9-6_PFC_4.0_A,0-FFF-00004_WFA,"('0-000-00001_PV', '0-005-00044_cFos', '0-FFF-00093_Npas4', '0-FFF-00004_WFA')",True,True,True,True,285.04,361.92,115.3648,110.6839,WFA,KET-9-6_PFC_4.0_A_5.tif,KET-9-6,FR1_SAL,KET-9,0.9594252,-4.6809006,12.694199,quad_WFA,0.38375428
488,11996,KET-9-6_PFC_4.0_A_5.tif,KET-9-6_PFC_4.0_A,0-FFF-00005_WFA,"('0-FFF-00068_cFos', '0-FFF-00045_Npas4', '0-FFF-00005_WFA')",False,True,True,True,294.04,179.86,115.3648,123.5429,WFA,KET-9-6_PFC_4.0_A_5.tif,KET-9-6,FR1_SAL,KET-9,1.070889,8.178101,25.5532,"WFA_coloc_w_cFos,Npas4",0.7724907
489,11997,KET-9-6_PFC_4.0_A_5.tif,KET-9-6_PFC_4.0_A,0-FFF-00006_WFA,"('0-005-00021_cFos', '0-FFF-00049_Npas4', '0-FFF-00006_WFA')",False,True,True,True,362.14,137.97,115.3648,104.0883,WFA,KET-9-6_PFC_4.0_A_5.tif,KET-9-6,FR1_SAL,KET-9,0.90225357,-11.276497,6.0986023,"WFA_coloc_w_cFos,Npas4",0.18436491
490,11998,KET-9-6_PFC_4.0_A_5.tif,KET-9-6_PFC_4.0_A,0-FFF-00007_WFA,"('0-000-00002_PV', '0-005-00058_cFos', '0-FFF-00034_Npas4', '0-FFF-00007_WFA')",True,True,True,True,46.3,213.21,115.3648,110.1187,WFA,KET-9-6_PFC_4.0_A_5.tif,KET-9-6,FR1_SAL,KET-9,0.954526,-5.2461014,12.128998,quad_WFA,0.36666787
492,12000,KET-9-6_PFC_4.0_A_5.tif,KET-9-6_PFC_4.0_A,0-FFF-00009_WFA,"('0-005-00004_cFos', '0-FFF-00051_Npas4', '0-FFF-00009_WFA')",False,True,True,True,437.69,83.21,115.3648,98.3632,WFA,KET-9-6_PFC_4.0_A_5.tif,KET-9-6,FR1_SAL,KET-9,0.85262746,-17.001602,0.373497,"WFA_coloc_w_cFos,Npas4",0.011291069
495,16313,PE-12-1_PFC_3.3_D_5.tif,PE-12-1_PFC_3.3_D,0-FFF-00007_WFA,"('0-000-00001_PV', '0-FFF-00052_cFos', '0-FFF-00021_Npas4', '0-FFF-00007_WFA')",True,True,True,True,414.51,81.89,115.666,111.7281,WFA,PE-12-1_PFC_3.3_D_5.tif,PE-12-1,FR1_KET,PE-12,0.9659546,-3.9378967,13.437202,quad_WFA,0.4062158
498,16531,PE-12-1_PFC_3.4_E_5.tif,PE-12-1_PFC_3.4_E,0-FFF-00005_WFA,"('0-000-00004_PV', '0-FFF-00081_Npas4', '0-FFF-00005_WFA')",True,False,True,True,88.8,261.7,110.9906,135.4657,WFA,PE-12-1_PFC_3.4_E_5.tif,PE-12-1,FR1_KET,PE-12,1.220515,24.475098,41.850197,"WFA_coloc_w_PV,Npas4",1.26516
500,16533,PE-12-1_PFC_3.4_E_5.tif,PE-12-1_PFC_3.4_E,0-FFF-00007_WFA,"('0-FFF-00141_Npas4', '0-FFF-00007_WFA')",False,False,True,True,37.03,493.58,110.9906,121.0717,WFA,PE-12-1_PFC_3.4_E_5.tif,PE-12-1,FR1_KET,PE-12,1.0908284,10.0811,27.4562,WFA_coloc_w_Npas4,0.83001965
502,16738,PE-12-1_PFC_3.5_C_5.tif,PE-12-1_PFC_3.5_C,0-FFF-00001_WFA,"('0-000-00003_PV', '0-FFF-00102_cFos', '0-FFF-00037_Npas4', '0-FFF-00001_WFA')",True,True,True,True,480.76,128.28,119.5114,107.214,WFA,PE-12-1_PFC_3.5_C_5.tif,PE-12-1,FR1_KET,PE-12,0.8971027,-12.297401,5.0776978,quad_WFA,0.15350227
503,16739,PE-12-1_PFC_3.5_C_5.tif,PE-12-1_PFC_3.5_C,0-FFF-00002_WFA,"('0-000-00009_PV', '0-005-00010_cFos', '0-FFF-00054_Npas4', '0-FFF-00002_WFA')",True,True,True,True,396.37,429.37,119.5114,117.8673,WFA,PE-12-1_PFC_3.5_C_5.tif,PE-12-1,FR1_KET,PE-12,0.9862432,-1.6440964,15.731003,quad_WFA,0.47555894
504,16740,PE-12-1_PFC_3.5_C_5.tif,PE-12-1_PFC_3.5_C,0-FFF-00003_WFA,"('0-000-00010_PV', '0-FFF-00104_cFos', '0-FFF-00051_Npas4', '0-FFF-00003_WFA')",True,True,True,True,425.77,467.42,119.5114,125.669,WFA,PE-12-1_PFC_3.5_C_5.tif,PE-12-1,FR1_KET,PE-12,1.0515231,6.1576004,23.5327,quad_WFA,0.71140957
507,16743,PE-12-1_PFC_3.5_C_5.tif,PE-12-1_PFC_3.5_C,0-FFF-00006_WFA,"('0-000-00002_PV', '0-FFF-00075_cFos', '0-FFF-00062_Npas4', '0-FFF-00006_WFA')",True,True,True,True,130.86,217.71,119.5114,110.4315,WFA,PE-12-1_PFC_3.5_C_5.tif,PE-12-1,FR1_KET,PE-12,0.9240249,-9.079895,8.295204,quad_WFA,0.25076967
510,16746,PE-12-1_PFC_3.5_C_5.tif,PE-12-1_PFC_3.5_C,0-FFF-00009_WFA,"('0-000-00011_PV', '0-FFF-00093_cFos', '0-FFF-00047_Npas4', '0-FFF-00009_WFA')",True,True,True,True,378.09,350.7,119.5114,107.6283,WFA,PE-12-1_PFC_3.5_C_5.tif,PE-12-1,FR1_KET,PE-12,0.9005694,-11.883095,5.4920044,quad_WFA,0.16602704
511,16884,PE-12-1_PFC_3.6_B_5.tif,PE-12-1_PFC_3.6_B,0-FFF-00004_WFA,"('0-000-00000_PV', '0-FFF-00044_Npas4', '0-FFF-00004_WFA')",True,False,True,True,156.63,378.87,107.5402,109.6371,WFA,PE-12-1_PFC_3.6_B_5.tif,PE-12-1,FR1_KET,PE-12,1.0194987,2.096901,19.472,"WFA_coloc_w_PV,Npas4",0.58865184
516,17060,PE-12-1_PFC_3.7_A_5.tif,PE-12-1_PFC_3.7_A,0-FFF-00001_WFA,"('0-000-00000_PV', '0-FFF-00018_Npas4', '0-FFF-00001_WFA')",True,False,True,True,117.81,72.7,110.0023,116.6278,WFA,PE-12-1_PFC_3.7_A_5.tif,PE-12-1,FR1_KET,PE-12,1.0602306,6.6255035,24.000603,"WFA_coloc_w_PV,Npas4",0.7255546
525,17355,PE-12-2_PFC_3.5_E_5.tif,PE-12-2_PFC_3.5_E,0-FFF-00002_WFA,"('0-000-00005_PV', '0-FFF-00066_Npas4', '0-FFF-00002_WFA')",True,False,True,True,315.18,388.68,109.3833,115.033,WFA,PE-12-2_PFC_3.5_E_5.tif,PE-12-2,FR1_KET,PE-12,1.0516504,5.6496964,23.024796,"WFA_coloc_w_PV,Npas4",0.6960553
526,17356,PE-12-2_PFC_3.5_E_5.tif,PE-12-2_PFC_3.5_E,0-FFF-00003_WFA,"('0-000-00004_PV', '0-005-00029_cFos', '0-FFF-00062_Npas4', '0-FFF-00003_WFA')",True,True,True,True,233.13,469.71,109.3833,114.7238,WFA,PE-12-2_PFC_3.5_E_5.tif,PE-12-2,FR1_KET,PE-12,1.0488237,5.3405,22.7156,quad_WFA,0.68670803
527,17357,PE-12-2_PFC_3.5_E_5.tif,PE-12-2_PFC_3.5_E,0-FFF-00004_WFA,"('0-000-00006_PV', '0-005-00001_cFos', '0-200-00001_Npas4', '0-FFF-00004_WFA')",True,True,True,True,436.09,446.77,109.3833,129.2683,WFA,PE-12-2_PFC_3.5_E_5.tif,PE-12-2,FR1_KET,PE-12,1.1817919,19.884995,37.260094,quad_WFA,1.1263981
529,17359,PE-12-2_PFC_3.5_E_5.tif,PE-12-2_PFC_3.5_E,0-FFF-00006_WFA,"('0-000-00002_PV', '0-FFF-00050_cFos', '0-FFF-00015_Npas4', '0-FFF-00006_WFA')",True,True,True,True,463.41,46.77,109.3833,104.3843,WFA,PE-12-2_PFC_3.5_E_5.tif,PE-12-2,FR1_KET,PE-12,0.9542983,-4.9990005,12.376099,quad_WFA,0.3741379
530,17360,PE-12-2_PFC_3.5_E_5.tif,PE-12-2_PFC_3.5_E,0-FFF-00007_WFA,"('0-FFF-00019_Npas4', '0-FFF-00007_WFA')",False,False,True,True,422.22,133.97,109.3833,94.7028,WFA,PE-12-2_PFC_3.5_E_5.tif,PE-12-2,FR1_KET,PE-12,0.86578846,-14.680504,2.6945953,WFA_coloc_w_Npas4,0.081459455
533,17515,PE-12-2_PFC_3.6_C_5.tif,PE-12-2_PFC_3.6_C,0-FFF-00003_WFA,"('0-000-00000_PV', '0-005-00022_cFos', '0-FFF-00015_Npas4', '0-FFF-00003_WFA')",True,True,True,True,285.66,313.71,121.8002,119.4701,WFA,PE-12-2_PFC_3.6_C_5.tif,PE-12-2,FR1_KET,PE-12,0.9808695,-2.330101,15.044998,quad_WFA,0.45482054
538,17520,PE-12-2_PFC_3.6_C_5.tif,PE-12-2_PFC_3.6_C,0-FFF-00008_WFA,"('0-000-00002_PV', '0-FFF-00019_Npas4', '0-FFF-00008_WFA')",True,False,True,True,111.22,360.62,121.8002,113.7321,WFA,PE-12-2_PFC_3.6_C_5.tif,PE-12-2,FR1_KET,PE-12,0.93375957,-8.0681,9.306999,"WFA_coloc_w_PV,Npas4",0.28135693
539,17521,PE-12-2_PFC_3.6_C_5.tif,PE-12-2_PFC_3.6_C,0-FFF-00009_WFA,"('0-FFF-00072_cFos', '0-FFF-00021_Npas4', '0-FFF-00009_WFA')",False,True,True,True,112.63,405.99,121.8002,148.6416,WFA,PE-12-2_PFC_3.6_C_5.tif,PE-12-2,FR1_KET,PE-12,1.2203724,26.8414,44.2165,"WFA_coloc_w_cFos,Npas4",1.336695
543,17678,PE-12-2_PFC_3.6_D_5.tif,PE-12-2_PFC_3.6_D,0-FFF-00001_WFA,"('0-000-00000_PV', '0-005-00026_cFos', '0-FFF-00019_Npas4', '0-FFF-00001_WFA')",True,True,True,True,156.71,114.75,106.2696,104.2988,WFA,PE-12-2_PFC_3.6_D_5.tif,PE-12-2,FR1_KET,PE-12,0.9814547,-1.9708023,15.404297,quad_WFA,0.46568242
547,17828,PE-12-2_PFC_3.7_A_5.tif,PE-12-2_PFC_3.7_A,0-FFF-00001_WFA,"('0-000-00002_PV', '0-FFF-00050_cFos', '0-FFF-00067_Npas4', '0-FFF-00001_WFA')",True,True,True,True,32.27,426.82,120.8757,114.5464,WFA,PE-12-2_PFC_3.7_A_5.tif,PE-12-2,FR1_KET,PE-12,0.947638,-6.3293,11.045799,quad_WFA,0.33392206
551,17832,PE-12-2_PFC_3.7_A_5.tif,PE-12-2_PFC_3.7_A,0-FFF-00005_WFA,"('0-000-00005_PV', '0-FFF-00044_cFos', '0-FFF-00045_Npas4', '0-FFF-00005_WFA')",True,True,True,True,199.38,333.42,120.8757,145.9523,WFA,PE-12-2_PFC_3.7_A_5.tif,PE-12-2,FR1_KET,PE-12,1.2074578,25.0766,42.4517,quad_WFA,1.2833438
552,17833,PE-12-2_PFC_3.7_A_5.tif,PE-12-2_PFC_3.7_A,0-FFF-00006_WFA,"('0-FFF-00070_Npas4', '0-FFF-00006_WFA')",False,False,True,True,291.88,315.25,120.8757,113.323,WFA,PE-12-2_PFC_3.7_A_5.tif,PE-12-2,FR1_KET,PE-12,0.93751675,-7.552704,9.822395,WFA_coloc_w_Npas4,0.2969377
557,18019,PE-12-7_PFC_3.5_E_5.tif,PE-12-7_PFC_3.5_E,0-FFF-00001_WFA,"('0-FFF-00013_Npas4', '0-FFF-00001_WFA')",False,False,True,True,217.44,121.05,118.6566,112.1534,WFA,PE-12-7_PFC_3.5_E_5.tif,PE-12-7,FR1_KET,PE-12,0.94519305,-6.5032043,10.871895,WFA_coloc_w_Npas4,0.3286648
559,18021,PE-12-7_PFC_3.5_E_5.tif,PE-12-7_PFC_3.5_E,0-FFF-00003_WFA,"('0-000-00006_PV', '0-005-00051_cFos', '0-200-00000_Npas4', '0-FFF-00003_WFA')",True,True,True,True,311.45,225.63,118.6566,128.3417,WFA,PE-12-7_PFC_3.5_E_5.tif,PE-12-7,FR1_KET,PE-12,1.081623,9.685104,27.060204,quad_WFA,0.8180484
561,18023,PE-12-7_PFC_3.5_E_5.tif,PE-12-7_PFC_3.5_E,0-FFF-00005_WFA,"('0-000-00004_PV', '0-FFF-00075_cFos', '0-FFF-00053_Npas4', '0-FFF-00005_WFA')",True,True,True,True,135.17,427.2,118.6566,136.1665,WFA,PE-12-7_PFC_3.5_E_5.tif,PE-12-7,FR1_KET,PE-12,1.1475679,17.509903,34.885002,quad_WFA,1.0545974
562,18024,PE-12-7_PFC_3.5_E_5.tif,PE-12-7_PFC_3.5_E,0-FFF-00006_WFA,"('0-000-00001_PV', '0-005-00015_cFos', '0-FFF-00056_Npas4', '0-FFF-00006_WFA')",True,True,True,True,142.83,464.03,118.6566,121.4625,WFA,PE-12-7_PFC_3.5_E_5.tif,PE-12-7,FR1_KET,PE-12,1.0236472,2.8059006,20.181,quad_WFA,0.61008537
563,18025,PE-12-7_PFC_3.5_E_5.tif,PE-12-7_PFC_3.5_E,0-FFF-00007_WFA,"('0-005-00001_cFos', '0-FFF-00064_Npas4', '0-FFF-00007_WFA')",False,True,True,True,306.4,448.17,118.6566,107.8582,WFA,PE-12-7_PFC_3.5_E_5.tif,PE-12-7,FR1_KET,PE-12,0.9089945,-10.798401,6.5766983,"WFA_coloc_w_cFos,Npas4",0.19881807
568,18199,PE-12-7_PFC_3.6_B_5.tif,PE-12-7_PFC_3.6_B,0-001-00002_WFA,"('0-000-00003_PV', '0-005-00044_cFos', '0-200-00000_Npas4', '0-001-00002_WFA')",True,True,True,True,329.6,498.15,121.9681,144.6261,WFA,PE-12-7_PFC_3.6_B_5.tif,PE-12-7,FR1_KET,PE-12,1.1857699,22.657997,40.033096,quad_WFA,1.2102278
569,18200,PE-12-7_PFC_3.6_B_5.tif,PE-12-7_PFC_3.6_B,0-001-00003_WFA,"('0-005-00053_cFos', '0-FFF-00013_Npas4', '0-001-00003_WFA')",False,True,True,True,283.01,109.67,121.9681,158.773,WFA,PE-12-7_PFC_3.6_B_5.tif,PE-12-7,FR1_KET,PE-12,1.3017584,36.804893,54.179993,"WFA_coloc_w_cFos,Npas4",1.6378981
572,18203,PE-12-7_PFC_3.6_B_5.tif,PE-12-7_PFC_3.6_B,0-FFF-00008_WFA,"('0-FFF-00016_Npas4', '0-FFF-00008_WFA')",False,False,True,True,355.54,30.22,121.9681,178.7521,WFA,PE-12-7_PFC_3.6_B_5.tif,PE-12-7,FR1_KET,PE-12,1.4655644,56.784004,74.1591,WFA_coloc_w_Npas4,2.2418802
579,18210,PE-12-7_PFC_3.6_B_5.tif,PE-12-7_PFC_3.6_B,0-FFF-00015_WFA,"('0-000-00011_PV', '0-005-00027_cFos', '0-FFF-00093_Npas4', '0-FFF-00015_WFA')",True,True,True,True,153.67,443.41,121.9681,150.2039,WFA,PE-12-7_PFC_3.6_B_5.tif,PE-12-7,FR1_KET,PE-12,1.2315016,28.235802,45.6109,quad_WFA,1.3788487
580,18404,PE-12-7_PFC_3.6_D_5.tif,PE-12-7_PFC_3.6_D,0-FFF-00001_WFA,"('0-000-00001_PV', '0-005-00039_cFos', '0-FFF-00054_Npas4', '0-FFF-00001_WFA')",True,True,True,True,423.85,284.07,120.7006,113.8114,WFA,PE-12-7_PFC_3.6_D_5.tif,PE-12-7,FR1_KET,PE-12,0.94292325,-6.8891983,10.485901,quad_WFA,0.31699595
582,18406,PE-12-7_PFC_3.6_D_5.tif,PE-12-7_PFC_3.6_D,0-FFF-00003_WFA,"('0-FFF-00065_Npas4', '0-FFF-00003_WFA')",False,False,True,True,179.45,339.03,120.7006,127.035,WFA,PE-12-7_PFC_3.6_D_5.tif,PE-12-7,FR1_KET,PE-12,1.0524803,6.334404,23.709503,WFA_coloc_w_Npas4,0.71675444
585,18409,PE-12-7_PFC_3.6_D_5.tif,PE-12-7_PFC_3.6_D,0-FFF-00006_WFA,"('0-000-00004_PV', '0-005-00010_cFos', '0-FFF-00060_Npas4', '0-FFF-00006_WFA')",True,True,True,True,316.75,271.65,120.7006,146.185,WFA,PE-12-7_PFC_3.6_D_5.tif,PE-12-7,FR1_KET,PE-12,1.2111373,25.484398,42.859497,quad_WFA,1.2956718
586,18410,PE-12-7_PFC_3.6_D_5.tif,PE-12-7_PFC_3.6_D,0-FFF-00007_WFA,"('0-000-00000_PV', '0-005-00028_cFos', '0-FFF-00059_Npas4', '0-FFF-00007_WFA')",True,True,True,True,344.73,329.52,120.7006,112.2859,WFA,PE-12-7_PFC_3.6_D_5.tif,PE-12-7,FR1_KET,PE-12,0.9302845,-8.414703,8.960396,quad_WFA,0.27087888
588,18553,PE-12-7_PFC_3.7_A_5.tif,PE-12-7_PFC_3.7_A,0-FFF-00002_WFA,"('0-000-00006_PV', '0-005-00024_cFos', '0-FFF-00039_Npas4', '0-FFF-00002_WFA')",True,True,True,True,122.57,199.35,114.7666,111.6146,WFA,PE-12-7_PFC_3.7_A_5.tif,PE-12-7,FR1_KET,PE-12,0.97253555,-3.1520004,14.223099,quad_WFA,0.429974
589,18554,PE-12-7_PFC_3.7_A_5.tif,PE-12-7_PFC_3.7_A,0-FFF-00003_WFA,"('0-000-00000_PV', '0-FFF-00050_Npas4', '0-FFF-00003_WFA')",True,False,True,True,155.26,245.29,114.7666,105.8829,WFA,PE-12-7_PFC_3.7_A_5.tif,PE-12-7,FR1_KET,PE-12,0.9225933,-8.883705,8.491394,"WFA_coloc_w_PV,Npas4",0.25670063
592,18557,PE-12-7_PFC_3.7_A_5.tif,PE-12-7_PFC_3.7_A,0-FFF-00006_WFA,"('0-000-00007_PV', '0-FFF-00059_cFos', '0-FFF-00007_Npas4', '0-FFF-00006_WFA')",True,True,True,True,140.33,61.0,114.7666,107.0362,WFA,PE-12-7_PFC_3.7_A_5.tif,PE-12-7,FR1_KET,PE-12,0.9326424,-7.7304,9.644699,quad_WFA,0.29156584
593,18558,PE-12-7_PFC_3.7_A_5.tif,PE-12-7_PFC_3.7_A,0-FFF-00007_WFA,"('0-005-00013_cFos', '0-200-00003_Npas4', '0-FFF-00007_WFA')",False,True,True,True,255.82,122.72,114.7666,115.5702,WFA,PE-12-7_PFC_3.7_A_5.tif,PE-12-7,FR1_KET,PE-12,1.007002,0.8035965,18.178696,"WFA_coloc_w_cFos,Npas4",0.54955435
594,18559,PE-12-7_PFC_3.7_A_5.tif,PE-12-7_PFC_3.7_A,0-FFF-00008_WFA,"('0-000-00001_PV', '0-FFF-00065_cFos', '0-FFF-00075_Npas4', '0-FFF-00008_WFA')",True,True,True,True,83.2,488.68,114.7666,117.5012,WFA,PE-12-7_PFC_3.7_A_5.tif,PE-12-7,FR1_KET,PE-12,1.0238274,2.7345963,20.109695,quad_WFA,0.6079298
598,18706,PE-12-7_PFC_3.7_C_5.tif,PE-12-7_PFC_3.7_C,0-FFF-00006_WFA,"('0-FFF-00055_Npas4', '0-FFF-00006_WFA')",False,False,True,True,149.74,263.78,120.9743,120.127,WFA,PE-12-7_PFC_3.7_C_5.tif,PE-12-7,FR1_KET,PE-12,0.99299604,-0.84729767,16.527802,WFA_coloc_w_Npas4,0.49964672
599,18707,PE-12-7_PFC_3.7_C_5.tif,PE-12-7_PFC_3.7_C,0-FFF-00007_WFA,"('0-000-00003_PV', '0-FFF-00067_cFos', '0-FFF-00037_Npas4', '0-FFF-00007_WFA')",True,True,True,True,493.92,237.73,120.9743,112.5961,WFA,PE-12-7_PFC_3.7_C_5.tif,PE-12-7,FR1_KET,PE-12,0.930744,-8.378197,8.996902,quad_WFA,0.2719825
600,18708,PE-12-7_PFC_3.7_C_5.tif,PE-12-7_PFC_3.7_C,0-FFF-00008_WFA,"('0-005-00021_cFos', '0-FFF-00035_Npas4', '0-FFF-00008_WFA')",False,True,True,True,412.56,207.94,120.9743,110.2952,WFA,PE-12-7_PFC_3.7_C_5.tif,PE-12-7,FR1_KET,PE-12,0.9117242,-10.6791,6.695999,"WFA_coloc_w_cFos,Npas4",0.20242462
610,18779,PE-13-11_PFC_3.3_C_5.tif,PE-13-11_PFC_3.3_C,0-FFF-00007_WFA,"('0-FFF-00035_Npas4', '0-FFF-00007_WFA')",False,False,True,True,184.24,425.39,93.9887,84.2358,WFA,PE-13-11_PFC_3.3_C_5.tif,PE-13-11,VR5_SAL,PE-13,0.89623326,-9.752899,7.6222,WFA_coloc_w_Npas4,0.2304243
611,18780,PE-13-11_PFC_3.3_C_5.tif,PE-13-11_PFC_3.3_C,0-FFF-00008_WFA,"('0-000-00003_PV', '0-FFF-00015_cFos', '0-FFF-00031_Npas4', '0-FFF-00008_WFA')",True,True,True,True,118.33,96.96,93.9887,83.8163,WFA,PE-13-11_PFC_3.3_C_5.tif,PE-13-11,VR5_SAL,PE-13,0.89176995,-10.172401,7.2026978,quad_WFA,0.21774247
633,18961,PE-13-11_PFC_3.5_E_5.tif,PE-13-11_PFC_3.5_E,0-FFF-00003_WFA,"('0-000-00002_PV', '0-FFF-00005_cFos', '0-FFF-00029_Npas4', '0-FFF-00003_WFA')",True,True,True,True,305.95,260.7,102.4137,97.669,WFA,PE-13-11_PFC_3.5_E_5.tif,PE-13-11,VR5_SAL,PE-13,0.9536713,-4.7446976,12.630402,quad_WFA,0.38182566
644,19069,PE-13-11_PFC_3.7_A_5.tif,PE-13-11_PFC_3.7_A,0-FFF-00005_WFA,"('0-FFF-00002_Npas4', '0-FFF-00005_WFA')",False,False,True,True,127.02,47.5,66.2545,63.7391,WFA,PE-13-11_PFC_3.7_A_5.tif,PE-13-11,VR5_SAL,PE-13,0.9620343,-2.5154,14.859699,WFA_coloc_w_Npas4,0.44921884
662,19327,PE-13-1_PFC_3.5_C_5.tif,PE-13-1_PFC_3.5_C,0-FFF-00001_WFA,"('0-000-00007_PV', '0-FFF-00062_cFos', '0-FFF-00028_Npas4', '0-FFF-00001_WFA')",True,True,True,True,273.05,292.74,123.0184,109.4364,WFA,PE-13-1_PFC_3.5_C_5.tif,PE-13-1,VR5_SAL,PE-13,0.8895937,-13.582001,3.7930984,quad_WFA,0.11466795
664,19329,PE-13-1_PFC_3.5_C_5.tif,PE-13-1_PFC_3.5_C,0-FFF-00003_WFA,"('0-005-00003_cFos', '0-200-00003_Npas4', '0-FFF-00003_WFA')",False,True,True,True,385.27,350.68,123.0184,111.0345,WFA,PE-13-1_PFC_3.5_C_5.tif,PE-13-1,VR5_SAL,PE-13,0.9025845,-11.983902,5.391197,"WFA_coloc_w_cFos,Npas4",0.16297957
668,19333,PE-13-1_PFC_3.5_C_5.tif,PE-13-1_PFC_3.5_C,0-FFF-00007_WFA,"('0-000-00001_PV', '0-FFF-00071_cFos', '0-FFF-00019_Npas4', '0-FFF-00007_WFA')",True,True,True,True,94.43,171.98,123.0184,127.807,WFA,PE-13-1_PFC_3.5_C_5.tif,PE-13-1,VR5_SAL,PE-13,1.0389259,4.788597,22.163696,quad_WFA,0.6700237
669,19334,PE-13-1_PFC_3.5_C_5.tif,PE-13-1_PFC_3.5_C,0-FFF-00008_WFA,"('0-000-00002_PV', '0-FFF-00022_Npas4', '0-FFF-00008_WFA')",True,False,True,True,174.9,206.2,123.0184,117.0455,WFA,PE-13-1_PFC_3.5_C_5.tif,PE-13-1,VR5_SAL,PE-13,0.95144707,-5.9729004,11.402199,"WFA_coloc_w_PV,Npas4",0.34469625
676,19527,PE-13-1_PFC_3.6_E_5.tif,PE-13-1_PFC_3.6_E,0-FFF-00003_WFA,"('0-000-00005_PV', '0-FFF-00054_Npas4', '0-FFF-00003_WFA')",True,False,True,True,18.88,231.1,125.3245,146.6528,WFA,PE-13-1_PFC_3.6_E_5.tif,PE-13-1,VR5_SAL,PE-13,1.1701846,21.3283,38.7034,"WFA_coloc_w_PV,Npas4",1.1700301
679,19530,PE-13-1_PFC_3.6_E_5.tif,PE-13-1_PFC_3.6_E,0-FFF-00006_WFA,"('0-000-00011_PV', '0-FFF-00039_Npas4', '0-FFF-00006_WFA')",True,False,True,True,276.96,213.72,125.3245,127.7617,WFA,PE-13-1_PFC_3.6_E_5.tif,PE-13-1,VR5_SAL,PE-13,1.0194471,2.4372025,19.812302,"WFA_coloc_w_PV,Npas4",0.5989394
680,19531,PE-13-1_PFC_3.6_E_5.tif,PE-13-1_PFC_3.6_E,0-FFF-00007_WFA,"('0-000-00006_PV', '0-FFF-00109_Npas4', '0-FFF-00007_WFA')",True,False,True,True,488.39,120.19,125.3245,131.1901,WFA,PE-13-1_PFC_3.6_E_5.tif,PE-13-1,VR5_SAL,PE-13,1.0468032,5.865593,23.240692,"WFA_coloc_w_PV,Npas4",0.702582
682,19533,PE-13-1_PFC_3.6_E_5.tif,PE-13-1_PFC_3.6_E,0-FFF-00009_WFA,"('0-000-00007_PV', '0-FFF-00103_Npas4', '0-FFF-00009_WFA')",True,False,True,True,94.2,489.88,125.3245,170.9374,WFA,PE-13-1_PFC_3.6_E_5.tif,PE-13-1,VR5_SAL,PE-13,1.3639582,45.612892,62.98799,"WFA_coloc_w_PV,Npas4",1.9041699
693,19681,PE-13-1_PFC_3.7_B_5.tif,PE-13-1_PFC_3.7_B,0-FFF-00010_WFA,"('0-000-00013_PV', '0-FFF-00017_cFos', '0-200-00010_Npas4', '0-FFF-00010_WFA')",True,True,True,True,416.71,166.44,122.2442,120.491,WFA,PE-13-1_PFC_3.7_B_5.tif,PE-13-1,VR5_SAL,PE-13,0.98565817,-1.7532043,15.621895,quad_WFA,0.47226053
696,19684,PE-13-1_PFC_3.7_B_5.tif,PE-13-1_PFC_3.7_B,0-FFF-00013_WFA,"('0-000-00010_PV', '0-FFF-00011_cFos', '0-FFF-00067_Npas4', '0-FFF-00013_WFA')",True,True,True,True,232.14,462.97,122.2442,133.6229,WFA,PE-13-1_PFC_3.7_B_5.tif,PE-13-1,VR5_SAL,PE-13,1.0930817,11.378693,28.753792,quad_WFA,0.8692467
697,19685,PE-13-1_PFC_3.7_B_5.tif,PE-13-1_PFC_3.7_B,0-FFF-00014_WFA,"('0-000-00000_PV', '0-FFF-00010_cFos', '0-FFF-00045_Npas4', '0-FFF-00014_WFA')",True,True,True,True,340.07,372.09,122.2442,125.313,WFA,PE-13-1_PFC_3.7_B_5.tif,PE-13-1,VR5_SAL,PE-13,1.0251038,3.0688019,20.443901,quad_WFA,0.61803305
700,19688,PE-13-1_PFC_3.7_B_5.tif,PE-13-1_PFC_3.7_B,0-FFF-00019_WFA,"('0-FFF-00030_Npas4', '0-FFF-00019_WFA')",False,False,True,True,325.09,176.03,122.2442,109.0372,WFA,PE-13-1_PFC_3.7_B_5.tif,PE-13-1,VR5_SAL,PE-13,0.8919622,-13.207001,4.1680984,WFA_coloc_w_Npas4,0.12600446
701,19837,PE-13-1_PFC_3.7_D_5.tif,PE-13-1_PFC_3.7_D,0-001-00001_WFA,"('0-000-00000_PV', '0-FFF-00067_Npas4', '0-001-00001_WFA')",True,False,True,True,480.89,427.57,110.2853,126.8577,WFA,PE-13-1_PFC_3.7_D_5.tif,PE-13-1,VR5_SAL,PE-13,1.1502684,16.572395,33.947495,"WFA_coloc_w_PV,Npas4",1.026256
702,19838,PE-13-1_PFC_3.7_D_5.tif,PE-13-1_PFC_3.7_D,0-001-00004_WFA,"('0-000-00003_PV', '0-005-00014_cFos', '0-FFF-00030_Npas4', '0-001-00004_WFA')",True,True,True,True,490.94,19.54,110.2853,111.1992,WFA,PE-13-1_PFC_3.7_D_5.tif,PE-13-1,VR5_SAL,PE-13,1.0082867,0.9139023,18.289001,quad_WFA,0.552889
705,19841,PE-13-1_PFC_3.7_D_5.tif,PE-13-1_PFC_3.7_D,0-FFF-00007_WFA,"('0-000-00007_PV', '0-FFF-00033_Npas4', '0-FFF-00007_WFA')",True,False,True,True,422.92,218.68,110.2853,125.5686,WFA,PE-13-1_PFC_3.7_D_5.tif,PE-13-1,VR5_SAL,PE-13,1.1385797,15.283302,32.6584,"WFA_coloc_w_PV,Npas4",0.98728573
706,19842,PE-13-1_PFC_3.7_D_5.tif,PE-13-1_PFC_3.7_D,0-FFF-00008_WFA,"('0-000-00001_PV', '0-FFF-00048_cFos', '0-FFF-00061_Npas4', '0-FFF-00008_WFA')",True,True,True,True,360.87,358.6,110.2853,121.1035,WFA,PE-13-1_PFC_3.7_D_5.tif,PE-13-1,VR5_SAL,PE-13,1.0980928,10.818199,28.193298,quad_WFA,0.8523027
712,19848,PE-13-1_PFC_3.7_D_5.tif,PE-13-1_PFC_3.7_D,0-FFF-00014_WFA,"('0-FFF-00054_Npas4', '0-FFF-00014_WFA')",False,False,True,True,183.78,322.83,110.2853,107.552,WFA,PE-13-1_PFC_3.7_D_5.tif,PE-13-1,VR5_SAL,PE-13,0.9752161,-2.7332993,14.6418,WFA_coloc_w_Npas4,0.4426316
717,19986,PE-13-1_PFC_3.9_A_5.tif,PE-13-1_PFC_3.9_A,0-FFF-00004_WFA,"('0-000-00000_PV', '0-200-00001_Npas4', '0-FFF-00004_WFA')",True,False,True,True,339.33,461.33,120.1853,132.9345,WFA,PE-13-1_PFC_3.9_A_5.tif,PE-13-1,VR5_SAL,PE-13,1.1060795,12.749191,30.12429,"WFA_coloc_w_PV,Npas4",0.91067785
718,19987,PE-13-1_PFC_3.9_A_5.tif,PE-13-1_PFC_3.9_A,0-FFF-00006_WFA,"('0-000-00002_PV', '0-FFF-00008_cFos', '0-FFF-00044_Npas4', '0-FFF-00006_WFA')",True,True,True,True,214.19,302.83,120.1853,136.2025,WFA,PE-13-1_PFC_3.9_A_5.tif,PE-13-1,VR5_SAL,PE-13,1.1332709,16.017197,33.392296,quad_WFA,1.0094719
720,19989,PE-13-1_PFC_3.9_A_5.tif,PE-13-1_PFC_3.9_A,0-FFF-00009_WFA,"('0-FFF-00045_Npas4', '0-FFF-00009_WFA')",False,False,True,True,171.87,293.47,120.1853,110.553,WFA,PE-13-1_PFC_3.9_A_5.tif,PE-13-1,VR5_SAL,PE-13,0.9198546,-9.632301,7.742798,WFA_coloc_w_Npas4,0.23407006
723,20140,PE-13-2_PFC_3.3_C_5.tif,PE-13-2_PFC_3.3_C,0-FFF-00003_WFA,"('0-000-00001_PV', '0-FFF-00057_Npas4', '0-FFF-00003_WFA')",True,False,True,True,277.44,223.05,100.7922,109.8017,WFA,PE-13-2_PFC_3.3_C_5.tif,PE-13-2,VR5_KET,PE-13,1.0893868,9.009499,26.384598,"WFA_coloc_w_PV,Npas4",0.7976244
731,20274,PE-13-2_PFC_3.3_D_5.tif,PE-13-2_PFC_3.3_D,0-FFF-00005_WFA,"('0-FFF-00072_Npas4', '0-FFF-00005_WFA')",False,False,True,True,166.54,318.76,113.3239,103.5632,WFA,PE-13-2_PFC_3.3_D_5.tif,PE-13-2,VR5_KET,PE-13,0.913869,-9.760696,7.614403,WFA_coloc_w_Npas4,0.2301886
744,20397,PE-13-2_PFC_3.5_B_5.tif,PE-13-2_PFC_3.5_B,0-FFF-00006_WFA,"('0-000-00000_PV', '0-FFF-00020_Npas4', '0-FFF-00006_WFA')",True,False,True,True,361.79,173.01,101.4327,103.6793,WFA,PE-13-2_PFC_3.5_B_5.tif,PE-13-2,VR5_KET,PE-13,1.0221486,2.2465973,19.621696,"WFA_coloc_w_PV,Npas4",0.59317726
753,20557,PE-13-2_PFC_3.5_E_5.tif,PE-13-2_PFC_3.5_E,0-FFF-00006_WFA,"('0-000-00000_PV', '0-FFF-00055_cFos', '0-FFF-00064_Npas4', '0-FFF-00006_WFA')",True,True,True,True,372.84,422.23,97.923,95.7536,WFA,PE-13-2_PFC_3.5_E_5.tif,PE-13-2,VR5_KET,PE-13,0.9778459,-2.1693954,15.205704,quad_WFA,0.4596788
756,20741,PE-13-2_PFC_3.7_A_5.tif,PE-13-2_PFC_3.7_A,0-FFF-00003_WFA,"('0-000-00003_PV', '0-FFF-00070_Npas4', '0-FFF-00003_WFA')",True,False,True,True,29.2,330.73,98.4533,98.4435,WFA,PE-13-2_PFC_3.7_A_5.tif,PE-13-2,VR5_KET,PE-13,0.9999004,-0.009803772,17.365295,"WFA_coloc_w_PV,Npas4",0.52496475
759,20744,PE-13-2_PFC_3.7_A_5.tif,PE-13-2_PFC_3.7_A,0-FFF-00006_WFA,"('0-FFF-00071_cFos', '0-FFF-00075_Npas4', '0-FFF-00006_WFA')",False,True,True,True,20.53,435.86,98.4533,103.1151,WFA,PE-13-2_PFC_3.7_A_5.tif,PE-13-2,VR5_KET,PE-13,1.0473503,4.6617966,22.036896,"WFA_coloc_w_cFos,Npas4",0.6661904
761,20847,PE-13-3_PFC_3.3_E_5.tif,PE-13-3_PFC_3.3_E,0-FFF-00002_WFA,"('0-000-00005_PV', '0-FFF-00023_cFos', '0-FFF-00045_Npas4', '0-FFF-00002_WFA')",True,True,True,True,320.42,261.63,78.668,74.526,WFA,PE-13-3_PFC_3.3_E_5.tif,PE-13-3,VR5_KET,PE-13,0.94734836,-4.1419983,13.233101,quad_WFA,0.40004566
762,20848,PE-13-3_PFC_3.3_E_5.tif,PE-13-3_PFC_3.3_E,0-FFF-00003_WFA,"('0-000-00001_PV', '0-FFF-00024_cFos', '0-FFF-00035_Npas4', '0-FFF-00003_WFA')",True,True,True,True,98.33,366.27,78.668,73.4531,WFA,PE-13-3_PFC_3.3_E_5.tif,PE-13-3,VR5_KET,PE-13,0.93371004,-5.214897,12.160202,quad_WFA,0.3676112
763,20849,PE-13-3_PFC_3.3_E_5.tif,PE-13-3_PFC_3.3_E,0-FFF-00004_WFA,"('0-FFF-00055_Npas4', '0-FFF-00004_WFA')",False,False,True,True,98.73,455.59,78.668,80.3609,WFA,PE-13-3_PFC_3.3_E_5.tif,PE-13-3,VR5_KET,PE-13,1.0215195,1.6929016,19.068,WFA_coloc_w_Npas4,0.57643867
765,20851,PE-13-3_PFC_3.3_E_5.tif,PE-13-3_PFC_3.3_E,0-FFF-00006_WFA,"('0-FFF-00027_cFos', '0-FFF-00062_Npas4', '0-FFF-00006_WFA')",False,True,True,True,355.7,423.96,78.668,69.5523,WFA,PE-13-3_PFC_3.3_E_5.tif,PE-13-3,VR5_KET,PE-13,0.8841244,-9.1157,8.259399,"WFA_coloc_w_cFos,Npas4",0.24968728
769,20975,PE-13-3_PFC_3.5_C_5.tif,PE-13-3_PFC_3.5_C,0-FFF-00004_WFA,"('0-000-00003_PV', '0-FFF-00024_Npas4', '0-FFF-00004_WFA')",True,False,True,True,115.24,196.63,105.2205,111.7162,WFA,PE-13-3_PFC_3.5_C_5.tif,PE-13-3,VR5_KET,PE-13,1.0617342,6.4957047,23.870804,"WFA_coloc_w_PV,Npas4",0.7216307
770,20976,PE-13-3_PFC_3.5_C_5.tif,PE-13-3_PFC_3.5_C,0-FFF-00005_WFA,"('0-000-00009_PV', '0-FFF-00013_Npas4', '0-FFF-00005_WFA')",True,False,True,True,382.61,71.59,105.2205,123.4198,WFA,PE-13-3_PFC_3.5_C_5.tif,PE-13-3,VR5_KET,PE-13,1.1729635,18.199303,35.5744,"WFA_coloc_w_PV,Npas4",1.0754384
773,20979,PE-13-3_PFC_3.5_C_5.tif,PE-13-3_PFC_3.5_C,0-FFF-00008_WFA,"('0-000-00006_PV', '0-FFF-00053_Npas4', '0-FFF-00008_WFA')",True,False,True,True,379.06,207.3,105.2205,102.9226,WFA,PE-13-3_PFC_3.5_C_5.tif,PE-13-3,VR5_KET,PE-13,0.9781611,-2.2978973,15.077202,"WFA_coloc_w_PV,Npas4",0.4557941
774,21082,PE-13-3_PFC_3.5_D_5.tif,PE-13-3_PFC_3.5_D,0-FFF-00001_WFA,"('0-000-00003_PV', '0-FFF-00025_Npas4', '0-FFF-00001_WFA')",True,False,True,True,479.94,192.51,83.1509,75.6297,WFA,PE-13-3_PFC_3.5_D_5.tif,PE-13-3,VR5_KET,PE-13,0.90954757,-7.521202,9.853897,"WFA_coloc_w_PV,Npas4",0.29789004
776,21084,PE-13-3_PFC_3.5_D_5.tif,PE-13-3_PFC_3.5_D,0-FFF-00004_WFA,"('0-000-00004_PV', '0-FFF-00031_cFos', '0-FFF-00081_Npas4', '0-FFF-00004_WFA')",True,True,True,True,210.13,169.75,83.1509,79.9289,WFA,PE-13-3_PFC_3.5_D_5.tif,PE-13-3,VR5_KET,PE-13,0.9612512,-3.2220001,14.153099,quad_WFA,0.42785785
782,21271,PE-13-3_PFC_3.7_A_5.tif,PE-13-3_PFC_3.7_A,0-FFF-00002_WFA,"('0-FFF-00022_Npas4', '0-FFF-00002_WFA')",False,False,True,True,124.36,21.78,102.9745,97.7064,WFA,PE-13-3_PFC_3.7_A_5.tif,PE-13-3,VR5_KET,PE-13,0.9488407,-5.2681046,12.106995,WFA_coloc_w_Npas4,0.3660027
787,21276,PE-13-3_PFC_3.7_A_5.tif,PE-13-3_PFC_3.7_A,0-FFF-00007_WFA,"('0-000-00001_PV', '0-FFF-00048_cFos', '0-FFF-00099_Npas4', '0-FFF-00007_WFA')",True,True,True,True,414.74,382.17,102.9745,90.7725,WFA,PE-13-3_PFC_3.7_A_5.tif,PE-13-3,VR5_KET,PE-13,0.8815046,-12.2020035,5.1730957,quad_WFA,0.15638621
792,21281,PE-13-3_PFC_3.7_A_5.tif,PE-13-3_PFC_3.7_A,0-FFF-00012_WFA,"('0-000-00006_PV', '0-FFF-00087_Npas4', '0-FFF-00012_WFA')",True,False,True,True,492.94,236.88,102.9745,93.7345,WFA,PE-13-3_PFC_3.7_A_5.tif,PE-13-3,VR5_KET,PE-13,0.910269,-9.2400055,8.135094,"WFA_coloc_w_PV,Npas4",0.24592943
794,21283,PE-13-3_PFC_3.7_A_5.tif,PE-13-3_PFC_3.7_A,0-FFF-00014_WFA,"('0-000-00011_PV', '0-FFF-00032_Npas4', '0-FFF-00014_WFA')",True,False,True,True,468.67,90.34,102.9745,91.7554,WFA,PE-13-3_PFC_3.7_A_5.tif,PE-13-3,VR5_KET,PE-13,0.89104974,-11.219101,6.155998,"WFA_coloc_w_PV,Npas4",0.18610002
797,21431,PE-13-3_PFC_3.7_B_5.tif,PE-13-3_PFC_3.7_B,0-FFF-00003_WFA,"('0-000-00001_PV', '0-FFF-00054_cFos', '0-200-00006_Npas4', '0-FFF-00003_WFA')",True,True,True,True,139.98,97.95,108.9096,96.483,WFA,PE-13-3_PFC_3.7_B_5.tif,PE-13-3,VR5_KET,PE-13,0.8858999,-12.426598,4.9485016,quad_WFA,0.14959657
801,21435,PE-13-3_PFC_3.7_B_5.tif,PE-13-3_PFC_3.7_B,0-FFF-00007_WFA,"('0-000-00005_PV', '0-FFF-00037_cFos', '0-FFF-00066_Npas4', '0-FFF-00007_WFA')",True,True,True,True,339.52,359.19,108.9096,93.2711,WFA,PE-13-3_PFC_3.7_B_5.tif,PE-13-3,VR5_KET,PE-13,0.8564085,-15.638496,1.7366028,quad_WFA,0.052498687
802,21522,PE-13-6_PFC_3.5_C_5.tif,PE-13-6_PFC_3.5_C,0-FFF-00001_WFA,"('0-FFF-00049_Npas4', '0-FFF-00001_WFA')",False,False,True,True,99.31,471.16,84.0866,75.3989,WFA,PE-13-6_PFC_3.5_C_5.tif,PE-13-6,VR5_KET,PE-13,0.89668155,-8.687698,8.687401,WFA_coloc_w_Npas4,0.26262605
803,21523,PE-13-6_PFC_3.5_C_5.tif,PE-13-6_PFC_3.5_C,0-FFF-00002_WFA,"('0-000-00000_PV', '0-FFF-00053_cFos', '0-200-00001_Npas4', '0-FFF-00002_WFA')",True,True,True,True,322.49,433.89,84.0866,83.4392,WFA,PE-13-6_PFC_3.5_C_5.tif,PE-13-6,VR5_KET,PE-13,0.9923008,-0.6473999,16.7277,quad_WFA,0.50568974
814,21704,PE-13-6_PFC_3.6_D_5.tif,PE-13-6_PFC_3.6_D,0-FFF-00005_WFA,"('0-000-00000_PV', '0-FFF-00086_Npas4', '0-FFF-00005_WFA')",True,False,True,True,302.2,433.89,103.0451,109.243,WFA,PE-13-6_PFC_3.6_D_5.tif,PE-13-6,VR5_KET,PE-13,1.0601474,6.197899,23.572998,"WFA_coloc_w_PV,Npas4",0.7126278
815,21705,PE-13-6_PFC_3.6_D_5.tif,PE-13-6_PFC_3.6_D,0-FFF-00006_WFA,"('0-000-00009_PV', '0-FFF-00047_Npas4', '0-FFF-00006_WFA')",True,False,True,True,489.32,256.35,103.0451,93.541,WFA,PE-13-6_PFC_3.6_D_5.tif,PE-13-6,VR5_KET,PE-13,0.9077676,-9.504097,7.871002,"WFA_coloc_w_PV,Npas4",0.23794577
819,21859,PE-13-6_PFC_3.7_A_5.tif,PE-13-6_PFC_3.7_A,0-FFF-00003_WFA,"('0-000-00002_PV', '0-FFF-00026_cFos', '0-FFF-00064_Npas4', '0-FFF-00003_WFA')",True,True,True,True,398.17,173.61,120.1883,103.2704,WFA,PE-13-6_PFC_3.7_A_5.tif,PE-13-6,VR5_KET,PE-13,0.8592384,-16.9179,0.4571991,quad_WFA,0.013821441
822,21862,PE-13-6_PFC_3.7_A_5.tif,PE-13-6_PFC_3.7_A,0-FFF-00006_WFA,"('0-000-00011_PV', '0-FFF-00025_cFos', '0-FFF-00068_Npas4', '0-FFF-00006_WFA')",True,True,True,True,422.09,278.25,120.1883,112.5135,WFA,PE-13-6_PFC_3.7_A_5.tif,PE-13-6,VR5_KET,PE-13,0.9361435,-7.6748047,9.7002945,quad_WFA,0.2932465
823,21863,PE-13-6_PFC_3.7_A_5.tif,PE-13-6_PFC_3.7_A,0-FFF-00007_WFA,"('0-FFF-00032_cFos', '0-FFF-00074_Npas4', '0-FFF-00007_WFA')",False,True,True,True,477.86,315.72,120.1883,105.1816,WFA,PE-13-6_PFC_3.7_A_5.tif,PE-13-6,VR5_KET,PE-13,0.87514013,-15.006699,2.3684006,"WFA_coloc_w_cFos,Npas4",0.071598366
824,21864,PE-13-6_PFC_3.7_A_5.tif,PE-13-6_PFC_3.7_A,0-FFF-00008_WFA,"('0-000-00007_PV', '0-FFF-00007_cFos', '0-FFF-00032_Npas4', '0-FFF-00008_WFA')",True,True,True,True,234.22,178.75,120.1883,126.1616,WFA,PE-13-6_PFC_3.7_A_5.tif,PE-13-6,VR5_KET,PE-13,1.0496995,5.973297,23.348396,quad_WFA,0.70583797
828,21868,PE-13-6_PFC_3.7_A_5.tif,PE-13-6_PFC_3.7_A,0-FFF-00013_WFA,"('0-000-00009_PV', '0-FFF-00013_cFos', '0-FFF-00043_Npas4', '0-FFF-00013_WFA')",True,True,True,True,77.71,296.5,120.1883,104.1654,WFA,PE-13-6_PFC_3.7_A_5.tif,PE-13-6,VR5_KET,PE-13,0.866685,-16.022903,1.3521957,quad_WFA,0.0408778
829,21952,PE-13-6_PFC_3.7_B_5.tif,PE-13-6_PFC_3.7_B,0-FFF-00001_WFA,"('0-000-00001_PV', '0-FFF-00011_cFos', '0-200-00001_Npas4', '0-FFF-00001_WFA')",True,True,True,True,220.43,129.35,84.7644,88.1055,WFA,PE-13-6_PFC_3.7_B_5.tif,PE-13-6,VR5_KET,PE-13,1.0394163,3.3411026,20.716202,quad_WFA,0.6262649
833,21956,PE-13-6_PFC_3.7_B_5.tif,PE-13-6_PFC_3.7_B,0-FFF-00005_WFA,"('0-FFF-00035_cFos', '0-FFF-00033_Npas4', '0-FFF-00005_WFA')",False,True,True,True,323.33,192.35,84.7644,114.4899,WFA,PE-13-6_PFC_3.7_B_5.tif,PE-13-6,VR5_KET,PE-13,1.3506838,29.725502,47.1006,"WFA_coloc_w_cFos,Npas4",1.4238833
841,21964,PE-13-6_PFC_3.7_B_5.tif,PE-13-6_PFC_3.7_B,0-FFF-00013_WFA,"('0-FFF-00033_cFos', '0-FFF-00035_Npas4', '0-FFF-00013_WFA')",False,True,True,True,249.12,225.66,84.7644,77.1339,WFA,PE-13-6_PFC_3.7_B_5.tif,PE-13-6,VR5_KET,PE-13,0.90998,-7.630493,9.744606,"WFA_coloc_w_cFos,Npas4",0.2945861
845,22107,PE-13-6_PFC_3.7_E_5.tif,PE-13-6_PFC_3.7_E,0-FFF-00002_WFA,"('0-FFF-00062_Npas4', '0-FFF-00002_WFA')",False,False,True,True,144.27,145.97,105.8624,98.0926,WFA,PE-13-6_PFC_3.7_E_5.tif,PE-13-6,VR5_KET,PE-13,0.92660475,-7.7697983,9.605301,WFA_coloc_w_Npas4,0.2903748
846,22108,PE-13-6_PFC_3.7_E_5.tif,PE-13-6_PFC_3.7_E,0-FFF-00003_WFA,"('0-000-00006_PV', '0-FFF-00041_Npas4', '0-FFF-00003_WFA')",True,False,True,True,220.49,233.43,105.8624,109.9965,WFA,PE-13-6_PFC_3.7_E_5.tif,PE-13-6,VR5_KET,PE-13,1.0390517,4.134102,21.509201,"WFA_coloc_w_PV,Npas4",0.6502378
848,22110,PE-13-6_PFC_3.7_E_5.tif,PE-13-6_PFC_3.7_E,0-FFF-00005_WFA,"('0-000-00000_PV', '0-FFF-00018_cFos', '0-FFF-00030_Npas4', '0-FFF-00005_WFA')",True,True,True,True,384.34,178.93,105.8624,108.7853,WFA,PE-13-6_PFC_3.7_E_5.tif,PE-13-6,VR5_KET,PE-13,1.0276104,2.922905,20.298004,quad_WFA,0.6136225
849,22111,PE-13-6_PFC_3.7_E_5.tif,PE-13-6_PFC_3.7_E,0-FFF-00006_WFA,"('0-000-00005_PV', '0-FFF-00071_Npas4', '0-FFF-00006_WFA')",True,False,True,True,371.26,362.38,105.8624,105.6288,WFA,PE-13-6_PFC_3.7_E_5.tif,PE-13-6,VR5_KET,PE-13,0.9977934,-0.2335968,17.141502,"WFA_coloc_w_PV,Npas4",0.5181993
856,22245,PE-13-9_PFC_3.3_C_5.tif,PE-13-9_PFC_3.3_C,0-FFF-00001_WFA,"('0-FFF-00040_Npas4', '0-FFF-00001_WFA')",False,False,True,True,267.37,259.0,97.5965,96.0467,WFA,PE-13-9_PFC_3.3_C_5.tif,PE-13-9,VR5_SAL,PE-13,0.98412037,-1.549797,15.825302,WFA_coloc_w_Npas4,0.47840968
859,22248,PE-13-9_PFC_3.3_C_5.tif,PE-13-9_PFC_3.3_C,0-FFF-00004_WFA,"('0-000-00004_PV', '0-FFF-00057_Npas4', '0-FFF-00004_WFA')",True,False,True,True,139.31,299.08,97.5965,92.7741,WFA,PE-13-9_PFC_3.3_C_5.tif,PE-13-9,VR5_SAL,PE-13,0.95058846,-4.8223953,12.552704,"WFA_coloc_w_PV,Npas4",0.37947682
861,22250,PE-13-9_PFC_3.3_C_5.tif,PE-13-9_PFC_3.3_C,0-FFF-00006_WFA,"('0-000-00003_PV', '0-FFF-00022_cFos', '0-FFF-00060_Npas4', '0-FFF-00006_WFA')",True,True,True,True,189.75,360.93,97.5965,91.9149,WFA,PE-13-9_PFC_3.3_C_5.tif,PE-13-9,VR5_SAL,PE-13,0.94178486,-5.681595,11.693504,quad_WFA,0.3535026
866,22255,PE-13-9_PFC_3.3_C_5.tif,PE-13-9_PFC_3.3_C,0-FFF-00012_WFA,"('0-000-00007_PV', '0-FFF-00014_cFos', '0-FFF-00005_Npas4', '0-FFF-00012_WFA')",True,True,True,True,46.56,62.65,97.5965,94.5136,WFA,PE-13-9_PFC_3.3_C_5.tif,PE-13-9,VR5_SAL,PE-13,0.96841186,-3.0828934,14.292206,quad_WFA,0.43206313
869,22380,PE-13-9_PFC_3.4_D_5.tif,PE-13-9_PFC_3.4_D,0-FFF-00001_WFA,"('0-FFF-00010_PV', '0-FFF-00043_cFos', '0-FFF-00060_Npas4', '0-FFF-00001_WFA')",True,True,True,True,212.44,310.97,104.9547,101.8504,WFA,PE-13-9_PFC_3.4_D_5.tif,PE-13-9,VR5_SAL,PE-13,0.9704225,-3.1042938,14.270805,quad_WFA,0.43141618
876,22387,PE-13-9_PFC_3.4_D_5.tif,PE-13-9_PFC_3.4_D,0-FFF-00008_WFA,"('0-000-00003_PV', '0-FFF-00028_cFos', '0-FFF-00011_Npas4', '0-FFF-00008_WFA')",True,True,True,True,366.21,25.36,104.9547,142.4022,WFA,PE-13-9_PFC_3.4_D_5.tif,PE-13-9,VR5_SAL,PE-13,1.3567969,37.44751,54.82261,quad_WFA,1.6573249
889,22673,PE-13-9_PFC_4.0_A_5.tif,PE-13-9_PFC_4.0_A,0-FFF-00004_WFA,"('0-000-00000_PV', '0-FFF-00061_Npas4', '0-FFF-00004_WFA')",True,False,True,True,247.04,285.38,109.6298,100.64,WFA,PE-13-9_PFC_4.0_A_5.tif,PE-13-9,VR5_SAL,PE-13,0.91799855,-8.9897995,8.3853,"WFA_coloc_w_PV,Npas4",0.25349334
891,22786,PE-13-9_PFC_4.0_B_5.tif,PE-13-9_PFC_4.0_B,0-FFF-00001_WFA,"('0-000-00001_PV', '0-FFF-00039_Npas4', '0-FFF-00001_WFA')",True,False,True,True,299.92,223.79,109.6097,102.2218,WFA,PE-13-9_PFC_4.0_B_5.tif,PE-13-9,VR5_SAL,PE-13,0.9325981,-7.3879013,9.987198,"WFA_coloc_w_PV,Npas4",0.30191982
902,22797,PE-13-9_PFC_4.0_B_5.tif,PE-13-9_PFC_4.0_B,0-FFF-00012_WFA,"('0-000-00000_PV', '0-FFF-00002_Npas4', '0-FFF-00012_WFA')",True,False,True,True,203.68,49.91,109.6097,112.7066,WFA,PE-13-9_PFC_4.0_B_5.tif,PE-13-9,VR5_SAL,PE-13,1.0282538,3.0968933,20.471992,"WFA_coloc_w_PV,Npas4",0.6188823
