,index,filename,image_name,roi_id,true_grouping,dummy_PV,dummy_cFos,dummy_Npas4,dummy_WFA,CoM_x,CoM_y,background,mean_intensity,stain_type,filename,rat_n,treatment,group_name,snr,mean-background,adjusted_mean-background,coloc_stain_type,norm_adjusted_mean-background
0,0,KET-10-12_PFC_3.7_A_2.tif,KET-10-12_PFC_3.7_A,0-000-00000_PV,"('0-000-00000_PV', '0-FFF-00045_Npas4', '0-FFF-00004_WFA')",True,False,True,True,297.86,425.97,238.8715,536.8331,PV,KET-10-12_PFC_3.7_A_2.tif,KET-10-12,FR1_KET,KET-10,2.247372,297.9616,382.7246,"PV_coloc_w_Npas4,WFA",1.4643306
2,2,KET-10-12_PFC_3.7_A_2.tif,KET-10-12_PFC_3.7_A,0-000-00002_PV,"('0-000-00002_PV', '0-FFF-00044_Npas4', '0-FFF-00005_WFA')",True,False,True,True,154.85,476.15,238.8715,324.0556,PV,KET-10-12_PFC_3.7_A_2.tif,KET-10-12,FR1_KET,KET-10,1.3566105,85.1841,169.9471,"PV_coloc_w_Npas4,WFA",0.6502292
3,3,KET-10-12_PFC_3.7_A_2.tif,KET-10-12_PFC_3.7_A,0-000-00003_PV,"('0-000-00003_PV', '0-FFF-00082_Npas4', '0-FFF-00003_WFA')",True,False,True,True,310.1,308.22,238.8715,346.0313,PV,KET-10-12_PFC_3.7_A_2.tif,KET-10-12,FR1_KET,KET-10,1.4486085,107.159805,191.9228,"PV_coloc_w_Npas4,WFA",0.7343098
5,5,KET-10-12_PFC_3.7_A_2.tif,KET-10-12_PFC_3.7_A,0-000-00005_PV,"('0-000-00005_PV', '0-FFF-00041_Npas4', '0-FFF-00006_WFA')",True,False,True,True,37.02,461.99,238.8715,287.3015,PV,KET-10-12_PFC_3.7_A_2.tif,KET-10-12,FR1_KET,KET-10,1.202745,48.430008,133.19301,"PV_coloc_w_Npas4,WFA",0.5096056
7,7,KET-10-12_PFC_3.7_A_2.tif,KET-10-12_PFC_3.7_A,0-000-00008_PV,"('0-000-00008_PV', '0-005-00017_cFos', '0-FFF-00062_Npas4', '0-FFF-00002_WFA')",True,True,True,True,172.96,310.28,238.8715,305.4051,PV,KET-10-12_PFC_3.7_A_2.tif,KET-10-12,FR1_KET,KET-10,1.278533,66.533585,151.29659,quad_PV,0.5788711
11,11,KET-10-12_PFC_3.7_A_2.tif,KET-10-12_PFC_3.7_A,0-000-00012_PV,"('0-000-00012_PV', '0-005-00036_cFos', '0-FFF-00009_Npas4', '0-FFF-00001_WFA')",True,True,True,True,231.19,159.37,238.8715,563.5261,PV,KET-10-12_PFC_3.7_A_2.tif,KET-10-12,FR1_KET,KET-10,2.3591182,324.6546,409.4176,quad_PV,1.5664598
20,209,KET-10-12_PFC_3.7_B_2.tif,KET-10-12_PFC_3.7_B,0-000-00000_PV,"('0-000-00000_PV', '0-FFF-00119_cFos', '0-FFF-00099_Npas4', '0-FFF-00009_WFA')",True,True,True,True,151.28,486.3,278.5247,433.416,PV,KET-10-12_PFC_3.7_B_2.tif,KET-10-12,FR1_KET,KET-10,1.5561134,154.8913,239.6543,quad_PV,0.9169338
21,210,KET-10-12_PFC_3.7_B_2.tif,KET-10-12_PFC_3.7_B,0-000-00001_PV,"('0-000-00001_PV', '0-FFF-00029_Npas4', '0-FFF-00008_WFA')",True,False,True,True,305.67,494.39,278.5247,505.4264,PV,KET-10-12_PFC_3.7_B_2.tif,KET-10-12,FR1_KET,KET-10,1.8146557,226.9017,311.6647,"PV_coloc_w_Npas4,WFA",1.1924505
24,213,KET-10-12_PFC_3.7_B_2.tif,KET-10-12_PFC_3.7_B,0-000-00004_PV,"('0-000-00004_PV', '0-FFF-00108_cFos', '0-FFF-00056_Npas4', '0-FFF-00005_WFA')",True,True,True,True,350.94,285.56,278.5247,610.9244,PV,KET-10-12_PFC_3.7_B_2.tif,KET-10-12,FR1_KET,KET-10,2.19343,332.3997,417.1627,quad_PV,1.596093
27,216,KET-10-12_PFC_3.7_B_2.tif,KET-10-12_PFC_3.7_B,0-000-00007_PV,"('0-000-00007_PV', '0-005-00089_cFos', '0-FFF-00062_Npas4', '0-FFF-00007_WFA')",True,True,True,True,428.49,366.92,278.5247,567.3934,PV,KET-10-12_PFC_3.7_B_2.tif,KET-10-12,FR1_KET,KET-10,2.0371385,288.86868,373.63168,quad_PV,1.4295404
30,219,KET-10-12_PFC_3.7_B_2.tif,KET-10-12_PFC_3.7_B,0-000-00010_PV,"('0-000-00010_PV', '0-005-00059_cFos', '0-FFF-00006_Npas4', '0-FFF-00002_WFA')",True,True,True,True,353.74,79.09,278.5247,484.429,PV,KET-10-12_PFC_3.7_B_2.tif,KET-10-12,FR1_KET,KET-10,1.7392677,205.9043,290.6673,quad_PV,1.112113
41,448,KET-10-12_PFC_3.9_C_2.tif,KET-10-12_PFC_3.9_C,0-000-00005_PV,"('0-000-00005_PV', '0-005-00004_cFos', '0-FFF-00047_Npas4', '0-FFF-00003_WFA')",True,True,True,True,324.31,410.72,261.3885,612.4325,PV,KET-10-12_PFC_3.9_C_2.tif,KET-10-12,FR1_KET,KET-10,2.342997,351.044,435.807,quad_PV,1.6674274
43,450,KET-10-12_PFC_3.9_C_2.tif,KET-10-12_PFC_3.9_C,0-000-00007_PV,"('0-000-00007_PV', '0-FFF-00065_cFos', '0-FFF-00058_Npas4', '0-FFF-00004_WFA')",True,True,True,True,179.39,394.28,261.3885,493.5749,PV,KET-10-12_PFC_3.9_C_2.tif,KET-10-12,FR1_KET,KET-10,1.8882809,232.1864,316.9494,quad_PV,1.2126701
54,651,KET-10-12_PFC_3.9_D_2.tif,KET-10-12_PFC_3.9_D,0-000-00005_PV,"('0-000-00005_PV', '0-FFF-00037_Npas4', '0-FFF-00001_WFA')",True,False,True,True,238.29,27.34,257.3722,588.6091,PV,KET-10-12_PFC_3.9_D_2.tif,KET-10-12,FR1_KET,KET-10,2.2869956,331.23688,415.99988,"PV_coloc_w_Npas4,WFA",1.591644
56,653,KET-10-12_PFC_3.9_D_2.tif,KET-10-12_PFC_3.9_D,0-000-00007_PV,"('0-000-00007_PV', '0-005-00001_cFos', '0-FFF-00032_Npas4', '0-FFF-00004_WFA')",True,True,True,True,384.29,98.98,257.3722,659.3281,PV,KET-10-12_PFC_3.9_D_2.tif,KET-10-12,FR1_KET,KET-10,2.561769,401.95593,486.71893,quad_PV,1.8622199
69,851,KET-10-12_PFC_4.0_E_2.tif,KET-10-12_PFC_4.0_E,0-000-00005_PV,"('0-000-00005_PV', '0-FFF-00081_cFos', '0-FFF-00033_Npas4', '0-FFF-00002_WFA')",True,True,True,True,294.74,63.24,223.8845,418.3954,PV,KET-10-12_PFC_4.0_E_2.tif,KET-10-12,FR1_KET,KET-10,1.8688,194.51088,279.27386,quad_PV,1.0685209
72,854,KET-10-12_PFC_4.0_E_2.tif,KET-10-12_PFC_4.0_E,0-000-00008_PV,"('0-000-00008_PV', '0-005-00017_cFos', '0-FFF-00035_Npas4', '0-FFF-00003_WFA')",True,True,True,True,334.46,88.83,223.8845,333.5218,PV,KET-10-12_PFC_4.0_E_2.tif,KET-10-12,FR1_KET,KET-10,1.4897046,109.63728,194.40028,quad_PV,0.7437888
74,856,KET-10-12_PFC_4.0_E_2.tif,KET-10-12_PFC_4.0_E,0-000-00010_PV,"('0-000-00010_PV', '0-005-00023_cFos', '0-200-00010_Npas4', '0-FFF-00004_WFA')",True,True,True,True,326.96,198.68,223.8845,505.6519,PV,KET-10-12_PFC_4.0_E_2.tif,KET-10-12,FR1_KET,KET-10,2.258539,281.7674,366.5304,quad_PV,1.4023703
102,1331,KET-10-14_PFC_3.4_E_2.tif,KET-10-14_PFC_3.4_E,0-000-00009_PV,"('0-000-00009_PV', '0-FFF-00048_Npas4', '0-FFF-00002_WFA')",True,False,True,True,295.56,104.11,301.3893,325.0205,PV,KET-10-14_PFC_3.4_E_2.tif,KET-10-14,VR5_KET,KET-10,1.0784075,23.631195,108.394196,"PV_coloc_w_Npas4,WFA",0.4147236
106,1335,KET-10-14_PFC_3.4_E_2.tif,KET-10-14_PFC_3.4_E,0-000-00013_PV,"('0-000-00013_PV', '0-FFF-00115_Npas4', '0-FFF-00006_WFA')",True,False,True,True,197.5,377.6,301.3893,648.1422,PV,KET-10-14_PFC_3.4_E_2.tif,KET-10-14,VR5_KET,KET-10,2.1505148,346.7529,431.5159,"PV_coloc_w_Npas4,WFA",1.6510094
107,1336,KET-10-14_PFC_3.4_E_2.tif,KET-10-14_PFC_3.4_E,0-000-00014_PV,"('0-000-00014_PV', '0-005-00027_cFos', '0-FFF-00103_Npas4', '0-FFF-00007_WFA')",True,True,True,True,307.87,423.74,301.3893,812.3353,PV,KET-10-14_PFC_3.4_E_2.tif,KET-10-14,VR5_KET,KET-10,2.6953022,510.946,595.709,quad_PV,2.2792234
119,1581,KET-10-14_PFC_3.6_C_2.tif,KET-10-14_PFC_3.6_C,0-000-00000_PV,"('0-000-00000_PV', '0-FFF-00079_cFos', '0-FFF-00108_Npas4', '0-FFF-00002_WFA')",True,True,True,True,197.93,382.83,227.6756,486.7213,PV,KET-10-14_PFC_3.6_C_2.tif,KET-10-14,VR5_KET,KET-10,2.1377842,259.04572,343.80872,quad_PV,1.3154356
121,1583,KET-10-14_PFC_3.6_C_2.tif,KET-10-14_PFC_3.6_C,0-000-00002_PV,"('0-000-00002_PV', '0-FFF-00069_cFos', '0-FFF-00112_Npas4', '0-FFF-00003_WFA')",True,True,True,True,49.83,439.5,227.6756,496.2165,PV,KET-10-14_PFC_3.6_C_2.tif,KET-10-14,VR5_KET,KET-10,2.1794891,268.5409,353.3039,quad_PV,1.3517649
138,1797,KET-10-14_PFC_3.7_A_2.tif,KET-10-14_PFC_3.7_A,0-000-00002_PV,"('0-000-00002_PV', '0-FFF-00060_Npas4', '0-FFF-00004_WFA')",True,False,True,True,134.02,241.58,252.06,350.6107,PV,KET-10-14_PFC_3.7_A_2.tif,KET-10-14,VR5_KET,KET-10,1.3909811,98.55069,183.31369,"PV_coloc_w_Npas4,WFA",0.7013707
139,1798,KET-10-14_PFC_3.7_A_2.tif,KET-10-14_PFC_3.7_A,0-000-00003_PV,"('0-000-00003_PV', '0-005-00012_cFos', '0-FFF-00069_Npas4', '0-FFF-00009_WFA')",True,True,True,True,160.85,287.91,252.06,363.2427,PV,KET-10-14_PFC_3.7_A_2.tif,KET-10-14,VR5_KET,KET-10,1.4410962,111.18271,195.94571,quad_PV,0.7497017
143,1802,KET-10-14_PFC_3.7_A_2.tif,KET-10-14_PFC_3.7_A,0-000-00007_PV,"('0-000-00007_PV', '0-005-00021_cFos', '0-FFF-00023_Npas4', '0-FFF-00002_WFA')",True,True,True,True,316.37,93.8,252.06,316.2235,PV,KET-10-14_PFC_3.7_A_2.tif,KET-10-14,VR5_KET,KET-10,1.2545565,64.16351,148.92651,quad_PV,0.56980306
144,1803,KET-10-14_PFC_3.7_A_2.tif,KET-10-14_PFC_3.7_A,0-000-00008_PV,"('0-000-00008_PV', '0-005-00014_cFos', '0-FFF-00059_Npas4', '0-FFF-00004_WFA')",True,True,True,True,157.13,230.93,252.06,379.339,PV,KET-10-14_PFC_3.7_A_2.tif,KET-10-14,VR5_KET,KET-10,1.5049552,127.27899,212.04199,quad_PV,0.81128716
147,1806,KET-10-14_PFC_3.7_A_2.tif,KET-10-14_PFC_3.7_A,0-000-00011_PV,"('0-000-00011_PV', '0-FFF-00064_cFos', '0-FFF-00014_Npas4', '0-FFF-00001_WFA')",True,True,True,True,138.46,89.2,252.06,523.0399,PV,KET-10-14_PFC_3.7_A_2.tif,KET-10-14,VR5_KET,KET-10,2.075061,270.97992,355.74292,quad_PV,1.3610967
150,1809,KET-10-14_PFC_3.7_A_2.tif,KET-10-14_PFC_3.7_A,0-000-00014_PV,"('0-000-00014_PV', '0-005-00019_cFos', '0-FFF-00030_Npas4', '0-FFF-00005_WFA')",True,True,True,True,368.06,197.7,252.06,448.0521,PV,KET-10-14_PFC_3.7_A_2.tif,KET-10-14,VR5_KET,KET-10,1.7775613,195.9921,280.7551,quad_PV,1.0741882
153,1998,KET-10-14_PFC_3.7_B_2.tif,KET-10-14_PFC_3.7_B,0-000-00000_PV,"('0-000-00000_PV', '0-FFF-00096_cFos', '0-FFF-00043_Npas4', '0-FFF-00002_WFA')",True,True,True,True,360.03,175.95,275.771,442.3202,PV,KET-10-14_PFC_3.7_B_2.tif,KET-10-14,VR5_KET,KET-10,1.6039402,166.5492,251.3122,quad_PV,0.96153766
178,2439,KET-10-1_PFC_3.7_B_2.tif,KET-10-1_PFC_3.7_B,0-000-00000_PV,"('0-000-00000_PV', '0-FFF-00050_Npas4', '0-FFF-00003_WFA')",True,False,True,True,340.91,332.47,41.3074,67.1629,PV,KET-10-1_PFC_3.7_B_2.tif,KET-10-1,FR1_SAL,KET-10,1.6259291,25.855503,110.6185,"PV_coloc_w_Npas4,WFA",0.42323396
180,2441,KET-10-1_PFC_3.7_B_2.tif,KET-10-1_PFC_3.7_B,0-000-00002_PV,"('0-000-00002_PV', '0-FFF-00053_cFos', '0-FFF-00029_Npas4', '0-FFF-00004_WFA')",True,True,True,True,389.64,211.18,41.3074,52.9095,PV,KET-10-1_PFC_3.7_B_2.tif,KET-10-1,FR1_SAL,KET-10,1.2808722,11.6021,96.3651,quad_PV,0.36869946
183,2444,KET-10-1_PFC_3.7_B_2.tif,KET-10-1_PFC_3.7_B,0-FFF-00005_PV,"('0-FFF-00005_PV', '0-005-00019_cFos', '0-FFF-00045_Npas4', '0-FFF-00005_WFA')",True,True,True,True,148.85,342.88,41.3074,40.8717,PV,KET-10-1_PFC_3.7_B_2.tif,KET-10-1,FR1_SAL,KET-10,0.98945224,-0.43569946,84.3273,quad_PV,0.32264203
185,2590,KET-10-1_PFC_3.7_C_2.tif,KET-10-1_PFC_3.7_C,0-000-00000_PV,"('0-000-00000_PV', '0-005-00014_cFos', '0-FFF-00045_Npas4', '0-FFF-00004_WFA')",True,True,True,True,271.74,420.46,55.8578,105.0398,PV,KET-10-1_PFC_3.7_C_2.tif,KET-10-1,FR1_SAL,KET-10,1.8804859,49.182003,133.945,quad_PV,0.51248276
186,2591,KET-10-1_PFC_3.7_C_2.tif,KET-10-1_PFC_3.7_C,0-000-00001_PV,"('0-000-00001_PV', '0-005-00025_cFos', '0-FFF-00046_Npas4', '0-FFF-00003_WFA')",True,True,True,True,249.06,369.74,55.8578,99.6229,PV,KET-10-1_PFC_3.7_C_2.tif,KET-10-1,FR1_SAL,KET-10,1.7835093,43.765102,128.5281,quad_PV,0.49175733
192,2712,KET-10-1_PFC_3.8_E_2.tif,KET-10-1_PFC_3.8_E,0-000-00001_PV,"('0-000-00001_PV', '0-005-00002_cFos', '0-FFF-00031_Npas4', '0-FFF-00002_WFA')",True,True,True,True,148.98,152.2,119.2881,554.9353,PV,KET-10-1_PFC_3.8_E_2.tif,KET-10-1,FR1_SAL,KET-10,4.652059,435.64722,520.4102,quad_PV,1.9911251
193,2713,KET-10-1_PFC_3.8_E_2.tif,KET-10-1_PFC_3.8_E,0-000-00002_PV,"('0-000-00002_PV', '0-005-00024_cFos', '0-FFF-00043_Npas4', '0-FFF-00001_WFA')",True,True,True,True,7.88,351.61,119.2881,420.2028,PV,KET-10-1_PFC_3.8_E_2.tif,KET-10-1,FR1_SAL,KET-10,3.5225875,300.91467,385.67767,quad_PV,1.4756292
194,2714,KET-10-1_PFC_3.8_E_2.tif,KET-10-1_PFC_3.8_E,0-000-00003_PV,"('0-000-00003_PV', '0-FFF-00047_cFos', '0-FFF-00045_Npas4', '0-FFF-00003_WFA')",True,True,True,True,173.14,340.61,119.2881,371.2447,PV,KET-10-1_PFC_3.8_E_2.tif,KET-10-1,FR1_SAL,KET-10,3.1121686,251.95659,336.7196,quad_PV,1.2883123
205,2853,KET-10-1_PFC_4.0_A_2.tif,KET-10-1_PFC_4.0_A,0-000-00001_PV,"('0-000-00001_PV', '0-FFF-00058_cFos', '0-FFF-00046_Npas4', '0-FFF-00002_WFA')",True,True,True,True,433.4,269.19,295.0137,766.2478,PV,KET-10-1_PFC_4.0_A_2.tif,KET-10-1,FR1_SAL,KET-10,2.5973296,471.2341,555.9971,quad_PV,2.1272829
210,2858,KET-10-1_PFC_4.0_A_2.tif,KET-10-1_PFC_4.0_A,0-000-00006_PV,"('0-000-00006_PV', '0-FFF-00042_Npas4', '0-FFF-00001_WFA')",True,False,True,True,242.11,182.98,295.0137,494.1587,PV,KET-10-1_PFC_4.0_A_2.tif,KET-10-1,FR1_SAL,KET-10,1.6750364,199.14499,283.908,"PV_coloc_w_Npas4,WFA",1.0862514
215,2863,KET-10-1_PFC_4.0_A_2.tif,KET-10-1_PFC_4.0_A,0-000-00011_PV,"('0-000-00011_PV', '0-FFF-00034_Npas4', '0-FFF-00005_WFA')",True,False,True,True,334.4,101.01,295.0137,530.3322,PV,KET-10-1_PFC_4.0_A_2.tif,KET-10-1,FR1_SAL,KET-10,1.7976528,235.31851,320.0815,"PV_coloc_w_Npas4,WFA",1.2246538
250,3245,KET-10-2_PFC_3.5_B_2.tif,KET-10-2_PFC_3.5_B,0-000-00009_PV,"('0-000-00009_PV', '0-005-00020_cFos', '0-FFF-00047_Npas4', '0-FFF-00003_WFA')",True,True,True,True,341.89,189.86,393.744,936.8475,PV,KET-10-2_PFC_3.5_B_2.tif,KET-10-2,VR5_SAL,KET-10,2.3793316,543.1035,627.8665,quad_PV,2.4022603
264,3687,KET-10-2_PFC_3.9_C_2.tif,KET-10-2_PFC_3.9_C,0-000-00000_PV,"('0-000-00000_PV', '0-005-00034_cFos', '0-FFF-00035_Npas4', '0-FFF-00001_WFA')",True,True,True,True,178.15,146.16,304.8033,594.659,PV,KET-10-2_PFC_3.9_C_2.tif,KET-10-2,VR5_SAL,KET-10,1.9509598,289.85568,374.61868,quad_PV,1.4333167
267,3690,KET-10-2_PFC_3.9_C_2.tif,KET-10-2_PFC_3.9_C,0-000-00003_PV,"('0-000-00003_PV', '0-FFF-00068_cFos', '0-FFF-00040_Npas4', '0-FFF-00006_WFA')",True,True,True,True,206.55,17.49,304.8033,415.0585,PV,KET-10-2_PFC_3.9_C_2.tif,KET-10-2,VR5_SAL,KET-10,1.3617257,110.25519,195.01819,quad_PV,0.74615294
268,3691,KET-10-2_PFC_3.9_C_2.tif,KET-10-2_PFC_3.9_C,0-000-00004_PV,"('0-000-00004_PV', '0-FFF-00086_cFos', '0-FFF-00095_Npas4', '0-FFF-00007_WFA')",True,True,True,True,202.45,305.2,304.8033,537.8972,PV,KET-10-2_PFC_3.9_C_2.tif,KET-10-2,VR5_SAL,KET-10,1.7647355,233.0939,317.8569,quad_PV,1.2161423
272,3695,KET-10-2_PFC_3.9_C_2.tif,KET-10-2_PFC_3.9_C,0-000-00008_PV,"('0-000-00008_PV', '0-FFF-00069_cFos', '0-FFF-00038_Npas4', '0-FFF-00005_WFA')",True,True,True,True,185.62,57.09,304.8033,710.0558,PV,KET-10-2_PFC_3.9_C_2.tif,KET-10-2,VR5_SAL,KET-10,2.329554,405.25247,490.01547,quad_PV,1.8748327
274,3697,KET-10-2_PFC_3.9_C_2.tif,KET-10-2_PFC_3.9_C,0-000-00010_PV,"('0-000-00010_PV', '0-FFF-00049_Npas4', '0-FFF-00002_WFA')",True,False,True,True,291.67,121.2,304.8033,966.5424,PV,KET-10-2_PFC_3.9_C_2.tif,KET-10-2,VR5_SAL,KET-10,3.1710365,661.73914,746.50214,"PV_coloc_w_Npas4,WFA",2.8561683
282,3909,KET-10-2_PFC_4.0_E_2.tif,KET-10-2_PFC_4.0_E,0-000-00002_PV,"('0-000-00002_PV', '0-005-00019_cFos', '0-FFF-00087_Npas4', '0-FFF-00005_WFA')",True,True,True,True,306.0,498.27,441.9829,529.5207,PV,KET-10-2_PFC_4.0_E_2.tif,KET-10-2,VR5_SAL,KET-10,1.1980569,87.53778,172.30078,quad_PV,0.6592346
288,3915,KET-10-2_PFC_4.0_E_2.tif,KET-10-2_PFC_4.0_E,0-FFF-00008_PV,"('0-FFF-00008_PV', '0-FFF-00069_Npas4', '0-FFF-00004_WFA')",True,False,True,True,351.17,362.37,441.9829,357.2199,PV,KET-10-2_PFC_4.0_E_2.tif,KET-10-2,VR5_SAL,KET-10,0.8082211,-84.763,0.0,"PV_coloc_w_Npas4,WFA",0.0
299,4030,KET-10-3_PFC_3.5_C_2.tif,KET-10-3_PFC_3.5_C,0-000-00010_PV,"('0-000-00010_PV', '0-005-00052_cFos', '0-200-00013_Npas4', '0-FFF-00005_WFA')",True,True,True,True,26.84,92.63,228.5245,556.9165,PV,KET-10-3_PFC_3.5_C_2.tif,KET-10-3,VR5_SAL,KET-10,2.43701,328.392,413.155,quad_PV,1.5807593
316,4237,KET-10-3_PFC_3.7_D_2.tif,KET-10-3_PFC_3.7_D,0-000-00005_PV,"('0-000-00005_PV', '0-FFF-00038_Npas4', '0-FFF-00002_WFA')",True,False,True,True,211.96,173.36,219.8125,479.5539,PV,KET-10-3_PFC_3.7_D_2.tif,KET-10-3,VR5_SAL,KET-10,2.1816497,259.7414,344.5044,"PV_coloc_w_Npas4,WFA",1.3180974
331,4679,KET-10-3_PFC_3.8_B_2.tif,KET-10-3_PFC_3.8_B,0-000-00000_PV,"('0-000-00000_PV', '0-005-00017_cFos', '0-FFF-00018_Npas4', '0-FFF-00009_WFA')",True,True,True,True,148.89,32.75,201.4506,193.0412,PV,KET-10-3_PFC_3.8_B_2.tif,KET-10-3,VR5_SAL,KET-10,0.9582557,-8.409409,76.35359,quad_PV,0.29213408
336,4684,KET-10-3_PFC_3.8_B_2.tif,KET-10-3_PFC_3.8_B,0-000-00006_PV,"('0-000-00006_PV', '0-005-00057_cFos', '0-FFF-00051_Npas4', '0-FFF-00003_WFA')",True,True,True,True,329.96,397.15,201.4506,464.2615,PV,KET-10-3_PFC_3.8_B_2.tif,KET-10-3,VR5_SAL,KET-10,2.3045921,262.8109,347.5739,quad_PV,1.3298416
342,4854,KET-10-3_PFC_4.0_A_2.tif,KET-10-3_PFC_4.0_A,0-000-00002_PV,"('0-000-00002_PV', '0-FFF-00040_Npas4', '0-FFF-00004_WFA')",True,False,True,True,374.73,262.02,151.5047,266.8282,PV,KET-10-3_PFC_4.0_A_2.tif,KET-10-3,VR5_SAL,KET-10,1.7611876,115.32349,200.08649,"PV_coloc_w_Npas4,WFA",0.7655446
345,4857,KET-10-3_PFC_4.0_A_2.tif,KET-10-3_PFC_4.0_A,0-000-00005_PV,"('0-000-00005_PV', '0-005-00042_cFos', '0-FFF-00029_Npas4', '0-FFF-00009_WFA')",True,True,True,True,114.21,260.65,151.5047,393.0916,PV,KET-10-3_PFC_4.0_A_2.tif,KET-10-3,VR5_SAL,KET-10,2.5945835,241.58691,326.3499,quad_PV,1.2486371
347,4859,KET-10-3_PFC_4.0_A_2.tif,KET-10-3_PFC_4.0_A,0-000-00007_PV,"('0-000-00007_PV', '0-FFF-00022_Npas4', '0-FFF-00001_WFA')",True,False,True,True,365.27,55.5,151.5047,304.9612,PV,KET-10-3_PFC_4.0_A_2.tif,KET-10-3,VR5_SAL,KET-10,2.012883,153.45651,238.21951,"PV_coloc_w_Npas4,WFA",0.9114442
353,5011,KET-10-4_PFC_3.5_C_2.tif,KET-10-4_PFC_3.5_C,0-000-00001_PV,"('0-000-00001_PV', '0-200-00001_Npas4', '0-FFF-00002_WFA')",True,False,True,True,162.51,309.36,162.4756,530.8827,PV,KET-10-4_PFC_3.5_C_2.tif,KET-10-4,VR5_SAL,KET-10,3.267461,368.4071,453.1701,"PV_coloc_w_Npas4,WFA",1.7338599
356,5014,KET-10-4_PFC_3.5_C_2.tif,KET-10-4_PFC_3.5_C,0-000-00004_PV,"('0-000-00004_PV', '0-005-00028_cFos', '0-FFF-00053_Npas4', '0-FFF-00003_WFA')",True,True,True,True,209.46,410.0,162.4756,222.1877,PV,KET-10-4_PFC_3.5_C_2.tif,KET-10-4,VR5_SAL,KET-10,1.3675143,59.712097,144.4751,quad_PV,0.5527716
361,5019,KET-10-4_PFC_3.5_C_2.tif,KET-10-4_PFC_3.5_C,0-000-00011_PV,"('0-000-00011_PV', '0-005-00002_cFos', '0-FFF-00033_Npas4', '0-FFF-00004_WFA')",True,True,True,True,56.16,243.79,162.4756,422.8509,PV,KET-10-4_PFC_3.5_C_2.tif,KET-10-4,VR5_SAL,KET-10,2.60255,260.3753,345.1383,quad_PV,1.3205228
369,5155,KET-10-4_PFC_3.7_D_2.tif,KET-10-4_PFC_3.7_D,0-000-00001_PV,"('0-000-00001_PV', '0-005-00030_cFos', '0-FFF-00060_Npas4', '0-FFF-00003_WFA')",True,True,True,True,25.92,352.55,143.1543,321.0238,PV,KET-10-4_PFC_3.7_D_2.tif,KET-10-4,VR5_SAL,KET-10,2.242502,177.8695,262.6325,quad_PV,1.0048499
384,5311,KET-10-4_PFC_3.8_B_2.tif,KET-10-4_PFC_3.8_B,0-000-00006_PV,"('0-000-00006_PV', '0-005-00008_cFos', '0-FFF-00053_Npas4', '0-FFF-00002_WFA')",True,True,True,True,78.15,158.62,215.27,494.4503,PV,KET-10-4_PFC_3.8_B_2.tif,KET-10-4,VR5_SAL,KET-10,2.2968843,279.1803,363.9433,quad_PV,1.392472
385,5312,KET-10-4_PFC_3.8_B_2.tif,KET-10-4_PFC_3.8_B,0-000-00007_PV,"('0-000-00007_PV', '0-FFF-00032_Npas4', '0-FFF-00007_WFA')",True,False,True,True,373.7,473.93,215.27,422.4968,PV,KET-10-4_PFC_3.8_B_2.tif,KET-10-4,VR5_SAL,KET-10,1.9626366,207.22679,291.9898,"PV_coloc_w_Npas4,WFA",1.117173
386,5313,KET-10-4_PFC_3.8_B_2.tif,KET-10-4_PFC_3.8_B,0-000-00008_PV,"('0-000-00008_PV', '0-FFF-00003_Npas4', '0-FFF-00001_WFA')",True,False,True,True,110.54,64.61,215.27,529.6379,PV,KET-10-4_PFC_3.8_B_2.tif,KET-10-4,VR5_SAL,KET-10,2.4603422,314.36786,399.13086,"PV_coloc_w_Npas4,WFA",1.527102
393,5320,KET-10-4_PFC_3.8_B_2.tif,KET-10-4_PFC_3.8_B,0-000-00015_PV,"('0-000-00015_PV', '0-005-00051_cFos', '0-FFF-00055_Npas4', '0-FFF-00003_WFA')",True,True,True,True,13.61,126.51,215.27,600.3909,PV,KET-10-4_PFC_3.8_B_2.tif,KET-10-4,VR5_SAL,KET-10,2.7890134,385.1209,469.8839,quad_PV,1.797808
395,5322,KET-10-4_PFC_3.8_B_2.tif,KET-10-4_PFC_3.8_B,0-000-00018_PV,"('0-000-00018_PV', '0-FFF-00014_Npas4', '0-FFF-00004_WFA')",True,False,True,True,347.52,114.26,215.27,520.6628,PV,KET-10-4_PFC_3.8_B_2.tif,KET-10-4,VR5_SAL,KET-10,2.41865,305.39276,390.15576,"PV_coloc_w_Npas4,WFA",1.4927627
400,5479,KET-10-4_PFC_3.8_E_2.tif,KET-10-4_PFC_3.8_E,0-000-00000_PV,"('0-000-00000_PV', '0-005-00003_cFos', '0-200-00021_Npas4', '0-001-00004_WFA')",True,True,True,True,71.32,82.34,193.3472,539.485,PV,KET-10-4_PFC_3.8_E_2.tif,KET-10-4,VR5_SAL,KET-10,2.7902396,346.1378,430.9008,quad_PV,1.6486559
404,5483,KET-10-4_PFC_3.8_E_2.tif,KET-10-4_PFC_3.8_E,0-000-00004_PV,"('0-000-00004_PV', '0-FFF-00058_cFos', '0-FFF-00070_Npas4', '0-FFF-00005_WFA')",True,True,True,True,39.58,343.24,193.3472,512.1456,PV,KET-10-4_PFC_3.8_E_2.tif,KET-10-4,VR5_SAL,KET-10,2.6488392,318.79843,403.56143,quad_PV,1.5440537
406,5485,KET-10-4_PFC_3.8_E_2.tif,KET-10-4_PFC_3.8_E,0-000-00007_PV,"('0-000-00007_PV', '0-005-00005_cFos', '0-FFF-00119_Npas4', '0-001-00002_WFA')",True,True,True,True,159.77,313.27,193.3472,719.2741,PV,KET-10-4_PFC_3.8_E_2.tif,KET-10-4,VR5_SAL,KET-10,3.7201166,525.9269,610.6899,quad_PV,2.3365414
424,5685,KET-10-4_PFC_4.1_A_2.tif,KET-10-4_PFC_4.1_A,0-000-00002_PV,"('0-000-00002_PV', '0-005-00028_cFos', '0-FFF-00072_Npas4', '0-FFF-00005_WFA')",True,True,True,True,294.35,229.84,204.0467,499.4028,PV,KET-10-4_PFC_4.1_A_2.tif,KET-10-4,VR5_SAL,KET-10,2.4474926,295.35608,380.11908,quad_PV,1.4543617
425,5686,KET-10-4_PFC_4.1_A_2.tif,KET-10-4_PFC_4.1_A,0-000-00003_PV,"('0-000-00003_PV', '0-FFF-00039_Npas4', '0-FFF-00006_WFA')",True,False,True,True,320.27,96.97,204.0467,511.7325,PV,KET-10-4_PFC_4.1_A_2.tif,KET-10-4,VR5_SAL,KET-10,2.5079186,307.6858,392.4488,"PV_coloc_w_Npas4,WFA",1.5015359
430,5691,KET-10-4_PFC_4.1_A_2.tif,KET-10-4_PFC_4.1_A,0-000-00008_PV,"('0-000-00008_PV', '0-005-00001_cFos', '0-200-00013_Npas4', '0-001-00003_WFA')",True,True,True,True,342.99,304.78,204.0467,426.4005,PV,KET-10-4_PFC_4.1_A_2.tif,KET-10-4,VR5_SAL,KET-10,2.0897202,222.3538,307.11682,quad_PV,1.17505
438,5699,KET-10-4_PFC_4.1_A_2.tif,KET-10-4_PFC_4.1_A,0-FFF-00016_PV,"('0-FFF-00016_PV', '0-005-00011_cFos', '0-FFF-00029_Npas4', '0-FFF-00007_WFA')",True,True,True,True,22.73,53.9,204.0467,258.4905,PV,KET-10-4_PFC_4.1_A_2.tif,KET-10-4,VR5_SAL,KET-10,1.2668203,54.4438,139.2068,quad_PV,0.53261477
454,5901,KET-10-5_PFC_3.3_C_2.tif,KET-10-5_PFC_3.3_C,0-000-00014_PV,"('0-000-00014_PV', '0-FFF-00102_Npas4', '0-FFF-00003_WFA')",True,False,True,True,165.72,485.09,277.4254,395.214,PV,KET-10-5_PFC_3.3_C_2.tif,KET-10-5,FR1_SAL,KET-10,1.4245775,117.788574,202.55157,"PV_coloc_w_Npas4,WFA",0.7749762
461,6115,KET-10-5_PFC_3.5_D_2.tif,KET-10-5_PFC_3.5_D,0-000-00006_PV,"('0-000-00006_PV', '0-FFF-00113_Npas4', '0-FFF-00004_WFA')",True,False,True,True,470.08,340.74,256.7989,476.9599,PV,KET-10-5_PFC_3.5_D_2.tif,KET-10-5,FR1_SAL,KET-10,1.8573285,220.16101,304.924,"PV_coloc_w_Npas4,WFA",1.1666602
468,6122,KET-10-5_PFC_3.5_D_2.tif,KET-10-5_PFC_3.5_D,0-000-00013_PV,"('0-000-00013_PV', '0-FFF-00014_Npas4', '0-FFF-00001_WFA')",True,False,True,True,53.01,118.64,256.7989,486.9557,PV,KET-10-5_PFC_3.5_D_2.tif,KET-10-5,FR1_SAL,KET-10,1.8962531,230.1568,314.9198,"PV_coloc_w_Npas4,WFA",1.2049047
469,6123,KET-10-5_PFC_3.5_D_2.tif,KET-10-5_PFC_3.5_D,0-000-00014_PV,"('0-000-00014_PV', '0-005-00045_cFos', '0-FFF-00010_Npas4', '0-FFF-00002_WFA')",True,True,True,True,126.84,39.81,256.7989,479.2338,PV,KET-10-5_PFC_3.5_D_2.tif,KET-10-5,FR1_SAL,KET-10,1.8661833,222.4349,307.1979,quad_PV,1.1753602
470,6124,KET-10-5_PFC_3.5_D_2.tif,KET-10-5_PFC_3.5_D,0-000-00015_PV,"('0-000-00015_PV', '0-FFF-00074_cFos', '0-FFF-00121_Npas4', '0-FFF-00005_WFA')",True,True,True,True,312.66,434.57,256.7989,331.2219,PV,KET-10-5_PFC_3.5_D_2.tif,KET-10-5,FR1_SAL,KET-10,1.2898104,74.423004,159.186,quad_PV,0.60905653
478,6348,KET-10-5_PFC_3.5_E_2.tif,KET-10-5_PFC_3.5_E,0-000-00005_PV,"('0-000-00005_PV', '0-FFF-00054_Npas4', '0-FFF-00002_WFA')",True,False,True,True,359.09,302.76,247.6979,577.9773,PV,KET-10-5_PFC_3.5_E_2.tif,KET-10-5,FR1_SAL,KET-10,2.333396,330.2794,415.0424,"PV_coloc_w_Npas4,WFA",1.5879806
481,6351,KET-10-5_PFC_3.5_E_2.tif,KET-10-5_PFC_3.5_E,0-000-00008_PV,"('0-000-00008_PV', '0-005-00038_cFos', '0-FFF-00089_Npas4', '0-FFF-00005_WFA')",True,True,True,True,484.98,354.4,247.6979,529.1697,PV,KET-10-5_PFC_3.5_E_2.tif,KET-10-5,FR1_SAL,KET-10,2.136351,281.47177,366.23477,quad_PV,1.4012393
486,6557,KET-10-5_PFC_3.9_A_2.tif,KET-10-5_PFC_3.9_A,0-000-00002_PV,"('0-000-00002_PV', '0-FFF-00065_cFos', '0-FFF-00047_Npas4', '0-FFF-00002_WFA')",True,True,True,True,105.66,167.62,207.6234,523.585,PV,KET-10-5_PFC_3.9_A_2.tif,KET-10-5,FR1_SAL,KET-10,2.5218017,315.9616,400.7246,quad_PV,1.5331998
487,6558,KET-10-5_PFC_3.9_A_2.tif,KET-10-5_PFC_3.9_A,0-000-00003_PV,"('0-000-00003_PV', '0-005-00045_cFos', '0-200-00000_Npas4', '0-FFF-00004_WFA')",True,True,True,True,263.7,501.88,207.6234,603.9816,PV,KET-10-5_PFC_3.9_A_2.tif,KET-10-5,FR1_SAL,KET-10,2.909025,396.35822,481.12122,quad_PV,1.8408027
491,6562,KET-10-5_PFC_3.9_A_2.tif,KET-10-5_PFC_3.9_A,0-000-00011_PV,"('0-000-00011_PV', '0-FFF-00080_cFos', '0-200-00011_Npas4', '0-FFF-00001_WFA')",True,True,True,True,50.55,176.46,207.6234,575.4901,PV,KET-10-5_PFC_3.9_A_2.tif,KET-10-5,FR1_SAL,KET-10,2.771798,367.8667,452.6297,quad_PV,1.7317922
495,6719,KET-10-5_PFC_3.9_B_2.tif,KET-10-5_PFC_3.9_B,0-000-00000_PV,"('0-000-00000_PV', '0-FFF-00033_Npas4', '0-FFF-00001_WFA')",True,False,True,True,154.44,134.36,250.2814,771.5631,PV,KET-10-5_PFC_3.9_B_2.tif,KET-10-5,FR1_SAL,KET-10,3.0827825,521.28174,606.04474,"PV_coloc_w_Npas4,WFA",2.3187687
496,6720,KET-10-5_PFC_3.9_B_2.tif,KET-10-5_PFC_3.9_B,0-000-00001_PV,"('0-000-00001_PV', '0-005-00022_cFos', '0-FFF-00019_Npas4', '0-FFF-00005_WFA')",True,True,True,True,466.09,73.7,250.2814,384.5429,PV,KET-10-5_PFC_3.9_B_2.tif,KET-10-5,FR1_SAL,KET-10,1.5364422,134.2615,219.0245,quad_PV,0.83800274
503,6911,KET-8-2_PFC_3.5_E_2.tif,KET-8-2_PFC_3.5_E,0-000-00004_PV,"('0-000-00004_PV', '0-FFF-00047_Npas4', '0-FFF-00004_WFA')",True,False,True,True,310.66,176.53,153.6843,281.8977,PV,KET-8-2_PFC_3.5_E_2.tif,KET-8-2,FR1_SAL,KET-8,1.8342649,128.21341,212.97641,"PV_coloc_w_Npas4,WFA",0.8148623
505,6913,KET-8-2_PFC_3.5_E_2.tif,KET-8-2_PFC_3.5_E,0-000-00006_PV,"('0-000-00006_PV', '0-005-00001_cFos', '0-FFF-00026_Npas4', '0-FFF-00006_WFA')",True,True,True,True,457.83,40.16,153.6843,498.2995,PV,KET-8-2_PFC_3.5_E_2.tif,KET-8-2,FR1_SAL,KET-8,3.242358,344.6152,429.3782,quad_PV,1.6428304
508,6916,KET-8-2_PFC_3.5_E_2.tif,KET-8-2_PFC_3.5_E,0-000-00009_PV,"('0-000-00009_PV', '0-005-00022_cFos', '0-FFF-00081_Npas4', '0-FFF-00002_WFA')",True,True,True,True,220.44,286.6,153.6843,418.1125,PV,KET-8-2_PFC_3.5_E_2.tif,KET-8-2,FR1_SAL,KET-8,2.7205935,264.4282,349.1912,quad_PV,1.3360294
511,7080,KET-8-2_PFC_3.6_D_2.tif,KET-8-2_PFC_3.6_D,0-000-00001_PV,"('0-000-00001_PV', '0-FFF-00038_cFos', '0-FFF-00027_Npas4', '0-FFF-00001_WFA')",True,True,True,True,309.76,260.43,146.3913,558.8028,PV,KET-8-2_PFC_3.6_D_2.tif,KET-8-2,FR1_SAL,KET-8,3.8171859,412.4115,497.1745,quad_PV,1.9022237
525,7229,KET-8-2_PFC_3.7_B_2.tif,KET-8-2_PFC_3.7_B,0-000-00004_PV,"('0-000-00004_PV', '0-FFF-00016_Npas4', '0-FFF-00005_WFA')",True,False,True,True,94.78,156.88,203.0358,313.8836,PV,KET-8-2_PFC_3.7_B_2.tif,KET-8-2,FR1_SAL,KET-8,1.5459521,110.84781,195.61081,"PV_coloc_w_Npas4,WFA",0.74842036
542,7459,KET-8-2_PFC_3.7_C_2.tif,KET-8-2_PFC_3.7_C,0-000-00001_PV,"('0-000-00001_PV', '0-FFF-00072_Npas4', '0-FFF-00006_WFA')",True,False,True,True,440.46,29.6,196.649,463.1653,PV,KET-8-2_PFC_3.7_C_2.tif,KET-8-2,FR1_SAL,KET-8,2.3552895,266.5163,351.2793,"PV_coloc_w_Npas4,WFA",1.3440187
543,7460,KET-8-2_PFC_3.7_C_2.tif,KET-8-2_PFC_3.7_C,0-000-00002_PV,"('0-000-00002_PV', '0-FFF-00114_Npas4', '0-FFF-00003_WFA')",True,False,True,True,153.88,498.28,196.649,373.9666,PV,KET-8-2_PFC_3.7_C_2.tif,KET-8-2,FR1_SAL,KET-8,1.901696,177.31761,262.08063,"PV_coloc_w_Npas4,WFA",1.0027385
550,7467,KET-8-2_PFC_3.7_C_2.tif,KET-8-2_PFC_3.7_C,0-000-00009_PV,"('0-000-00009_PV', '0-0-00023_cFos', '0-FFF-00048_Npas4', '0-FFF-00001_WFA')",True,True,True,True,172.21,322.65,196.649,431.3332,PV,KET-8-2_PFC_3.7_C_2.tif,KET-8-2,FR1_SAL,KET-8,2.1934166,234.68419,319.4472,quad_PV,1.2222269
554,7471,KET-8-2_PFC_3.7_C_2.tif,KET-8-2_PFC_3.7_C,0-000-00013_PV,"('0-000-00013_PV', '0-0-00037_cFos', '0-FFF-00067_Npas4', '0-FFF-00005_WFA')",True,True,True,True,372.39,38.12,196.649,390.6303,PV,KET-8-2_PFC_3.7_C_2.tif,KET-8-2,FR1_SAL,KET-8,1.9864342,193.98131,278.74432,quad_PV,1.0664948
556,7473,KET-8-2_PFC_3.7_C_2.tif,KET-8-2_PFC_3.7_C,0-000-00015_PV,"('0-000-00015_PV', '0-FFF-00058_Npas4', '0-FFF-00007_WFA')",True,False,True,True,272.65,128.64,196.649,473.7713,PV,KET-8-2_PFC_3.7_C_2.tif,KET-8-2,FR1_SAL,KET-8,2.409223,277.1223,361.8853,"PV_coloc_w_Npas4,WFA",1.384598
559,7709,KET-8-2_PFC_4.0_A_2.tif,KET-8-2_PFC_4.0_A,0-000-00001_PV,"('0-000-00001_PV', '0-005-00024_cFos', '0-FFF-00052_Npas4', '0-FFF-00004_WFA')",True,True,True,True,263.72,241.54,221.3137,505.5859,PV,KET-8-2_PFC_4.0_A_2.tif,KET-8-2,FR1_SAL,KET-8,2.2844763,284.27222,369.03522,quad_PV,1.411954
563,7713,KET-8-2_PFC_4.0_A_2.tif,KET-8-2_PFC_4.0_A,0-000-00007_PV,"('0-000-00007_PV', '0-FFF-00090_Npas4', '0-FFF-00005_WFA')",True,False,True,True,366.96,332.81,221.3137,248.6433,PV,KET-8-2_PFC_4.0_A_2.tif,KET-8-2,FR1_SAL,KET-8,1.1234881,27.32959,112.09259,"PV_coloc_w_Npas4,WFA",0.42887393
569,7719,KET-8-2_PFC_4.0_A_2.tif,KET-8-2_PFC_4.0_A,0-FFF-00014_PV,"('0-FFF-00014_PV', '0-005-00027_cFos', '0-FFF-00076_Npas4', '0-FFF-00003_WFA')",True,True,True,True,324.54,219.38,221.3137,472.1286,PV,KET-8-2_PFC_4.0_A_2.tif,KET-8-2,FR1_SAL,KET-8,2.1333003,250.8149,335.57788,quad_PV,1.283944
579,7901,KET-8-7_PFC_3.5_D_2.tif,KET-8-7_PFC_3.5_D,0-000-00008_PV,"('0-000-00008_PV', '0-005-00028_cFos', '0-FFF-00071_Npas4', '0-FFF-00005_WFA')",True,True,True,True,355.17,395.77,182.8129,177.9407,PV,KET-8-7_PFC_3.5_D_2.tif,KET-8-7,VR5_KET,KET-8,0.97334874,-4.8721924,79.89081,quad_PV,0.3056677
605,8094,KET-8-7_PFC_3.7_C_2.tif,KET-8-7_PFC_3.7_C,0-000-00003_PV,"('0-000-00003_PV', '0-FFF-00088_cFos', '0-FFF-00028_Npas4', '0-FFF-00004_WFA')",True,True,True,True,372.46,78.71,170.5,201.0585,PV,KET-8-7_PFC_3.7_C_2.tif,KET-8-7,VR5_KET,KET-8,1.1792288,30.558502,115.3215,quad_PV,0.44122797
606,8095,KET-8-7_PFC_3.7_C_2.tif,KET-8-7_PFC_3.7_C,0-000-00004_PV,"('0-000-00004_PV', '0-005-00012_cFos', '0-FFF-00069_Npas4', '0-FFF-00008_WFA')",True,True,True,True,326.11,321.73,170.5,376.7365,PV,KET-8-7_PFC_3.7_C_2.tif,KET-8-7,VR5_KET,KET-8,2.2095983,206.23651,290.9995,quad_PV,1.113384
610,8099,KET-8-7_PFC_3.7_C_2.tif,KET-8-7_PFC_3.7_C,0-000-00008_PV,"('0-000-00008_PV', '0-005-00024_cFos', '0-FFF-00088_Npas4', '0-FFF-00010_WFA')",True,True,True,True,428.22,444.75,170.5,409.9917,PV,KET-8-7_PFC_3.7_C_2.tif,KET-8-7,VR5_KET,KET-8,2.4046433,239.4917,324.2547,quad_PV,1.2406207
616,8105,KET-8-7_PFC_3.7_C_2.tif,KET-8-7_PFC_3.7_C,0-000-00014_PV,"('0-000-00014_PV', '0-005-00035_cFos', '0-200-00002_Npas4', '0-FFF-00005_WFA')",True,True,True,True,412.11,161.1,170.5,746.6438,PV,KET-8-7_PFC_3.7_C_2.tif,KET-8-7,VR5_KET,KET-8,4.3791423,576.1438,660.9068,quad_PV,2.5286746
622,8298,KET-8-7_PFC_4.0_A_2.tif,KET-8-7_PFC_4.0_A,0-000-00003_PV,"('0-000-00003_PV', '0-FFF-00049_cFos', '0-FFF-00126_Npas4', '0-FFF-00009_WFA')",True,True,True,True,461.01,250.98,221.0161,262.3828,PV,KET-8-7_PFC_4.0_A_2.tif,KET-8-7,VR5_KET,KET-8,1.1871661,41.366714,126.129715,quad_PV,0.48258093
625,8301,KET-8-7_PFC_4.0_A_2.tif,KET-8-7_PFC_4.0_A,0-000-00006_PV,"('0-000-00006_PV', '0-005-00005_cFos', '0-FFF-00120_Npas4', '0-FFF-00006_WFA')",True,True,True,True,252.54,398.48,221.0161,411.9963,PV,KET-8-7_PFC_4.0_A_2.tif,KET-8-7,VR5_KET,KET-8,1.8641009,190.98021,275.74323,quad_PV,1.0550125
632,8308,KET-8-7_PFC_4.0_A_2.tif,KET-8-7_PFC_4.0_A,0-000-00013_PV,"('0-000-00013_PV', '0-FFF-00041_cFos', '0-FFF-00010_Npas4', '0-FFF-00002_WFA')",True,True,True,True,17.45,108.97,221.0161,499.9936,PV,KET-8-7_PFC_4.0_A_2.tif,KET-8-7,VR5_KET,KET-8,2.2622497,278.97748,363.74048,quad_PV,1.391696
640,8506,KET-8-7_PFC_4.0_B_2.tif,KET-8-7_PFC_4.0_B,0-000-00001_PV,"('0-000-00001_PV', '0-FFF-00035_cFos', '0-FFF-00054_Npas4', '0-FFF-00004_WFA')",True,True,True,True,227.1,321.75,143.4169,233.8504,PV,KET-8-7_PFC_4.0_B_2.tif,KET-8-7,VR5_KET,KET-8,1.6305637,90.4335,175.1965,quad_PV,0.67031384
663,8674,KET-9-1_PFC_3.6_A_2.tif,KET-9-1_PFC_3.6_A,0-000-00003_PV,"('0-000-00003_PV', '0-FFF-00037_cFos', '0-FFF-00022_Npas4', '0-FFF-00001_WFA')",True,True,True,True,28.61,157.69,261.9719,463.1984,PV,KET-9-1_PFC_3.6_A_2.tif,KET-9-1,FR1_KET,KET-9,1.7681224,201.2265,285.9895,quad_PV,1.0942154
666,8677,KET-9-1_PFC_3.6_A_2.tif,KET-9-1_PFC_3.6_A,0-000-00006_PV,"('0-000-00006_PV', '0-FFF-00030_cFos', '0-200-00002_Npas4', '0-FFF-00004_WFA')",True,True,True,True,380.28,462.32,261.9719,443.3075,PV,KET-9-1_PFC_3.6_A_2.tif,KET-9-1,FR1_KET,KET-9,1.6921948,181.3356,266.0986,quad_PV,1.0181115
669,8680,KET-9-1_PFC_3.6_A_2.tif,KET-9-1_PFC_3.6_A,0-000-00009_PV,"('0-000-00009_PV', '0-FFF-00019_Npas4', '0-FFF-00005_WFA')",True,False,True,True,308.8,6.31,261.9719,558.5176,PV,KET-9-1_PFC_3.6_A_2.tif,KET-9-1,FR1_KET,KET-9,2.1319752,296.5457,381.3087,"PV_coloc_w_Npas4,WFA",1.4589131
670,8681,KET-9-1_PFC_3.6_A_2.tif,KET-9-1_PFC_3.6_A,0-000-00010_PV,"('0-000-00010_PV', '0-FFF-00015_cFos', '0-FFF-00069_Npas4', '0-FFF-00006_WFA')",True,True,True,True,156.28,4.64,261.9719,758.5188,PV,KET-9-1_PFC_3.6_A_2.tif,KET-9-1,FR1_KET,KET-9,2.8954206,496.5469,581.30994,quad_PV,2.2241316
671,8826,KET-9-1_PFC_3.6_D_2.tif,KET-9-1_PFC_3.6_D,0-000-00000_PV,"('0-000-00000_PV', '0-FFF-00038_cFos', '0-FFF-00012_Npas4', '0-FFF-00006_WFA')",True,True,True,True,135.23,31.46,124.0568,314.6428,PV,KET-9-1_PFC_3.6_D_2.tif,KET-9-1,FR1_KET,KET-9,2.5362802,190.586,275.349,quad_PV,1.0535041
672,8827,KET-9-1_PFC_3.6_D_2.tif,KET-9-1_PFC_3.6_D,0-000-00001_PV,"('0-000-00001_PV', '0-FFF-00049_Npas4', '0-FFF-00002_WFA')",True,False,True,True,121.82,408.31,124.0568,280.9397,PV,KET-9-1_PFC_3.6_D_2.tif,KET-9-1,FR1_KET,KET-9,2.2646053,156.8829,241.6459,"PV_coloc_w_Npas4,WFA",0.92455375
674,8829,KET-9-1_PFC_3.6_D_2.tif,KET-9-1_PFC_3.6_D,0-000-00003_PV,"('0-000-00003_PV', '0-FFF-00001_cFos', '0-200-00006_Npas4', '0-FFF-00007_WFA')",True,True,True,True,204.0,101.83,124.0568,244.9675,PV,KET-9-1_PFC_3.6_D_2.tif,KET-9-1,FR1_KET,KET-9,1.9746398,120.9107,205.6737,quad_PV,0.7869217
675,8830,KET-9-1_PFC_3.6_D_2.tif,KET-9-1_PFC_3.6_D,0-000-00004_PV,"('0-000-00004_PV', '0-FFF-00031_Npas4', '0-FFF-00003_WFA')",True,False,True,True,118.09,303.1,124.0568,303.0069,PV,KET-9-1_PFC_3.6_D_2.tif,KET-9-1,FR1_KET,KET-9,2.442485,178.9501,263.7131,"PV_coloc_w_Npas4,WFA",1.0089844
681,8941,KET-9-1_PFC_3.7_B_2.tif,KET-9-1_PFC_3.7_B,0-000-00001_PV,"('0-000-00001_PV', '0-FFF-00028_Npas4', '0-FFF-00001_WFA')",True,False,True,True,401.44,250.25,105.425,217.4207,PV,KET-9-1_PFC_3.7_B_2.tif,KET-9-1,FR1_KET,KET-9,2.0623257,111.9957,196.7587,"PV_coloc_w_Npas4,WFA",0.75281227
687,9018,KET-9-1_PFC_3.7_C_2.tif,KET-9-1_PFC_3.7_C,0-000-00001_PV,"('0-000-00001_PV', '0-FFF-00010_cFos', '0-FFF-00020_Npas4', '0-FFF-00002_WFA')",True,True,True,True,205.87,260.82,102.4559,159.4107,PV,KET-9-1_PFC_3.7_C_2.tif,KET-9-1,FR1_KET,KET-9,1.5558958,56.954803,141.7178,quad_PV,0.542222
689,9020,KET-9-1_PFC_3.7_C_2.tif,KET-9-1_PFC_3.7_C,0-000-00003_PV,"('0-000-00003_PV', '0-FFF-00001_cFos', '0-FFF-00001_Npas4', '0-FFF-00001_WFA')",True,True,True,True,46.53,71.71,102.4559,154.5741,PV,KET-9-1_PFC_3.7_C_2.tif,KET-9-1,FR1_KET,KET-9,1.508689,52.118195,136.8812,quad_PV,0.5237168
702,9078,KET-9-2_PFC_3.5_E_2.tif,KET-9-2_PFC_3.5_E,0-000-00000_PV,"('0-000-00000_PV', '0-005-00008_cFos', '0-FFF-00040_Npas4', '0-FFF-00012_WFA')",True,True,True,True,72.36,308.8,216.162,241.6576,PV,KET-9-2_PFC_3.5_E_2.tif,KET-9-2,FR1_SAL,KET-9,1.1179466,25.49559,110.25859,quad_PV,0.4218569
703,9079,KET-9-2_PFC_3.5_E_2.tif,KET-9-2_PFC_3.5_E,0-000-00001_PV,"('0-000-00001_PV', '0-005-00012_cFos', '0-FFF-00047_Npas4', '0-FFF-00014_WFA')",True,True,True,True,432.14,384.17,216.162,478.2923,PV,KET-9-2_PFC_3.5_E_2.tif,KET-9-2,FR1_SAL,KET-9,2.2126567,262.1303,346.8933,quad_PV,1.3272376
706,9082,KET-9-2_PFC_3.5_E_2.tif,KET-9-2_PFC_3.5_E,0-000-00004_PV,"('0-000-00004_PV', '0-FFF-00035_cFos', '0-FFF-00014_Npas4', '0-FFF-00009_WFA')",True,True,True,True,477.56,151.61,216.162,406.9957,PV,KET-9-2_PFC_3.5_E_2.tif,KET-9-2,FR1_SAL,KET-9,1.8828272,190.8337,275.59668,quad_PV,1.0544518
707,9083,KET-9-2_PFC_3.5_E_2.tif,KET-9-2_PFC_3.5_E,0-000-00005_PV,"('0-000-00005_PV', '0-FFF-00008_Npas4', '0-FFF-00006_WFA')",True,False,True,True,150.73,81.42,216.162,263.2664,PV,KET-9-2_PFC_3.5_E_2.tif,KET-9-2,FR1_SAL,KET-9,1.2179124,47.104385,131.86739,"PV_coloc_w_Npas4,WFA",0.50453365
709,9085,KET-9-2_PFC_3.5_E_2.tif,KET-9-2_PFC_3.5_E,0-000-00007_PV,"('0-000-00007_PV', '0-FFF-00006_Npas4', '0-FFF-00003_WFA')",True,False,True,True,76.25,9.06,216.162,356.3397,PV,KET-9-2_PFC_3.5_E_2.tif,KET-9-2,FR1_SAL,KET-9,1.6484845,140.17769,224.94069,"PV_coloc_w_Npas4,WFA",0.8606385
712,9088,KET-9-2_PFC_3.5_E_2.tif,KET-9-2_PFC_3.5_E,0-FFF-00011_PV,"('0-FFF-00011_PV', '0-005-00006_cFos', '0-FFF-00005_Npas4', '0-FFF-00002_WFA')",True,True,True,True,47.53,9.74,216.162,309.9589,PV,KET-9-2_PFC_3.5_E_2.tif,KET-9-2,FR1_SAL,KET-9,1.4339194,93.79689,178.55989,quad_PV,0.68318236
715,9246,KET-9-2_PFC_3.7_A_2.tif,KET-9-2_PFC_3.7_A,0-000-00002_PV,"('0-000-00002_PV', '0-FFF-00040_Npas4', '0-FFF-00003_WFA')",True,False,True,True,187.53,353.91,202.4613,286.3197,PV,KET-9-2_PFC_3.7_A_2.tif,KET-9-2,FR1_SAL,KET-9,1.4141947,83.8584,168.6214,"PV_coloc_w_Npas4,WFA",0.64515704
716,9247,KET-9-2_PFC_3.7_A_2.tif,KET-9-2_PFC_3.7_A,0-000-00003_PV,"('0-000-00003_PV', '0-FFF-00006_cFos', '0-FFF-00051_Npas4', '0-FFF-00004_WFA')",True,True,True,True,278.11,396.71,202.4613,285.6001,PV,KET-9-2_PFC_3.7_A_2.tif,KET-9-2,FR1_SAL,KET-9,1.4106404,83.138794,167.9018,quad_PV,0.6424038
717,9248,KET-9-2_PFC_3.7_A_2.tif,KET-9-2_PFC_3.7_A,0-000-00005_PV,"('0-000-00005_PV', '0-FFF-00027_Npas4', '0-FFF-00001_WFA')",True,False,True,True,242.49,168.15,202.4613,419.8645,PV,KET-9-2_PFC_3.7_A_2.tif,KET-9-2,FR1_SAL,KET-9,2.0738013,217.4032,302.1662,"PV_coloc_w_Npas4,WFA",1.1561086
718,9249,KET-9-2_PFC_3.7_A_2.tif,KET-9-2_PFC_3.7_A,0-000-00006_PV,"('0-000-00006_PV', '0-200-00003_Npas4', '0-FFF-00011_WFA')",True,False,True,True,352.76,415.49,202.4613,302.4889,PV,KET-9-2_PFC_3.7_A_2.tif,KET-9-2,FR1_SAL,KET-9,1.4940578,100.02759,184.79059,"PV_coloc_w_Npas4,WFA",0.7070215
719,9250,KET-9-2_PFC_3.7_A_2.tif,KET-9-2_PFC_3.7_A,0-000-00007_PV,"('0-000-00007_PV', '0-FFF-00001_cFos', '0-FFF-00035_Npas4', '0-FFF-00002_WFA')",True,True,True,True,340.02,229.81,202.4613,346.0341,PV,KET-9-2_PFC_3.7_A_2.tif,KET-9-2,FR1_SAL,KET-9,1.709137,143.57278,228.33578,quad_PV,0.8736284
722,9253,KET-9-2_PFC_3.7_A_2.tif,KET-9-2_PFC_3.7_A,0-000-00010_PV,"('0-000-00010_PV', '0-FFF-00005_cFos', '0-200-00014_Npas4', '0-FFF-00008_WFA')",True,True,True,True,498.13,156.13,202.4613,274.1047,PV,KET-9-2_PFC_3.7_A_2.tif,KET-9-2,FR1_SAL,KET-9,1.3538622,71.6434,156.4064,quad_PV,0.59842163
724,9255,KET-9-2_PFC_3.7_A_2.tif,KET-9-2_PFC_3.7_A,0-000-00013_PV,"('0-000-00013_PV', '0-FFF-00056_Npas4', '0-FFF-00006_WFA')",True,False,True,True,314.84,480.15,202.4613,377.8599,PV,KET-9-2_PFC_3.7_A_2.tif,KET-9-2,FR1_SAL,KET-9,1.8663315,175.39859,260.1616,"PV_coloc_w_Npas4,WFA",0.9953961
725,9256,KET-9-2_PFC_3.7_A_2.tif,KET-9-2_PFC_3.7_A,0-000-00014_PV,"('0-000-00014_PV', '0-FFF-00031_Npas4', '0-FFF-00007_WFA')",True,False,True,True,503.15,116.03,202.4613,227.8412,PV,KET-9-2_PFC_3.7_A_2.tif,KET-9-2,FR1_SAL,KET-9,1.1253568,25.379898,110.1429,"PV_coloc_w_Npas4,WFA",0.4214143
726,9257,KET-9-2_PFC_3.7_A_2.tif,KET-9-2_PFC_3.7_A,0-FFF-00015_PV,"('0-FFF-00015_PV', '0-FFF-00055_Npas4', '0-FFF-00005_WFA')",True,False,True,True,318.84,439.45,202.4613,391.7079,PV,KET-9-2_PFC_3.7_A_2.tif,KET-9-2,FR1_SAL,KET-9,1.9347297,189.24658,274.00958,"PV_coloc_w_Npas4,WFA",1.0483794
728,9339,KET-9-2_PFC_3.7_C_2.tif,KET-9-2_PFC_3.7_C,0-000-00001_PV,"('0-000-00001_PV', '0-005-00003_cFos', '0-FFF-00054_Npas4', '0-FFF-00004_WFA')",True,True,True,True,365.98,501.98,104.1046,248.0019,PV,KET-9-2_PFC_3.7_C_2.tif,KET-9-2,FR1_SAL,KET-9,2.3822377,143.89731,228.66031,quad_PV,0.87487
733,9344,KET-9-2_PFC_3.7_C_2.tif,KET-9-2_PFC_3.7_C,0-000-00006_PV,"('0-000-00006_PV', '0-005-00001_cFos', '0-FFF-00040_Npas4', '0-FFF-00002_WFA')",True,True,True,True,161.46,344.56,104.1046,217.6462,PV,KET-9-2_PFC_3.7_C_2.tif,KET-9-2,FR1_SAL,KET-9,2.0906491,113.541595,198.3046,quad_PV,0.75872695
737,9421,KET-9-2_PFC_3.7_D_2.tif,KET-9-2_PFC_3.7_D,0-000-00000_PV,"('0-000-00000_PV', '0-005-00004_cFos', '0-200-00003_Npas4', '0-FFF-00006_WFA')",True,True,True,True,332.99,167.74,192.1722,420.4754,PV,KET-9-2_PFC_3.7_D_2.tif,KET-9-2,FR1_SAL,KET-9,2.1880138,228.3032,313.06622,quad_PV,1.1978128
745,9429,KET-9-2_PFC_3.7_D_2.tif,KET-9-2_PFC_3.7_D,0-000-00009_PV,"('0-000-00009_PV', '0-005-00010_cFos', '0-FFF-00006_Npas4', '0-FFF-00005_WFA')",True,True,True,True,259.7,32.53,192.1722,309.3504,PV,KET-9-2_PFC_3.7_D_2.tif,KET-9-2,FR1_SAL,KET-9,1.6097564,117.17821,201.94121,quad_PV,0.7726409
753,9510,KET-9-2_PFC_3.9_B_2.tif,KET-9-2_PFC_3.9_B,0-000-00000_PV,"('0-000-00000_PV', '0-005-00007_cFos', '0-FFF-00042_Npas4', '0-FFF-00007_WFA')",True,True,True,True,177.11,366.65,135.4751,299.6418,PV,KET-9-2_PFC_3.9_B_2.tif,KET-9-2,FR1_SAL,KET-9,2.211785,164.16672,248.92972,quad_PV,0.95242214
754,9511,KET-9-2_PFC_3.9_B_2.tif,KET-9-2_PFC_3.9_B,0-000-00001_PV,"('0-000-00001_PV', '0-005-00010_cFos', '0-FFF-00021_Npas4', '0-FFF-00001_WFA')",True,True,True,True,166.15,165.61,135.4751,187.47,PV,KET-9-2_PFC_3.9_B_2.tif,KET-9-2,FR1_SAL,KET-9,1.3837968,51.994904,136.7579,quad_PV,0.5232451
756,9513,KET-9-2_PFC_3.9_B_2.tif,KET-9-2_PFC_3.9_B,0-000-00003_PV,"('0-000-00003_PV', '0-005-00008_cFos', '0-FFF-00050_Npas4', '0-FFF-00002_WFA')",True,True,True,True,332.5,351.59,135.4751,215.8194,PV,KET-9-2_PFC_3.9_B_2.tif,KET-9-2,FR1_SAL,KET-9,1.5930558,80.3443,165.1073,quad_PV,0.63171184
762,9519,KET-9-2_PFC_3.9_B_2.tif,KET-9-2_PFC_3.9_B,0-000-00009_PV,"('0-000-00009_PV', '0-FFF-00047_Npas4', '0-FFF-00005_WFA')",True,False,True,True,184.34,413.53,135.4751,154.6094,PV,KET-9-2_PFC_3.9_B_2.tif,KET-9-2,FR1_SAL,KET-9,1.1412386,19.134308,103.89731,"PV_coloc_w_Npas4,WFA",0.39751822
767,9585,KET-9-4_PFC_3.5_E_2.tif,KET-9-4_PFC_3.5_E,0-000-00001_PV,"('0-000-00001_PV', '0-005-00024_cFos', '0-200-00002_Npas4', '0-FFF-00001_WFA')",True,True,True,True,32.56,100.28,156.2425,604.223,PV,KET-9-4_PFC_3.5_E_2.tif,KET-9-4,FR1_SAL,KET-9,3.8672132,447.98053,532.7435,quad_PV,2.0383132
770,9588,KET-9-4_PFC_3.5_E_2.tif,KET-9-4_PFC_3.5_E,0-000-00005_PV,"('0-000-00005_PV', '0-FFF-00017_Npas4', '0-FFF-00005_WFA')",True,False,True,True,106.49,169.64,156.2425,407.6758,PV,KET-9-4_PFC_3.5_E_2.tif,KET-9-4,FR1_SAL,KET-9,2.6092505,251.43332,336.19632,"PV_coloc_w_Npas4,WFA",1.2863102
773,9739,KET-9-4_PFC_3.7_C_2.tif,KET-9-4_PFC_3.7_C,0-000-00001_PV,"('0-000-00001_PV', '0-FFF-00036_cFos', '0-FFF-00025_Npas4', '0-FFF-00003_WFA')",True,True,True,True,377.24,130.8,103.6817,232.7804,PV,KET-9-4_PFC_3.7_C_2.tif,KET-9-4,FR1_SAL,KET-9,2.2451444,129.0987,213.8617,quad_PV,0.81824946
774,9740,KET-9-4_PFC_3.7_C_2.tif,KET-9-4_PFC_3.7_C,0-000-00002_PV,"('0-000-00002_PV', '0-FFF-00050_cFos', '0-FFF-00010_Npas4', '0-FFF-00001_WFA')",True,True,True,True,202.22,120.35,103.6817,176.7625,PV,KET-9-4_PFC_3.7_C_2.tif,KET-9-4,FR1_SAL,KET-9,1.7048572,73.080795,157.8438,quad_PV,0.6039212
781,9890,KET-9-4_PFC_3.7_D_2.tif,KET-9-4_PFC_3.7_D,0-000-00004_PV,"('0-000-00004_PV', '0-005-00002_cFos', '0-200-00000_Npas4', '0-FFF-00005_WFA')",True,True,True,True,387.93,343.49,94.7429,327.522,PV,KET-9-4_PFC_3.7_D_2.tif,KET-9-4,FR1_SAL,KET-9,3.4569557,232.77911,317.5421,quad_PV,1.2149379
785,10010,KET-9-4_PFC_4.0_A_2.tif,KET-9-4_PFC_4.0_A,0-000-00002_PV,"('0-000-00002_PV', '0-FFF-00012_Npas4', '0-FFF-00006_WFA')",True,False,True,True,76.85,198.37,96.4527,109.0284,PV,KET-9-4_PFC_4.0_A_2.tif,KET-9-4,FR1_SAL,KET-9,1.1303821,12.575699,97.3387,"PV_coloc_w_Npas4,WFA",0.37242454
787,10012,KET-9-4_PFC_4.0_A_2.tif,KET-9-4_PFC_4.0_A,0-000-00004_PV,"('0-000-00004_PV', '0-FFF-00065_Npas4', '0-FFF-00005_WFA')",True,False,True,True,326.03,343.24,96.4527,92.3466,PV,KET-9-4_PFC_4.0_A_2.tif,KET-9-4,FR1_SAL,KET-9,0.95742893,-4.1060944,80.656906,"PV_coloc_w_Npas4,WFA",0.30859885
788,10013,KET-9-4_PFC_4.0_A_2.tif,KET-9-4_PFC_4.0_A,0-000-00005_PV,"('0-000-00005_PV', '0-005-00004_cFos', '0-FFF-00016_Npas4', '0-FFF-00001_WFA')",True,True,True,True,242.77,159.23,96.4527,148.3185,PV,KET-9-4_PFC_4.0_A_2.tif,KET-9-4,FR1_SAL,KET-9,1.537733,51.8658,136.6288,quad_PV,0.52275115
793,10157,KET-9-4_PFC_4.0_B_2.tif,KET-9-4_PFC_4.0_B,0-000-00000_PV,"('0-000-00000_PV', '0-005-00010_cFos', '0-FFF-00008_Npas4', '0-FFF-00002_WFA')",True,True,True,True,139.83,45.83,100.7306,166.5965,PV,KET-9-4_PFC_4.0_B_2.tif,KET-9-4,FR1_SAL,KET-9,1.6538818,65.8659,150.6289,quad_PV,0.57631654
797,10161,KET-9-4_PFC_4.0_B_2.tif,KET-9-4_PFC_4.0_B,0-000-00004_PV,"('0-000-00004_PV', '0-FFF-00043_cFos', '0-FFF-00017_Npas4', '0-FFF-00004_WFA')",True,True,True,True,477.13,54.11,100.7306,296.5438,PV,KET-9-4_PFC_4.0_B_2.tif,KET-9-4,FR1_SAL,KET-9,2.9439297,195.8132,280.5762,quad_PV,1.0735037
804,10295,KET-9-5_PFC_3.5_B_2.tif,KET-9-5_PFC_3.5_B,0-000-00002_PV,"('0-000-00002_PV', '0-FFF-00038_cFos', '0-FFF-00018_Npas4', '0-FFF-00002_WFA')",True,True,True,True,259.39,502.61,64.0044,190.4215,PV,KET-9-5_PFC_3.5_B_2.tif,KET-9-5,FR1_SAL,KET-9,2.9751313,126.41709,211.18008,quad_PV,0.8079895
810,10387,KET-9-5_PFC_3.5_C_2.tif,KET-9-5_PFC_3.5_C,0-000-00006_PV,"('0-000-00006_PV', '0-FFF-00043_cFos', '0-FFF-00047_Npas4', '0-FFF-00005_WFA')",True,True,True,True,200.78,362.09,95.1013,142.5381,PV,KET-9-5_PFC_3.5_C_2.tif,KET-9-5,FR1_SAL,KET-9,1.4988028,47.4368,132.1998,quad_PV,0.5058055
819,10489,KET-9-5_PFC_3.5_D_2.tif,KET-9-5_PFC_3.5_D,0-000-00000_PV,"('0-000-00000_PV', '0-FFF-00071_cFos', '0-FFF-00017_Npas4', '0-FFF-00007_WFA')",True,True,True,True,498.37,111.01,188.5259,303.6773,PV,KET-9-5_PFC_3.5_D_2.tif,KET-9-5,FR1_SAL,KET-9,1.610799,115.15141,199.91441,quad_PV,0.76488626
822,10492,KET-9-5_PFC_3.5_D_2.tif,KET-9-5_PFC_3.5_D,0-000-00003_PV,"('0-000-00003_PV', '0-005-00000_cFos', '0-FFF-00042_Npas4', '0-FFF-00001_WFA')",True,True,True,True,435.55,388.51,188.5259,484.3424,PV,KET-9-5_PFC_3.5_D_2.tif,KET-9-5,FR1_SAL,KET-9,2.5691028,295.81653,380.57953,quad_PV,1.4561234
823,10493,KET-9-5_PFC_3.5_D_2.tif,KET-9-5_PFC_3.5_D,0-000-00004_PV,"('0-000-00004_PV', '0-005-00016_cFos', '0-200-00006_Npas4', '0-FFF-00008_WFA')",True,True,True,True,24.37,120.09,188.5259,785.0215,PV,KET-9-5_PFC_3.5_D_2.tif,KET-9-5,FR1_SAL,KET-9,4.163998,596.4956,681.2586,quad_PV,2.606542
825,10669,KET-9-5_PFC_3.5_E_2.tif,KET-9-5_PFC_3.5_E,0-000-00001_PV,"('0-000-00001_PV', '0-005-00014_cFos', '0-200-00011_Npas4', '0-FFF-00002_WFA')",True,True,True,True,422.35,9.25,121.4777,426.8021,PV,KET-9-5_PFC_3.5_E_2.tif,KET-9-5,FR1_SAL,KET-9,3.5134194,305.3244,390.0874,quad_PV,1.4925011
826,10670,KET-9-5_PFC_3.5_E_2.tif,KET-9-5_PFC_3.5_E,0-FFF-00002_PV,"('0-FFF-00002_PV', '0-005-00030_cFos', '0-FFF-00018_Npas4', '0-FFF-00001_WFA')",True,True,True,True,365.26,8.73,121.4777,121.4484,PV,KET-9-5_PFC_3.5_E_2.tif,KET-9-5,FR1_SAL,KET-9,0.99975884,-0.029296875,84.7337,quad_PV,0.32419696
841,11023,KET-9-6_PFC_3.6_E_2.tif,KET-9-6_PFC_3.6_E,0-000-00004_PV,"('0-000-00004_PV', '0-005-00017_cFos', '0-FFF-00063_Npas4', '0-FFF-00003_WFA')",True,True,True,True,213.58,223.28,98.1571,410.6263,PV,KET-9-6_PFC_3.6_E_2.tif,KET-9-6,FR1_SAL,KET-9,4.183358,312.4692,397.2322,quad_PV,1.5198376
845,11224,KET-9-6_PFC_3.8_B_2.tif,KET-9-6_PFC_3.8_B,0-000-00001_PV,"('0-000-00001_PV', '0-005-00017_cFos', '0-FFF-00102_Npas4', '0-FFF-00002_WFA')",True,True,True,True,347.48,448.69,141.0914,280.7021,PV,KET-9-6_PFC_3.8_B_2.tif,KET-9-6,FR1_SAL,KET-9,1.9895053,139.61069,224.37369,quad_PV,0.85846907
846,11225,KET-9-6_PFC_3.8_B_2.tif,KET-9-6_PFC_3.8_B,0-000-00002_PV,"('0-000-00002_PV', '0-005-00007_cFos', '0-200-00008_Npas4', '0-FFF-00003_WFA')",True,True,True,True,118.05,148.3,141.0914,334.6114,PV,KET-9-6_PFC_3.8_B_2.tif,KET-9-6,FR1_SAL,KET-9,2.371593,193.51999,278.283,quad_PV,1.0647298
847,11226,KET-9-6_PFC_3.8_B_2.tif,KET-9-6_PFC_3.8_B,0-FFF-00003_PV,"('0-FFF-00003_PV', '0-FFF-00090_cFos', '0-FFF-00052_Npas4', '0-FFF-00004_WFA')",True,True,True,True,207.23,205.13,141.0914,122.9573,PV,KET-9-6_PFC_3.8_B_2.tif,KET-9-6,FR1_SAL,KET-9,0.87147266,-18.134102,66.6289,quad_PV,0.25492674
854,11233,KET-9-6_PFC_3.8_B_2.tif,KET-9-6_PFC_3.8_B,0-FFF-00011_PV,"('0-FFF-00011_PV', '0-005-00031_cFos', '0-FFF-00025_Npas4', '0-FFF-00006_WFA')",True,True,True,True,351.7,8.11,141.0914,116.7034,PV,KET-9-6_PFC_3.8_B_2.tif,KET-9-6,FR1_SAL,KET-9,0.8271475,-24.388,60.375,quad_PV,0.23099889
855,11445,KET-9-6_PFC_3.8_C_2.tif,KET-9-6_PFC_3.8_C,0-000-00000_PV,"('0-000-00000_PV', '0-FFF-00075_cFos', '0-FFF-00053_Npas4', '0-FFF-00003_WFA')",True,True,True,True,83.86,178.75,116.127,208.2772,PV,KET-9-6_PFC_3.8_C_2.tif,KET-9-6,FR1_SAL,KET-9,1.7935296,92.15021,176.91321,quad_PV,0.676882
856,11446,KET-9-6_PFC_3.8_C_2.tif,KET-9-6_PFC_3.8_C,0-000-00001_PV,"('0-000-00001_PV', '0-005-00011_cFos', '0-FFF-00081_Npas4', '0-FFF-00005_WFA')",True,True,True,True,278.78,502.2,116.127,194.0487,PV,KET-9-6_PFC_3.8_C_2.tif,KET-9-6,FR1_SAL,KET-9,1.6710042,77.92171,162.68471,quad_PV,0.62244284
865,11642,KET-9-6_PFC_3.8_D_2.tif,KET-9-6_PFC_3.8_D,0-FFF-00003_PV,"('0-FFF-00003_PV', '0-FFF-00069_cFos', '0-200-00011_Npas4', '0-FFF-00003_WFA')",True,True,True,True,392.74,8.09,126.8189,105.8764,PV,KET-9-6_PFC_3.8_D_2.tif,KET-9-6,FR1_SAL,KET-9,0.83486295,-20.942497,63.820503,quad_PV,0.24418162
867,11808,KET-9-6_PFC_4.0_A_2.tif,KET-9-6_PFC_4.0_A,0-000-00001_PV,"('0-000-00001_PV', '0-005-00044_cFos', '0-FFF-00093_Npas4', '0-FFF-00004_WFA')",True,True,True,True,280.09,363.97,183.1683,582.0012,PV,KET-9-6_PFC_4.0_A_2.tif,KET-9-6,FR1_SAL,KET-9,3.1774123,398.83292,483.59592,quad_PV,1.8502711
868,11809,KET-9-6_PFC_4.0_A_2.tif,KET-9-6_PFC_4.0_A,0-000-00002_PV,"('0-000-00002_PV', '0-005-00058_cFos', '0-FFF-00034_Npas4', '0-FFF-00007_WFA')",True,True,True,True,46.59,215.47,183.1683,299.9381,PV,KET-9-6_PFC_4.0_A_2.tif,KET-9-6,FR1_SAL,KET-9,1.6375,116.769806,201.5328,quad_PV,0.7710783
872,16168,PE-12-1_PFC_3.3_D_2.tif,PE-12-1_PFC_3.3_D,0-000-00001_PV,"('0-000-00001_PV', '0-FFF-00052_cFos', '0-FFF-00021_Npas4', '0-FFF-00007_WFA')",True,True,True,True,422.16,79.92,179.7343,394.5472,PV,PE-12-1_PFC_3.3_D_2.tif,PE-12-1,FR1_KET,PE-12,2.1951692,214.81291,299.57593,quad_PV,1.146198
881,16320,PE-12-1_PFC_3.4_E_2.tif,PE-12-1_PFC_3.4_E,0-000-00004_PV,"('0-000-00004_PV', '0-FFF-00081_Npas4', '0-FFF-00005_WFA')",True,False,True,True,78.2,260.25,192.3058,307.4859,PV,PE-12-1_PFC_3.4_E_2.tif,PE-12-1,FR1_KET,PE-12,1.5989424,115.1801,199.9431,"PV_coloc_w_Npas4,WFA",0.764996
887,16537,PE-12-1_PFC_3.5_C_2.tif,PE-12-1_PFC_3.5_C,0-000-00002_PV,"('0-000-00002_PV', '0-FFF-00075_cFos', '0-FFF-00062_Npas4', '0-FFF-00006_WFA')",True,True,True,True,121.03,209.2,244.0528,558.7055,PV,PE-12-1_PFC_3.5_C_2.tif,PE-12-1,FR1_KET,PE-12,2.2892814,314.6527,399.4157,quad_PV,1.5281918
888,16538,PE-12-1_PFC_3.5_C_2.tif,PE-12-1_PFC_3.5_C,0-000-00003_PV,"('0-000-00003_PV', '0-FFF-00102_cFos', '0-FFF-00037_Npas4', '0-FFF-00001_WFA')",True,True,True,True,498.04,124.12,244.0528,632.5554,PV,PE-12-1_PFC_3.5_C_2.tif,PE-12-1,FR1_KET,PE-12,2.5918794,388.50262,473.26562,quad_PV,1.8107467
891,16541,PE-12-1_PFC_3.5_C_2.tif,PE-12-1_PFC_3.5_C,0-000-00009_PV,"('0-000-00009_PV', '0-005-00010_cFos', '0-FFF-00054_Npas4', '0-FFF-00002_WFA')",True,True,True,True,396.14,438.32,244.0528,572.3687,PV,PE-12-1_PFC_3.5_C_2.tif,PE-12-1,FR1_KET,PE-12,2.3452659,328.31592,413.07892,quad_PV,1.5804682
892,16542,PE-12-1_PFC_3.5_C_2.tif,PE-12-1_PFC_3.5_C,0-000-00010_PV,"('0-000-00010_PV', '0-FFF-00104_cFos', '0-FFF-00051_Npas4', '0-FFF-00003_WFA')",True,True,True,True,415.2,460.7,244.0528,499.1371,PV,PE-12-1_PFC_3.5_C_2.tif,PE-12-1,FR1_KET,PE-12,2.0452013,255.08429,339.8473,quad_PV,1.300279
893,16543,PE-12-1_PFC_3.5_C_2.tif,PE-12-1_PFC_3.5_C,0-000-00011_PV,"('0-000-00011_PV', '0-FFF-00093_cFos', '0-FFF-00047_Npas4', '0-FFF-00009_WFA')",True,True,True,True,380.76,349.28,244.0528,531.2228,PV,PE-12-1_PFC_3.5_C_2.tif,PE-12-1,FR1_KET,PE-12,2.1766715,287.16998,371.93298,quad_PV,1.4230411
895,16747,PE-12-1_PFC_3.6_B_2.tif,PE-12-1_PFC_3.6_B,0-000-00000_PV,"('0-000-00000_PV', '0-FFF-00044_Npas4', '0-FFF-00004_WFA')",True,False,True,True,150.14,379.0,215.3529,575.4227,PV,PE-12-1_PFC_3.6_B_2.tif,PE-12-1,FR1_KET,PE-12,2.671999,360.06982,444.83282,"PV_coloc_w_Npas4,WFA",1.7019608
898,16889,PE-12-1_PFC_3.7_A_2.tif,PE-12-1_PFC_3.7_A,0-000-00000_PV,"('0-000-00000_PV', '0-FFF-00018_Npas4', '0-FFF-00001_WFA')",True,False,True,True,129.64,73.8,206.5547,605.3696,PV,PE-12-1_PFC_3.7_A_2.tif,PE-12-1,FR1_KET,PE-12,2.9307957,398.81494,483.57794,"PV_coloc_w_Npas4,WFA",1.8502023
908,17212,PE-12-2_PFC_3.5_E_2.tif,PE-12-2_PFC_3.5_E,0-000-00002_PV,"('0-000-00002_PV', '0-FFF-00050_cFos', '0-FFF-00015_Npas4', '0-FFF-00006_WFA')",True,True,True,True,464.76,43.48,178.8555,382.5669,PV,PE-12-2_PFC_3.5_E_2.tif,PE-12-2,FR1_KET,PE-12,2.138972,203.7114,288.4744,quad_PV,1.1037228
910,17214,PE-12-2_PFC_3.5_E_2.tif,PE-12-2_PFC_3.5_E,0-000-00004_PV,"('0-000-00004_PV', '0-005-00029_cFos', '0-FFF-00062_Npas4', '0-FFF-00003_WFA')",True,True,True,True,229.8,472.88,178.8555,466.0869,PV,PE-12-2_PFC_3.5_E_2.tif,PE-12-2,FR1_KET,PE-12,2.6059413,287.2314,371.99442,quad_PV,1.4232761
911,17215,PE-12-2_PFC_3.5_E_2.tif,PE-12-2_PFC_3.5_E,0-000-00005_PV,"('0-000-00005_PV', '0-FFF-00066_Npas4', '0-FFF-00002_WFA')",True,False,True,True,313.85,389.5,178.8555,278.717,PV,PE-12-2_PFC_3.5_E_2.tif,PE-12-2,FR1_KET,PE-12,1.5583363,99.86151,184.62451,"PV_coloc_w_Npas4,WFA",0.706386
912,17216,PE-12-2_PFC_3.5_E_2.tif,PE-12-2_PFC_3.5_E,0-000-00006_PV,"('0-000-00006_PV', '0-005-00001_cFos', '0-200-00001_Npas4', '0-FFF-00004_WFA')",True,True,True,True,439.43,445.98,178.8555,251.2088,PV,PE-12-2_PFC_3.5_E_2.tif,PE-12-2,FR1_KET,PE-12,1.4045349,72.3533,157.1163,quad_PV,0.60113776
916,17361,PE-12-2_PFC_3.6_C_2.tif,PE-12-2_PFC_3.6_C,0-000-00000_PV,"('0-000-00000_PV', '0-005-00022_cFos', '0-FFF-00015_Npas4', '0-FFF-00003_WFA')",True,True,True,True,287.85,313.83,155.8976,306.8765,PV,PE-12-2_PFC_3.6_C_2.tif,PE-12-2,FR1_KET,PE-12,1.9684491,150.9789,235.7419,quad_PV,0.90196466
918,17363,PE-12-2_PFC_3.6_C_2.tif,PE-12-2_PFC_3.6_C,0-000-00002_PV,"('0-000-00002_PV', '0-FFF-00019_Npas4', '0-FFF-00008_WFA')",True,False,True,True,118.64,358.88,155.8976,217.1427,PV,PE-12-2_PFC_3.6_C_2.tif,PE-12-2,FR1_KET,PE-12,1.3928547,61.245102,146.0081,"PV_coloc_w_Npas4,WFA",0.558637
923,17525,PE-12-2_PFC_3.6_D_2.tif,PE-12-2_PFC_3.6_D,0-000-00000_PV,"('0-000-00000_PV', '0-005-00026_cFos', '0-FFF-00019_Npas4', '0-FFF-00001_WFA')",True,True,True,True,154.11,114.83,157.6394,296.5049,PV,PE-12-2_PFC_3.6_D_2.tif,PE-12-2,FR1_KET,PE-12,1.8809061,138.86551,223.62851,quad_PV,0.855618
933,17684,PE-12-2_PFC_3.7_A_2.tif,PE-12-2_PFC_3.7_A,0-000-00002_PV,"('0-000-00002_PV', '0-FFF-00050_cFos', '0-FFF-00067_Npas4', '0-FFF-00001_WFA')",True,True,True,True,11.88,429.75,203.6307,299.7729,PV,PE-12-2_PFC_3.7_A_2.tif,PE-12-2,FR1_KET,PE-12,1.47214,96.14218,180.90518,quad_PV,0.6921556
935,17686,PE-12-2_PFC_3.7_A_2.tif,PE-12-2_PFC_3.7_A,0-000-00005_PV,"('0-000-00005_PV', '0-FFF-00044_cFos', '0-FFF-00045_Npas4', '0-FFF-00005_WFA')",True,True,True,True,197.22,329.97,203.6307,476.0818,PV,PE-12-2_PFC_3.7_A_2.tif,PE-12-2,FR1_KET,PE-12,2.3379667,272.45108,357.21408,quad_PV,1.3667256
943,17839,PE-12-7_PFC_3.5_E_2.tif,PE-12-7_PFC_3.5_E,0-000-00001_PV,"('0-000-00001_PV', '0-005-00015_cFos', '0-FFF-00056_Npas4', '0-FFF-00006_WFA')",True,True,True,True,141.8,463.51,216.9688,320.4151,PV,PE-12-7_PFC_3.5_E_2.tif,PE-12-7,FR1_KET,PE-12,1.4767797,103.446304,188.2093,quad_PV,0.7201017
945,17841,PE-12-7_PFC_3.5_E_2.tif,PE-12-7_PFC_3.5_E,0-000-00004_PV,"('0-000-00004_PV', '0-FFF-00075_cFos', '0-FFF-00053_Npas4', '0-FFF-00005_WFA')",True,True,True,True,134.31,424.8,216.9688,337.616,PV,PE-12-7_PFC_3.5_E_2.tif,PE-12-7,FR1_KET,PE-12,1.5560578,120.6472,205.4102,quad_PV,0.7859135
947,17843,PE-12-7_PFC_3.5_E_2.tif,PE-12-7_PFC_3.5_E,0-000-00006_PV,"('0-000-00006_PV', '0-005-00051_cFos', '0-200-00000_Npas4', '0-FFF-00003_WFA')",True,True,True,True,315.58,226.69,216.9688,350.2287,PV,PE-12-7_PFC_3.5_E_2.tif,PE-12-7,FR1_KET,PE-12,1.6141893,133.2599,218.0229,quad_PV,0.8341706
955,18031,PE-12-7_PFC_3.6_B_2.tif,PE-12-7_PFC_3.6_B,0-000-00003_PV,"('0-000-00003_PV', '0-005-00044_cFos', '0-200-00000_Npas4', '0-001-00002_WFA')",True,True,True,True,326.6,502.4,200.0782,364.2137,PV,PE-12-7_PFC_3.6_B_2.tif,PE-12-7,FR1_KET,PE-12,1.8203568,164.13551,248.89851,quad_PV,0.95230275
962,18038,PE-12-7_PFC_3.6_B_2.tif,PE-12-7_PFC_3.6_B,0-000-00011_PV,"('0-000-00011_PV', '0-005-00027_cFos', '0-FFF-00093_Npas4', '0-FFF-00015_WFA')",True,True,True,True,154.01,447.16,200.0782,315.9485,PV,PE-12-7_PFC_3.6_B_2.tif,PE-12-7,FR1_KET,PE-12,1.5791249,115.870285,200.63329,quad_PV,0.7676367
965,18211,PE-12-7_PFC_3.6_D_2.tif,PE-12-7_PFC_3.6_D,0-000-00000_PV,"('0-000-00000_PV', '0-005-00028_cFos', '0-FFF-00059_Npas4', '0-FFF-00007_WFA')",True,True,True,True,349.21,329.03,137.3821,239.8329,PV,PE-12-7_PFC_3.6_D_2.tif,PE-12-7,FR1_KET,PE-12,1.7457362,102.450806,187.2138,quad_PV,0.71629286
966,18212,PE-12-7_PFC_3.6_D_2.tif,PE-12-7_PFC_3.6_D,0-000-00001_PV,"('0-000-00001_PV', '0-005-00039_cFos', '0-FFF-00054_Npas4', '0-FFF-00001_WFA')",True,True,True,True,420.19,281.01,137.3821,156.3541,PV,PE-12-7_PFC_3.6_D_2.tif,PE-12-7,FR1_KET,PE-12,1.1380966,18.972,103.735,quad_PV,0.39689723
969,18215,PE-12-7_PFC_3.6_D_2.tif,PE-12-7_PFC_3.6_D,0-000-00004_PV,"('0-000-00004_PV', '0-005-00010_cFos', '0-FFF-00060_Npas4', '0-FFF-00006_WFA')",True,True,True,True,323.29,271.91,137.3821,238.0686,PV,PE-12-7_PFC_3.6_D_2.tif,PE-12-7,FR1_KET,PE-12,1.732894,100.68651,185.44951,quad_PV,0.7095425
976,18412,PE-12-7_PFC_3.7_A_2.tif,PE-12-7_PFC_3.7_A,0-000-00000_PV,"('0-000-00000_PV', '0-FFF-00050_Npas4', '0-FFF-00003_WFA')",True,False,True,True,157.46,247.01,187.2918,239.3787,PV,PE-12-7_PFC_3.7_A_2.tif,PE-12-7,FR1_KET,PE-12,1.2781056,52.0869,136.8499,"PV_coloc_w_Npas4,WFA",0.52359706
977,18413,PE-12-7_PFC_3.7_A_2.tif,PE-12-7_PFC_3.7_A,0-000-00001_PV,"('0-000-00001_PV', '0-FFF-00065_cFos', '0-FFF-00075_Npas4', '0-FFF-00008_WFA')",True,True,True,True,81.12,492.16,187.2918,239.1842,PV,PE-12-7_PFC_3.7_A_2.tif,PE-12-7,FR1_KET,PE-12,1.2770672,51.89241,136.65541,quad_PV,0.52285296
982,18418,PE-12-7_PFC_3.7_A_2.tif,PE-12-7_PFC_3.7_A,0-000-00006_PV,"('0-000-00006_PV', '0-005-00024_cFos', '0-FFF-00039_Npas4', '0-FFF-00002_WFA')",True,True,True,True,123.62,196.69,187.2918,394.4849,PV,PE-12-7_PFC_3.7_A_2.tif,PE-12-7,FR1_KET,PE-12,2.1062584,207.1931,291.95612,quad_PV,1.1170441
983,18419,PE-12-7_PFC_3.7_A_2.tif,PE-12-7_PFC_3.7_A,0-000-00007_PV,"('0-000-00007_PV', '0-FFF-00059_cFos', '0-FFF-00007_Npas4', '0-FFF-00006_WFA')",True,True,True,True,143.58,56.88,187.2918,475.7738,PV,PE-12-7_PFC_3.7_A_2.tif,PE-12-7,FR1_KET,PE-12,2.540281,288.482,373.245,quad_PV,1.4280609
988,18563,PE-12-7_PFC_3.7_C_2.tif,PE-12-7_PFC_3.7_C,0-000-00003_PV,"('0-000-00003_PV', '0-FFF-00067_cFos', '0-FFF-00037_Npas4', '0-FFF-00007_WFA')",True,True,True,True,486.72,238.59,162.3288,173.3871,PV,PE-12-7_PFC_3.7_C_2.tif,PE-12-7,FR1_KET,PE-12,1.0681229,11.058304,95.821304,quad_PV,0.36661887
995,18714,PE-13-11_PFC_3.3_C_2.tif,PE-13-11_PFC_3.3_C,0-000-00003_PV,"('0-000-00003_PV', '0-FFF-00015_cFos', '0-FFF-00031_Npas4', '0-FFF-00008_WFA')",True,True,True,True,112.05,91.2,160.9161,409.5096,PV,PE-13-11_PFC_3.3_C_2.tif,PE-13-11,VR5_SAL,PE-13,2.544864,248.5935,333.3565,quad_PV,1.2754449
1006,18898,PE-13-11_PFC_3.5_E_2.tif,PE-13-11_PFC_3.5_E,0-000-00002_PV,"('0-000-00002_PV', '0-FFF-00005_cFos', '0-FFF-00029_Npas4', '0-FFF-00003_WFA')",True,True,True,True,297.0,256.49,138.1146,426.346,PV,PE-13-11_PFC_3.5_E_2.tif,PE-13-11,VR5_SAL,PE-13,3.0869005,288.2314,372.99442,quad_PV,1.4271022
1024,19180,PE-13-1_PFC_3.5_C_2.tif,PE-13-1_PFC_3.5_C,0-000-00001_PV,"('0-000-00001_PV', '0-FFF-00071_cFos', '0-FFF-00019_Npas4', '0-FFF-00007_WFA')",True,True,True,True,89.84,172.94,243.5388,485.2349,PV,PE-13-1_PFC_3.5_C_2.tif,PE-13-1,VR5_SAL,PE-13,1.9924335,241.69609,326.4591,quad_PV,1.2490549
1025,19181,PE-13-1_PFC_3.5_C_2.tif,PE-13-1_PFC_3.5_C,0-000-00002_PV,"('0-000-00002_PV', '0-FFF-00022_Npas4', '0-FFF-00008_WFA')",True,False,True,True,170.03,202.04,243.5388,467.7952,PV,PE-13-1_PFC_3.5_C_2.tif,PE-13-1,VR5_SAL,PE-13,1.920824,224.2564,309.0194,"PV_coloc_w_Npas4,WFA",1.1823294
1030,19186,PE-13-1_PFC_3.5_C_2.tif,PE-13-1_PFC_3.5_C,0-000-00007_PV,"('0-000-00007_PV', '0-FFF-00062_cFos', '0-FFF-00028_Npas4', '0-FFF-00001_WFA')",True,True,True,True,265.67,288.71,243.5388,738.6216,PV,PE-13-1_PFC_3.5_C_2.tif,PE-13-1,VR5_SAL,PE-13,3.0328703,495.08276,579.84576,quad_PV,2.2185297
1042,19344,PE-13-1_PFC_3.6_E_2.tif,PE-13-1_PFC_3.6_E,0-000-00005_PV,"('0-000-00005_PV', '0-FFF-00054_Npas4', '0-FFF-00003_WFA')",True,False,True,True,15.61,231.41,313.8435,465.8053,PV,PE-13-1_PFC_3.6_E_2.tif,PE-13-1,VR5_SAL,PE-13,1.4841961,151.96179,236.7248,"PV_coloc_w_Npas4,WFA",0.90572524
1043,19345,PE-13-1_PFC_3.6_E_2.tif,PE-13-1_PFC_3.6_E,0-000-00006_PV,"('0-000-00006_PV', '0-FFF-00109_Npas4', '0-FFF-00007_WFA')",True,False,True,True,496.08,120.48,313.8435,761.8879,PV,PE-13-1_PFC_3.6_E_2.tif,PE-13-1,VR5_SAL,PE-13,2.4276044,448.04437,532.8074,"PV_coloc_w_Npas4,WFA",2.0385575
1044,19346,PE-13-1_PFC_3.6_E_2.tif,PE-13-1_PFC_3.6_E,0-000-00007_PV,"('0-000-00007_PV', '0-FFF-00103_Npas4', '0-FFF-00009_WFA')",True,False,True,True,83.59,491.37,313.8435,569.4665,PV,PE-13-1_PFC_3.6_E_2.tif,PE-13-1,VR5_SAL,PE-13,1.8144919,255.62299,340.386,"PV_coloc_w_Npas4,WFA",1.3023401
1048,19350,PE-13-1_PFC_3.6_E_2.tif,PE-13-1_PFC_3.6_E,0-000-00011_PV,"('0-000-00011_PV', '0-FFF-00039_Npas4', '0-FFF-00006_WFA')",True,False,True,True,271.49,213.16,313.8435,715.4688,PV,PE-13-1_PFC_3.6_E_2.tif,PE-13-1,VR5_SAL,PE-13,2.2796993,401.6253,486.3883,"PV_coloc_w_Npas4,WFA",1.860955
1052,19537,PE-13-1_PFC_3.7_B_2.tif,PE-13-1_PFC_3.7_B,0-000-00000_PV,"('0-000-00000_PV', '0-FFF-00010_cFos', '0-FFF-00045_Npas4', '0-FFF-00014_WFA')",True,True,True,True,349.3,370.49,255.8228,334.8121,PV,PE-13-1_PFC_3.7_B_2.tif,PE-13-1,VR5_SAL,PE-13,1.3087656,78.9893,163.7523,quad_PV,0.62652755
1062,19547,PE-13-1_PFC_3.7_B_2.tif,PE-13-1_PFC_3.7_B,0-000-00010_PV,"('0-000-00010_PV', '0-FFF-00011_cFos', '0-FFF-00067_Npas4', '0-FFF-00013_WFA')",True,True,True,True,242.86,464.21,255.8228,298.9478,PV,PE-13-1_PFC_3.7_B_2.tif,PE-13-1,VR5_SAL,PE-13,1.1685737,43.125015,127.888016,quad_PV,0.4893083
1065,19550,PE-13-1_PFC_3.7_B_2.tif,PE-13-1_PFC_3.7_B,0-000-00013_PV,"('0-000-00013_PV', '0-FFF-00017_cFos', '0-200-00010_Npas4', '0-FFF-00010_WFA')",True,True,True,True,412.12,160.24,255.8228,422.9257,PV,PE-13-1_PFC_3.7_B_2.tif,PE-13-1,VR5_SAL,PE-13,1.6531978,167.10289,251.86589,quad_PV,0.9636561
1068,19689,PE-13-1_PFC_3.7_D_2.tif,PE-13-1_PFC_3.7_D,0-000-00000_PV,"('0-000-00000_PV', '0-FFF-00067_Npas4', '0-001-00001_WFA')",True,False,True,True,486.88,430.07,250.4376,450.7323,PV,PE-13-1_PFC_3.7_D_2.tif,PE-13-1,VR5_SAL,PE-13,1.7997788,200.2947,285.05768,"PV_coloc_w_Npas4,WFA",1.0906502
1069,19690,PE-13-1_PFC_3.7_D_2.tif,PE-13-1_PFC_3.7_D,0-000-00001_PV,"('0-000-00001_PV', '0-FFF-00048_cFos', '0-FFF-00061_Npas4', '0-FFF-00008_WFA')",True,True,True,True,367.61,361.41,250.4376,465.3591,PV,PE-13-1_PFC_3.7_D_2.tif,PE-13-1,VR5_SAL,PE-13,1.8581837,214.9215,299.6845,quad_PV,1.1466135
1070,19691,PE-13-1_PFC_3.7_D_2.tif,PE-13-1_PFC_3.7_D,0-000-00003_PV,"('0-000-00003_PV', '0-005-00014_cFos', '0-FFF-00030_Npas4', '0-001-00004_WFA')",True,True,True,True,502.53,22.11,250.4376,426.529,PV,PE-13-1_PFC_3.7_D_2.tif,PE-13-1,VR5_SAL,PE-13,1.7031348,176.09138,260.85437,quad_PV,0.9980467
1074,19695,PE-13-1_PFC_3.7_D_2.tif,PE-13-1_PFC_3.7_D,0-000-00007_PV,"('0-000-00007_PV', '0-FFF-00033_Npas4', '0-FFF-00007_WFA')",True,False,True,True,429.01,219.34,250.4376,382.0642,PV,PE-13-1_PFC_3.7_D_2.tif,PE-13-1,VR5_SAL,PE-13,1.5255864,131.6266,216.3896,"PV_coloc_w_Npas4,WFA",0.82792145
1083,19850,PE-13-1_PFC_3.9_A_2.tif,PE-13-1_PFC_3.9_A,0-000-00000_PV,"('0-000-00000_PV', '0-200-00001_Npas4', '0-FFF-00004_WFA')",True,False,True,True,346.16,459.15,264.3458,533.9295,PV,PE-13-1_PFC_3.9_A_2.tif,PE-13-1,VR5_SAL,PE-13,2.0198147,269.5837,354.3467,"PV_coloc_w_Npas4,WFA",1.3557547
1084,19851,PE-13-1_PFC_3.9_A_2.tif,PE-13-1_PFC_3.9_A,0-000-00002_PV,"('0-000-00002_PV', '0-FFF-00008_cFos', '0-FFF-00044_Npas4', '0-FFF-00006_WFA')",True,True,True,True,204.64,301.02,264.3458,427.0311,PV,PE-13-1_PFC_3.9_A_2.tif,PE-13-1,VR5_SAL,PE-13,1.6154261,162.6853,247.4483,quad_PV,0.94675416
1093,19991,PE-13-2_PFC_3.3_C_2.tif,PE-13-2_PFC_3.3_C,0-000-00001_PV,"('0-000-00001_PV', '0-FFF-00057_Npas4', '0-FFF-00003_WFA')",True,False,True,True,277.56,230.39,166.7403,480.1045,PV,PE-13-2_PFC_3.3_C_2.tif,PE-13-2,VR5_KET,PE-13,2.879355,313.3642,398.1272,"PV_coloc_w_Npas4,WFA",1.5232619
1100,20284,PE-13-2_PFC_3.5_B_2.tif,PE-13-2_PFC_3.5_B,0-000-00000_PV,"('0-000-00000_PV', '0-FFF-00020_Npas4', '0-FFF-00006_WFA')",True,False,True,True,364.92,167.99,140.1678,543.7187,PV,PE-13-2_PFC_3.5_B_2.tif,PE-13-2,VR5_KET,PE-13,3.8790555,403.5509,488.3139,"PV_coloc_w_Npas4,WFA",1.8683225
1104,20401,PE-13-2_PFC_3.5_E_2.tif,PE-13-2_PFC_3.5_E,0-000-00000_PV,"('0-000-00000_PV', '0-FFF-00055_cFos', '0-FFF-00064_Npas4', '0-FFF-00006_WFA')",True,True,True,True,381.77,427.28,169.7855,493.3967,PV,PE-13-2_PFC_3.5_E_2.tif,PE-13-2,VR5_KET,PE-13,2.9060001,323.6112,408.3742,quad_PV,1.5624677
1109,20561,PE-13-2_PFC_3.7_A_2.tif,PE-13-2_PFC_3.7_A,0-000-00003_PV,"('0-000-00003_PV', '0-FFF-00070_Npas4', '0-FFF-00003_WFA')",True,False,True,True,13.77,336.31,183.1369,417.0453,PV,PE-13-2_PFC_3.7_A_2.tif,PE-13-2,VR5_KET,PE-13,2.2772324,233.90839,318.6714,"PV_coloc_w_Npas4,WFA",1.2192585
1112,20746,PE-13-3_PFC_3.3_E_2.tif,PE-13-3_PFC_3.3_E,0-000-00001_PV,"('0-000-00001_PV', '0-FFF-00024_cFos', '0-FFF-00035_Npas4', '0-FFF-00003_WFA')",True,True,True,True,100.52,365.51,135.6964,208.106,PV,PE-13-3_PFC_3.3_E_2.tif,PE-13-3,VR5_KET,PE-13,1.5336148,72.40961,157.1726,quad_PV,0.60135317
1115,20749,PE-13-3_PFC_3.3_E_2.tif,PE-13-3_PFC_3.3_E,0-000-00005_PV,"('0-000-00005_PV', '0-FFF-00023_cFos', '0-FFF-00045_Npas4', '0-FFF-00002_WFA')",True,True,True,True,319.18,261.22,135.6964,533.4822,PV,PE-13-3_PFC_3.3_E_2.tif,PE-13-3,VR5_KET,PE-13,3.9314396,397.78577,482.54877,quad_PV,1.8462646
1120,20855,PE-13-3_PFC_3.5_C_2.tif,PE-13-3_PFC_3.5_C,0-000-00003_PV,"('0-000-00003_PV', '0-FFF-00024_Npas4', '0-FFF-00004_WFA')",True,False,True,True,105.39,191.62,218.5131,313.13,PV,PE-13-3_PFC_3.5_C_2.tif,PE-13-3,VR5_KET,PE-13,1.4330033,94.6169,179.3799,"PV_coloc_w_Npas4,WFA",0.68631977
1123,20858,PE-13-3_PFC_3.5_C_2.tif,PE-13-3_PFC_3.5_C,0-000-00006_PV,"('0-000-00006_PV', '0-FFF-00053_Npas4', '0-FFF-00008_WFA')",True,False,True,True,381.34,200.67,218.5131,320.4876,PV,PE-13-3_PFC_3.5_C_2.tif,PE-13-3,VR5_KET,PE-13,1.4666746,101.9745,186.7375,"PV_coloc_w_Npas4,WFA",0.71447045
1126,20861,PE-13-3_PFC_3.5_C_2.tif,PE-13-3_PFC_3.5_C,0-000-00009_PV,"('0-000-00009_PV', '0-FFF-00013_Npas4', '0-FFF-00005_WFA')",True,False,True,True,389.88,69.07,218.5131,356.3085,PV,PE-13-3_PFC_3.5_C_2.tif,PE-13-3,VR5_KET,PE-13,1.6306047,137.7954,222.5584,"PV_coloc_w_Npas4,WFA",0.85152364
1133,20982,PE-13-3_PFC_3.5_D_2.tif,PE-13-3_PFC_3.5_D,0-000-00003_PV,"('0-000-00003_PV', '0-FFF-00025_Npas4', '0-FFF-00001_WFA')",True,False,True,True,492.57,191.32,126.3107,175.0699,PV,PE-13-3_PFC_3.5_D_2.tif,PE-13-3,VR5_KET,PE-13,1.3860259,48.7592,133.5222,"PV_coloc_w_Npas4,WFA",0.5108651
1134,20983,PE-13-3_PFC_3.5_D_2.tif,PE-13-3_PFC_3.5_D,0-000-00004_PV,"('0-000-00004_PV', '0-FFF-00031_cFos', '0-FFF-00081_Npas4', '0-FFF-00004_WFA')",True,True,True,True,217.65,165.98,126.3107,341.6975,PV,PE-13-3_PFC_3.5_D_2.tif,PE-13-3,VR5_KET,PE-13,2.7052143,215.38681,300.1498,quad_PV,1.1483938
1140,21089,PE-13-3_PFC_3.7_A_2.tif,PE-13-3_PFC_3.7_A,0-000-00001_PV,"('0-000-00001_PV', '0-FFF-00048_cFos', '0-FFF-00099_Npas4', '0-FFF-00007_WFA')",True,True,True,True,427.08,382.26,212.1364,349.7486,PV,PE-13-3_PFC_3.7_A_2.tif,PE-13-3,VR5_KET,PE-13,1.6486968,137.6122,222.3752,quad_PV,0.85082275
1145,21094,PE-13-3_PFC_3.7_A_2.tif,PE-13-3_PFC_3.7_A,0-000-00006_PV,"('0-000-00006_PV', '0-FFF-00087_Npas4', '0-FFF-00012_WFA')",True,False,True,True,501.77,237.94,212.1364,251.1418,PV,PE-13-3_PFC_3.7_A_2.tif,PE-13-3,VR5_KET,PE-13,1.1838695,39.0054,123.7684,"PV_coloc_w_Npas4,WFA",0.4735464
1149,21098,PE-13-3_PFC_3.7_A_2.tif,PE-13-3_PFC_3.7_A,0-000-00011_PV,"('0-000-00011_PV', '0-FFF-00032_Npas4', '0-FFF-00014_WFA')",True,False,True,True,456.93,82.05,212.1364,341.5687,PV,PE-13-3_PFC_3.7_A_2.tif,PE-13-3,VR5_KET,PE-13,1.6101371,129.4323,214.1953,"PV_coloc_w_Npas4,WFA",0.8195259
1155,21285,PE-13-3_PFC_3.7_B_2.tif,PE-13-3_PFC_3.7_B,0-000-00001_PV,"('0-000-00001_PV', '0-FFF-00054_cFos', '0-200-00006_Npas4', '0-FFF-00003_WFA')",True,True,True,True,141.2,91.95,214.9205,279.9923,PV,PE-13-3_PFC_3.7_B_2.tif,PE-13-3,VR5_KET,PE-13,1.3027716,65.07181,149.83481,quad_PV,0.57327825
1159,21289,PE-13-3_PFC_3.7_B_2.tif,PE-13-3_PFC_3.7_B,0-000-00005_PV,"('0-000-00005_PV', '0-FFF-00037_cFos', '0-FFF-00066_Npas4', '0-FFF-00007_WFA')",True,True,True,True,337.21,362.19,214.9205,458.0111,PV,PE-13-3_PFC_3.7_B_2.tif,PE-13-3,VR5_KET,PE-13,2.1310723,243.0906,327.8536,quad_PV,1.2543904
1167,21436,PE-13-6_PFC_3.5_C_2.tif,PE-13-6_PFC_3.5_C,0-000-00000_PV,"('0-000-00000_PV', '0-FFF-00053_cFos', '0-200-00001_Npas4', '0-FFF-00002_WFA')",True,True,True,True,322.26,436.15,163.9615,137.8935,PV,PE-13-6_PFC_3.5_C_2.tif,PE-13-6,VR5_KET,PE-13,0.8410114,-26.068008,58.694992,quad_PV,0.22457106
1168,21530,PE-13-6_PFC_3.6_D_2.tif,PE-13-6_PFC_3.6_D,0-000-00000_PV,"('0-000-00000_PV', '0-FFF-00086_Npas4', '0-FFF-00005_WFA')",True,False,True,True,292.57,433.1,260.7877,544.8921,PV,PE-13-6_PFC_3.6_D_2.tif,PE-13-6,VR5_KET,PE-13,2.0894089,284.1044,368.8674,"PV_coloc_w_Npas4,WFA",1.411312
1176,21538,PE-13-6_PFC_3.6_D_2.tif,PE-13-6_PFC_3.6_D,0-000-00009_PV,"('0-000-00009_PV', '0-FFF-00047_Npas4', '0-FFF-00006_WFA')",True,False,True,True,504.21,252.2,260.7877,368.0112,PV,PE-13-6_PFC_3.6_D_2.tif,PE-13-6,VR5_KET,PE-13,1.4111525,107.22351,191.98651,"PV_coloc_w_Npas4,WFA",0.7345535
1185,21709,PE-13-6_PFC_3.7_A_2.tif,PE-13-6_PFC_3.7_A,0-000-00002_PV,"('0-000-00002_PV', '0-FFF-00026_cFos', '0-FFF-00064_Npas4', '0-FFF-00003_WFA')",True,True,True,True,397.78,175.63,265.5259,353.9527,PV,PE-13-6_PFC_3.7_A_2.tif,PE-13-6,VR5_KET,PE-13,1.3330251,88.42679,173.18979,quad_PV,0.662636
1190,21714,PE-13-6_PFC_3.7_A_2.tif,PE-13-6_PFC_3.7_A,0-000-00007_PV,"('0-000-00007_PV', '0-FFF-00007_cFos', '0-FFF-00032_Npas4', '0-FFF-00008_WFA')",True,True,True,True,230.43,176.16,265.5259,799.6058,PV,PE-13-6_PFC_3.7_A_2.tif,PE-13-6,VR5_KET,PE-13,3.011404,534.07983,618.84283,quad_PV,2.3677351
1192,21716,PE-13-6_PFC_3.7_A_2.tif,PE-13-6_PFC_3.7_A,0-000-00009_PV,"('0-000-00009_PV', '0-FFF-00013_cFos', '0-FFF-00043_Npas4', '0-FFF-00013_WFA')",True,True,True,True,75.53,298.35,265.5259,531.6201,PV,PE-13-6_PFC_3.7_A_2.tif,PE-13-6,VR5_KET,PE-13,2.0021403,266.0942,350.8572,quad_PV,1.3424037
1194,21718,PE-13-6_PFC_3.7_A_2.tif,PE-13-6_PFC_3.7_A,0-000-00011_PV,"('0-000-00011_PV', '0-FFF-00025_cFos', '0-FFF-00068_Npas4', '0-FFF-00006_WFA')",True,True,True,True,432.21,271.15,265.5259,446.5211,PV,PE-13-6_PFC_3.7_A_2.tif,PE-13-6,VR5_KET,PE-13,1.6816479,180.99518,265.75818,quad_PV,1.016809
1202,21870,PE-13-6_PFC_3.7_B_2.tif,PE-13-6_PFC_3.7_B,0-000-00001_PV,"('0-000-00001_PV', '0-FFF-00011_cFos', '0-200-00001_Npas4', '0-FFF-00001_WFA')",True,True,True,True,218.67,121.87,125.7336,467.5348,PV,PE-13-6_PFC_3.7_B_2.tif,PE-13-6,VR5_KET,PE-13,3.7184556,341.8012,426.5642,quad_PV,1.6320639
1203,21967,PE-13-6_PFC_3.7_E_2.tif,PE-13-6_PFC_3.7_E,0-000-00000_PV,"('0-000-00000_PV', '0-FFF-00018_cFos', '0-FFF-00030_Npas4', '0-FFF-00005_WFA')",True,True,True,True,378.61,176.47,275.6203,293.1612,PV,PE-13-6_PFC_3.7_E_2.tif,PE-13-6,VR5_KET,PE-13,1.0636415,17.540894,102.303894,quad_PV,0.3914217
1208,21972,PE-13-6_PFC_3.7_E_2.tif,PE-13-6_PFC_3.7_E,0-000-00005_PV,"('0-000-00005_PV', '0-FFF-00071_Npas4', '0-FFF-00006_WFA')",True,False,True,True,369.71,363.4,275.6203,392.9808,PV,PE-13-6_PFC_3.7_E_2.tif,PE-13-6,VR5_KET,PE-13,1.425805,117.360504,202.1235,"PV_coloc_w_Npas4,WFA",0.7733384
1209,21973,PE-13-6_PFC_3.7_E_2.tif,PE-13-6_PFC_3.7_E,0-000-00006_PV,"('0-000-00006_PV', '0-FFF-00041_Npas4', '0-FFF-00003_WFA')",True,False,True,True,223.07,233.97,275.6203,308.8842,PV,PE-13-6_PFC_3.7_E_2.tif,PE-13-6,VR5_KET,PE-13,1.1206874,33.263885,118.026886,"PV_coloc_w_Npas4,WFA",0.45157894
1219,22121,PE-13-9_PFC_3.3_C_2.tif,PE-13-9_PFC_3.3_C,0-000-00003_PV,"('0-000-00003_PV', '0-FFF-00022_cFos', '0-FFF-00060_Npas4', '0-FFF-00006_WFA')",True,True,True,True,191.15,347.48,168.0457,385.329,PV,PE-13-9_PFC_3.3_C_2.tif,PE-13-9,VR5_SAL,PE-13,2.2930014,217.28331,302.04633,quad_PV,1.1556499
1220,22122,PE-13-9_PFC_3.3_C_2.tif,PE-13-9_PFC_3.3_C,0-000-00004_PV,"('0-000-00004_PV', '0-FFF-00057_Npas4', '0-FFF-00004_WFA')",True,False,True,True,139.7,300.72,168.0457,307.6384,PV,PE-13-9_PFC_3.3_C_2.tif,PE-13-9,VR5_SAL,PE-13,1.830683,139.5927,224.3557,"PV_coloc_w_Npas4,WFA",0.8584003
1223,22125,PE-13-9_PFC_3.3_C_2.tif,PE-13-9_PFC_3.3_C,0-000-00007_PV,"('0-000-00007_PV', '0-FFF-00014_cFos', '0-FFF-00005_Npas4', '0-FFF-00012_WFA')",True,True,True,True,41.41,62.4,168.0457,198.4575,PV,PE-13-9_PFC_3.3_C_2.tif,PE-13-9,VR5_SAL,PE-13,1.1809734,30.411804,115.174805,quad_PV,0.44066668
1234,22261,PE-13-9_PFC_3.4_D_2.tif,PE-13-9_PFC_3.4_D,0-000-00003_PV,"('0-000-00003_PV', '0-FFF-00028_cFos', '0-FFF-00011_Npas4', '0-FFF-00008_WFA')",True,True,True,True,367.65,21.24,148.4802,264.0728,PV,PE-13-9_PFC_3.4_D_2.tif,PE-13-9,VR5_SAL,PE-13,1.7785053,115.59262,200.35562,quad_PV,0.7665743
1239,22266,PE-13-9_PFC_3.4_D_2.tif,PE-13-9_PFC_3.4_D,0-FFF-00010_PV,"('0-FFF-00010_PV', '0-FFF-00043_cFos', '0-FFF-00060_Npas4', '0-FFF-00001_WFA')",True,True,True,True,212.51,311.44,148.4802,155.8537,PV,PE-13-9_PFC_3.4_D_2.tif,PE-13-9,VR5_SAL,PE-13,1.0496598,7.3735046,92.136505,quad_PV,0.35252059
1252,22514,PE-13-9_PFC_4.0_A_2.tif,PE-13-9_PFC_4.0_A,0-000-00000_PV,"('0-000-00000_PV', '0-FFF-00061_Npas4', '0-FFF-00004_WFA')",True,False,True,True,245.81,284.21,213.5044,487.2078,PV,PE-13-9_PFC_4.0_A_2.tif,PE-13-9,VR5_SAL,PE-13,2.2819567,273.7034,358.4664,"PV_coloc_w_Npas4,WFA",1.371517
1259,22675,PE-13-9_PFC_4.0_B_2.tif,PE-13-9_PFC_4.0_B,0-000-00000_PV,"('0-000-00000_PV', '0-FFF-00002_Npas4', '0-FFF-00012_WFA')",True,False,True,True,209.56,39.57,240.0907,338.6268,PV,PE-13-9_PFC_4.0_B_2.tif,PE-13-9,VR5_SAL,PE-13,1.410412,98.5361,183.2991,"PV_coloc_w_Npas4,WFA",0.7013149
1260,22676,PE-13-9_PFC_4.0_B_2.tif,PE-13-9_PFC_4.0_B,0-000-00001_PV,"('0-000-00001_PV', '0-FFF-00039_Npas4', '0-FFF-00001_WFA')",True,False,True,True,300.24,226.14,240.0907,399.3197,PV,PE-13-9_PFC_4.0_B_2.tif,PE-13-9,VR5_SAL,PE-13,1.6632036,159.229,243.992,"PV_coloc_w_Npas4,WFA",0.9335301
