,rat_n,treatment,stain_type,cfos_bin,cell_count_sums,image_n,mean_cell_n
0,KET-10-12,FR1_KET,cFos,cfos_low,285,5,57.0
1,KET-9-1,FR1_KET,cFos,cfos_low,121,4,30.25
2,PE-12-1,FR1_KET,cFos,cfos_low,214,5,42.8
3,PE-12-2,FR1_KET,cFos,cfos_low,204,5,40.8
4,PE-12-7,FR1_KET,cFos,cfos_low,153,5,30.6
5,KET-10-1,FR1_SAL,cFos,cfos_low,174,5,34.8
6,KET-10-5,FR1_SAL,cFos,cfos_low,177,5,35.4
7,KET-8-2,FR1_SAL,cFos,cfos_low,134,5,26.8
8,KET-9-2,FR1_SAL,cFos,cfos_low,138,5,27.6
9,KET-9-4,FR1_SAL,cFos,cfos_low,219,5,43.8
10,KET-9-5,FR1_SAL,cFos,cfos_low,229,5,45.8
11,KET-9-6,FR1_SAL,cFos,cfos_low,157,5,31.4
12,KET-10-14,VR5_KET,cFos,cfos_low,215,5,43.0
13,KET-8-7,VR5_KET,cFos,cfos_low,108,4,27.0
14,PE-13-2,VR5_KET,cFos,cfos_low,257,5,51.4
15,PE-13-3,VR5_KET,cFos,cfos_low,161,5,32.2
16,PE-13-6,VR5_KET,cFos,cfos_low,165,5,33.0
17,KET-10-2,VR5_SAL,cFos,cfos_low,132,5,26.4
18,KET-10-3,VR5_SAL,cFos,cfos_low,184,5,36.8
19,KET-10-4,VR5_SAL,cFos,cfos_low,161,5,32.2
20,PE-13-1,VR5_SAL,cFos,cfos_low,179,5,35.8
21,PE-13-11,VR5_SAL,cFos,cfos_low,93,5,18.6
22,PE-13-9,VR5_SAL,cFos,cfos_low,140,5,28.0
