,rat_n,treatment,stain_type,cfos_bin,cell_count_sums,image_n,mean_cell_n
0,KET-10-12,FR1_KET,cFos,cfos_high,261,5,52.2
1,KET-9-1,FR1_KET,cFos,cfos_high,47,4,11.75
2,PE-12-1,FR1_KET,cFos,cfos_high,248,5,49.6
3,PE-12-2,FR1_KET,cFos,cfos_high,150,5,30.0
4,PE-12-7,FR1_KET,cFos,cfos_high,209,5,41.8
5,KET-10-1,FR1_SAL,cFos,cfos_high,125,5,25.0
6,KET-10-5,FR1_SAL,cFos,cfos_high,281,5,56.2
7,KET-8-2,FR1_SAL,cFos,cfos_high,253,5,50.6
8,KET-9-2,FR1_SAL,cFos,cfos_high,33,5,6.6
9,KET-9-4,FR1_SAL,cFos,cfos_high,64,5,12.8
10,KET-9-5,FR1_SAL,cFos,cfos_high,136,5,27.2
11,KET-9-6,FR1_SAL,cFos,cfos_high,272,5,54.4
12,KET-10-14,VR5_KET,cFos,cfos_high,285,5,57.0
13,KET-8-7,VR5_KET,cFos,cfos_high,176,4,44.0
14,PE-13-2,VR5_KET,cFos,cfos_high,196,5,39.2
15,PE-13-3,VR5_KET,cFos,cfos_high,107,5,21.4
16,PE-13-6,VR5_KET,cFos,cfos_high,92,5,18.4
17,KET-10-2,VR5_SAL,cFos,cfos_high,319,5,63.8
18,KET-10-3,VR5_SAL,cFos,cfos_high,305,5,61.0
19,KET-10-4,VR5_SAL,cFos,cfos_high,169,5,33.8
20,PE-13-1,VR5_SAL,cFos,cfos_high,67,5,13.4
21,PE-13-11,VR5_SAL,cFos,cfos_high,104,5,20.8
22,PE-13-9,VR5_SAL,cFos,cfos_high,100,5,20.0
