,rat_n,treatment,stain_type,cell_count_sums,image_n,mean_cell_n,coloc_stain_type
0,KET-10-12,FR1_KET,Npas4,255,5,51.0,Npas4_coloc_w_cFos
1,KET-9-1,FR1_KET,Npas4,70,4,17.5,Npas4_coloc_w_cFos
2,PE-12-1,FR1_KET,Npas4,172,5,34.4,Npas4_coloc_w_cFos
3,PE-12-2,FR1_KET,Npas4,90,5,18.0,Npas4_coloc_w_cFos
4,PE-12-7,FR1_KET,Npas4,178,5,35.6,Npas4_coloc_w_cFos
5,KET-10-1,FR1_SAL,Npas4,164,5,32.8,Npas4_coloc_w_cFos
6,KET-10-5,FR1_SAL,Npas4,227,5,45.4,Npas4_coloc_w_cFos
7,KET-8-2,FR1_SAL,Npas4,252,5,50.4,Npas4_coloc_w_cFos
8,KET-9-2,FR1_SAL,Npas4,80,5,16.0,Npas4_coloc_w_cFos
9,KET-9-4,FR1_SAL,Npas4,137,5,27.4,Npas4_coloc_w_cFos
10,KET-9-5,FR1_SAL,Npas4,164,5,32.8,Npas4_coloc_w_cFos
11,KET-9-6,FR1_SAL,Npas4,252,5,50.4,Npas4_coloc_w_cFos
12,KET-10-14,VR5_KET,Npas4,315,5,63.0,Npas4_coloc_w_cFos
13,KET-8-7,VR5_KET,Npas4,170,4,42.5,Npas4_coloc_w_cFos
14,PE-13-2,VR5_KET,Npas4,126,5,25.2,Npas4_coloc_w_cFos
15,PE-13-3,VR5_KET,Npas4,108,5,21.6,Npas4_coloc_w_cFos
16,PE-13-6,VR5_KET,Npas4,99,5,19.8,Npas4_coloc_w_cFos
17,KET-10-2,VR5_SAL,Npas4,263,5,52.6,Npas4_coloc_w_cFos
18,KET-10-3,VR5_SAL,Npas4,262,5,52.4,Npas4_coloc_w_cFos
19,KET-10-4,VR5_SAL,Npas4,198,5,39.6,Npas4_coloc_w_cFos
20,PE-13-1,VR5_SAL,Npas4,102,5,20.4,Npas4_coloc_w_cFos
21,PE-13-11,VR5_SAL,Npas4,56,5,11.2,Npas4_coloc_w_cFos
22,PE-13-9,VR5_SAL,Npas4,102,5,20.4,Npas4_coloc_w_cFos
