,rat_n,treatment,stain_type,cell_count_sums,image_n,mean_cell_n,coloc_stain_type
0,KET-10-12,FR1_KET,Npas4,34,5,6.8,Npas4_coloc_w_PV
1,KET-9-1,FR1_KET,Npas4,18,4,4.5,Npas4_coloc_w_PV
2,PE-12-1,FR1_KET,Npas4,14,5,2.8,Npas4_coloc_w_PV
3,PE-12-2,FR1_KET,Npas4,15,5,3.0,Npas4_coloc_w_PV
4,PE-12-7,FR1_KET,Npas4,25,5,5.0,Npas4_coloc_w_PV
5,KET-10-1,FR1_SAL,Npas4,36,5,7.2,Npas4_coloc_w_PV
6,KET-10-5,FR1_SAL,Npas4,21,5,4.2,Npas4_coloc_w_PV
7,KET-8-2,FR1_SAL,Npas4,25,5,5.0,Npas4_coloc_w_PV
8,KET-9-2,FR1_SAL,Npas4,28,5,5.6,Npas4_coloc_w_PV
9,KET-9-4,FR1_SAL,Npas4,17,5,3.4,Npas4_coloc_w_PV
10,KET-9-5,FR1_SAL,Npas4,21,5,4.2,Npas4_coloc_w_PV
11,KET-9-6,FR1_SAL,Npas4,17,5,3.4,Npas4_coloc_w_PV
12,KET-10-14,VR5_KET,Npas4,23,5,4.6,Npas4_coloc_w_PV
13,KET-8-7,VR5_KET,Npas4,46,4,11.5,Npas4_coloc_w_PV
14,PE-13-2,VR5_KET,Npas4,7,5,1.4,Npas4_coloc_w_PV
15,PE-13-3,VR5_KET,Npas4,16,5,3.2,Npas4_coloc_w_PV
16,PE-13-6,VR5_KET,Npas4,16,5,3.2,Npas4_coloc_w_PV
17,KET-10-2,VR5_SAL,Npas4,42,5,8.4,Npas4_coloc_w_PV
18,KET-10-3,VR5_SAL,Npas4,19,5,3.8,Npas4_coloc_w_PV
19,KET-10-4,VR5_SAL,Npas4,41,5,8.2,Npas4_coloc_w_PV
20,PE-13-1,VR5_SAL,Npas4,25,5,5.0,Npas4_coloc_w_PV
21,PE-13-11,VR5_SAL,Npas4,3,5,0.6,Npas4_coloc_w_PV
22,PE-13-9,VR5_SAL,Npas4,11,5,2.2,Npas4_coloc_w_PV
