,rat_n,treatment,stain_type,cell_count_sums,image_n,mean_cell_n,coloc_stain_type
0,KET-10-12,FR1_KET,PV,18,5,3.6,"PV_coloc_w_Npas4,WFA"
1,KET-9-1,FR1_KET,PV,11,4,2.75,"PV_coloc_w_Npas4,WFA"
2,PE-12-1,FR1_KET,PV,9,5,1.8,"PV_coloc_w_Npas4,WFA"
3,PE-12-2,FR1_KET,PV,9,5,1.8,"PV_coloc_w_Npas4,WFA"
4,PE-12-7,FR1_KET,PV,13,5,2.6,"PV_coloc_w_Npas4,WFA"
5,KET-10-1,FR1_SAL,PV,11,5,2.2,"PV_coloc_w_Npas4,WFA"
6,KET-10-5,FR1_SAL,PV,13,5,2.6,"PV_coloc_w_Npas4,WFA"
7,KET-8-2,FR1_SAL,PV,13,5,2.6,"PV_coloc_w_Npas4,WFA"
8,KET-9-2,FR1_SAL,PV,23,5,4.6,"PV_coloc_w_Npas4,WFA"
9,KET-9-4,FR1_SAL,PV,10,5,2.0,"PV_coloc_w_Npas4,WFA"
10,KET-9-5,FR1_SAL,PV,7,5,1.4,"PV_coloc_w_Npas4,WFA"
11,KET-9-6,FR1_SAL,PV,10,5,2.0,"PV_coloc_w_Npas4,WFA"
12,KET-10-14,VR5_KET,PV,11,5,2.2,"PV_coloc_w_Npas4,WFA"
13,KET-8-7,VR5_KET,PV,9,4,2.25,"PV_coloc_w_Npas4,WFA"
14,PE-13-2,VR5_KET,PV,4,5,0.8,"PV_coloc_w_Npas4,WFA"
15,PE-13-3,VR5_KET,PV,13,5,2.6,"PV_coloc_w_Npas4,WFA"
16,PE-13-6,VR5_KET,PV,11,5,2.2,"PV_coloc_w_Npas4,WFA"
17,KET-10-2,VR5_SAL,PV,8,5,1.6,"PV_coloc_w_Npas4,WFA"
18,KET-10-3,VR5_SAL,PV,7,5,1.4,"PV_coloc_w_Npas4,WFA"
19,KET-10-4,VR5_SAL,PV,16,5,3.2,"PV_coloc_w_Npas4,WFA"
20,PE-13-1,VR5_SAL,PV,16,5,3.2,"PV_coloc_w_Npas4,WFA"
21,PE-13-11,VR5_SAL,PV,2,5,0.4,"PV_coloc_w_Npas4,WFA"
22,PE-13-9,VR5_SAL,PV,8,5,1.6,"PV_coloc_w_Npas4,WFA"
