,rat_n,treatment,stain_type,cell_count_sums,image_n,mean_cell_n,coloc_stain_type
0,KET-10-12,FR1_KET,Npas4,403,5,80.6,single_Npas4
1,KET-9-1,FR1_KET,Npas4,168,4,42.0,single_Npas4
2,PE-12-1,FR1_KET,Npas4,378,5,75.6,single_Npas4
3,PE-12-2,FR1_KET,Npas4,342,5,68.4,single_Npas4
4,PE-12-7,FR1_KET,Npas4,414,5,82.8,single_Npas4
5,KET-10-1,FR1_SAL,Npas4,381,5,76.2,single_Npas4
6,KET-10-5,FR1_SAL,Npas4,470,5,94.0,single_Npas4
7,KET-8-2,FR1_SAL,Npas4,494,5,98.8,single_Npas4
8,KET-9-2,FR1_SAL,Npas4,224,5,44.8,single_Npas4
9,KET-9-4,FR1_SAL,Npas4,345,5,69.0,single_Npas4
10,KET-9-5,FR1_SAL,Npas4,282,5,56.4,single_Npas4
11,KET-9-6,FR1_SAL,Npas4,482,5,96.4,single_Npas4
12,KET-10-14,VR5_KET,Npas4,558,5,111.6,single_Npas4
13,KET-8-7,VR5_KET,Npas4,375,4,93.75,single_Npas4
14,PE-13-2,VR5_KET,Npas4,244,5,48.8,single_Npas4
15,PE-13-3,VR5_KET,Npas4,325,5,65.0,single_Npas4
16,PE-13-6,VR5_KET,Npas4,322,5,64.4,single_Npas4
17,KET-10-2,VR5_SAL,Npas4,460,5,92.0,single_Npas4
18,KET-10-3,VR5_SAL,Npas4,402,5,80.4,single_Npas4
19,KET-10-4,VR5_SAL,Npas4,433,5,86.6,single_Npas4
20,PE-13-1,VR5_SAL,Npas4,437,5,87.4,single_Npas4
21,PE-13-11,VR5_SAL,Npas4,182,5,36.4,single_Npas4
22,PE-13-9,VR5_SAL,Npas4,343,5,68.6,single_Npas4
