,rat_n,treatment,stain_type,cell_count_sums,image_n,mean_cell_n,coloc_stain_type
0,KET-10-12,FR1_KET,Npas4,23,5,4.6,"Npas4_coloc_w_PV,cFos"
1,KET-9-1,FR1_KET,Npas4,10,4,2.5,"Npas4_coloc_w_PV,cFos"
2,PE-12-1,FR1_KET,Npas4,9,5,1.8,"Npas4_coloc_w_PV,cFos"
3,PE-12-2,FR1_KET,Npas4,12,5,2.4,"Npas4_coloc_w_PV,cFos"
4,PE-12-7,FR1_KET,Npas4,21,5,4.2,"Npas4_coloc_w_PV,cFos"
5,KET-10-1,FR1_SAL,Npas4,25,5,5.0,"Npas4_coloc_w_PV,cFos"
6,KET-10-5,FR1_SAL,Npas4,13,5,2.6,"Npas4_coloc_w_PV,cFos"
7,KET-8-2,FR1_SAL,Npas4,15,5,3.0,"Npas4_coloc_w_PV,cFos"
8,KET-9-2,FR1_SAL,Npas4,18,5,3.6,"Npas4_coloc_w_PV,cFos"
9,KET-9-4,FR1_SAL,Npas4,13,5,2.6,"Npas4_coloc_w_PV,cFos"
10,KET-9-5,FR1_SAL,Npas4,17,5,3.4,"Npas4_coloc_w_PV,cFos"
11,KET-9-6,FR1_SAL,Npas4,16,5,3.2,"Npas4_coloc_w_PV,cFos"
12,KET-10-14,VR5_KET,Npas4,15,5,3.0,"Npas4_coloc_w_PV,cFos"
13,KET-8-7,VR5_KET,Npas4,41,4,10.25,"Npas4_coloc_w_PV,cFos"
14,PE-13-2,VR5_KET,Npas4,4,5,0.8,"Npas4_coloc_w_PV,cFos"
15,PE-13-3,VR5_KET,Npas4,9,5,1.8,"Npas4_coloc_w_PV,cFos"
16,PE-13-6,VR5_KET,Npas4,9,5,1.8,"Npas4_coloc_w_PV,cFos"
17,KET-10-2,VR5_SAL,Npas4,26,5,5.2,"Npas4_coloc_w_PV,cFos"
18,KET-10-3,VR5_SAL,Npas4,10,5,2.0,"Npas4_coloc_w_PV,cFos"
19,KET-10-4,VR5_SAL,Npas4,25,5,5.0,"Npas4_coloc_w_PV,cFos"
20,PE-13-1,VR5_SAL,Npas4,12,5,2.4,"Npas4_coloc_w_PV,cFos"
21,PE-13-11,VR5_SAL,Npas4,3,5,0.6,"Npas4_coloc_w_PV,cFos"
22,PE-13-9,VR5_SAL,Npas4,7,5,1.4,"Npas4_coloc_w_PV,cFos"
