,rat_n,treatment,stain_type,cell_count_sums,image_n,mean_cell_n,coloc_stain_type
0,KET-10-12,FR1_KET,WFA,27,5,5.4,WFA_coloc_w_PV
1,KET-9-1,FR1_KET,WFA,15,4,3.75,WFA_coloc_w_PV
2,PE-12-1,FR1_KET,WFA,15,5,3.0,WFA_coloc_w_PV
3,PE-12-2,FR1_KET,WFA,13,5,2.6,WFA_coloc_w_PV
4,PE-12-7,FR1_KET,WFA,23,5,4.6,WFA_coloc_w_PV
5,KET-10-1,FR1_SAL,WFA,18,5,3.6,WFA_coloc_w_PV
6,KET-10-5,FR1_SAL,WFA,20,5,4.0,WFA_coloc_w_PV
7,KET-8-2,FR1_SAL,WFA,26,5,5.2,WFA_coloc_w_PV
8,KET-9-2,FR1_SAL,WFA,31,5,6.2,WFA_coloc_w_PV
9,KET-9-4,FR1_SAL,WFA,15,5,3.0,WFA_coloc_w_PV
10,KET-9-5,FR1_SAL,WFA,12,5,2.4,WFA_coloc_w_PV
11,KET-9-6,FR1_SAL,WFA,13,5,2.6,WFA_coloc_w_PV
12,KET-10-14,VR5_KET,WFA,26,5,5.2,WFA_coloc_w_PV
13,KET-8-7,VR5_KET,WFA,24,4,6.0,WFA_coloc_w_PV
14,PE-13-2,VR5_KET,WFA,9,5,1.8,WFA_coloc_w_PV
15,PE-13-3,VR5_KET,WFA,24,5,4.8,WFA_coloc_w_PV
16,PE-13-6,VR5_KET,WFA,20,5,4.0,WFA_coloc_w_PV
17,KET-10-2,VR5_SAL,WFA,12,5,2.4,WFA_coloc_w_PV
18,KET-10-3,VR5_SAL,WFA,18,5,3.6,WFA_coloc_w_PV
19,KET-10-4,VR5_SAL,WFA,23,5,4.6,WFA_coloc_w_PV
20,PE-13-1,VR5_SAL,WFA,30,5,6.0,WFA_coloc_w_PV
21,PE-13-11,VR5_SAL,WFA,12,5,2.4,WFA_coloc_w_PV
22,PE-13-9,VR5_SAL,WFA,22,5,4.4,WFA_coloc_w_PV
