,rat_n,treatment,stain_type,cell_count_sums,image_n,mean_cell_n,coloc_stain_type
0,KET-10-12,FR1_KET,PV,84,5,16.8,single_PV
1,KET-9-1,FR1_KET,PV,42,4,10.5,single_PV
2,PE-12-1,FR1_KET,PV,30,5,6.0,single_PV
3,PE-12-2,FR1_KET,PV,41,5,8.2,single_PV
4,PE-12-7,FR1_KET,PV,51,5,10.2,single_PV
5,KET-10-1,FR1_SAL,PV,57,5,11.4,single_PV
6,KET-10-5,FR1_SAL,PV,58,5,11.6,single_PV
7,KET-8-2,FR1_SAL,PV,72,5,14.4,single_PV
8,KET-9-2,FR1_SAL,PV,64,5,12.8,single_PV
9,KET-9-4,FR1_SAL,PV,37,5,7.4,single_PV
10,KET-9-5,FR1_SAL,PV,34,5,6.8,single_PV
11,KET-9-6,FR1_SAL,PV,34,5,6.8,single_PV
12,KET-10-14,VR5_KET,PV,77,5,15.4,single_PV
13,KET-8-7,VR5_KET,PV,89,4,22.25,single_PV
14,PE-13-2,VR5_KET,PV,19,5,3.8,single_PV
15,PE-13-3,VR5_KET,PV,56,5,11.2,single_PV
16,PE-13-6,VR5_KET,PV,49,5,9.8,single_PV
17,KET-10-2,VR5_SAL,PV,71,5,14.2,single_PV
18,KET-10-3,VR5_SAL,PV,63,5,12.6,single_PV
19,KET-10-4,VR5_SAL,PV,89,5,17.8,single_PV
20,PE-13-1,VR5_SAL,PV,69,5,13.8,single_PV
21,PE-13-11,VR5_SAL,PV,30,5,6.0,single_PV
22,PE-13-9,VR5_SAL,PV,50,5,10.0,single_PV
