,rat_n,treatment,stain_type,cell_count_sums,image_n,mean_cell_n,coloc_stain_type
0,KET-10-12,FR1_KET,WFA,18,5,3.6,"WFA_coloc_w_PV,Npas4"
1,KET-9-1,FR1_KET,WFA,11,4,2.75,"WFA_coloc_w_PV,Npas4"
2,PE-12-1,FR1_KET,WFA,9,5,1.8,"WFA_coloc_w_PV,Npas4"
3,PE-12-2,FR1_KET,WFA,9,5,1.8,"WFA_coloc_w_PV,Npas4"
4,PE-12-7,FR1_KET,WFA,13,5,2.6,"WFA_coloc_w_PV,Npas4"
5,KET-10-1,FR1_SAL,WFA,11,5,2.2,"WFA_coloc_w_PV,Npas4"
6,KET-10-5,FR1_SAL,WFA,13,5,2.6,"WFA_coloc_w_PV,Npas4"
7,KET-8-2,FR1_SAL,WFA,13,5,2.6,"WFA_coloc_w_PV,Npas4"
8,KET-9-2,FR1_SAL,WFA,23,5,4.6,"WFA_coloc_w_PV,Npas4"
9,KET-9-4,FR1_SAL,WFA,10,5,2.0,"WFA_coloc_w_PV,Npas4"
10,KET-9-5,FR1_SAL,WFA,7,5,1.4,"WFA_coloc_w_PV,Npas4"
11,KET-9-6,FR1_SAL,WFA,10,5,2.0,"WFA_coloc_w_PV,Npas4"
12,KET-10-14,VR5_KET,WFA,11,5,2.2,"WFA_coloc_w_PV,Npas4"
13,KET-8-7,VR5_KET,WFA,9,4,2.25,"WFA_coloc_w_PV,Npas4"
14,PE-13-2,VR5_KET,WFA,4,5,0.8,"WFA_coloc_w_PV,Npas4"
15,PE-13-3,VR5_KET,WFA,13,5,2.6,"WFA_coloc_w_PV,Npas4"
16,PE-13-6,VR5_KET,WFA,11,5,2.2,"WFA_coloc_w_PV,Npas4"
17,KET-10-2,VR5_SAL,WFA,8,5,1.6,"WFA_coloc_w_PV,Npas4"
18,KET-10-3,VR5_SAL,WFA,7,5,1.4,"WFA_coloc_w_PV,Npas4"
19,KET-10-4,VR5_SAL,WFA,16,5,3.2,"WFA_coloc_w_PV,Npas4"
20,PE-13-1,VR5_SAL,WFA,16,5,3.2,"WFA_coloc_w_PV,Npas4"
21,PE-13-11,VR5_SAL,WFA,2,5,0.4,"WFA_coloc_w_PV,Npas4"
22,PE-13-9,VR5_SAL,WFA,8,5,1.6,"WFA_coloc_w_PV,Npas4"
