,rat_n,treatment,stain_type,cell_count_sums,image_n,mean_cell_n,coloc_stain_type
0,KET-10-12,FR1_KET,cFos,41,5,8.2,cFos_coloc_w_PV
1,KET-9-1,FR1_KET,cFos,12,4,3.0,cFos_coloc_w_PV
2,PE-12-1,FR1_KET,cFos,15,5,3.0,cFos_coloc_w_PV
3,PE-12-2,FR1_KET,cFos,19,5,3.8,cFos_coloc_w_PV
4,PE-12-7,FR1_KET,cFos,33,5,6.6,cFos_coloc_w_PV
5,KET-10-1,FR1_SAL,cFos,32,5,6.4,cFos_coloc_w_PV
6,KET-10-5,FR1_SAL,cFos,22,5,4.4,cFos_coloc_w_PV
7,KET-8-2,FR1_SAL,cFos,27,5,5.4,cFos_coloc_w_PV
8,KET-9-2,FR1_SAL,cFos,23,5,4.6,cFos_coloc_w_PV
9,KET-9-4,FR1_SAL,cFos,16,5,3.2,cFos_coloc_w_PV
10,KET-9-5,FR1_SAL,cFos,23,5,4.6,cFos_coloc_w_PV
11,KET-9-6,FR1_SAL,cFos,24,5,4.8,cFos_coloc_w_PV
12,KET-10-14,VR5_KET,cFos,28,5,5.6,cFos_coloc_w_PV
13,KET-8-7,VR5_KET,cFos,59,4,14.75,cFos_coloc_w_PV
14,PE-13-2,VR5_KET,cFos,7,5,1.4,cFos_coloc_w_PV
15,PE-13-3,VR5_KET,cFos,18,5,3.6,cFos_coloc_w_PV
16,PE-13-6,VR5_KET,cFos,17,5,3.4,cFos_coloc_w_PV
17,KET-10-2,VR5_SAL,cFos,36,5,7.2,cFos_coloc_w_PV
18,KET-10-3,VR5_SAL,cFos,28,5,5.6,cFos_coloc_w_PV
19,KET-10-4,VR5_SAL,cFos,41,5,8.2,cFos_coloc_w_PV
20,PE-13-1,VR5_SAL,cFos,21,5,4.2,cFos_coloc_w_PV
21,PE-13-11,VR5_SAL,cFos,10,5,2.0,cFos_coloc_w_PV
22,PE-13-9,VR5_SAL,cFos,20,5,4.0,cFos_coloc_w_PV
