,rat_n,treatment,stain_type,cell_count_sums,image_n,mean_cell_n,coloc_stain_type
0,KET-10-12,FR1_KET,WFA,20,5,4.0,WFA_coloc_w_cFos
1,KET-9-1,FR1_KET,WFA,12,4,3.0,WFA_coloc_w_cFos
2,PE-12-1,FR1_KET,WFA,15,5,3.0,WFA_coloc_w_cFos
3,PE-12-2,FR1_KET,WFA,21,5,4.2,WFA_coloc_w_cFos
4,PE-12-7,FR1_KET,WFA,22,5,4.4,WFA_coloc_w_cFos
5,KET-10-1,FR1_SAL,WFA,16,5,3.2,WFA_coloc_w_cFos
6,KET-10-5,FR1_SAL,WFA,16,5,3.2,WFA_coloc_w_cFos
7,KET-8-2,FR1_SAL,WFA,13,5,2.6,WFA_coloc_w_cFos
8,KET-9-2,FR1_SAL,WFA,18,5,3.6,WFA_coloc_w_cFos
9,KET-9-4,FR1_SAL,WFA,24,5,4.8,WFA_coloc_w_cFos
10,KET-9-5,FR1_SAL,WFA,29,5,5.8,WFA_coloc_w_cFos
11,KET-9-6,FR1_SAL,WFA,24,5,4.8,WFA_coloc_w_cFos
12,KET-10-14,VR5_KET,WFA,22,5,4.4,WFA_coloc_w_cFos
13,KET-8-7,VR5_KET,WFA,20,4,5.0,WFA_coloc_w_cFos
14,PE-13-2,VR5_KET,WFA,11,5,2.2,WFA_coloc_w_cFos
15,PE-13-3,VR5_KET,WFA,14,5,2.8,WFA_coloc_w_cFos
16,PE-13-6,VR5_KET,WFA,22,5,4.4,WFA_coloc_w_cFos
17,KET-10-2,VR5_SAL,WFA,18,5,3.6,WFA_coloc_w_cFos
18,KET-10-3,VR5_SAL,WFA,17,5,3.4,WFA_coloc_w_cFos
19,KET-10-4,VR5_SAL,WFA,15,5,3.0,WFA_coloc_w_cFos
20,PE-13-1,VR5_SAL,WFA,19,5,3.8,WFA_coloc_w_cFos
21,PE-13-11,VR5_SAL,WFA,13,5,2.6,WFA_coloc_w_cFos
22,PE-13-9,VR5_SAL,WFA,12,5,2.4,WFA_coloc_w_cFos
