,rat_n,treatment,stain_type,cell_count_sums,image_n,mean_cell_n,coloc_stain_type
0,KET-10-12,FR1_KET,Npas4,12,5,2.4,quad_Npas4
1,KET-9-1,FR1_KET,Npas4,7,4,1.75,quad_Npas4
2,PE-12-1,FR1_KET,Npas4,6,5,1.2,quad_Npas4
3,PE-12-2,FR1_KET,Npas4,8,5,1.6,quad_Npas4
4,PE-12-7,FR1_KET,Npas4,12,5,2.4,quad_Npas4
5,KET-10-1,FR1_SAL,Npas4,8,5,1.6,quad_Npas4
6,KET-10-5,FR1_SAL,Npas4,8,5,1.6,quad_Npas4
7,KET-8-2,FR1_SAL,Npas4,7,5,1.4,quad_Npas4
8,KET-9-2,FR1_SAL,Npas4,14,5,2.8,quad_Npas4
9,KET-9-4,FR1_SAL,Npas4,7,5,1.4,quad_Npas4
10,KET-9-5,FR1_SAL,Npas4,7,5,1.4,quad_Npas4
11,KET-9-6,FR1_SAL,Npas4,10,5,2.0,quad_Npas4
12,KET-10-14,VR5_KET,Npas4,8,5,1.6,quad_Npas4
13,KET-8-7,VR5_KET,Npas4,9,4,2.25,quad_Npas4
14,PE-13-2,VR5_KET,Npas4,1,5,0.2,quad_Npas4
15,PE-13-3,VR5_KET,Npas4,7,5,1.4,quad_Npas4
16,PE-13-6,VR5_KET,Npas4,7,5,1.4,quad_Npas4
17,KET-10-2,VR5_SAL,Npas4,6,5,1.2,quad_Npas4
18,KET-10-3,VR5_SAL,Npas4,4,5,0.8,quad_Npas4
19,KET-10-4,VR5_SAL,Npas4,11,5,2.2,quad_Npas4
20,PE-13-1,VR5_SAL,Npas4,8,5,1.6,quad_Npas4
21,PE-13-11,VR5_SAL,Npas4,2,5,0.4,quad_Npas4
22,PE-13-9,VR5_SAL,Npas4,4,5,0.8,quad_Npas4
