,rat_n,treatment,stain_type,cell_count_sums,image_n,mean_cell_n,coloc_stain_type
0,KET-10-12,FR1_KET,WFA,18,5,3.6,"WFA_coloc_w_PV,cFos"
1,KET-9-1,FR1_KET,WFA,8,4,2.0,"WFA_coloc_w_PV,cFos"
2,PE-12-1,FR1_KET,WFA,10,5,2.0,"WFA_coloc_w_PV,cFos"
3,PE-12-2,FR1_KET,WFA,10,5,2.0,"WFA_coloc_w_PV,cFos"
4,PE-12-7,FR1_KET,WFA,18,5,3.6,"WFA_coloc_w_PV,cFos"
5,KET-10-1,FR1_SAL,WFA,12,5,2.4,"WFA_coloc_w_PV,cFos"
6,KET-10-5,FR1_SAL,WFA,11,5,2.2,"WFA_coloc_w_PV,cFos"
7,KET-8-2,FR1_SAL,WFA,12,5,2.4,"WFA_coloc_w_PV,cFos"
8,KET-9-2,FR1_SAL,WFA,17,5,3.4,"WFA_coloc_w_PV,cFos"
9,KET-9-4,FR1_SAL,WFA,8,5,1.6,"WFA_coloc_w_PV,cFos"
10,KET-9-5,FR1_SAL,WFA,9,5,1.8,"WFA_coloc_w_PV,cFos"
11,KET-9-6,FR1_SAL,WFA,10,5,2.0,"WFA_coloc_w_PV,cFos"
12,KET-10-14,VR5_KET,WFA,16,5,3.2,"WFA_coloc_w_PV,cFos"
13,KET-8-7,VR5_KET,WFA,18,4,4.5,"WFA_coloc_w_PV,cFos"
14,PE-13-2,VR5_KET,WFA,3,5,0.6,"WFA_coloc_w_PV,cFos"
15,PE-13-3,VR5_KET,WFA,11,5,2.2,"WFA_coloc_w_PV,cFos"
16,PE-13-6,VR5_KET,WFA,12,5,2.4,"WFA_coloc_w_PV,cFos"
17,KET-10-2,VR5_SAL,WFA,9,5,1.8,"WFA_coloc_w_PV,cFos"
18,KET-10-3,VR5_SAL,WFA,9,5,1.8,"WFA_coloc_w_PV,cFos"
19,KET-10-4,VR5_SAL,WFA,15,5,3.0,"WFA_coloc_w_PV,cFos"
20,PE-13-1,VR5_SAL,WFA,16,5,3.2,"WFA_coloc_w_PV,cFos"
21,PE-13-11,VR5_SAL,WFA,7,5,1.4,"WFA_coloc_w_PV,cFos"
22,PE-13-9,VR5_SAL,WFA,11,5,2.2,"WFA_coloc_w_PV,cFos"
