,rat_n,treatment,stain_type,cell_count_sums,image_n,mean_cell_n,coloc_stain_type
0,KET-10-12,FR1_KET,PV,41,5,8.2,PV_coloc_w_cFos
1,KET-9-1,FR1_KET,PV,12,4,3.0,PV_coloc_w_cFos
2,PE-12-1,FR1_KET,PV,15,5,3.0,PV_coloc_w_cFos
3,PE-12-2,FR1_KET,PV,19,5,3.8,PV_coloc_w_cFos
4,PE-12-7,FR1_KET,PV,33,5,6.6,PV_coloc_w_cFos
5,KET-10-1,FR1_SAL,PV,32,5,6.4,PV_coloc_w_cFos
6,KET-10-5,FR1_SAL,PV,22,5,4.4,PV_coloc_w_cFos
7,KET-8-2,FR1_SAL,PV,27,5,5.4,PV_coloc_w_cFos
8,KET-9-2,FR1_SAL,PV,23,5,4.6,PV_coloc_w_cFos
9,KET-9-4,FR1_SAL,PV,16,5,3.2,PV_coloc_w_cFos
10,KET-9-5,FR1_SAL,PV,23,5,4.6,PV_coloc_w_cFos
11,KET-9-6,FR1_SAL,PV,24,5,4.8,PV_coloc_w_cFos
12,KET-10-14,VR5_KET,PV,28,5,5.6,PV_coloc_w_cFos
13,KET-8-7,VR5_KET,PV,59,4,14.75,PV_coloc_w_cFos
14,PE-13-2,VR5_KET,PV,7,5,1.4,PV_coloc_w_cFos
15,PE-13-3,VR5_KET,PV,18,5,3.6,PV_coloc_w_cFos
16,PE-13-6,VR5_KET,PV,17,5,3.4,PV_coloc_w_cFos
17,KET-10-2,VR5_SAL,PV,36,5,7.2,PV_coloc_w_cFos
18,KET-10-3,VR5_SAL,PV,28,5,5.6,PV_coloc_w_cFos
19,KET-10-4,VR5_SAL,PV,41,5,8.2,PV_coloc_w_cFos
20,PE-13-1,VR5_SAL,PV,21,5,4.2,PV_coloc_w_cFos
21,PE-13-11,VR5_SAL,PV,10,5,2.0,PV_coloc_w_cFos
22,PE-13-9,VR5_SAL,PV,20,5,4.0,PV_coloc_w_cFos
