,rat_n,treatment,stain_type,Npas4_bin,cell_count_sums,image_n,mean_cell_n
0,KET-10-12,FR1_KET,,,0,5,0.0
1,KET-9-1,FR1_KET,Npas4,Npas4_low,11,4,2.75
2,PE-12-1,FR1_KET,Npas4,Npas4_low,4,5,0.8
3,PE-12-2,FR1_KET,Npas4,Npas4_low,3,5,0.6
4,PE-12-7,FR1_KET,Npas4,Npas4_low,4,5,0.8
5,KET-10-1,FR1_SAL,Npas4,Npas4_low,7,5,1.4
6,KET-10-5,FR1_SAL,Npas4,Npas4_low,9,5,1.8
7,KET-8-2,FR1_SAL,Npas4,Npas4_low,8,5,1.6
8,KET-9-2,FR1_SAL,Npas4,Npas4_low,21,5,4.2
9,KET-9-4,FR1_SAL,Npas4,Npas4_low,10,5,2.0
10,KET-9-5,FR1_SAL,Npas4,Npas4_low,7,5,1.4
11,KET-9-6,FR1_SAL,Npas4,Npas4_low,10,5,2.0
12,KET-10-14,VR5_KET,Npas4,Npas4_low,6,5,1.2
13,KET-8-7,VR5_KET,Npas4,Npas4_low,5,4,1.25
14,PE-13-2,VR5_KET,,,0,5,0.0
15,PE-13-3,VR5_KET,Npas4,Npas4_low,4,5,0.8
16,PE-13-6,VR5_KET,Npas4,Npas4_low,2,5,0.4
17,KET-10-2,VR5_SAL,Npas4,Npas4_low,2,5,0.4
18,KET-10-3,VR5_SAL,Npas4,Npas4_low,2,5,0.4
19,KET-10-4,VR5_SAL,Npas4,Npas4_low,1,5,0.2
20,PE-13-1,VR5_SAL,,,0,5,0.0
21,PE-13-11,VR5_SAL,,,0,5,0.0
22,PE-13-9,VR5_SAL,Npas4,Npas4_low,4,5,0.8
