,rat_n,treatment,stain_type,cell_count_sums,image_n,mean_cell_n,coloc_stain_type
0,KET-8-10,6mg/kg,WFA,21,5,4.2,WFA_coloc_w_PV
1,KET-8-12,6mg/kg,WFA,11,5,2.2,WFA_coloc_w_PV
2,KET-8-13,6mg/kg,WFA,25,5,5.0,WFA_coloc_w_PV
3,KET-8-15,6mg/kg,WFA,15,5,3.0,WFA_coloc_w_PV
4,KET-8-16,6mg/kg,WFA,11,4,2.75,WFA_coloc_w_PV
5,KET-8-8,6mg/kg,WFA,9,4,2.25,WFA_coloc_w_PV
6,KET-8-9,6mg/kg,WFA,26,5,5.2,WFA_coloc_w_PV
7,KET-6-15,Saline,WFA,19,5,3.8,WFA_coloc_w_PV
8,KET-6-2,Saline,WFA,30,5,6.0,WFA_coloc_w_PV
9,KET-6-3,Saline,WFA,13,5,2.6,WFA_coloc_w_PV
10,KET-6-4,Saline,WFA,14,5,2.8,WFA_coloc_w_PV
11,KET-6-7,Saline,WFA,5,5,1.0,WFA_coloc_w_PV
12,KET-7-5,Saline,WFA,9,4,2.25,WFA_coloc_w_PV
13,KET-7-6,Saline,WFA,15,5,3.0,WFA_coloc_w_PV
