,rat_n,treatment,stain_type,cell_count_sums,image_n,mean_cell_n,coloc_stain_type
0,KET-8-10,6mg/kg,PV,47,5,9.4,single_PV
1,KET-8-12,6mg/kg,PV,75,5,15.0,single_PV
2,KET-8-13,6mg/kg,PV,55,5,11.0,single_PV
3,KET-8-15,6mg/kg,PV,38,5,7.6,single_PV
4,KET-8-16,6mg/kg,PV,32,4,8.0,single_PV
5,KET-8-8,6mg/kg,PV,30,4,7.5,single_PV
6,KET-8-9,6mg/kg,PV,50,5,10.0,single_PV
7,KET-6-15,Saline,PV,41,5,8.2,single_PV
8,KET-6-2,Saline,PV,50,5,10.0,single_PV
9,KET-6-3,Saline,PV,36,5,7.2,single_PV
10,KET-6-4,Saline,PV,32,5,6.4,single_PV
11,KET-6-7,Saline,PV,21,5,4.2,single_PV
12,KET-7-5,Saline,PV,36,4,9.0,single_PV
13,KET-7-6,Saline,PV,48,5,9.6,single_PV
