,rat_n,treatment,stain_type,cell_count_sums,image_n,mean_cell_n,coloc_stain_type
0,KET-8-10,6mg/kg,PV,21,5,4.2,PV_coloc_w_WFA
1,KET-8-12,6mg/kg,PV,11,5,2.2,PV_coloc_w_WFA
2,KET-8-13,6mg/kg,PV,25,5,5.0,PV_coloc_w_WFA
3,KET-8-15,6mg/kg,PV,15,5,3.0,PV_coloc_w_WFA
4,KET-8-16,6mg/kg,PV,11,4,2.75,PV_coloc_w_WFA
5,KET-8-8,6mg/kg,PV,9,4,2.25,PV_coloc_w_WFA
6,KET-8-9,6mg/kg,PV,26,5,5.2,PV_coloc_w_WFA
7,KET-6-15,Saline,PV,19,5,3.8,PV_coloc_w_WFA
8,KET-6-2,Saline,PV,30,5,6.0,PV_coloc_w_WFA
9,KET-6-3,Saline,PV,13,5,2.6,PV_coloc_w_WFA
10,KET-6-4,Saline,PV,14,5,2.8,PV_coloc_w_WFA
11,KET-6-7,Saline,PV,5,5,1.0,PV_coloc_w_WFA
12,KET-7-5,Saline,PV,9,4,2.25,PV_coloc_w_WFA
13,KET-7-6,Saline,PV,15,5,3.0,PV_coloc_w_WFA
