,rat_n,treatment,stain_type,cell_count_sums,image_n,mean_cell_n,coloc_stain_type
0,KET-8-10,6mg/kg,WFA,33,5,6.6,single_WFA
1,KET-8-12,6mg/kg,WFA,22,5,4.4,single_WFA
2,KET-8-13,6mg/kg,WFA,29,5,5.8,single_WFA
3,KET-8-15,6mg/kg,WFA,23,5,4.6,single_WFA
4,KET-8-16,6mg/kg,WFA,18,4,4.5,single_WFA
5,KET-8-8,6mg/kg,WFA,27,4,6.75,single_WFA
6,KET-8-9,6mg/kg,WFA,32,5,6.4,single_WFA
7,KET-6-15,Saline,WFA,26,5,5.2,single_WFA
8,KET-6-2,Saline,WFA,37,5,7.4,single_WFA
9,KET-6-3,Saline,WFA,20,5,4.0,single_WFA
10,KET-6-4,Saline,WFA,22,5,4.4,single_WFA
11,KET-6-7,Saline,WFA,29,5,5.8,single_WFA
12,KET-7-5,Saline,WFA,11,4,2.75,single_WFA
13,KET-7-6,Saline,WFA,22,5,4.4,single_WFA
