,rat_n,treatment,stain_type,Npas4_bin,cell_count_sums,image_n,mean_cell_n
0,KET-10-12,FR1_KET,Npas4,Npas4_low,333,5,66.6
1,KET-9-1,FR1_KET,Npas4,Npas4_low,43,4,10.75
2,PE-12-1,FR1_KET,Npas4,Npas4_low,264,5,52.8
3,PE-12-2,FR1_KET,Npas4,Npas4_low,214,5,42.8
4,PE-12-7,FR1_KET,Npas4,Npas4_low,297,5,59.4
5,KET-10-1,FR1_SAL,Npas4,Npas4_low,93,5,18.6
6,KET-10-5,FR1_SAL,Npas4,Npas4_low,251,5,50.2
7,KET-8-2,FR1_SAL,Npas4,Npas4_low,185,5,37.0
8,KET-9-2,FR1_SAL,Npas4,Npas4_low,92,5,18.4
9,KET-9-4,FR1_SAL,Npas4,Npas4_low,7,5,1.4
10,KET-9-5,FR1_SAL,Npas4,Npas4_low,27,5,5.4
11,KET-9-6,FR1_SAL,Npas4,Npas4_low,66,5,13.2
12,KET-10-14,VR5_KET,Npas4,Npas4_low,184,5,36.8
13,KET-8-7,VR5_KET,Npas4,Npas4_low,194,4,48.5
14,PE-13-2,VR5_KET,Npas4,Npas4_low,187,5,37.4
15,PE-13-3,VR5_KET,Npas4,Npas4_low,236,5,47.2
16,PE-13-6,VR5_KET,Npas4,Npas4_low,256,5,51.2
17,KET-10-2,VR5_SAL,Npas4,Npas4_low,154,5,30.8
18,KET-10-3,VR5_SAL,Npas4,Npas4_low,222,5,44.4
19,KET-10-4,VR5_SAL,Npas4,Npas4_low,254,5,50.8
20,PE-13-1,VR5_SAL,Npas4,Npas4_low,307,5,61.4
21,PE-13-11,VR5_SAL,Npas4,Npas4_low,108,5,21.6
22,PE-13-9,VR5_SAL,Npas4,Npas4_low,258,5,51.6
