,rat_n,treatment,stain_type,Npas4_bin,cell_count_sums,image_n,mean_cell_n
0,KET-10-12,FR1_KET,Npas4,Npas4_high,70,5,14.0
1,KET-9-1,FR1_KET,Npas4,Npas4_high,125,4,31.25
2,PE-12-1,FR1_KET,Npas4,Npas4_high,114,5,22.8
3,PE-12-2,FR1_KET,Npas4,Npas4_high,128,5,25.6
4,PE-12-7,FR1_KET,Npas4,Npas4_high,117,5,23.4
5,KET-10-1,FR1_SAL,Npas4,Npas4_high,288,5,57.6
6,KET-10-5,FR1_SAL,Npas4,Npas4_high,219,5,43.8
7,KET-8-2,FR1_SAL,Npas4,Npas4_high,309,5,61.8
8,KET-9-2,FR1_SAL,Npas4,Npas4_high,132,5,26.4
9,KET-9-4,FR1_SAL,Npas4,Npas4_high,338,5,67.6
10,KET-9-5,FR1_SAL,Npas4,Npas4_high,255,5,51.0
11,KET-9-6,FR1_SAL,Npas4,Npas4_high,416,5,83.2
12,KET-10-14,VR5_KET,Npas4,Npas4_high,374,5,74.8
13,KET-8-7,VR5_KET,Npas4,Npas4_high,181,4,45.25
14,PE-13-2,VR5_KET,Npas4,Npas4_high,57,5,11.4
15,PE-13-3,VR5_KET,Npas4,Npas4_high,89,5,17.8
16,PE-13-6,VR5_KET,Npas4,Npas4_high,66,5,13.2
17,KET-10-2,VR5_SAL,Npas4,Npas4_high,306,5,61.2
18,KET-10-3,VR5_SAL,Npas4,Npas4_high,180,5,36.0
19,KET-10-4,VR5_SAL,Npas4,Npas4_high,179,5,35.8
20,PE-13-1,VR5_SAL,Npas4,Npas4_high,130,5,26.0
21,PE-13-11,VR5_SAL,Npas4,Npas4_high,74,5,14.8
22,PE-13-9,VR5_SAL,Npas4,Npas4_high,85,5,17.0
