,rat_n,treatment,stain_type,cfos_bin,cell_count_sums,image_n,mean_cell_n
0,KET-10-12,FR1_KET,cFos,cfos_low,128,5,25.6
1,KET-9-1,FR1_KET,cFos,cfos_low,141,4,35.25
2,PE-12-1,FR1_KET,cFos,cfos_low,184,5,36.8
3,PE-12-2,FR1_KET,cFos,cfos_low,136,5,27.2
4,PE-12-7,FR1_KET,cFos,cfos_low,109,5,21.8
5,KET-10-1,FR1_SAL,cFos,cfos_low,148,5,29.6
6,KET-10-5,FR1_SAL,cFos,cfos_low,214,5,42.8
7,KET-8-2,FR1_SAL,cFos,cfos_low,241,5,48.2
8,KET-9-2,FR1_SAL,cFos,cfos_low,117,5,23.4
9,KET-9-4,FR1_SAL,cFos,cfos_low,264,5,52.8
10,KET-9-5,FR1_SAL,cFos,cfos_low,291,5,58.2
11,KET-9-6,FR1_SAL,cFos,cfos_low,275,5,55.0
12,KET-10-14,VR5_KET,cFos,cfos_low,239,5,47.8
13,KET-8-7,VR5_KET,cFos,cfos_low,199,4,49.75
14,PE-13-2,VR5_KET,cFos,cfos_low,181,5,36.2
15,PE-13-3,VR5_KET,cFos,cfos_low,150,5,30.0
16,PE-13-6,VR5_KET,cFos,cfos_low,168,5,33.6
17,KET-10-2,VR5_SAL,cFos,cfos_low,191,5,38.2
18,KET-10-3,VR5_SAL,cFos,cfos_low,216,5,43.2
19,KET-10-4,VR5_SAL,cFos,cfos_low,98,5,19.6
20,PE-13-1,VR5_SAL,cFos,cfos_low,95,5,19.0
21,PE-13-11,VR5_SAL,cFos,cfos_low,130,5,26.0
22,PE-13-9,VR5_SAL,cFos,cfos_low,85,5,17.0
