,rat_n,treatment,stain_type,cfos_bin,cell_count_sums,image_n,mean_cell_n
0,KET-10-12,FR1_KET,cFos,cfos_high,418,5,83.6
1,KET-9-1,FR1_KET,cFos,cfos_high,27,4,6.75
2,PE-12-1,FR1_KET,cFos,cfos_high,278,5,55.6
3,PE-12-2,FR1_KET,cFos,cfos_high,218,5,43.6
4,PE-12-7,FR1_KET,cFos,cfos_high,253,5,50.6
5,KET-10-1,FR1_SAL,cFos,cfos_high,151,5,30.2
6,KET-10-5,FR1_SAL,cFos,cfos_high,244,5,48.8
7,KET-8-2,FR1_SAL,cFos,cfos_high,146,5,29.2
8,KET-9-2,FR1_SAL,cFos,cfos_high,54,5,10.8
9,KET-9-4,FR1_SAL,cFos,cfos_high,19,5,3.8
10,KET-9-5,FR1_SAL,cFos,cfos_high,74,5,14.8
11,KET-9-6,FR1_SAL,cFos,cfos_high,154,5,30.8
12,KET-10-14,VR5_KET,cFos,cfos_high,261,5,52.2
13,KET-8-7,VR5_KET,cFos,cfos_high,85,4,21.25
14,PE-13-2,VR5_KET,cFos,cfos_high,272,5,54.4
15,PE-13-3,VR5_KET,cFos,cfos_high,118,5,23.6
16,PE-13-6,VR5_KET,cFos,cfos_high,89,5,17.8
17,KET-10-2,VR5_SAL,cFos,cfos_high,260,5,52.0
18,KET-10-3,VR5_SAL,cFos,cfos_high,273,5,54.6
19,KET-10-4,VR5_SAL,cFos,cfos_high,232,5,46.4
20,PE-13-1,VR5_SAL,cFos,cfos_high,151,5,30.2
21,PE-13-11,VR5_SAL,cFos,cfos_high,67,5,13.4
22,PE-13-9,VR5_SAL,cFos,cfos_high,155,5,31.0
