,rat_n,treatment,stain_type,cfos_bin,cell_count_sums,image_n,mean_cell_n
0,KET-10-12,FR1_KET,cFos,cfos_low,13,5,2.6
1,KET-9-1,FR1_KET,cFos,cfos_low,3,4,0.75
2,PE-12-1,FR1_KET,cFos,cfos_low,5,5,1.0
3,PE-12-2,FR1_KET,cFos,cfos_low,4,5,0.8
4,PE-12-7,FR1_KET,cFos,cfos_low,7,5,1.4
5,KET-10-1,FR1_SAL,cFos,cfos_low,8,5,1.6
6,KET-10-5,FR1_SAL,cFos,cfos_low,7,5,1.4
7,KET-8-2,FR1_SAL,cFos,cfos_low,5,5,1.0
8,KET-9-2,FR1_SAL,cFos,cfos_low,8,5,1.6
9,KET-9-4,FR1_SAL,cFos,cfos_low,5,5,1.0
10,KET-9-5,FR1_SAL,cFos,cfos_low,5,5,1.0
11,KET-9-6,FR1_SAL,cFos,cfos_low,4,5,0.8
12,KET-10-14,VR5_KET,cFos,cfos_low,11,5,2.2
13,KET-8-7,VR5_KET,cFos,cfos_low,5,4,1.25
14,PE-13-2,VR5_KET,,,0,5,0.0
15,PE-13-3,VR5_KET,cFos,cfos_low,4,5,0.8
16,PE-13-6,VR5_KET,cFos,cfos_low,9,5,1.8
17,KET-10-2,VR5_SAL,cFos,cfos_low,5,5,1.0
18,KET-10-3,VR5_SAL,cFos,cfos_low,5,5,1.0
19,KET-10-4,VR5_SAL,cFos,cfos_low,5,5,1.0
20,PE-13-1,VR5_SAL,cFos,cfos_low,10,5,2.0
21,PE-13-11,VR5_SAL,,,0,5,0.0
22,PE-13-9,VR5_SAL,cFos,cfos_low,6,5,1.2
