,rat_n,treatment,stain_type,cell_count_sums,image_n,mean_cell_n,coloc_stain_type
0,KET-10-12,FR1_KET,cFos,546,5,109.2,single_cFos
1,KET-9-1,FR1_KET,cFos,168,4,42.0,single_cFos
2,PE-12-1,FR1_KET,cFos,462,5,92.4,single_cFos
3,PE-12-2,FR1_KET,cFos,354,5,70.8,single_cFos
4,PE-12-7,FR1_KET,cFos,362,5,72.4,single_cFos
5,KET-10-1,FR1_SAL,cFos,299,5,59.8,single_cFos
6,KET-10-5,FR1_SAL,cFos,458,5,91.6,single_cFos
7,KET-8-2,FR1_SAL,cFos,387,5,77.4,single_cFos
8,KET-9-2,FR1_SAL,cFos,171,5,34.2,single_cFos
9,KET-9-4,FR1_SAL,cFos,283,5,56.6,single_cFos
10,KET-9-5,FR1_SAL,cFos,365,5,73.0,single_cFos
11,KET-9-6,FR1_SAL,cFos,429,5,85.8,single_cFos
12,KET-10-14,VR5_KET,cFos,500,5,100.0,single_cFos
13,KET-8-7,VR5_KET,cFos,284,4,71.0,single_cFos
14,PE-13-2,VR5_KET,cFos,453,5,90.6,single_cFos
15,PE-13-3,VR5_KET,cFos,268,5,53.6,single_cFos
16,PE-13-6,VR5_KET,cFos,257,5,51.4,single_cFos
17,KET-10-2,VR5_SAL,cFos,451,5,90.2,single_cFos
18,KET-10-3,VR5_SAL,cFos,489,5,97.8,single_cFos
19,KET-10-4,VR5_SAL,cFos,330,5,66.0,single_cFos
20,PE-13-1,VR5_SAL,cFos,246,5,49.2,single_cFos
21,PE-13-11,VR5_SAL,cFos,197,5,39.4,single_cFos
22,PE-13-9,VR5_SAL,cFos,240,5,48.0,single_cFos
