,rat_n,treatment,stain_type,cell_count_sums,image_n,mean_cell_n,coloc_stain_type
0,KET-10-12,FR1_KET,cFos,18,5,3.6,"cFos_coloc_w_PV,WFA"
1,KET-9-1,FR1_KET,cFos,8,4,2.0,"cFos_coloc_w_PV,WFA"
2,PE-12-1,FR1_KET,cFos,10,5,2.0,"cFos_coloc_w_PV,WFA"
3,PE-12-2,FR1_KET,cFos,10,5,2.0,"cFos_coloc_w_PV,WFA"
4,PE-12-7,FR1_KET,cFos,18,5,3.6,"cFos_coloc_w_PV,WFA"
5,KET-10-1,FR1_SAL,cFos,12,5,2.4,"cFos_coloc_w_PV,WFA"
6,KET-10-5,FR1_SAL,cFos,11,5,2.2,"cFos_coloc_w_PV,WFA"
7,KET-8-2,FR1_SAL,cFos,12,5,2.4,"cFos_coloc_w_PV,WFA"
8,KET-9-2,FR1_SAL,cFos,17,5,3.4,"cFos_coloc_w_PV,WFA"
9,KET-9-4,FR1_SAL,cFos,8,5,1.6,"cFos_coloc_w_PV,WFA"
10,KET-9-5,FR1_SAL,cFos,9,5,1.8,"cFos_coloc_w_PV,WFA"
11,KET-9-6,FR1_SAL,cFos,10,5,2.0,"cFos_coloc_w_PV,WFA"
12,KET-10-14,VR5_KET,cFos,16,5,3.2,"cFos_coloc_w_PV,WFA"
13,KET-8-7,VR5_KET,cFos,19,4,4.75,"cFos_coloc_w_PV,WFA"
14,PE-13-2,VR5_KET,cFos,3,5,0.6,"cFos_coloc_w_PV,WFA"
15,PE-13-3,VR5_KET,cFos,11,5,2.2,"cFos_coloc_w_PV,WFA"
16,PE-13-6,VR5_KET,cFos,12,5,2.4,"cFos_coloc_w_PV,WFA"
17,KET-10-2,VR5_SAL,cFos,9,5,1.8,"cFos_coloc_w_PV,WFA"
18,KET-10-3,VR5_SAL,cFos,10,5,2.0,"cFos_coloc_w_PV,WFA"
19,KET-10-4,VR5_SAL,cFos,15,5,3.0,"cFos_coloc_w_PV,WFA"
20,PE-13-1,VR5_SAL,cFos,16,5,3.2,"cFos_coloc_w_PV,WFA"
21,PE-13-11,VR5_SAL,cFos,6,5,1.2,"cFos_coloc_w_PV,WFA"
22,PE-13-9,VR5_SAL,cFos,11,5,2.2,"cFos_coloc_w_PV,WFA"
