,rat_n,treatment,stain_type,cell_count_sums,image_n,mean_cell_n,coloc_stain_type
0,KET-10-12,FR1_KET,Npas4,19,5,3.8,Npas4_coloc_w_WFA
1,KET-9-1,FR1_KET,Npas4,15,4,3.75,Npas4_coloc_w_WFA
2,PE-12-1,FR1_KET,Npas4,10,5,2.0,Npas4_coloc_w_WFA
3,PE-12-2,FR1_KET,Npas4,12,5,2.4,Npas4_coloc_w_WFA
4,PE-12-7,FR1_KET,Npas4,21,5,4.2,Npas4_coloc_w_WFA
5,KET-10-1,FR1_SAL,Npas4,13,5,2.6,Npas4_coloc_w_WFA
6,KET-10-5,FR1_SAL,Npas4,15,5,3.0,Npas4_coloc_w_WFA
7,KET-8-2,FR1_SAL,Npas4,13,5,2.6,Npas4_coloc_w_WFA
8,KET-9-2,FR1_SAL,Npas4,23,5,4.6,Npas4_coloc_w_WFA
9,KET-9-4,FR1_SAL,Npas4,19,5,3.8,Npas4_coloc_w_WFA
10,KET-9-5,FR1_SAL,Npas4,18,5,3.6,Npas4_coloc_w_WFA
11,KET-9-6,FR1_SAL,Npas4,21,5,4.2,Npas4_coloc_w_WFA
12,KET-10-14,VR5_KET,Npas4,15,5,3.0,Npas4_coloc_w_WFA
13,KET-8-7,VR5_KET,Npas4,10,4,2.5,Npas4_coloc_w_WFA
14,PE-13-2,VR5_KET,Npas4,6,5,1.2,Npas4_coloc_w_WFA
15,PE-13-3,VR5_KET,Npas4,16,5,3.2,Npas4_coloc_w_WFA
16,PE-13-6,VR5_KET,Npas4,16,5,3.2,Npas4_coloc_w_WFA
17,KET-10-2,VR5_SAL,Npas4,13,5,2.6,Npas4_coloc_w_WFA
18,KET-10-3,VR5_SAL,Npas4,7,5,1.4,Npas4_coloc_w_WFA
19,KET-10-4,VR5_SAL,Npas4,16,5,3.2,Npas4_coloc_w_WFA
20,PE-13-1,VR5_SAL,Npas4,20,5,4.0,Npas4_coloc_w_WFA
21,PE-13-11,VR5_SAL,Npas4,4,5,0.8,Npas4_coloc_w_WFA
22,PE-13-9,VR5_SAL,Npas4,9,5,1.8,Npas4_coloc_w_WFA
