,rat_n,treatment,stain_type,cell_count_sums,image_n,mean_cell_n,coloc_stain_type
0,KET-10-12,FR1_KET,cFos,254,5,50.8,cFos_coloc_w_Npas4
1,KET-9-1,FR1_KET,cFos,70,4,17.5,cFos_coloc_w_Npas4
2,PE-12-1,FR1_KET,cFos,172,5,34.4,cFos_coloc_w_Npas4
3,PE-12-2,FR1_KET,cFos,91,5,18.2,cFos_coloc_w_Npas4
4,PE-12-7,FR1_KET,cFos,178,5,35.6,cFos_coloc_w_Npas4
5,KET-10-1,FR1_SAL,cFos,164,5,32.8,cFos_coloc_w_Npas4
6,KET-10-5,FR1_SAL,cFos,226,5,45.2,cFos_coloc_w_Npas4
7,KET-8-2,FR1_SAL,cFos,252,5,50.4,cFos_coloc_w_Npas4
8,KET-9-2,FR1_SAL,cFos,80,5,16.0,cFos_coloc_w_Npas4
9,KET-9-4,FR1_SAL,cFos,137,5,27.4,cFos_coloc_w_Npas4
10,KET-9-5,FR1_SAL,cFos,163,5,32.6,cFos_coloc_w_Npas4
11,KET-9-6,FR1_SAL,cFos,253,5,50.6,cFos_coloc_w_Npas4
12,KET-10-14,VR5_KET,cFos,314,5,62.8,cFos_coloc_w_Npas4
13,KET-8-7,VR5_KET,cFos,171,4,42.75,cFos_coloc_w_Npas4
14,PE-13-2,VR5_KET,cFos,126,5,25.2,cFos_coloc_w_Npas4
15,PE-13-3,VR5_KET,cFos,107,5,21.4,cFos_coloc_w_Npas4
16,PE-13-6,VR5_KET,cFos,99,5,19.8,cFos_coloc_w_Npas4
17,KET-10-2,VR5_SAL,cFos,264,5,52.8,cFos_coloc_w_Npas4
18,KET-10-3,VR5_SAL,cFos,263,5,52.6,cFos_coloc_w_Npas4
19,KET-10-4,VR5_SAL,cFos,199,5,39.8,cFos_coloc_w_Npas4
20,PE-13-1,VR5_SAL,cFos,101,5,20.2,cFos_coloc_w_Npas4
21,PE-13-11,VR5_SAL,cFos,56,5,11.2,cFos_coloc_w_Npas4
22,PE-13-9,VR5_SAL,cFos,102,5,20.4,cFos_coloc_w_Npas4
