,rat_n,treatment,stain_type,cell_count_sums,image_n,mean_cell_n,coloc_stain_type
0,KET-10-12,FR1_KET,WFA,32,5,6.4,single_WFA
1,KET-9-1,FR1_KET,WFA,29,4,7.25,single_WFA
2,PE-12-1,FR1_KET,WFA,26,5,5.2,single_WFA
3,PE-12-2,FR1_KET,WFA,38,5,7.6,single_WFA
4,PE-12-7,FR1_KET,WFA,47,5,9.4,single_WFA
5,KET-10-1,FR1_SAL,WFA,32,5,6.4,single_WFA
6,KET-10-5,FR1_SAL,WFA,33,5,6.6,single_WFA
7,KET-8-2,FR1_SAL,WFA,33,5,6.6,single_WFA
8,KET-9-2,FR1_SAL,WFA,47,5,9.4,single_WFA
9,KET-9-4,FR1_SAL,WFA,45,5,9.0,single_WFA
10,KET-9-5,FR1_SAL,WFA,44,5,8.8,single_WFA
11,KET-9-6,FR1_SAL,WFA,37,5,7.4,single_WFA
12,KET-10-14,VR5_KET,WFA,38,5,7.6,single_WFA
13,KET-8-7,VR5_KET,WFA,30,4,7.5,single_WFA
14,PE-13-2,VR5_KET,WFA,39,5,7.8,single_WFA
15,PE-13-3,VR5_KET,WFA,42,5,8.4,single_WFA
16,PE-13-6,VR5_KET,WFA,54,5,10.8,single_WFA
17,KET-10-2,VR5_SAL,WFA,31,5,6.2,single_WFA
18,KET-10-3,VR5_SAL,WFA,36,5,7.2,single_WFA
19,KET-10-4,VR5_SAL,WFA,26,5,5.2,single_WFA
20,PE-13-1,VR5_SAL,WFA,59,5,11.8,single_WFA
21,PE-13-11,VR5_SAL,WFA,58,5,11.6,single_WFA
22,PE-13-9,VR5_SAL,WFA,47,5,9.4,single_WFA
