,rat_n,dox,react,sum,n_imgs,mean_cell_n
0,RAM-8-15C,OFF_DOX,FR1,63,6,10.5
1,RAM-8-4C,OFF_DOX,FR1,188,3,62.666666666666664
2,RAM-8-8C,OFF_DOX,FR1,122,3,40.666666666666664
3,RAM-9-11B,OFF_DOX,FR1,53,3,17.666666666666668
4,RAM-9-3B,OFF_DOX,FR1,223,4,55.75
5,RAM-9-8B,OFF_DOX,FR1,142,4,35.5
6,RAM-8-1C,OFF_DOX,NR,67,6,11.166666666666666
7,RAM-9-10B,OFF_DOX,NR,102,3,34.0
8,RAM-9-13B,OFF_DOX,NR,165,6,27.5
9,RAM-9-4B,OFF_DOX,NR,165,6,27.5
10,RAM-8-13C,OFF_DOX,VR5,40,5,8.0
11,RAM-8-3C,OFF_DOX,VR5,161,3,53.666666666666664
12,RAM-9-12B,OFF_DOX,VR5,160,4,40.0
13,RAM-9-14B,OFF_DOX,VR5,49,4,12.25
14,RAM-9-2B,OFF_DOX,VR5,228,4,57.0
15,RAM-9-5B,OFF_DOX,VR5,410,4,102.5
16,RAM-8-10C,ON_DOX,FR1,62,3,20.666666666666668
17,RAM-8-16C,ON_DOX,FR1,42,4,10.5
18,RAM-9-1B,ON_DOX,FR1,181,4,45.25
19,RAM-9-7B,ON_DOX,FR1,107,4,26.75
20,RAM-8-5C,ON_DOX,VR5,267,5,53.4
