,rat_n,dox,react,sum,n_imgs,mean_cell_n
0,RAM-8-15C,OFF_DOX,FR1,21.0,6.0,3.5
1,RAM-8-4C,OFF_DOX,FR1,15.0,3.0,5.0
2,RAM-8-8C,OFF_DOX,FR1,26.0,3.0,8.666666666666666
3,RAM-9-11B,OFF_DOX,FR1,6.0,3.0,2.0
4,RAM-9-3B,OFF_DOX,FR1,48.0,4.0,12.0
5,RAM-9-8B,OFF_DOX,FR1,2.0,4.0,0.5
6,RAM-8-1C,OFF_DOX,NR,6.0,6.0,1.0
7,RAM-9-10B,OFF_DOX,NR,3.0,3.0,1.0
8,RAM-9-13B,OFF_DOX,NR,6.0,6.0,1.0
9,RAM-9-4B,OFF_DOX,NR,16.0,6.0,2.6666666666666665
10,RAM-8-13C,OFF_DOX,VR5,35.0,5.0,7.0
11,RAM-8-3C,OFF_DOX,VR5,67.0,3.0,22.333333333333332
12,RAM-9-12B,OFF_DOX,VR5,99.0,4.0,24.75
13,RAM-9-14B,OFF_DOX,VR5,81.0,4.0,20.25
14,RAM-9-2B,OFF_DOX,VR5,61.0,4.0,15.25
15,RAM-9-5B,OFF_DOX,VR5,60.0,4.0,15.0
16,RAM-8-10C,ON_DOX,FR1,,,
17,RAM-8-16C,ON_DOX,FR1,3.0,4.0,0.75
18,RAM-9-1B,ON_DOX,FR1,4.0,4.0,1.0
19,RAM-9-7B,ON_DOX,FR1,1.0,4.0,0.25
20,RAM-8-5C,ON_DOX,VR5,,,
