,rat_n,dox,react,sum,n_imgs,mean_cell_n
0,RAM-8-15C,OFF_DOX,FR1,7.0,6.0,1.1666666666666667
1,RAM-8-4C,OFF_DOX,FR1,32.0,3.0,10.666666666666666
2,RAM-8-8C,OFF_DOX,FR1,15.0,3.0,5.0
3,RAM-9-11B,OFF_DOX,FR1,22.0,3.0,7.333333333333333
4,RAM-9-3B,OFF_DOX,FR1,35.0,4.0,8.75
5,RAM-9-8B,OFF_DOX,FR1,2.0,4.0,0.5
6,RAM-8-1C,OFF_DOX,NR,3.0,6.0,0.5
7,RAM-9-10B,OFF_DOX,NR,6.0,3.0,2.0
8,RAM-9-13B,OFF_DOX,NR,43.0,6.0,7.166666666666667
9,RAM-9-4B,OFF_DOX,NR,36.0,6.0,6.0
10,RAM-8-13C,OFF_DOX,VR5,7.0,5.0,1.4
11,RAM-8-3C,OFF_DOX,VR5,58.0,3.0,19.333333333333332
12,RAM-9-12B,OFF_DOX,VR5,42.0,4.0,10.5
13,RAM-9-14B,OFF_DOX,VR5,19.0,4.0,4.75
14,RAM-9-2B,OFF_DOX,VR5,56.0,4.0,14.0
15,RAM-9-5B,OFF_DOX,VR5,93.0,4.0,23.25
16,RAM-8-10C,ON_DOX,FR1,,,
17,RAM-8-16C,ON_DOX,FR1,,,
18,RAM-9-1B,ON_DOX,FR1,2.0,4.0,0.5
19,RAM-9-7B,ON_DOX,FR1,1.0,4.0,0.25
20,RAM-8-5C,ON_DOX,VR5,,,
