,rat_n,dox,react,sum,n_imgs,mean_cell_n
0,RAM-8-15C,OFF_DOX,FR1,188,6,31.333333333333332
1,RAM-8-4C,OFF_DOX,FR1,63,3,21.0
2,RAM-8-8C,OFF_DOX,FR1,137,3,45.666666666666664
3,RAM-9-11B,OFF_DOX,FR1,28,3,9.333333333333334
4,RAM-9-3B,OFF_DOX,FR1,215,4,53.75
5,RAM-9-8B,OFF_DOX,FR1,59,4,14.75
6,RAM-8-1C,OFF_DOX,NR,118,6,19.666666666666668
7,RAM-9-10B,OFF_DOX,NR,22,3,7.333333333333333
8,RAM-9-13B,OFF_DOX,NR,39,6,6.5
9,RAM-9-4B,OFF_DOX,NR,82,6,13.666666666666666
10,RAM-8-13C,OFF_DOX,VR5,214,5,42.8
11,RAM-8-3C,OFF_DOX,VR5,212,3,70.66666666666667
12,RAM-9-12B,OFF_DOX,VR5,261,4,65.25
13,RAM-9-14B,OFF_DOX,VR5,189,4,47.25
14,RAM-9-2B,OFF_DOX,VR5,254,4,63.5
15,RAM-9-5B,OFF_DOX,VR5,226,4,56.5
16,RAM-8-10C,ON_DOX,FR1,58,3,19.333333333333332
17,RAM-8-16C,ON_DOX,FR1,147,4,36.75
18,RAM-9-1B,ON_DOX,FR1,181,4,45.25
19,RAM-9-7B,ON_DOX,FR1,91,4,22.75
20,RAM-8-5C,ON_DOX,VR5,213,5,42.6
